{
  "kmeans_k3": {
    "algorithm": "kmeans",
    "k": 3,
    "silhouette": 0.32979950631315996,
    "calinski_harabasz": 179.04727499956448,
    "davies_bouldin": 1.0796176574825014,
    "num_clusters": 3,
    "num_noise_points": 0,
    "labels": [
      1,
      1,
      2,
      2,
      1,
      1,
      1,
      1,
      1,
      1,
      1,
      1,
      2,
      1,
      1,
      1,
      1,
      2,
      1,
      1,
      2,
      1,
      2,
      1,
      1,
      1,
      1,
      1,
      0,
      2,
      1,
      1,
      1,
      0,
      1,
      1,
      1,
      2,
      1,
      0,
      1,
      1,
      2,
      1,
      1,
      1,
      1,
      1,
      1,
      1,
      0,
      2,
      1,
      2,
      1,
      0,
      1,
      1,
      1,
      1,
      1,
      2,
      1,
      1,
      1,
      1,
      1,
      2,
      1,
      1,
      1,
      0,
      1,
      1,
      1,
      0,
      1,
      2,
      0,
      1,
      1,
      1,
      1,
      1,
      0,
      0,
      1,
      1,
      1,
      1,
      1,
      1,
      1,
      0,
      1,
      1,
      0,
      1,
      1,
      0,
      1,
      1,
      1,
      1,
      1,
      1,
      1,
      1,
      1,
      1,
      1,
      1,
      2,
      1,
      1,
      1,
      1,
      1,
      1,
      1,
      1,
      1,
      1,
      1,
      0,
      0,
      0,
      1,
      1,
      1,
      1,
      1,
      1,
      1,
      1,
      1,
      0,
      0,
      1,
      1,
      1,
      1,
      1,
      1,
      1,
      1,
      1,
      1,
      1,
      1,
      1,
      0,
      0,
      0,
      0,
      0,
      0,
      0,
      0,
      0,
      0,
      0,
      0,
      0,
      0,
      0,
      0,
      0,
      0,
      0,
      0,
      1,
      0,
      0,
      0,
      0,
      0,
      0,
      2,
      0,
      2,
      0,
      0,
      0,
      0,
      2,
      0,
      0,
      0,
      1,
      0,
      1,
      0,
      0,
      1,
      0,
      0,
      0,
      0,
      0,
      1,
      1,
      1,
      0,
      0,
      0,
      0,
      0,
      1,
      0,
      0,
      0,
      2,
      0,
      0,
      0,
      0,
      0,
      0,
      1,
      0,
      0,
      0,
      0,
      0,
      0,
      0,
      0,
      0,
      0,
      0,
      0,
      0,
      1,
      1,
      1,
      0,
      1,
      0,
      2,
      2,
      2,
      2,
      2,
      2,
      2,
      1,
      1,
      2,
      2,
      2,
      2,
      2,
      2,
      2,
      2,
      1,
      2,
      2,
      2,
      2,
      2,
      2,
      2,
      1,
      2,
      2,
      2,
      2,
      2,
      1,
      2,
      2,
      2,
      2,
      2,
      2,
      2,
      2,
      2,
      2,
      2,
      2,
      0,
      0,
      0,
      0,
      0,
      0,
      0,
      0,
      0,
      0,
      0,
      0,
      0,
      0,
      0,
      0,
      0,
      0,
      0,
      0,
      0,
      0,
      0,
      0,
      0,
      0,
      0,
      0,
      0,
      0,
      0,
      0,
      0,
      0,
      0,
      0,
      0,
      0,
      0,
      0,
      0,
      0,
      0,
      0,
      0,
      0,
      0
    ]
  },
  "kmeans_k4": {
    "algorithm": "kmeans",
    "k": 4,
    "silhouette": 0.3035821844896711,
    "calinski_harabasz": 158.73112347633955,
    "davies_bouldin": 1.1741513052201569,
    "num_clusters": 4,
    "num_noise_points": 0,
    "labels": [
      0,
      0,
      3,
      3,
      2,
      0,
      0,
      0,
      0,
      0,
      0,
      0,
      3,
      0,
      0,
      0,
      0,
      3,
      0,
      0,
      3,
      0,
      3,
      0,
      2,
      0,
      0,
      0,
      0,
      3,
      0,
      0,
      0,
      1,
      0,
      2,
      2,
      3,
      0,
      0,
      2,
      0,
      3,
      0,
      0,
      0,
      0,
      2,
      2,
      0,
      1,
      3,
      0,
      0,
      0,
      1,
      2,
      0,
      0,
      0,
      0,
      3,
      0,
      0,
      0,
      0,
      0,
      3,
      0,
      0,
      0,
      1,
      0,
      2,
      0,
      0,
      0,
      3,
      0,
      0,
      0,
      2,
      0,
      0,
      1,
      1,
      0,
      2,
      2,
      2,
      0,
      0,
      0,
      1,
      2,
      0,
      1,
      2,
      2,
      1,
      2,
      2,
      0,
      2,
      0,
      2,
      2,
      2,
      0,
      2,
      0,
      2,
      3,
      0,
      2,
      0,
      0,
      2,
      0,
      2,
      2,
      2,
      2,
      0,
      1,
      1,
      1,
      2,
      0,
      0,
      0,
      2,
      0,
      0,
      0,
      0,
      1,
      1,
      0,
      2,
      0,
      0,
      0,
      2,
      2,
      0,
      2,
      0,
      0,
      0,
      0,
      1,
      1,
      1,
      1,
      1,
      1,
      1,
      1,
      1,
      1,
      1,
      1,
      1,
      1,
      1,
      1,
      1,
      0,
      1,
      1,
      0,
      1,
      1,
      1,
      1,
      1,
      1,
      3,
      1,
      3,
      1,
      1,
      1,
      1,
      3,
      1,
      1,
      1,
      0,
      1,
      0,
      1,
      1,
      0,
      1,
      1,
      1,
      1,
      1,
      0,
      0,
      0,
      1,
      1,
      1,
      1,
      1,
      0,
      1,
      1,
      1,
      3,
      1,
      1,
      1,
      1,
      1,
      1,
      0,
      1,
      1,
      0,
      1,
      1,
      1,
      1,
      1,
      1,
      1,
      1,
      1,
      1,
      0,
      0,
      2,
      1,
      0,
      1,
      3,
      3,
      3,
      3,
      3,
      3,
      3,
      0,
      0,
      3,
      3,
      3,
      3,
      3,
      3,
      3,
      3,
      0,
      3,
      3,
      3,
      3,
      3,
      3,
      3,
      0,
      3,
      3,
      3,
      3,
      3,
      0,
      3,
      3,
      3,
      3,
      3,
      3,
      3,
      3,
      3,
      3,
      3,
      3,
      1,
      1,
      1,
      1,
      1,
      1,
      1,
      1,
      1,
      1,
      1,
      1,
      1,
      1,
      1,
      1,
      1,
      1,
      1,
      1,
      1,
      1,
      1,
      1,
      1,
      1,
      1,
      1,
      1,
      1,
      1,
      1,
      1,
      1,
      1,
      1,
      1,
      1,
      1,
      1,
      1,
      1,
      1,
      1,
      1,
      1,
      1
    ]
  },
  "kmeans_k5": {
    "algorithm": "kmeans",
    "k": 5,
    "silhouette": 0.2874222446603637,
    "calinski_harabasz": 154.95352579173047,
    "davies_bouldin": 1.1735952898328845,
    "num_clusters": 5,
    "num_noise_points": 0,