{
  "kmeans_k3": {
    "algorithm": "kmeans",
    "k": 3,
    "silhouette": 0.2988946403190184,
    "calinski_harabasz": 97.83760941239254,
    "davies_bouldin": 1.0511872574343124,
    "num_clusters": 3,
    "num_noise_points": 0,
    "labels": [
      1,
      1,
      1,
      1,
      1,
      1,
      1,
      1,
      1,
      1,
      1,
      1,
      0,
      1,
      1,
      1,
      1,
      0,
      1,
      1,
      0,
      1,
      0,
      1,
      0,
      1,
      1,
      1,
      1,
      1,
      0,
      1,
      1,
      1,
      1,
      0,
      0,
      1,
      0,
      1,
      0,
      0,
      0,
      1,
      1,
      1,
      1,
      0,
      0,
      1,
      1,
      0,
      1,
      1,
      1,
      1,
      0,
      1,
      0,
      0,
      0,
      1,
      1,
      0,
      0,
      1,
      1,
      0,
      1,
      1,
      0,
      1,
      1,
      0,
      0,
      1,
      0,
      0,
      0,
      1,
      1,
      0,
      1,
      0,
      1,
      1,
      1,
      0,
      0,
      0,
      1,
      1,
      0,
      1,
      0,
      1,
      1,
      0,
      0,
      1,
      1,
      0,
      1,
      0,
      0,
      0,
      0,
      0,
      1,
      0,
      2,
      0,
      0,
      0,
      0,
      0,
      1,
      0,
      1,
      0,
      0,
      0,
      0,
      1,
      1,
      1,
      1,
      0,
      1,
      1,
      1,
      0,
      1,
      0,
      1,
      1,
      0,
      1,
      1,
      1,
      1,
      1,
      1,
      0,
      0,
      1,
      0,
      0,
      0,
      1,
      0,
      1,
      1,
      1,
      1,
      1,
      1,
      0,
      1,
      1,
      1,
      1,
      1,
      1,
      1,
      1,
      1,
      1,
      1,
      1,
      1,
      1,
      1,
      1,
      1,
      1,
      1,
      1,
      0,
      1,
      0,
      1,
      1,
      1,
      1,
      0,
      1,
      1,
      1,
      1,
      1,
      1,
      1,
      1,
      1,
      1,
      1,
      1,
      1,
      1,
      1,
      1,
      1,
      1,
      1,
      1,
      1,
      1,
      0,
      1,
      1,
      0,
      0,
      1,
      1,
      1,
      1,
      0,
      1,
      1,
      1,
      1,
      1,
      0,
      1,
      1,
      1,
      1,
      1,
      1,
      1,
      1,
      1,
      1,
      1,
      0,
      1,
      1,
      1,
      0,
      0,
      0,
      0,
      0,
      0,
      0,
      0,
      0,
      0,
      0,
      0,
      1,
      0,
      0,
      1,
      0,
      1,
      0,
      0,
      0,
      0,
      0,
      0,
      0,
      1,
      0,
      0,
      0,
      0,
      0,
      0,
      0,
      0,
      0,
      1,
      0,
      0,
      1,
      0,
      1,
      0,
      0,
      0,
      1,
      1,
      1,
      1,
      0,
      0,
      0,
      1,
      1,
      1,
      1,
      1,
      1,
      1,
      1,
      1,
      1,
      1,
      1,
      1,
      0,
      1,
      0,
      1,
      1,
      0,
      1,
      1,
      1,
      0,
      1,
      1,
      1,
      1,
      1,
      1,
      1,
      1,
      1,
      1,
      1,
      1,
      1,
      1,
      1,
      1,
      1
    ]
  },
  "kmeans_k4": {
    "algorithm": "kmeans",
    "k": 4,
    "silhouette": 0.2961938248829724,
    "calinski_harabasz": 118.99954117329845,
    "davies_bouldin": 0.8739706868194611,
    "num_clusters": 4,
    "num_noise_points": 0,
    "labels": [
      2,
      2,
      2,
      2,
      2,
      2,
      2,
      2,
      2,
      0,
      2,
      2,
      0,
      2,
      2,
      2,
      2,
      0,
      2,
      2,
      0,
      2,
      0,
      2,
      1,
      2,
      2,
      2,
      2,
      2,
      0,
      2,
      2,
      2,
      2,
      0,
      0,
      2,
      0,
      2,
      0,
      0,
      0,
      2,
      2,
      2,
      2,
      0,
      0,
      2,
      2,
      0,
      2,
      0,
      2,
      2,
      0,
      2,
      0,
      0,
      0,
      2,
      2,
      2,
      0,
      2,
      2,
      0,
      2,
      2,
      0,
      2,
      0,
      0,
      0,
      2,
      0,
      0,
      2,
      0,
      2,
      0,
      2,
      0,
      2,
      2,
      0,
      0,
      0,
      0,
      2,
      2,
      0,
      0,
      1,
      2,
      2,
      0,
      0,
      0,
      2,
      0,
      2,
      0,
      0,
      0,
      0,
      0,
      2,
      0,
      3,
      0,
      0,
      0,
      0,
      0,
      0,
      0,
      0,
      0,
      0,
      0,
      0,
      2,
      0,
      2,
      2,
      0,
      2,
      2,
      2,
      0,
      2,
      0,
      2,
      2,
      0,
      0,
      0,
      2,
      2,
      2,
      0,
      0,
      0,
      2,
      0,
      0,
      0,
      2,
      0,
      2,
      2,
      0,
      2,
      2,
      2,
      1,
      2,
      2,
      2,
      2,
      2,
      2,
      2,
      2,
      2,
      2,
      2,
      2,
      2,
      2,
      0,
      2,
      2,
      2,
      2,
      2,
      0,
      2,
      0,
      2,
      2,
      2,
      2,
      0,
      2,
      2,
      2,
      2,
      2,
      2,
      2,
      2,
      2,
      2,
      2,
      2,
      2,
      2,
      2,
      2,
      0,
      2,
      2,
      2,
      2,
      2,
      0,
      2,
      2,
      0,
      0,
      2,
      2,
      2,
      2,
      0,
      2,
      2,
      2,
      2,
      2,
      0,
      2,
      2,
      2,
      2,
      0,
      0,
      2,
      2,
      2,
      2,
      0,
      1,
      2,
      0,
      2,
      0,
      0,
      0,
      0,
      0,
      1,
      0,
      0,
      0,
      0,
      0,
      0,
      0,
      0,
      0,
      2,
      0,
      0,
      0,
      0,
      0,
      0,
      1,
      0,
      0,
      0,
      0,
      0,
      0,
      0,
      0,
      0,
      0,
      0,
      0,
      0,
      0,
      0,
      0,
      0,
      0,
      0,
      0,
      0,
      2,
      2,
      2,
      2,
      1,
      0,
      1,
      2,
      2,
      2,
      2,
      2,
      2,
      2,
      2,
      2,
      2,
      2,
      2,
      2,
      0,
      2,
      0,
      2,
      2,
      0,
      2,
      2,
      2,
      0,
      2,
      2,
      2,
      2,
      2,
      2,
      2,
      2,
      2,
      2,
      2,
      2,
      2,
      2,
      2,
      2,
      2
    ]
  },
  "kmeans_k5": {
    "algorithm": "kmeans",
    "k": 5,
    "silhouette": 0.31858665647153883,
    "calinski_harabasz": 124.28313613842731,
    "davies_bouldin": 0.8454426556973441,
    "num_clusters": 5,
    "num_noise_points": 0,