{
  "kmeans_k3": {
    "representation": "raw_waveform_stats",
    "algorithm": "kmeans",
    "params": {
      "n_clusters": 3
    },
    "Silhouette": 0.27837664985522587,
    "Calinski-Harabasz": 155.10061129117864,
    "Davies-Bouldin": 0.9642694928717734,
    "n_clusters": 3,
    "n_noise": 0,
    "labels": [
      2,
      2,
      2,
      0,
      2,
      2,
      2,
      2,
      2,
      2,
      2,
      2,
      0,
      0,
      2,
      2,
      2,
      0,
      0,
      2,
      2,
      2,
      2,
      2,
      2,
      0,
      0,
      2,
      0,
      0,
      0,
      0,
      2,
      0,
      0,
      0,
      0,
      0,
      0,
      0,
      0,
      2,
      0,
      0,
      0,
      0,
      0,
      0,
      0,
      0,
      0,
      0,
      0,
      0,
      0,
      0,
      0,
      0,
      0,
      0,
      0,
      0,
      0,
      2,
      0,
      0,
      0,
      0,
      0,
      0,
      0,
      0,
      0,
      0,
      0,
      0,
      0,
      0,
      0,
      0,
      0,
      0,
      0,
      0,
      0,
      0,
      0,
      2,
      0,
      2,
      0,
      0,
      2,
      0,
      2,
      0,
      0,
      2,
      0,
      0,
      0,
      2,
      0,
      2,
      2,
      0,
      2,
      2,
      0,
      2,
      1,
      2,
      2,
      0,
      2,
      0,
      0,
      2,
      0,
      2,
      0,
      2,
      2,
      0,
      0,
      0,
      0,
      2,
      0,
      0,
      0,
      2,
      2,
      2,
      0,
      2,
      0,
      0,
      2,
      0,
      0,
      0,
      0,
      0,
      2,
      2,
      2,
      0,
      2,
      0,
      0,
      2,
      2,
      0,
      2,
      0,
      2,
      2,
      0,
      2,
      2,
      0,
      2,
      2,
      2,
      2,
      0,
      2,
      2,
      0,
      2,
      2,
      2,
      2,
      2,
      2,
      2,
      2,
      2,
      2,
      2,
      2,
      2,
      2,
      2,
      0,
      2,
      0,
      2,
      2,
      2,
      2,
      2,
      0,
      2,
      2,
      2,
      2,
      2,
      2,
      2,
      2,
      2,
      2,
      2,
      2,
      0,
      0,
      2,
      2,
      2,
      0,
      0,
      2,
      2,
      2,
      0,
      0,
      2,
      2,
      2,
      0,
      2,
      2,
      2,
      2,
      2,
      0,
      0,
      0,
      2,
      2,
      0,
      2,
      2,
      2,
      2,
      2,
      0,
      0,
      0,
      2,
      0,
      0,
      2,
      2,
      2,
      2,
      2,
      0,
      0,
      0,
      0,
      0,
      0,
      0,
      2,
      0,
      0,
      0,
      0,
      2,
      0,
      2,
      2,
      0,
      2,
      2,
      2,
      0,
      2,
      2,
      0,
      2,
      0,
      0,
      0,
      0,
      0,
      0,
      2,
      0,
      0,
      2,
      2,
      0,
      2,
      2,
      0,
      2,
      2,
      2,
      2,
      2,
      2,
      2,
      2,
      2,
      2,
      2,
      2,
      2,
      2,
      0,
      0,
      0,
      2,
      2,
      2,
      2,
      2,
      2,
      0,
      2,
      2,
      2,
      0,
      2,
      2,
      2,
      0,
      2,
      2,
      2,
      2,
      2,
      2,
      2,
      2,
      2
    ]
  },
  "kmeans_k4": {
    "representation": "raw_waveform_stats",
    "algorithm": "kmeans",
    "params": {
      "n_clusters": 4
    },
    "Silhouette": 0.2990403424480453,
    "Calinski-Harabasz": 179.74985423985083,
    "Davies-Bouldin": 0.8525857458032722,
    "n_clusters": 4,
    "n_noise": 0,
    "labels": [
      1,
      1,
      1,
      3,
      1,
      1,
      1,
      1,
      1,
      1,
      1,
      1,
      3,
      1,
      1,
      1,
      1,
      3,
      3,
      1,
      1,
      1,
      1,
      1,
      0,
      3,
      3,
      3,
      3,
      3,
      3,
      3,
      1,
      3,
      3,
      3,
      3,
      3,
      3,
      3,
      3,
      3,
      3,
      3,
      3,
      3,
      3,
      3,
      3,
      3,
      3,
      3,
      3,
      3,
      3,
      3,
      3,
      3,
      3,
      3,
      3,
      3,
      3,
      1,
      3,
      3,
      3,
      3,
      3,
      3,
      3,
      3,
      3,
      3,
      3,
      3,
      3,
      3,
      3,
      3,
      3,
      3,
      3,
      3,
      3,
      3,
      3,
      1,
      3,
      1,
      3,
      3,
      1,
      3,
      0,
      3,
      3,
      1,
      3,
      3,
      3,
      1,
      3,
      1,
      1,
      3,
      1,
      1,
      3,
      1,
      2,
      1,
      1,
      3,
      1,
      3,
      3,
      1,
      3,
      1,
      3,
      1,
      1,
      3,
      3,
      3,
      3,
      1,
      3,
      3,
      3,
      1,
      1,
      1,
      3,
      1,
      3,
      3,
      1,
      3,
      1,
      3,
      3,
      3,
      1,
      1,
      1,
      3,
      1,
      1,
      3,
      1,
      1,
      3,
      1,
      3,
      1,
      1,
      3,
      1,
      1,
      1,
      1,
      1,
      1,
      1,
      3,
      1,
      1,
      1,
      1,
      1,
      1,
      1,
      1,
      0,
      1,
      1,
      3,
      1,
      1,
      1,
      1,
      1,
      1,
      3,
      1,
      3,
      1,
      1,
      1,
      1,
      1,
      3,
      1,
      1,
      1,
      1,
      1,
      1,
      1,
      1,
      1,
      1,
      1,
      1,
      3,
      3,
      1,
      1,
      1,
      3,
      3,
      1,
      1,
      1,
      1,
      3,
      1,
      1,
      0,
      3,
      1,
      1,
      1,
      1,
      1,
      3,
      3,
      3,
      1,
      1,
      3,
      1,
      1,
      0,
      1,
      1,
      1,
      3,
      3,
      3,
      3,
      3,
      3,
      1,
      3,
      1,
      3,
      3,
      3,
      3,
      3,
      3,
      3,
      3,
      1,
      3,
      3,
      3,
      3,
      1,
      3,
      1,
      1,
      3,
      1,
      3,
      1,
      3,
      1,
      1,
      3,
      1,
      3,
      3,
      3,
      3,
      3,
      3,
      3,
      3,
      3,
      1,
      1,
      1,
      1,
      0,
      3,
      1,
      1,
      1,
      1,
      1,
      1,
      1,
      1,
      1,
      1,
      1,
      1,
      1,
      1,
      3,
      3,
      3,
      1,
      1,
      1,
      1,
      1,
      1,
      3,
      1,
      1,
      1,
      3,
      1,
      1,
      1,
      3,
      1,
      1,
      1,
      1,
      1,
      1,
      1,
      1,
      1
    ]
  },
  "kmeans_k5": {
    "representation": "raw_waveform_stats",
    "algorithm": "kmeans",
    "params": {
      "n_clusters": 5
    },
    "Silhouette": 0.30939307475403777,
    "Calinski-Harabasz": 195.31385369767543,
    "Davies-Bouldin": 0.820376970721506,
    "n_clusters": 5,
    "n_noise": 0,