Time(s),Amplitude
0.000000000,-0.361343592
0.000062500,-0.392297804
0.000125000,-0.380589902
0.000187500,-0.339460611
0.000250000,-0.288867801
0.000312500,-0.247239396
0.000375000,-0.223416567
0.000437500,-0.215737507
0.000500000,-0.215074271
0.000562500,-0.211387798
0.000625000,-0.197704956
0.000687500,-0.173660964
0.000750000,-0.144198582
0.000812500,-0.116659530
0.000875000,-0.095405713
0.000937500,-0.080980137
0.001000000,-0.070405059
0.001062500,-0.060044758
0.001125000,-0.046246033
0.001187500,-0.027900081
0.001250000,-0.006118086
0.001312500,0.016260130
0.001375000,0.037875868
0.001437500,0.058330692
0.001500000,0.078217387
0.001562500,0.097657539
0.001625000,0.117472962
0.001687500,0.137616292
0.001750000,0.157564268
0.001812500,0.176018044
0.001875000,0.193146378
0.001937500,0.209352836
0.002000000,0.225239709
0.002062500,0.240550846
0.002125000,0.255849093
0.002187500,0.271226048
0.002250000,0.286608815
0.002312500,0.301150143
0.002375000,0.315151244
0.002437500,0.328767836
0.002500000,0.342142224
0.002562500,0.354850262
0.002625000,0.366881490
0.002687500,0.378618240
0.002750000,0.390428036
0.002812500,0.401950091
0.002875000,0.413128316
0.002937500,0.424042851
0.003000000,0.434760660
0.003062500,0.444785357
0.003125000,0.454238683
0.003187500,0.463420570
0.003250000,0.472598642
0.003312500,0.481328487
0.003375000,0.489642084
0.003437500,0.497510672
0.003500000,0.504883349
0.003562500,0.511191607
0.003625000,0.516655147
0.003687500,0.521523535
0.003750000,0.526061356
0.003812500,0.529924691
0.003875000,0.533377469
0.003937500,0.536418438
0.004000000,0.538956344
0.004062500,0.540380001
0.004125000,0.540967047
0.004187500,0.540875256
0.004250000,0.540368199
0.004312500,0.539279163
0.004375000,0.538290203
0.004437500,0.537611485
0.004500000,0.537262082
0.004562500,0.536637723
0.004625000,0.535952926
0.004687500,0.534969151
0.004750000,0.533497155
0.004812500,0.531056285
0.004875000,0.528249741
0.004937500,0.525232553
0.005000000,0.522108138
0.005062500,0.518504739
0.005125000,0.514897466
0.005187500,0.511076927
0.005250000,0.506765842
0.005312500,0.501406670
0.005375000,0.495522141
0.005437500,0.489109784
0.005500000,0.482199341
0.005562500,0.474549860
0.005625000,0.466831744
0.005687500,0.458960831
0.005750000,0.450761795
0.005812500,0.441822439
0.005875000,0.432722509
0.005937500,0.423370808
0.006000000,0.413676798
0.006062500,0.403371513
0.006125000,0.393142551
0.006187500,0.382908821
0.006250000,0.372544378
0.006312500,0.361788303
0.006375000,0.351297796
0.006437500,0.340951324
0.006500000,0.330564916
0.006562500,0.319837183
0.006625000,0.309316725
0.006687500,0.298784852
0.006750000,0.288020670
0.006812500,0.276822269
0.006875000,0.265842289
0.006937500,0.254997760
0.007000000,0.244158715
0.007062500,0.233159959
0.007125000,0.222527102
0.007187500,0.211993754
0.007250000,0.201237977
0.007312500,0.189994097
0.007375000,0.178747192
0.007437500,0.167324916
0.007500000,0.155587643
0.007562500,0.143497884
0.007625000,0.131647781
0.007687500,0.119863413
0.007750000,0.107866570
0.007812500,0.095441759
0.007875000,0.083019465
0.007937500,0.070505358
0.008000000,0.057980634
0.008062500,0.045816183
0.008125000,0.034941364
0.008187500,0.025487924
0.008250000,0.017224766
0.008312500,0.009670940
0.008375000,0.002502142
0.008437500,-0.005241083
0.008500000,-0.014306910
0.008562500,-0.024828235
0.008625000,-0.036095470
0.008687500,-0.047603343
0.008750000,-0.058827754
0.008812500,-0.069281407
0.008875000,-0.078596205
0.008937500,-0.087209091
0.009000000,-0.095724516
0.009062500,-0.104429573
0.009125000,-0.113174289
0.009187500,-0.121915959
0.009250000,-0.130456433
0.009312500,-0.138371423
0.009375000,-0.145318285
0.009437500,-0.151501313
0.009500000,-0.157281891
0.009562500,-0.162777632
0.009625000,-0.167994276
0.009687500,-0.173056334
0.009750000,-0.177989259
0.009812500,-0.182532400
0.009875000,-0.186560556
0.009937500,-0.190241888
0.010000000,-0.193802163
0.010062500,-0.197169721
0.010125000,-0.200364113
0.010187500,-0.203465253
0.010250000,-0.206508949
0.010312500,-0.209231019
0.010375000,-0.211662695
0.010437500,-0.213940248
0.010500000,-0.216203764
0.010562500,-0.218237370
0.010625000,-0.220132992
0.010687500,-0.221945703
0.010750000,-0.223733723
0.010812500,-0.225258142
0.010875000,-0.226762414
0.010937500,-0.228435755
0.011000000,-0.230416551
0.011062500,-0.232406482
0.011125000,-0.234506786
0.011187500,-0.236638710
0.011250000,-0.238699496
0.011312500,-0.240261227
0.011375000,-0.241532296
0.011437500,-0.242588833
0.011500000,-0.243499845
0.011562500,-0.243930817
0.011625000,-0.244147629
0.011687500,-0.244159430
0.011750000,-0.243970469
0.011812500,-0.243246675
0.011875000,-0.242408648
0.011937500,-0.241611794
0.012000000,-0.240958482
0.012062500,-0.240087152
0.012125000,-0.239321947
0.012187500,-0.238624096
0.012250000,-0.237946510
0.012312500,-0.236909226
0.012375000,-0.235999390
0.012437500,-0.235393137
0.012500000,-0.235216901
0.012562500,-0.235115960
0.012625000,-0.235424563
0.012687500,-0.236000404
0.012750000,-0.236628756
0.012812500,-0.236748844
0.012875000,-0.236686021
0.012937500,-0.236486569
0.013000000,-0.236252263
0.013062500,-0.235757411
0.013125000,-0.235516950
0.013187500,-0.235559687
0.013250000,-0.235781640
0.013312500,-0.235674486
0.013375000,-0.235469729
0.013437500,-0.235050499
0.013500000,-0.234369770
0.013562500,-0.233180210
0.013625000,-0.232032508
0.013687500,-0.231067643
0.013750000,-0.230322421
0.013812500,-0.229438871
0.013875000,-0.228697658
0.013937500,-0.227958232
0.014000000,-0.227122188
0.014062500,-0.225938112
0.014125000,-0.224964514
0.014187500,-0.224368617
0.014250000,-0.224204347
0.014312500,-0.224112421
0.014375000,-0.224266112
0.014437500,-0.224359199
0.014500000,-0.224110216
0.014562500,-0.223157078
0.014625000,-0.221966192
0.014687500,-0.220707998
0.014750000,-0.219498113
0.014812500,-0.218094260
0.014875000,-0.216685101
0.014937500,-0.214945421
0.015000000,-0.212532923
0.015062500,-0.209061503
0.015125000,-0.204951912
0.015187500,-0.200433135
0.015250000,-0.195778757
0.015312500,-0.191012040
0.015375000,-0.186560065
0.015437500,-0.182299852
0.015500000,-0.177989259
0.015562500,-0.173240244
0.015625000,-0.168335840
0.015687500,-0.163323432
0.015750000,-0.158317253
0.015812500,-0.153274596
0.015875000,-0.148642793
0.015937500,-0.144401848
0.016000000,-0.140433624
0.016062500,-0.136436686
0.016125000,-0.132692367
0.016187500,-0.129167199
0.016250000,-0.125844344
0.016312500,-0.122547641
0.016375000,-0.119615607
0.016437500,-0.116969168
0.016500000,-0.114455283
0.016562500,-0.111737683
0.016625000,-0.109021500
0.016687500,-0.106191352
0.016750000,-0.103160344
0.016812500,-0.099738270
0.016875000,-0.096287668
0.016937500,-0.092824139
0.017000000,-0.089324065
0.017062500,-0.085585974
0.017125000,-0.081923850
0.017187500,-0.078311697
0.017250000,-0.074734777
0.017312500,-0.071055025
0.017375000,-0.067691363
0.017437500,-0.064694300
0.017500000,-0.062027987
0.017562500,-0.059404045
0.017625000,-0.057023339
0.017687500,-0.054755244
0.017750000,-0.052521419
0.017812500,-0.050180543
0.017875000,-0.048197269
0.017937500,-0.046731558
0.018000000,-0.045838587
0.018062500,-0.045259710
0.018125000,-0.045080859
0.018187500,-0.045037080
0.018250000,-0.044897340
0.018312500,-0.044420011
0.018375000,-0.043965638
0.018437500,-0.043729588
0.018500000,-0.043861974
0.018562500,-0.044225276
0.018625000,-0.044896759
0.018687500,-0.045579046
0.018750000,-0.045932710
0.018812500,-0.045587882
0.018875000,-0.044724431
0.018937500,-0.043499805
0.019000000,-0.042167734
0.019062500,-0.040858120
0.019125000,-0.039937779
0.019187500,-0.039454419
0.019250000,-0.039344002
0.019312500,-0.039400116
0.019375000,-0.039754629
0.019437500,-0.040435240
0.019500000,-0.041508865
0.019562500,-0.042942498
0.019625000,-0.044903170
0.019687500,-0.047310635
0.019750000,-0.049980059
0.019812500,-0.052589692
0.019875000,-0.055050239
0.019937500,-0.057213016
0.020000000,-0.059016004
0.020062500,-0.060413033
0.020125000,-0.061591621
0.020187500,-0.062627040
0.020250000,-0.063533977
0.020312500,-0.064198084
0.020375000,-0.064612977
0.020437500,-0.064686671
0.020500000,-0.064381093
0.020562500,-0.063704669
0.020625000,-0.062886477
0.020687500,-0.062119342
0.020750000,-0.061557360
0.020812500,-0.061212301
0.020875000,-0.061083760
0.020937500,-0.060991008
0.021000000,-0.060710244
0.021062500,-0.060028356
0.021125000,-0.058954187
0.021187500,-0.057557769
0.021250000,-0.056004021
0.021312500,-0.054454323
0.021375000,-0.053135253
0.021437500,-0.052102610
0.021500000,-0.051297802
0.021562500,-0.050549354
0.021625000,-0.049764216
0.021687500,-0.048812214
0.021750000,-0.047626950
0.021812500,-0.046186734
0.021875000,-0.044634879
0.021937500,-0.043077555
0.022000000,-0.041602992
0.022062500,-0.040218204
0.022125000,-0.038982380
0.022187500,-0.037840057
0.022250000,-0.036708519
0.022312500,-0.035468072
0.022375000,-0.034158066
0.022437500,-0.032775540
0.022500000,-0.031343430
0.022562500,-0.029843688
0.022625000,-0.028403325
0.022687500,-0.027029209
0.022750000,-0.025695963
0.022812500,-0.024304869
0.022875000,-0.022925686
0.022937500,-0.021539537
0.023000000,-0.020142624
0.023062500,-0.018693915
0.023125000,-0.017330423
0.023187500,-0.016083241
0.023250000,-0.014965781
0.023312500,-0.013922755
0.023375000,-0.013042989
0.023437500,-0.012304030
0.023500000,-0.011671427
0.023562500,-0.011061398
0.023625000,-0.010557320
0.023687500,-0.010160751
0.023750000,-0.009883063
0.023812500,-0.009690934
0.023875000,-0.009705430
0.023937500,-0.009936344
0.024000000,-0.010353684
0.024062500,-0.010829982
0.024125000,-0.011371522
0.024187500,-0.011894472
0.024250000,-0.012330297
0.024312500,-0.012588342
0.024375000,-0.012775126
0.024437500,-0.012949283
0.024500000,-0.013177417
0.024562500,-0.013462626
0.024625000,-0.013917052
0.024687500,-0.014550631
0.024750000,-0.015342278
0.024812500,-0.016205765
0.024875000,-0.017159732
0.024937500,-0.018149793
0.025000000,-0.019107254
0.025062500,-0.019917192
0.025125000,-0.020562988
0.025187500,-0.020991273
0.025250000,-0.021177992
0.025312500,-0.021114128
0.025375000,-0.020893903
0.025437500,-0.020583488
0.025500000,-0.020236747
0.025562500,-0.019865647
0.025625000,-0.019500643
0.025687500,-0.019125246
0.025750000,-0.018730756
0.025812500,-0.018339058
0.025875000,-0.018034542
0.025937500,-0.017911997
0.026000000,-0.018071886
0.026062500,-0.018598510
0.026125000,-0.019523799
0.026187500,-0.020797852
0.026250000,-0.022307485
0.026312500,-0.023920869
0.026375000,-0.025475269
0.026437500,-0.026822399
0.026500000,-0.027860826
0.026562500,-0.028582241
0.026625000,-0.028974956
0.026687500,-0.029044677
0.026750000,-0.028802069
0.026812500,-0.028311558
0.026875000,-0.027576746
0.026937500,-0.026621252
0.027000000,-0.025507715
0.027062500,-0.024402224
0.027125000,-0.023391182
0.027187500,-0.022517303
0.027250000,-0.021742739
0.027312500,-0.021013986
0.027375000,-0.020139219
0.027437500,-0.018937934
0.027500000,-0.017318891
0.027562500,-0.015398167
0.027625000,-0.013329781
0.027687500,-0.011312741
0.027750000,-0.009506566
0.027812500,-0.008033630
0.027875000,-0.006791371
0.027937500,-0.005568199
0.028000000,-0.004141474
0.028062500,-0.002454879
0.028125000,-0.000494471
0.028187500,0.001634443
0.028250000,0.003764976
0.028312500,0.005668327
0.028375000,0.007318095
0.028437500,0.008815621
0.028500000,0.010353684
0.028562500,0.012057505
0.028625000,0.014099595
0.028687500,0.016554248
0.028750000,0.019389628
0.028812500,0.022414198
0.028875000,0.025516724
0.028937500,0.028625263
0.029000000,0.031719927
0.029062500,0.034735922
0.029125000,0.037715305
0.029187500,0.040697142
0.029250000,0.043673724
0.029312500,0.046488013
0.029375000,0.049037755
0.029437500,0.051228058
0.029500000,0.052992042
0.029562500,0.054225411
0.029625000,0.054998625
0.029687500,0.055463608
0.029750000,0.055815775
0.029812500,0.056158450
0.029875000,0.056644239
0.029937500,0.057350196
0.030000000,0.058263011
0.030062500,0.059214659
0.030125000,0.060117941
0.030187500,0.060923040
0.030250000,0.061651487
0.030312500,0.062307015
0.030375000,0.063034832
0.030437500,0.063940048
0.030500000,0.065039963
0.030562500,0.066155754
0.030625000,0.067145862
0.030687500,0.067841925
0.030750000,0.068146072
0.030812500,0.067998715
0.030875000,0.067599386
0.030937500,0.067194797
0.031000000,0.067016579
0.031062500,0.067112789
0.031125000,0.067533568
0.031187500,0.068178453
0.031250000,0.068899065
0.031312500,0.069487818
0.031375000,0.069985844
0.031437500,0.070472486
0.031500000,0.071063928
0.031562500,0.071736887
0.031625000,0.072579257
0.031687500,0.073506311
0.031750000,0.074358284
0.031812500,0.074842557
0.031875000,0.074945696
0.031937500,0.074642785
0.032000000,0.073981784
0.032062500,0.072928876
0.032125000,0.071730055
0.032187500,0.070512362
0.032250000,0.069369689
0.032312500,0.068225145
0.032375000,0.067251228
0.032437500,0.066476285
0.032500000,0.065887086
0.032562500,0.065290153
0.032625000,0.064767025
0.032687500,0.064282820
0.032750000,0.063816346
0.032812500,0.063212052
0.032875000,0.062661417
0.032937500,0.062227808
0.033000000,0.061933860
0.033062500,0.061571240
0.033125000,0.061227381
0.033187500,0.060833711
0.033250000,0.060333744
0.033312500,0.059539694
0.033375000,0.058704931
0.033437500,0.058000132
0.033500000,0.057604138
0.033562500,0.057466734
0.033625000,0.057834331
0.033687500,0.058720846
0.033750000,0.060051370
0.033812500,0.061502524
0.033875000,0.063113086
0.033937500,0.064788423
0.034000000,0.066451833
0.034062500,0.067861870
0.034125000,0.069187880
0.034187500,0.070483163
0.034250000,0.071816921
0.034312500,0.073075235
0.034375000,0.074486099
0.034437500,0.076066576
0.034500000,0.077746756
0.034562500,0.079211563
0.034625000,0.080492295
0.034687500,0.081527151
0.034750000,0.082358852
0.034812500,0.082978889
0.034875000,0.083819084
0.034937500,0.085160561
0.035000000,0.087159202
0.035062500,0.089603506
0.035125000,0.092447117
0.035187500,0.095399246
0.035250000,0.098171756
0.035312500,0.100417361
0.035375000,0.102300800
0.035437500,0.103992499
0.035500000,0.105701707
0.035562500,0.107405424
0.035625000,0.109275252
0.035687500,0.111215428
0.035750000,0.113043413
0.035812500,0.114428528
0.035875000,0.115436226
0.035937500,0.116122440
0.036000000,0.116620146
0.036062500,0.116934955
0.036125000,0.117297895
0.036187500,0.117724709
0.036250000,0.118126132
0.036312500,0.118221752
0.036375000,0.117991440
0.036437500,0.117341474
0.036500000,0.116243646
0.036562500,0.114621818
0.036625000,0.112735890
0.036687500,0.110765889
0.036750000,0.108901940
0.036812500,0.107191451
0.036875000,0.105922930
0.036937500,0.105179936
0.037000000,0.104948714
0.037062500,0.104992837
0.037125000,0.105322100
0.037187500,0.105789155
0.037250000,0.106266461
0.037312500,0.106541187
0.037375000,0.106761418
0.037437500,0.106950872
0.037500000,0.107113577
0.037562500,0.107078478
0.037625000,0.106946431
0.037687500,0.106639124
0.037750000,0.106078207
0.037812500,0.105080575
0.037875000,0.103846520
0.037937500,0.102436222
0.038000000,0.100901365
0.038062500,0.099114716
0.038125000,0.097262517
0.038187500,0.095306672
0.038250000,0.093183167
0.038312500,0.090684123
0.038375000,0.088029742
0.038437500,0.085288510
0.038500000,0.082547106
0.038562500,0.079726592
0.038625000,0.077132002
0.038687500,0.074831694
0.038750000,0.072852299
0.038812500,0.071024492
0.038875000,0.069602147
0.038937500,0.068633296
0.039000000,0.068146072
0.039062500,0.067952611
0.039125000,0.068254799
0.039187500,0.068989910
0.039250000,0.070028558
0.039312500,0.071011223
0.039375000,0.071990587
0.039437500,0.072831146
0.039500000,0.073417038
0.039562500,0.073487759
0.039625000,0.073255822
0.039687500,0.072791904
0.039750000,0.072193421
0.039812500,0.071381725
0.039875000,0.070684031
0.039937500,0.070192650
0.040000000,0.069934435
0.040062500,0.069689028
0.040125000,0.069642819
0.040187500,0.069786385
0.040250000,0.070122682
0.040312500,0.070478074
0.040375000,0.071132340
0.040437500,0.072145559
0.040500000,0.073511161
0.040562500,0.074944213
0.040625000,0.076537468
0.040687500,0.078167781
0.040750000,0.079723373
0.040812500,0.080949970
0.040875000,0.082099020
0.040937500,0.083305344
0.041000000,0.084711969
0.041062500,0.086224206
0.041125000,0.088071100
0.041187500,0.090216056
0.041250000,0.092524290
0.041312500,0.094619505
0.041375000,0.096517541
0.041437500,0.098142676
0.041500000,0.099489503
0.041562500,0.100429870
0.041625000,0.101226203
0.041687500,0.101972871
0.041750000,0.102689728
0.041812500,0.103138298
0.041875000,0.103393130
0.041937500,0.103398144
0.042000000,0.103160344
0.042062500,0.102605999
0.042125000,0.102115564
0.042187500,0.101951212
0.042250000,0.102313228
0.042312500,0.103098594
0.042375000,0.104408115
0.042437500,0.106073901
0.042500000,0.107866570
0.042562500,0.109413996
0.042625000,0.110766113
0.042687500,0.111926064
0.042750000,0.112949289
0.042812500,0.113741733
0.042875000,0.114492759
0.042937500,0.115209699
0.043000000,0.115867145
0.043062500,0.116299167
0.043125000,0.116670266
0.043187500,0.117021218
0.043250000,0.117373139
0.043312500,0.117564783
0.043375000,0.117709212
0.043437500,0.117753707
0.043500000,0.117655508
0.043562500,0.117269270
0.043625000,0.116819084
0.043687500,0.116377562
0.043750000,0.115961269
0.043812500,0.115356058
0.043875000,0.114631712
0.043937500,0.113686450
0.044000000,0.112478666
0.044062500,0.110924304
0.044125000,0.109417632
0.044187500,0.108213224
0.044250000,0.107490070
0.044312500,0.107108735
0.044375000,0.107135646
0.044437500,0.107325576
0.044500000,0.107395947
0.044562500,0.106967099
0.044625000,0.106192194
0.044687500,0.105161935
0.044750000,0.104007475
0.044812500,0.102639094
0.044875000,0.101270869
0.044937500,0.099827290
0.045000000,0.098171756
0.045062500,0.096005045
0.045125000,0.093534485
0.045187500,0.090873457
0.045250000,0.088194571
0.045312500,0.085484244
0.045375000,0.083126925
0.045437500,0.081229530
0.045500000,0.079817496
0.045562500,0.078665271
0.045625000,0.077967450
0.045687500,0.077686250
0.045750000,0.077746756
0.045812500,0.077846721
0.045875000,0.078107752
0.045937500,0.078441769
0.046000000,0.078782134
0.046062500,0.078924254
0.046125000,0.079151064
0.046187500,0.079555020
0.046250000,0.080193989
0.046312500,0.080883093
0.046375000,0.081788838
0.046437500,0.082819864
0.046500000,0.083864845
0.046562500,0.084672622
0.046625000,0.085466005
0.046687500,0.086326353
0.046750000,0.087347448
0.046812500,0.088426508
0.046875000,0.089790173
0.046937500,0.091388576
0.047000000,0.093089037
0.047062500,0.094560228
0.047125000,0.095867716
0.047187500,0.096944831
0.047250000,0.097795255
0.047312500,0.098343283
0.047375000,0.098924071
0.047437500,0.099685729
0.047500000,0.100713111
0.047562500,0.101863533
0.047625000,0.103233069
0.047687500,0.104670934
0.047750000,0.105984084
0.047812500,0.106877893
0.047875000,0.107404098
0.047937500,0.107535385
0.048000000,0.107301824
0.048062500,0.106683195
0.048125000,0.105902120
0.048187500,0.105029874
0.048250000,0.104101598
0.048312500,0.103051931
0.048375000,0.101999864
0.048437500,0.100920491
0.048500000,0.099771872
0.048562500,0.098449484
0.048625000,0.097070701
0.048687500,0.095667221
0.048750000,0.094312660
0.048812500,0.093052916
0.048875000,0.092122853
0.048937500,0.091564268
0.049000000,0.091300674
0.049062500,0.091082998
0.049125000,0.090787835
0.049187500,0.090181433
0.049250000,0.089135818
0.049312500,0.087638043
0.049375000,0.085998252
0.049437500,0.084440239
0.049500000,0.083111852
0.049562500,0.081964284
0.049625000,0.080970630
0.049687500,0.079867855
0.049750000,0.078405634
0.049812500,0.076411389
0.049875000,0.074069187
0.049937500,0.071521208
0.050000000,0.068899065
0.050062500,0.066176437
0.050125000,0.063392386
0.050187500,0.060327381
0.050250000,0.056757014
0.050312500,0.052519351
0.050375000,0.047880922
0.050437500,0.043121327
0.050500000,0.038591005
0.050562500,0.034524843
0.050625000,0.031258166
0.050687500,0.028778177
0.050750000,0.026919581
0.050812500,0.025386820
0.050875000,0.024157824
0.050937500,0.023118906
0.051000000,0.022213360
0.051062500,0.021340206
0.051125000,0.020622216
0.051187500,0.019982221
0.051250000,0.019295502
0.051312500,0.018355297
0.051375000,0.017217558
0.051437500,0.015837396
0.051500000,0.014212786
0.051562500,0.012305073
0.051625000,0.010339512
0.051687500,0.008406319
0.051750000,0.006588709
0.051812500,0.004885967
0.051875000,0.003520196
0.051937500,0.002546146
0.052000000,0.001976613
0.052062500,0.001707487
0.052125000,0.001834263
0.052187500,0.002295363
0.052250000,0.003011981
0.052312500,0.003824917
0.052375000,0.004812763
0.052437500,0.005935467
0.052500000,0.007153455
0.052562500,0.008352607
0.052625000,0.009630498
0.052687500,0.010967102
0.052750000,0.012330297
0.052812500,0.013604127
0.052875000,0.014863354
0.052937500,0.016081844
0.053000000,0.017224766
0.053062500,0.018185467
0.053125000,0.019015837
0.053187500,0.019702077
0.053250000,0.020236747
0.053312500,0.020568350
0.053375000,0.020798692
0.053437500,0.021003243
0.053500000,0.021272115
0.053562500,0.021641096
0.053625000,0.022227317
0.053687500,0.023057071
0.053750000,0.024095848
0.053812500,0.025214691
0.053875000,0.026327042
0.053937500,0.027304497
0.054000000,0.028049074
0.054062500,0.028504290
0.054125000,0.028742958
0.054187500,0.028883766
0.054250000,0.029084442
0.054312500,0.029486865
0.054375000,0.030192871
0.054437500,0.031194851
0.054500000,0.032378796
0.054562500,0.033552945
0.054625000,0.034520432
0.054687500,0.035141204
0.054750000,0.035390779
0.054812500,0.035369229
0.054875000,0.035285797
0.054937500,0.035365287
0.055000000,0.035767276
0.055062500,0.036505003
0.055125000,0.037488971
0.055187500,0.038513094
0.055250000,0.039344002
0.055312500,0.039764561
0.055375000,0.039750509
0.055437500,0.039372437
0.055500000,0.038779255
0.055562500,0.038062774
0.055625000,0.037385054
0.055687500,0.036770895
0.055750000,0.036143772
0.055812500,0.035264757
0.055875000,0.034074426
0.055937500,0.032512069
0.056000000,0.030590432
0.056062500,0.028246349
0.056125000,0.025714969
0.056187500,0.023163572
0.056250000,0.020707369
0.056312500,0.018187780
0.056375000,0.015732378
0.056437500,0.013362792
0.056500000,0.011106680
0.056562500,0.008758808
0.056625000,0.006592083
0.056687500,0.004787247
0.056750000,0.003482603
0.056812500,0.002409163
0.056875000,0.001747012
0.056937500,0.001490828
0.057000000,0.001600115
0.057062500,0.001643351
0.057125000,0.001881911
0.057187500,0.002475140
0.057250000,0.003576728
0.057312500,0.004813798
0.057375000,0.006518200
0.057437500,0.008790796
0.057500000,0.011671427
0.057562500,0.014598960
0.057625000,0.017893890
0.057687500,0.021668861
0.057750000,0.025978338
0.057812500,0.030156560
0.057875000,0.034512240
0.057937500,0.039136205
0.058000000,0.044144347
0.058062500,0.048972998
0.058125000,0.054243967
0.058187500,0.060330234
0.058250000,0.067487195
0.058312500,0.074987285
0.058375000,0.083179303
0.058437500,0.092054099
0.058500000,0.101560235
0.058562500,0.110811427
0.058625000,0.120304294
0.058687500,0.130303264
0.058750000,0.140998363
0.058812500,0.151536629
0.058875000,0.162279680
0.058937500,0.173255250
0.059000000,0.184483841
0.059062500,0.195139274
0.059125000,0.205851614
0.059187500,0.217052683
0.059250000,0.229098812
0.059312500,0.241264880
0.059375000,0.253956556
0.059437500,0.267200172
0.059500000,0.280961365
0.059562500,0.294365734
0.059625000,0.307899237
0.059687500,0.321882546
0.059750000,0.336588889
0.059812500,0.351322472
0.059875000,0.366387576
0.059937500,0.381724000
0.060000000,0.397204995
0.060062500,0.412003458
0.060125000,0.426472038
0.060187500,0.440865427
0.060250000,0.455468029
0.060312500,0.469858289
0.060375000,0.484408051
0.060437500,0.499131590
0.060500000,0.513919234
0.060562500,0.528098583
0.060625000,0.541782260
0.060687500,0.554937124
0.060750000,0.567570210
0.060812500,0.579322577
0.060875000,0.590398490
0.060937500,0.600755394
0.061000000,0.610302687
0.061062500,0.618705034
0.061125000,0.626084864
0.061187500,0.632407725
0.061250000,0.637692869
0.061312500,0.641897559
0.061375000,0.645275116
0.061437500,0.647799313
0.061500000,0.649364293
0.061562500,0.649841905
0.061625000,0.649223685
0.061687500,0.647285819
0.061750000,0.643905103
0.061812500,0.639287114
0.061875000,0.633720756
0.061937500,0.627221644
0.062000000,0.619715095
0.062062500,0.611320019
0.062125000,0.601929724
0.062187500,0.591100752
0.062250000,0.578488588
0.062312500,0.564385176
0.062375000,0.549094737
0.062437500,0.532670617
0.062500000,0.515142858
0.062562500,0.496947885
0.062625000,0.478136599
0.062687500,0.458243400
0.062750000,0.436831385
0.062812500,0.414232910
0.062875000,0.390730619
0.062937500,0.366271138
0.063000000,0.340824455
0.063062500,0.314953327
0.063125000,0.288880080
0.063187500,0.262223303
0.063250000,0.234652147
0.063312500,0.206705377
0.063375000,0.178935483
0.063437500,0.151409432
0.063500000,0.124150097
0.063562500,0.097703196
0.063625000,0.072174169
0.063687500,0.046736907
0.063750000,0.020424996
0.063812500,-0.006909750
0.063875000,-0.035256308
0.063937500,-0.064911962
0.064000000,-0.095818654
0.064062500,-0.126930624
0.064125000,-0.157247066
0.064187500,-0.186598510
0.064250000,-0.215074271
0.064312500,-0.242284819
0.064375000,-0.268112361
0.064437500,-0.293181509
0.064500000,-0.318046361
0.064562500,-0.342370689
0.064625000,-0.365749061
0.064687500,-0.388351053
0.064750000,-0.410382420
0.064812500,-0.431450635
0.064875000,-0.451404870
0.064937500,-0.470764339
0.065000000,-0.490011662
0.065062500,-0.508786321
0.065125000,-0.526711285
0.065187500,-0.543778718
0.065250000,-0.559946060
0.065312500,-0.574586809
0.065375000,-0.587499499
0.065437500,-0.599078536
0.065500000,-0.609832048
0.065562500,-0.619621396
0.065625000,-0.628569484
0.065687500,-0.636953950
0.065750000,-0.644940495
0.065812500,-0.652030587
0.065875000,-0.658223689
0.065937500,-0.663737714
0.066000000,-0.668848038
0.066062500,-0.673259914
0.066125000,-0.677214980
0.066187500,-0.680872500
0.066250000,-0.684284449
0.066312500,-0.686885655
0.066375000,-0.688753664
0.066437500,-0.689859927
0.066500000,-0.690214276
0.066562500,-0.689382255
0.066625000,-0.687746704
0.066687500,-0.685424507
0.066750000,-0.682496071
0.066812500,-0.678546190
0.066875000,-0.674029827
0.066937500,-0.668969035
0.067000000,-0.663388789
0.067062500,-0.656940341
0.067125000,-0.650293112
0.067187500,-0.643554568
0.067250000,-0.636751592
0.067312500,-0.629460156
0.067375000,-0.622198522
0.067437500,-0.614742100
0.067500000,-0.606820047
0.067562500,-0.597912371
0.067625000,-0.588658214
0.067687500,-0.579021335
0.067750000,-0.568982065
0.067812500,-0.558281004
0.067875000,-0.547702432
0.067937500,-0.537108183
0.068000000,-0.526249588
0.068062500,-0.514690876
0.068125000,-0.503031850
0.068187500,-0.491021544
0.068250000,-0.478434354
0.068312500,-0.465063244
0.068375000,-0.451687664
0.068437500,-0.438173592
0.068500000,-0.424312830
0.068562500,-0.409899056
0.068625000,-0.395554781
0.068687500,-0.380995214
0.068750000,-0.365955710
0.068812500,-0.350389183
0.068875000,-0.335086495
0.068937500,-0.319942087
0.069000000,-0.304774851
0.069062500,-0.289537430
0.069125000,-0.274795294
0.069187500,-0.260192811
0.069250000,-0.245382324
0.069312500,-0.230367839
0.069375000,-0.215778023
0.069437500,-0.201340094
0.069500000,-0.186648712
0.069562500,-0.171531647
0.069625000,-0.156233385
0.069687500,-0.140274450
0.069750000,-0.123397097
0.069812500,-0.106071733
0.069875000,-0.089317776
0.069937500,-0.073389359
0.070000000,-0.058263011
0.070062500,-0.043954473
0.070125000,-0.030259414
0.070187500,-0.016012289
0.070250000,-0.000094124
0.070312500,0.017735481
0.070375000,0.037055437
0.070437500,0.057605583
0.070500000,0.078876257
0.070562500,0.099857986
0.070625000,0.119760290
0.070687500,0.138726249
0.070750000,0.157187760
0.070812500,0.175142020
0.070875000,0.192545131
0.070937500,0.209697142
0.071000000,0.226745695
0.071062500,0.243219167
0.071125000,0.258783311
0.071187500,0.273625284
0.071250000,0.288020670
0.071312500,0.301733941
0.071375000,0.314709604
0.071437500,0.327197731
0.071500000,0.339412600
0.071562500,0.351020277
0.071625000,0.362007260
0.071687500,0.372678518
0.071750000,0.383368731
0.071812500,0.393870443
0.071875000,0.404285103
0.071937500,0.414829344
0.072000000,0.425630569
0.072062500,0.436218411
0.072125000,0.446464270
0.072187500,0.456302613
0.072250000,0.465633452
0.072312500,0.473870248
0.072375000,0.480937034
0.072437500,0.486870885
0.072500000,0.491800010
0.072562500,0.495481074
0.072625000,0.498243779
0.072687500,0.500365913
0.072750000,0.502059639
0.072812500,0.503021777
0.072875000,0.503438115
0.072937500,0.503331721
0.073000000,0.502718508
0.073062500,0.501246989
0.073125000,0.499266148
0.073187500,0.496942848
0.073250000,0.494435489
0.073312500,0.491488189
0.073375000,0.488508165
0.073437500,0.485518187
0.073500000,0.482481718
0.073562500,0.478998452
0.073625000,0.475460410
0.073687500,0.471861750
0.073750000,0.468174815
0.073812500,0.464027137
0.073875000,0.459840387
0.073937500,0.455504805
0.074000000,0.450855911
0.074062500,0.445437521
0.074125000,0.439687043
0.074187500,0.433539182
0.074250000,0.426948309
0.074312500,0.419638902
0.074375000,0.412224472
0.074437500,0.404685408
0.074500000,0.396922618
0.074562500,0.388555408
0.074625000,0.380093902
0.074687500,0.371407181
0.074750000,0.362378955
0.074812500,0.352739036
0.074875000,0.343219072
0.074937500,0.333860666
0.075000000,0.324635088
0.075062500,0.315237105
0.075125000,0.306251079
0.075187500,0.297460049
0.075250000,0.288585424
0.075312500,0.279190987
0.075375000,0.269839704
0.075437500,0.260402560
0.075500000,0.250747442
0.075562500,0.240612254
0.075625000,0.230635479
0.075687500,0.220720336
0.075750000,0.210744545
0.075812500,0.200499073
0.075875000,0.190650448
0.075937500,0.181148589
0.076000000,0.171871170
0.076062500,0.162544280
0.076125000,0.153643891
0.076187500,0.144920915
0.076250000,0.136103898
0.076312500,0.126905352
0.076375000,0.117887393
0.076437500,0.109013617
0.076500000,0.100242496
0.076562500,0.091458999
0.076625000,0.083204754
0.076687500,0.075321183
0.076750000,0.067581318
0.076812500,0.059742171
0.076875000,0.052257724
0.076937500,0.045060325
0.077000000,0.038120385
0.077062500,0.031444460
0.077125000,0.025588792
0.077187500,0.020499455
0.077250000,0.016001150
0.077312500,0.011843531
0.077375000,0.008171409
0.077437500,0.004585051
0.077500000,0.000658871
0.077562500,-0.003931133
0.077625000,-0.008998778
0.077687500,-0.014655977
0.077750000,-0.020895619
0.077812500,-0.027541706
0.077875000,-0.034020122
0.077937500,-0.040149808
0.078000000,-0.045838587
0.078062500,-0.051027682
0.078125000,-0.055486433
0.078187500,-0.059373237
0.078250000,-0.062875107
0.078312500,-0.066073880
0.078375000,-0.068806060
0.078437500,-0.071154267
0.078500000,-0.073228791
0.078562500,-0.075099289
0.078625000,-0.076759472
0.078687500,-0.078444988
0.078750000,-0.080382243
0.078812500,-0.082634248
0.078875000,-0.085105978
0.078937500,-0.087787583
0.079000000,-0.090641811
0.079062500,-0.093533672
0.079125000,-0.096365958
0.079187500,-0.099181674
0.079250000,-0.102030858
0.079312500,-0.104818687
0.079375000,-0.107472800
0.079437500,-0.109965682
0.079500000,-0.112290420
0.079562500,-0.114357300
0.079625000,-0.116221718
0.079687500,-0.117947787
0.079750000,-0.119538002
0.079812500,-0.120781146
0.079875000,-0.121561870
0.079937500,-0.121774197
0.080000000,-0.121420488
0.080062500,-0.120534591
0.080125000,-0.119447105
0.080187500,-0.118479602
0.080250000,-0.117843755
0.080312500,-0.117424861
0.080375000,-0.117112994
0.080437500,-0.116636813
0.080500000,-0.115773022
0.080562500,-0.114342116
0.080625000,-0.112622105
0.080687500,-0.110928588
0.080750000,-0.109560810
0.080812500,-0.108537354
0.080875000,-0.107919037
0.080937500,-0.107474312
0.081000000,-0.106925331
0.081062500,-0.105989188
0.081125000,-0.104820624
0.081187500,-0.103609242
0.081250000,-0.102595605
0.081312500,-0.101853378
0.081375000,-0.101517655
0.081437500,-0.101415366
0.081500000,-0.101277865
0.081562500,-0.100796603
0.081625000,-0.100017093
0.081687500,-0.098995827
0.081750000,-0.097889379
0.081812500,-0.096806914
0.081875000,-0.096006520
0.081937500,-0.095469631
0.082000000,-0.095065653
0.082062500,-0.094562218
0.082125000,-0.093961909
0.082187500,-0.093147412
0.082250000,-0.092053667
0.082312500,-0.090630822
0.082375000,-0.089073338
0.082437500,-0.087425433
0.082500000,-0.085747339
0.082562500,-0.084106632
0.082625000,-0.082749903
0.082687500,-0.081712663
0.082750000,-0.080946989
0.082812500,-0.080321677
0.082875000,-0.079777621
0.082937500,-0.079060636
0.083000000,-0.077935010
0.083062500,-0.076260008
0.083125000,-0.074123546
0.083187500,-0.071533062
0.083250000,-0.068522573
0.083312500,-0.065150663
0.083375000,-0.061559699
0.083437500,-0.057731014
0.083500000,-0.053650912
0.083562500,-0.049378291
0.083625000,-0.045121826
0.083687500,-0.040971607
0.083750000,-0.036990892
0.083812500,-0.033222195
0.083875000,-0.029740840
0.083937500,-0.026449312
0.084000000,-0.023248728
0.084062500,-0.020116225
0.084125000,-0.017181018
0.084187500,-0.014464404
0.084250000,-0.011953799
0.084312500,-0.009598427
0.084375000,-0.007356172
0.084437500,-0.005010238
0.084500000,-0.002353110
0.084562500,0.000714297
0.084625000,0.004104696
0.084687500,0.007777179
0.084750000,0.011671427
0.084812500,0.015716519
0.084875000,0.019787025
0.084937500,0.023880284
0.085000000,0.027954949
0.085062500,0.031876221
0.085125000,0.035354488
0.085187500,0.038233027
0.085250000,0.040473495
0.085312500,0.042199984
0.085375000,0.043577198
0.085437500,0.044928644
0.085500000,0.046497457
0.085562500,0.048345163
0.085625000,0.050203506
0.085687500,0.051798843
0.085750000,0.052897915
0.085812500,0.053448815
0.085875000,0.053482477
0.085937500,0.053268939
0.086000000,0.053086169
0.086062500,0.053101536
0.086125000,0.053189013
0.086187500,0.053175282
0.086250000,0.052897915
0.086312500,0.052351616
0.086375000,0.051614154
0.086437500,0.050934203
0.086500000,0.050544810
0.086562500,0.050563749
0.086625000,0.050836526
0.086687500,0.051123790
0.086750000,0.051203676
0.086812500,0.051031686
0.086875000,0.050668981
0.086937500,0.050302453
0.087000000,0.050074182
0.087062500,0.049988713
0.087125000,0.049775429
0.087187500,0.049060497
0.087250000,0.047532827
0.087312500,0.045142129
0.087375000,0.042093340
0.087437500,0.038792759
0.087500000,0.035673149
0.087562500,0.033020675
0.087625000,0.030852508
0.087687500,0.028907314
0.087750000,0.026825456
0.087812500,0.024344621
0.087875000,0.021457938
0.087937500,0.018329822
0.088000000,0.015248154
0.088062500,0.012481645
0.088125000,0.010212657
0.088187500,0.008377157
0.088250000,0.006776957
0.088312500,0.005181879
0.088375000,0.003502051
0.088437500,0.001675477
0.088500000,-0.000282373
0.088562500,-0.002332538
0.088625000,-0.004374110
0.088687500,-0.006413121
0.088750000,-0.008471197
0.088812500,-0.010559993
0.088875000,-0.012569094
0.088937500,-0.014450896
0.089000000,-0.016189398
0.089062500,-0.017838988
0.089125000,-0.019422896
0.089187500,-0.021049252
0.089250000,-0.022778107
0.089312500,-0.024583953
0.089375000,-0.026248164
0.089437500,-0.027579390
0.089500000,-0.028425572
0.089562500,-0.028753297
0.089625000,-0.028564740
0.089687500,-0.028020887
0.089750000,-0.027296079
0.089812500,-0.026511224
0.089875000,-0.025624536
0.089937500,-0.024605891
0.090000000,-0.023436978
0.090062500,-0.022155792
0.090125000,-0.020841803
0.090187500,-0.019657902
0.090250000,-0.018730756
0.090312500,-0.018061334
0.090375000,-0.017536618
0.090437500,-0.017013900
0.090500000,-0.016377648
0.090562500,-0.015573523
0.090625000,-0.014694856
0.090687500,-0.013911606
0.090750000,-0.013365666
0.090812500,-0.013036936
0.090875000,-0.012830057
0.090937500,-0.012558717
0.091000000,-0.012047924
0.091062500,-0.011169741
0.091125000,-0.010038920
0.091187500,-0.008872034
0.091250000,-0.007906451
0.091312500,-0.007222455
0.091375000,-0.006866393
0.091437500,-0.006717096
0.091500000,-0.006588709
0.091562500,-0.006246549
0.091625000,-0.005710017
0.091687500,-0.005077131
0.091750000,-0.004517972
0.091812500,-0.004100163
0.091875000,-0.004000627
0.091937500,-0.004248581
0.092000000,-0.004800345
0.092062500,-0.005478832
0.092125000,-0.006337424
0.092187500,-0.007408893
0.092250000,-0.008753570
0.092312500,-0.010304673
0.092375000,-0.012167213
0.092437500,-0.014315326
0.092500000,-0.016660020
0.092562500,-0.018953471
0.092625000,-0.021157738
0.092687500,-0.023197798
0.092750000,-0.025037091
0.092812500,-0.026562700
0.092875000,-0.027907755
0.092937500,-0.029179979
0.093000000,-0.030496309
0.093062500,-0.031844895
0.093125000,-0.033366676
0.093187500,-0.035093751
0.093250000,-0.036990892
0.093312500,-0.038856938
0.093375000,-0.040643126
0.093437500,-0.042263806
0.093500000,-0.043673724
0.093562500,-0.044784974
0.093625000,-0.045743305
0.093687500,-0.046699073
0.093750000,-0.047815196
0.093812500,-0.049136776
0.093875000,-0.050790884
0.093937500,-0.052789304
0.094000000,-0.055062778
0.094062500,-0.057413712
0.094125000,-0.059740864
0.094187500,-0.061948080
0.094250000,-0.064004600
0.094312500,-0.065901071
0.094375000,-0.067743637
0.094437500,-0.069612734
0.094500000,-0.071534552
0.094562500,-0.073423490
0.094625000,-0.075190887
0.094687500,-0.076719493
0.094750000,-0.077935010
0.094812500,-0.078814916
0.094875000,-0.079460777
0.094937500,-0.079986684
0.095000000,-0.080476373
0.095062500,-0.080915935
0.095125000,-0.081246845
0.095187500,-0.081329800
0.095250000,-0.081041120
0.095312500,-0.080328666
0.095375000,-0.079301514
0.095437500,-0.078124680
0.095500000,-0.076993763
0.095562500,-0.076061264
0.095625000,-0.075409248
0.095687500,-0.074959040
0.095750000,-0.074546531
0.095812500,-0.074004970
0.095875000,-0.073225461
0.095937500,-0.072124511
0.096000000,-0.070687436
0.096062500,-0.068964474
0.096125000,-0.067020342
0.096187500,-0.064827085
0.096250000,-0.062310360
0.096312500,-0.059405342
0.096375000,-0.056085944
0.096437500,-0.052327659
0.096500000,-0.048191696
0.096562500,-0.043859415
0.096625000,-0.039608557
0.096687500,-0.035660990
0.096750000,-0.032190546
0.096812500,-0.029300330
0.096875000,-0.027027868
0.096937500,-0.025214830
0.097000000,-0.023625227
0.097062500,-0.022029238
0.097125000,-0.020308860
0.097187500,-0.018339444
0.097250000,-0.016095273
0.097312500,-0.013659332
0.097375000,-0.011244861
0.097437500,-0.008962206
0.097500000,-0.006871082
0.097562500,-0.004981445
0.097625000,-0.003287132
0.097687500,-0.001605846
0.097750000,0.000282373
0.097812500,0.002547288
0.097875000,0.005223430
0.097937500,0.008349341
0.098000000,0.011859675
0.098062500,0.015565368
0.098125000,0.019165892
0.098187500,0.022463286
0.098250000,0.025319466
0.098312500,0.027659776
0.098375000,0.029438088
0.098437500,0.030790579
0.098500000,0.031908173
0.098562500,0.032957103
0.098625000,0.033983320
0.098687500,0.035031736
0.098750000,0.036049645
0.098812500,0.036886130
0.098875000,0.037327215
0.098937500,0.037308350
0.099000000,0.036896769
0.099062500,0.036263909
0.099125000,0.035625115
0.099187500,0.035228986
0.099250000,0.035202529
0.099312500,0.035468318
0.099375000,0.035807349
0.099437500,0.036006536
0.099500000,0.035955522
0.099562500,0.035699368
0.099625000,0.035469785
0.099687500,0.035596564
0.099750000,0.036332019
0.099812500,0.037699658
0.099875000,0.039497070
0.099937500,0.041382927
0.100000000,0.043014854
0.100062500,0.044173561
0.100125000,0.044856846
0.100187500,0.045223176
0.100250000,0.045462091
0.100312500,0.045646902
0.100375000,0.045709752
0.100437500,0.045459483
0.100500000,0.044709094
0.100562500,0.043388356
0.100625000,0.041668128
0.100687500,0.039859314
0.100750000,0.038308635
0.100812500,0.037223287
0.100875000,0.036686912
0.100937500,0.036541604
0.101000000,0.036520272
0.101062500,0.036335222
0.101125000,0.035924785
0.101187500,0.035318259
0.101250000,0.034637783
0.101312500,0.033967834
0.101375000,0.033439886
0.101437500,0.033032760
0.101500000,0.032661170
0.101562500,0.032193244
0.101625000,0.031657640
0.101687500,0.031076871
0.101750000,0.030496309
0.101812500,0.029896269
0.101875000,0.029308418
0.101937500,0.028641088
0.102000000,0.027766701
0.102062500,0.026535122
0.102125000,0.024967935
0.102187500,0.023111764
0.102250000,0.021083867
0.102312500,0.018997937
0.102375000,0.017068207
0.102437500,0.015399656
0.102500000,0.014024537
0.102562500,0.012864544
0.102625000,0.011916799
0.102687500,0.011099013
0.102750000,0.010353684
0.102812500,0.009632175
0.102875000,0.009079235
0.102937500,0.008809661
0.103000000,0.008941819
0.103062500,0.009513461
0.103125000,0.010613385
0.103187500,0.012168797
0.103250000,0.014024537
0.103312500,0.015941501
0.103375000,0.017775904
0.103437500,0.019346677
0.103500000,0.020519121
0.103562500,0.021194661
0.103625000,0.021437062
0.103687500,0.021323960
0.103750000,0.020989744
0.103812500,0.020575866
0.103875000,0.020289442
0.103937500,0.020215293
0.104000000,0.020330872
0.104062500,0.020491118
0.104125000,0.020568708
0.104187500,0.020409120
0.104250000,0.019954374
0.104312500,0.019266400
0.104375000,0.018572545
0.104437500,0.018072989
0.104500000,0.017883638
0.104562500,0.017966209
0.104625000,0.018194947
0.104687500,0.018347729
0.104750000,0.018260136
0.104812500,0.017918598
0.104875000,0.017497919
0.104937500,0.017232470
0.105000000,0.017318891
0.105062500,0.017818898
0.105125000,0.018602608
0.105187500,0.019384844
0.105250000,0.019860249
0.105312500,0.019853855
0.105375000,0.019352585
0.105437500,0.018498555
0.105500000,0.017507140
0.105562500,0.016583147
0.105625000,0.015776332
0.105687500,0.015003708
0.105750000,0.014118661
0.105812500,0.013041964
0.105875000,0.011761211
0.105937500,0.010370825
0.106000000,0.009035943
0.106062500,0.007955551
0.106125000,0.007206557
0.106187500,0.006735443
0.106250000,0.006400459
0.106312500,0.006094448
0.106375000,0.005675371
0.106437500,0.005058296
0.106500000,0.004235599
0.106562500,0.003339047
0.106625000,0.002424019
0.106687500,0.001527245
0.106750000,0.000658871
0.106812500,-0.000100220
0.106875000,-0.000814005
0.106937500,-0.001566695
0.107000000,-0.002447235
0.107062500,-0.003429723
0.107125000,-0.004587659
0.107187500,-0.005956548
0.107250000,-0.007529953
0.107312500,-0.009160162
0.107375000,-0.010801310
0.107437500,-0.012403301
0.107500000,-0.013930413
0.107562500,-0.015270511
0.107625000,-0.016473887
0.107687500,-0.017623689
0.107750000,-0.018824881
0.107812500,-0.020083234
0.107875000,-0.021482704
0.107937500,-0.023052495
0.108000000,-0.024754720
0.108062500,-0.026411485
0.108125000,-0.027940521
0.108187500,-0.029311771
0.108250000,-0.030590432
0.108312500,-0.031863395
0.108375000,-0.033373266
0.108437500,-0.035349973
0.108500000,-0.037932139
0.108562500,-0.041044161
0.108625000,-0.044566315
0.108687500,-0.048298202
0.108750000,-0.052050799
0.108812500,-0.055654913
0.108875000,-0.059119001
0.108937500,-0.062510073
0.109000000,-0.065887086
0.109062500,-0.069187507
0.109125000,-0.072283141
0.109187500,-0.074957944
0.109250000,-0.076993763
0.109312500,-0.078242496
0.109375000,-0.078735977
0.109437500,-0.078661613
0.109500000,-0.078311510
0.109562500,-0.077977851
0.109625000,-0.077879742
0.109687500,-0.078082629
0.109750000,-0.078499757
0.109812500,-0.078934737
0.109875000,-0.079178527
0.109937500,-0.079058558
0.110000000,-0.078499757
0.110062500,-0.077530950
0.110125000,-0.076278239
0.110187500,-0.074872494
0.110250000,-0.073417038
0.110312500,-0.071954571
0.110375000,-0.070489593
0.110437500,-0.068959311
0.110500000,-0.067298949
0.110562500,-0.065483652
0.110625000,-0.063571632
0.110687500,-0.061636407
0.110750000,-0.059769001
0.110812500,-0.058046371
0.110875000,-0.056505609
0.110937500,-0.055061564
0.111000000,-0.053556789
0.111062500,-0.051813792
0.111125000,-0.049700584
0.111187500,-0.047094565
0.111250000,-0.043956097
0.111312500,-0.040343378
0.111375000,-0.036429692
0.111437500,-0.032350138
0.111500000,-0.028237322
0.111562500,-0.024211092
0.111625000,-0.020439796
0.111687500,-0.016973542
0.111750000,-0.013836288
0.111812500,-0.011041306
0.111875000,-0.008679665
0.111937500,-0.006715334
0.112000000,-0.005082718
0.112062500,-0.003705421
0.112125000,-0.002581405
0.112187500,-0.001599792
0.112250000,-0.000658871
0.112312500,0.000294617
0.112375000,0.001192692
0.112437500,0.002038441
0.112500000,0.002823732
0.112562500,0.003525315
0.112625000,0.004081828
0.112687500,0.004585148
0.112750000,0.005176842
0.112812500,0.005985979
0.112875000,0.007053844
0.112937500,0.008451098
0.113000000,0.010165436
0.113062500,0.012075253
0.113125000,0.013952157
0.113187500,0.015660986
0.113250000,0.017130643
0.113312500,0.018353486
0.113375000,0.019348897
0.113437500,0.020250624
0.113500000,0.021177992
0.113562500,0.022163240
0.113625000,0.023111695
0.113687500,0.023940632
0.113750000,0.024566470
0.113812500,0.024933308
0.113875000,0.025038054
0.113937500,0.025013283
0.114000000,0.025037091
0.114062500,0.025243280
0.114125000,0.025703639
0.114187500,0.026436755
0.114250000,0.027390203
0.114312500,0.028438425
0.114375000,0.029486833
0.114437500,0.030486520
0.114500000,0.031437553
0.114562500,0.032342166
0.114625000,0.033267919
0.114687500,0.034273516
0.114750000,0.035390779
0.114812500,0.036572427
0.114875000,0.037787583
0.114937500,0.038962528
0.115000000,0.040002871
0.115062500,0.040766295
0.115125000,0.041196547
0.115187500,0.041254949
0.115250000,0.040944118
0.115312500,0.040261772
0.115375000,0.039316781
0.115437500,0.038220271
0.115500000,0.037085015
0.115562500,0.035954237
0.115625000,0.034925241
0.115687500,0.034022924
0.115750000,0.033225916
0.115812500,0.032428894
0.115875000,0.031620029
0.115937500,0.030778116
0.116000000,0.029931562
0.116062500,0.029107526
0.116125000,0.028466444
0.116187500,0.028104939
0.116250000,0.028049074
0.116312500,0.028175425
0.116375000,0.028404538
0.116437500,0.028586892
0.116500000,0.028613821
0.116562500,0.028408105
0.116625000,0.028100139
0.116687500,0.027819002
0.116750000,0.027672576
0.116812500,0.027644372
0.116875000,0.027741637
0.116937500,0.027871653
0.117000000,0.027954949
0.117062500,0.027937356
0.117125000,0.027951783
0.117187500,0.028117010
0.117250000,0.028519696
0.117312500,0.029117765
0.117375000,0.029865475
0.117437500,0.030595543
0.117500000,0.031155180
0.117562500,0.031448767
0.117625000,0.031598371
0.117687500,0.031739920
0.117750000,0.032002300
0.117812500,0.032405470
0.117875000,0.032929517
0.117937500,0.033394512
0.118000000,0.033602413
0.118062500,0.033424765
0.118125000,0.032930914
0.118187500,0.032263603
0.118250000,0.031625804
0.118312500,0.031202981
0.118375000,0.031123511
0.118437500,0.031362105
0.118500000,0.031814050
0.118562500,0.032369468
0.118625000,0.032953069
0.118687500,0.033482257
0.118750000,0.033884790
0.118812500,0.034101564
0.118875000,0.034059189
0.118937500,0.033658866
0.119000000,0.032849420
0.119062500,0.031692229
0.119125000,0.030315567
0.119187500,0.028848475
0.119250000,0.027390203
0.119312500,0.026005367
0.119375000,0.024661891
0.119437500,0.023263576
0.119500000,0.021742739
0.119562500,0.020151332
0.119625000,0.018600274
0.119687500,0.017198227
0.119750000,0.016001150
0.119812500,0.014991867
0.119875000,0.014029704
0.119937500,0.012890402
0.120000000,0.011389053
0.120062500,0.009492364
0.120125000,0.007314120
0.120187500,0.005031431
0.120250000,0.002823732
0.120312500,0.000807556
0.120375000,-0.001033886
0.120437500,-0.002868127
0.120500000,-0.004894469
0.120562500,-0.007215638
0.120625000,-0.009789890
0.120687500,-0.012476862
0.120750000,-0.015059905
0.120812500,-0.017303217
0.120875000,-0.019074257
0.120937500,-0.020409668
0.121000000,-0.021460366
0.121062500,-0.022381745
0.121125000,-0.023338746
0.121187500,-0.024460271
0.121250000,-0.025790086
0.121312500,-0.027240604
0.121375000,-0.028729592
0.121437500,-0.030203499
0.121500000,-0.031625804
0.121562500,-0.032910988
0.121625000,-0.034038831
0.121687500,-0.035020422
0.121750000,-0.035861399
0.121812500,-0.036483631
0.121875000,-0.036858007
0.121937500,-0.036968250
0.122000000,-0.036802646
0.122062500,-0.036295686
0.122125000,-0.035482518
0.122187500,-0.034449656
0.122250000,-0.033320040
0.122312500,-0.032166868
0.122375000,-0.031126700
0.122437500,-0.030303294
0.122500000,-0.029743314
0.122562500,-0.029364832
0.122625000,-0.029121779
0.122687500,-0.028950308
0.122750000,-0.028802069
0.122812500,-0.028599489
0.122875000,-0.028411234
0.122937500,-0.028340580
0.123000000,-0.028519696
0.123062500,-0.029003084
0.123125000,-0.029935518
0.123187500,-0.031378448
0.123250000,-0.033320040
0.123312500,-0.035590481
0.123375000,-0.038121525
0.123437500,-0.040789083
0.123500000,-0.043485478
0.123562500,-0.046047620
0.123625000,-0.048494309
0.123687500,-0.050795488
0.123750000,-0.052897915
0.123812500,-0.054634541
0.123875000,-0.055987131
0.123937500,-0.056908935
0.124000000,-0.057415888
0.124062500,-0.057518519
0.124125000,-0.057436004
0.124187500,-0.057314657
0.124250000,-0.057227641
0.124312500,-0.057065170
0.124375000,-0.056798685
0.124437500,-0.056309246
0.124500000,-0.055533402
0.124562500,-0.054442823
0.124625000,-0.053281613
0.124687500,-0.052270666
0.124750000,-0.051580172
0.124812500,-0.051184818
0.124875000,-0.051056165
0.124937500,-0.051002290
0.125000000,-0.050827179
0.125062500,-0.050381947
0.125125000,-0.049795564
0.125187500,-0.049286604
0.125250000,-0.049132939
0.125312500,-0.049521342
0.125375000,-0.050574966
0.125437500,-0.052172381
0.125500000,-0.054027408
0.125562500,-0.055763632
0.125625000,-0.057102770
0.125687500,-0.057850681
0.125750000,-0.057980634
0.125812500,-0.057620112
0.125875000,-0.057002299
0.125937500,-0.056305196
0.126000000,-0.055627525
0.126062500,-0.054998599
0.126125000,-0.054358441
0.126187500,-0.053565886
0.126250000,-0.052521419
0.126312500,-0.051281463
0.126375000,-0.049980015
0.126437500,-0.048751451
0.126500000,-0.047721073
0.126562500,-0.047035702
0.126625000,-0.046674352
0.126687500,-0.046468448
0.126750000,-0.046215083
0.126812500,-0.045880906
0.126875000,-0.045386061
0.126937500,-0.044682570
0.127000000,-0.043767847
0.127062500,-0.042819716
0.127125000,-0.041779764
0.127187500,-0.040512748
0.127250000,-0.038873378
0.127312500,-0.036990006
0.127375000,-0.034776062
0.127437500,-0.032198571
0.127500000,-0.029272690
0.127562500,-0.026320403
0.127625000,-0.023292644
0.127687500,-0.020124849
0.127750000,-0.016754145
0.127812500,-0.013478834
0.127875000,-0.010160946
0.127937500,-0.006664408
0.128000000,-0.002823732
0.128062500,0.001156413
0.128125000,0.005586516
0.128187500,0.010692895
0.128250000,0.016565897
0.128312500,0.022672093
0.128375000,0.028911959
0.128437500,0.035088617
0.128500000,0.041038241
0.128562500,0.046223458
0.128625000,0.050925434
0.128687500,0.055519864
0.128750000,0.060427867
0.128812500,0.065471724
0.128875000,0.071039841
0.128937500,0.077292249
0.129000000,0.084241346
0.129062500,0.091260567
0.129125000,0.098452508
0.129187500,0.105891801
0.129250000,0.113702290
0.129312500,0.121475719
0.129375000,0.129526988
0.129437500,0.138040885
0.129500000,0.147116452
0.129562500,0.156225815
0.129625000,0.165491730
0.129687500,0.174935102
0.129750000,0.184577957
0.129812500,0.193952978
0.129875000,0.203283906
0.129937500,0.212726533
0.130000000,0.222415984
0.130062500,0.231976911
0.130125000,0.241609007
0.130187500,0.251393527
0.130250000,0.261383504
0.130312500,0.271196097
0.130375000,0.280995488
0.130437500,0.290835381
0.130500000,0.300727457
0.130562500,0.310292840
0.130625000,0.319592446
0.130687500,0.328603685
0.130750000,0.337341875
0.130812500,0.345624089
0.130875000,0.353653044
0.130937500,0.361522257
0.131000000,0.369250059
0.131062500,0.376601338
0.131125000,0.383466959
0.131187500,0.389591455
0.131250000,0.394757777
0.131312500,0.398822486
0.131375000,0.401898205
0.131437500,0.404102653
0.131500000,0.405582070
0.131562500,0.406502753
0.131625000,0.406897247
0.131687500,0.406595320
0.131750000,0.405393839
0.131812500,0.403332680
0.131875000,0.400389403
0.131937500,0.396521300
0.132000000,0.391745776
0.132062500,0.386401206
0.132125000,0.380537510
0.132187500,0.374059230
0.132250000,0.366896957
0.132312500,0.359453857
0.132375000,0.351799041
0.132437500,0.343828976
0.132500000,0.335365266
0.132562500,0.326647937
0.132625000,0.317367464
0.132687500,0.307033569
0.132750000,0.295268267
0.132812500,0.282499880
0.132875000,0.268765450
0.132937500,0.253961414
0.133000000,0.237946510
0.133062500,0.221196443
0.133125000,0.203505188
0.133187500,0.184484467
0.133250000,0.163964719
0.133312500,0.142872795
0.133375000,0.121750027
0.133437500,0.100949459
0.133500000,0.080664620
0.133562500,0.061564427
0.133625000,0.043238863
0.133687500,0.024689388
0.133750000,0.004894469
0.133812500,-0.016039595
0.133875000,-0.038229305
0.133937500,-0.061664004
0.134000000,-0.086029708
0.134062500,-0.110053681
0.134125000,-0.133297905
0.134187500,-0.155929402
0.134250000,-0.178365752
0.134312500,-0.200243101
0.134375000,-0.221861944
0.134437500,-0.243708879
0.134500000,-0.266089708
0.134562500,-0.288252652
0.134625000,-0.310079277
0.134687500,-0.331760675
0.134750000,-0.353531301
0.134812500,-0.374772578
0.134875000,-0.395597219
0.134937500,-0.416369408
0.135000000,-0.437396139
0.135062500,-0.458035856
0.135125000,-0.478281796
0.135187500,-0.498288572
0.135250000,-0.518154860
0.135312500,-0.537117720
0.135375000,-0.555127084
0.135437500,-0.572340012
0.135500000,-0.588936448
0.135562500,-0.604318142
0.135625000,-0.618619859
0.135687500,-0.632067859
0.135750000,-0.644846320
0.135812500,-0.656348526
0.135875000,-0.666740894
0.135937500,-0.676227510
0.136000000,-0.685037494
0.136062500,-0.692714632
0.136125000,-0.699658215
0.136187500,-0.706157923
0.136250000,-0.712427676
0.136312500,-0.717927516
0.136375000,-0.722926557
0.136437500,-0.727462292
0.136500000,-0.731534898
0.136562500,-0.734525681
0.136625000,-0.736789644
0.136687500,-0.738408089
0.136750000,-0.739441335
0.136812500,-0.739350855
0.136875000,-0.738581657
0.136937500,-0.737144530
0.137000000,-0.735017478
0.137062500,-0.731655955
0.137125000,-0.727617741
0.137187500,-0.722958565
0.137250000,-0.717698574
0.137312500,-0.711340308
0.137375000,-0.704491079
0.137437500,-0.697101891
0.137500000,-0.689084828
0.137562500,-0.679934800
0.137625000,-0.670382082
0.137687500,-0.660467505
0.137750000,-0.650211394
0.137812500,-0.639234006
0.137875000,-0.628346026
0.137937500,-0.617472589
0.138000000,-0.606443584
0.138062500,-0.594728172
0.138125000,-0.583048284
0.138187500,-0.571233928
0.138250000,-0.559098959
0.138312500,-0.546218991
0.138375000,-0.533454120
0.138437500,-0.520701706
0.138500000,-0.507801175
0.138562500,-0.494385004
0.138625000,-0.481233329
0.138687500,-0.468086839
0.138750000,-0.454620898
0.138812500,-0.440434188
0.138875000,-0.426274300
0.138937500,-0.411930412
0.139000000,-0.397204995
0.139062500,-0.381940275
0.139125000,-0.367044359
0.139187500,-0.352417350
0.139250000,-0.337906629
0.139312500,-0.323389888
0.139375000,-0.309646577
0.139437500,-0.296369016
0.139500000,-0.283126235
0.139562500,-0.269559950
0.139625000,-0.256177545
0.139687500,-0.242575929
0.139750000,-0.228439942
0.139812500,-0.213780895
0.139875000,-0.199429527
0.139937500,-0.185244441
0.140000000,-0.170929924
0.140062500,-0.156315356
0.140125000,-0.141784862
0.140187500,-0.126911476
0.140250000,-0.111443304
0.140312500,-0.095705397
0.140375000,-0.080680273
0.140437500,-0.066498645
0.140500000,-0.052992042
0.140562500,-0.039948937
0.140625000,-0.027154034
0.140687500,-0.013500432
0.140750000,0.001976613
0.140812500,0.019397840
0.140875000,0.038066383
0.140937500,0.057504822
0.141000000,0.077087887
0.141062500,0.095916450
0.141125000,0.113287762
0.141187500,0.129480615
0.141250000,0.145045713
0.141312500,0.160136938
0.141375000,0.174671277
0.141437500,0.188853443
0.141500000,0.202743977
0.141562500,0.215950638
0.141625000,0.228195533
0.141687500,0.239781559
0.141750000,0.251123935
0.141812500,0.262205660
0.141875000,0.273006022
0.141937500,0.283732057
0.142000000,0.294515282
0.142062500,0.305055588
0.142125000,0.315232933
0.142187500,0.325240463
0.142250000,0.335271150
0.142312500,0.345069557
0.142375000,0.354477257
0.142437500,0.363481969
0.142500000,0.372073770
0.142562500,0.379942805
0.142625000,0.387078285
0.142687500,0.393655539
0.142750000,0.399840474
0.142812500,0.405412078
0.142875000,0.410324633
0.142937500,0.414553821
0.143000000,0.418100625
0.143062500,0.420759857
0.143125000,0.422707379
0.143187500,0.424149930
0.143250000,0.425254077
0.143312500,0.425833881
0.143375000,0.425925285
0.143437500,0.425438017
0.143500000,0.424312830
0.143562500,0.422366470
0.143625000,0.419937491
0.143687500,0.417258173
0.143750000,0.414523900
0.143812500,0.411609799
0.143875000,0.408707023
0.143937500,0.405638069
0.144000000,0.402193576
0.144062500,0.398059607
0.144125000,0.393534213
0.144187500,0.388659984
0.144250000,0.383462846
0.144312500,0.377748698
0.144375000,0.371753514
0.144437500,0.365258634
0.144500000,0.358049244
0.144562500,0.349899530
0.144625000,0.341288447
0.144687500,0.332354009
0.144750000,0.323223233
0.144812500,0.313856423
0.144875000,0.304633588
0.144937500,0.295329213
0.145000000,0.285667568
0.145062500,0.275408447
0.145125000,0.265011430
0.145187500,0.254533678
0.145250000,0.244064599
0.145312500,0.233650133
0.145375000,0.223787665
0.145437500,0.214298591
0.145500000,0.204908833
0.145562500,0.195379302
0.145625000,0.186059266
0.145687500,0.176793933
0.145750000,0.167447329
0.145812500,0.157968283
0.145875000,0.148764685
0.145937500,0.139657959
0.146000000,0.130456433
0.146062500,0.121127941
0.146125000,0.112088248
0.146187500,0.103190109
0.146250000,0.094218530
0.146312500,0.085066512
0.146375000,0.075978570
0.146437500,0.066732921
0.146500000,0.057227641
0.146562500,0.047705363
0.146625000,0.038827982
0.146687500,0.030708712
0.146750000,0.023248728
0.146812500,0.016262935
0.146875000,0.009596201
0.146937500,0.002509797
0.147000000,-0.005647464
0.147062500,-0.015028556
0.147125000,-0.025187870
0.147187500,-0.035816949
0.147250000,-0.046497457
0.147312500,-0.056673005
0.147375000,-0.065848440
0.147437500,-0.074188963
0.147500000,-0.082076482
0.147562500,-0.089733161
0.147625000,-0.097215258
0.147687500,-0.104780294
0.147750000,-0.112572789
0.147812500,-0.120440267
0.147875000,-0.128199100
0.147937500,-0.135990396
0.148000000,-0.144010335
0.148062500,-0.152223885
0.148125000,-0.160550579
0.148187500,-0.169031158
0.148250000,-0.177612767
0.148312500,-0.185952157
0.148375000,-0.193756372
0.148437500,-0.200950027
0.148500000,-0.207544327
0.148562500,-0.213415995
0.148625000,-0.218583062
0.148687500,-0.223182350
0.148750000,-0.227310449
0.148812500,-0.230801761
0.148875000,-0.233590022
0.148937500,-0.235693559
0.149000000,-0.237193495
0.149062500,-0.238059610
0.149125000,-0.238521069
0.149187500,-0.238850549
0.149250000,-0.239264250
0.149312500,-0.239665926
0.149375000,-0.240061089
0.149437500,-0.240344241
0.149500000,-0.240393743
0.149562500,-0.239959389
0.149625000,-0.239168584
0.149687500,-0.238183349
0.149750000,-0.237193495
0.149812500,-0.236145630
0.149875000,-0.235201046
0.149937500,-0.234285444
0.150000000,-0.233240291
0.150062500,-0.231712699
0.150125000,-0.229776904
0.150187500,-0.227436319
0.150250000,-0.224769086
0.150312500,-0.221712381
0.150375000,-0.218593627
0.150437500,-0.215477690
0.150500000,-0.212344676
0.150562500,-0.208933696
0.150625000,-0.205400705
0.150687500,-0.201662600
0.150750000,-0.197661266
0.150812500,-0.193211690
0.150875000,-0.188670367
0.150937500,-0.184132114
0.151000000,-0.179683492
0.151062500,-0.175213799
0.151125000,-0.171104521
0.151187500,-0.167348742
0.151250000,-0.163870588
0.151312500,-0.160385892
0.151375000,-0.157160252
0.151437500,-0.154111281
0.151500000,-0.151163802
0.151562500,-0.148105472
0.151625000,-0.145292535
0.151687500,-0.142698154
0.151750000,-0.140245363
0.151812500,-0.137674749
0.151875000,-0.135232121
0.151937500,-0.132780731
0.152000000,-0.130174056
0.152062500,-0.127167389
0.152125000,-0.124073118
0.152187500,-0.120874785
0.152250000,-0.117561385
0.152312500,-0.114015207
0.152375000,-0.110603608
0.152437500,-0.107316151
0.152500000,-0.104101598
0.152562500,-0.100790441
0.152625000,-0.097681284
0.152687500,-0.094726399
0.152750000,-0.091865420
0.152812500,-0.088947356
0.152875000,-0.086264178
0.152937500,-0.083755985
0.153000000,-0.081323490
0.153062500,-0.078776054
0.153125000,-0.076328292
0.153187500,-0.073902041
0.153250000,-0.071440428
0.153312500,-0.068878248
0.153375000,-0.066519991
0.153437500,-0.064376563
0.153500000,-0.062404484
0.153562500,-0.060481131
0.153625000,-0.058707956
0.153687500,-0.056901529
0.153750000,-0.054874528
0.153812500,-0.052484799
0.153875000,-0.049889423
0.153937500,-0.047075566
0.154000000,-0.044050224
0.154062500,-0.040835574
0.154125000,-0.037637893
0.154187500,-0.034447275
0.154250000,-0.031249303
0.154312500,-0.028073067
0.154375000,-0.025128404
0.154437500,-0.022431480
0.154500000,-0.019954374
0.154562500,-0.017653624
0.154625000,-0.015573963
0.154687500,-0.013582113
0.154750000,-0.011577302
0.154812500,-0.009584497
0.154875000,-0.007789469
0.154937500,-0.006252863
0.155000000,-0.004988594
0.155062500,-0.003990392
0.155125000,-0.003191039
0.155187500,-0.002327353
0.155250000,-0.001129493
0.155312500,0.000510282
0.155375000,0.002603458
0.155437500,0.005171574
0.155500000,0.008188824
0.155562500,0.011506647
0.155625000,0.015052079
0.155687500,0.018843474
0.155750000,0.022872232
0.155812500,0.026928771
0.155875000,0.030825365
0.155937500,0.034407549
0.156000000,0.037555639
0.156062500,0.040099811
0.156125000,0.042096924
0.156187500,0.043745399
0.156250000,0.045273837
0.156312500,0.046720412
0.156375000,0.048173085
0.156437500,0.049671326
0.156500000,0.051203676
0.156562500,0.052593201
0.156625000,0.053869344
0.156687500,0.055125311
0.156750000,0.056474645
0.156812500,0.057832699
0.156875000,0.059286296
0.156937500,0.060871590
0.157000000,0.062592737
0.157062500,0.064256810
0.157125000,0.065942459
0.157187500,0.067737617
0.157250000,0.069746181
0.157312500,0.071863838
0.157375000,0.074222095
0.157437500,0.076871954
0.157500000,0.079817496
0.157562500,0.082833037
0.157625000,0.085962884
0.157687500,0.089217722
0.157750000,0.092618413
0.157812500,0.095985606
0.157875000,0.099395745
0.157937500,0.102823347
0.158000000,0.106172338
0.158062500,0.109087177
0.158125000,0.111498408
0.158187500,0.113317847
0.158250000,0.114549406
0.158312500,0.115106247
0.158375000,0.115324624
0.158437500,0.115495063
0.158500000,0.115867145
0.158562500,0.116379969
0.158625000,0.117212288
0.158687500,0.118346900
0.158750000,0.119726248
0.158812500,0.121101007
0.158875000,0.122635528
0.158937500,0.124413505
0.159000000,0.126503214
0.159062500,0.128705069
0.159125000,0.131097242
0.159187500,0.133555993
0.159250000,0.135915652
0.159312500,0.137831941
0.159375000,0.139385536
0.159437500,0.140604556
0.159500000,0.141563118
0.159562500,0.142153889
0.159625000,0.142593339
0.159687500,0.142907888
0.159750000,0.143069103
0.159812500,0.142847940
0.159875000,0.142396212
0.159937500,0.141774729
0.160000000,0.141092494
0.160062500,0.140308470
0.160125000,0.139734596
0.160187500,0.139464825
0.160250000,0.139492363
0.160312500,0.139536947
0.160375000,0.139645964
0.160437500,0.139690593
0.160500000,0.139586493
0.160562500,0.139155373
0.160625000,0.138692781
0.160687500,0.138333783
0.160750000,0.138174623
0.160812500,0.138057947
0.160875000,0.138131201
0.160937500,0.138259530
0.161000000,0.138268754
0.161062500,0.137850463
0.161125000,0.137163863
0.161187500,0.136243612
0.161250000,0.135162637
0.161312500,0.133832157
0.161375000,0.132522374
0.161437500,0.131232202
0.161500000,0.129891679
0.161562500,0.128236368
0.161625000,0.126436800
0.161687500,0.124494560
0.161750000,0.122455858
0.161812500,0.120226234
0.161875000,0.118150935
0.161937500,0.116296344
0.162000000,0.114643529
0.162062500,0.112921901
0.162125000,0.111287549
0.162187500,0.109672233
0.162250000,0.108054817
0.162312500,0.106304593
0.162375000,0.104789890
0.162437500,0.103614613
0.162500000,0.102783851
0.162562500,0.102009475
0.162625000,0.101344436
0.162687500,0.100566104
0.162750000,0.099489503
0.162812500,0.097888201
0.162875000,0.096090421
0.162937500,0.094277427
0.163000000,0.092618413
0.163062500,0.091045707
0.163125000,0.089772269
0.163187500,0.088665709
0.163250000,0.087535694
0.163312500,0.086088836
0.163375000,0.084537946
0.163437500,0.082987323
0.163500000,0.081605859
0.163562500,0.080417722
0.163625000,0.079774655
0.163687500,0.079679914
0.163750000,0.080005743
0.163812500,0.080402888
0.163875000,0.080925710
0.163937500,0.081463605
0.164000000,0.081982359
0.164062500,0.082373261
0.164125000,0.082951382
0.164187500,0.083776191
0.164250000,0.084806092
0.164312500,0.085748143
0.164375000,0.086630248
0.164437500,0.087269790
0.164500000,0.087535694
0.164562500,0.087251216
0.164625000,0.086702757
0.164687500,0.086017989
0.164750000,0.085276708
0.164812500,0.084321432
0.164875000,0.083257847
0.164937500,0.081953131
0.165000000,0.080288120
0.165062500,0.078088805
0.165125000,0.075667575
0.165187500,0.073249824
0.165250000,0.071063928
0.165312500,0.069101408
0.165375000,0.067592040
0.165437500,0.066452980
0.165500000,0.065510593
0.165562500,0.064429276
0.165625000,0.063331336
0.165687500,0.062289324
0.165750000,0.061463237
0.165812500,0.060866915
0.165875000,0.060835168
0.165937500,0.061415434
0.166000000,0.062498607
0.166062500,0.063680150
0.166125000,0.064879648
0.166187500,0.065899529
0.166250000,0.066640079
0.166312500,0.066949539
0.166375000,0.067151353
0.166437500,0.067442760
0.166500000,0.067957826
0.166562500,0.068527274
0.166625000,0.069242805
0.166687500,0.069954634
0.166750000,0.070499182
0.166812500,0.070586815
0.166875000,0.070435487
0.166937500,0.070191264
0.167000000,0.070028558
0.167062500,0.069888905
0.167125000,0.070052296
0.167187500,0.070547707
0.167250000,0.071346298
0.167312500,0.072209686
0.167375000,0.073335156
0.167437500,0.074767053
0.167500000,0.076523140
0.167562500,0.078367688
0.167625000,0.080400936
0.167687500,0.082520097
0.167750000,0.084617838
0.167812500,0.086445689
0.167875000,0.088193052
0.167937500,0.089945592
0.168000000,0.091771297
0.168062500,0.093496725
0.168125000,0.095220074
0.168187500,0.096845768
0.168250000,0.098265879
0.168312500,0.099250175
0.168375000,0.099987917
0.168437500,0.100612842
0.168500000,0.101277865
0.168562500,0.101927944
0.168625000,0.102771640
0.168687500,0.103802957
0.168750000,0.104948714
0.168812500,0.105940983
0.168875000,0.106884398
0.168937500,0.107792944
0.169000000,0.108713694
0.169062500,0.109530166
0.169125000,0.110460587
0.169187500,0.111543663
0.169250000,0.112761036
0.169312500,0.113878138
0.169375000,0.114986427
0.169437500,0.116038255
0.169500000,0.116996638
0.169562500,0.117677785
0.169625000,0.118245535
0.169687500,0.118715182
0.169750000,0.119067378
0.169812500,0.119089186
0.169875000,0.118878238
0.169937500,0.118401550
0.170000000,0.117655508
0.170062500,0.116524316
0.170125000,0.115272433
0.170187500,0.114023231
0.170250000,0.112855166
0.170312500,0.111616716
0.170375000,0.110446550
0.170437500,0.109299764
0.170500000,0.108148940
0.170562500,0.106865294
0.170625000,0.105740704
0.170687500,0.104916289
0.170750000,0.104478091
0.170812500,0.104256809
0.170875000,0.104342707
0.170937500,0.104589924
0.171000000,0.104854591
0.171062500,0.104918711
0.171125000,0.104990594
0.171187500,0.105144650
0.171250000,0.105419338
0.171312500,0.105638020
0.171375000,0.105855405
0.171437500,0.105896823
0.171500000,0.105607584
0.171562500,0.104813613
0.171625000,0.103775941
0.171687500,0.102647416
0.171750000,0.101560235
0.171812500,0.100441322
0.171875000,0.099429786
0.171937500,0.098402224
0.172000000,0.097230509
0.172062500,0.095751919
0.172125000,0.094264932
0.172187500,0.092967540
0.172250000,0.092053667
0.172312500,0.091500975
0.172375000,0.091474555
0.172437500,0.091786839
0.172500000,0.092147797
0.172562500,0.092152238
0.172625000,0.091839969
0.172687500,0.091204651
0.172750000,0.090359427
0.172812500,0.089352444
0.172875000,0.088537276
0.172937500,0.087966919
0.173000000,0.087535694
0.173062500,0.086883470
0.173125000,0.085940562
0.173187500,0.084497549
0.173250000,0.082452975
0.173312500,0.079719953
0.173375000,0.076667793
0.173437500,0.073532917
0.173500000,0.070499182
0.173562500,0.067508444
0.173625000,0.064730436
0.173687500,0.062084820
0.173750000,0.059486628
0.173812500,0.056785550
0.173875000,0.054282922
0.173937500,0.052172787
0.174000000,0.050638933
0.174062500,0.049635444
0.174125000,0.049337097
0.174187500,0.049596630
0.174250000,0.050168309
0.174312500,0.050645594
0.174375000,0.051056210
0.174437500,0.051355071
0.174500000,0.051580172
0.174562500,0.051657569
0.174625000,0.051851276
0.174687500,0.052188702
0.174750000,0.052615542
0.174812500,0.052885573
0.174875000,0.053098854
0.174937500,0.053242706
0.175000000,0.053368539
0.175062500,0.053443737
0.175125000,0.053786080
0.175187500,0.054508880
0.175250000,0.055627525
0.175312500,0.056908548
0.175375000,0.058356706
0.175437500,0.059777435
0.175500000,0.060992617
0.175562500,0.061770089
0.175625000,0.062292933
0.175687500,0.062676072
0.175750000,0.063063353
0.175812500,0.063451067
0.175875000,0.064051159
0.175937500,0.064836584
0.176000000,0.065698840
0.176062500,0.066401631
0.176125000,0.066993766
0.176187500,0.067481786
0.176250000,0.067957826
0.176312500,0.068485700
0.176375000,0.069347098
0.176437500,0.070651256
0.176500000,0.072381668
0.176562500,0.074308366
0.176625000,0.076291144
0.176687500,0.078072406
0.176750000,0.079440996
0.176812500,0.080217645
0.176875000,0.080513977
0.176937500,0.080434568
0.177000000,0.080099866
0.177062500,0.079528160
0.177125000,0.078849293
0.177187500,0.078066252
0.177250000,0.077182010
0.177312500,0.076177806
0.177375000,0.075244285
0.177437500,0.074492864
0.177500000,0.073981784
0.177562500,0.073610857
0.177625000,0.073349208
0.177687500,0.073023275
0.177750000,0.072475791
0.177812500,0.071569979
0.177875000,0.070442632
0.177937500,0.069204994
0.178000000,0.067957826
0.178062500,0.066664830
0.178125000,0.065355852
0.178187500,0.063888997
0.178250000,0.062122110
0.178312500,0.059942178
0.178375000,0.057531934
0.178437500,0.055079795
0.178500000,0.052803792
0.178562500,0.050806556
0.178625000,0.049250972
0.178687500,0.048060868
0.178750000,0.047062203
0.178812500,0.045990806
0.178875000,0.044831540
0.178937500,0.043545317
0.179000000,0.042167734
0.179062500,0.040692683
0.179125000,0.039324876
0.179187500,0.038100682
0.179250000,0.036990892
0.179312500,0.035832569
0.179375000,0.034694970
0.179437500,0.033541609
0.179500000,0.032378796
0.179562500,0.031173624
0.179625000,0.030164447
0.179687500,0.029451113
0.179750000,0.029084442
0.179812500,0.028962033
0.179875000,0.029139373
0.179937500,0.029485879
0.180000000,0.029837437
0.180062500,0.029962273
0.180125000,0.029876668
0.180187500,0.029525567
0.180250000,0.028896192
0.180312500,0.027940990
0.180375000,0.026838502
0.180437500,0.025659265
0.180500000,0.024472345
0.180562500,0.023286406
0.180625000,0.022301225
0.180687500,0.021605685
0.180750000,0.021272115
0.180812500,0.021291260
0.180875000,0.021781934
0.180937500,0.022713380
0.181000000,0.024001725
0.181062500,0.025482520
0.181125000,0.027129851
0.181187500,0.028852522
0.181250000,0.030590432
0.181312500,0.032272581
0.181375000,0.033970654
0.181437500,0.035661209
0.181500000,0.037273265
0.181562500,0.038647488
0.181625000,0.039733008
0.181687500,0.040441498
0.181750000,0.040755868
0.181812500,0.040704660
0.181875000,0.040494710
0.181937500,0.040269475
0.182000000,0.040096994
0.182062500,0.039888300
0.182125000,0.039563119
0.182187500,0.038950641
0.182250000,0.037932139
0.182312500,0.036473420
0.182375000,0.034784876
0.182437500,0.033118635
0.182500000,0.031719927
0.182562500,0.030687962
0.182625000,0.030067654
0.182687500,0.029704880
0.182750000,0.029366815
0.182812500,0.028796062
0.182875000,0.027943011
0.182937500,0.026836123
0.183000000,0.025601838
0.183062500,0.024352662
0.183125000,0.023271274
0.183187500,0.022412783
0.183250000,0.021742739
0.183312500,0.021121850
0.183375000,0.020509183
0.183437500,0.019862974
0.183500000,0.019201379
0.183562500,0.018541632
0.183625000,0.018036306
0.183687500,0.017773790
0.183750000,0.017789513
0.183812500,0.017993446
0.183875000,0.018373014
0.183937500,0.018834924
0.184000000,0.019295502
0.184062500,0.019643372
0.184125000,0.019956231
0.184187500,0.020269904
0.184250000,0.020613244
0.184312500,0.020916760
0.184375000,0.021226486
0.184437500,0.021488773
0.184500000,0.021648614
0.184562500,0.021616640
0.184625000,0.021497641
0.184687500,0.021359056
0.184750000,0.021272115
0.184812500,0.021222554
0.184875000,0.021305867
0.184937500,0.021517357
0.185000000,0.021836862
0.185062500,0.022194814
0.185125000,0.022672309
0.185187500,0.023301339
0.185250000,0.024095848
0.185312500,0.024975643
0.185375000,0.025931161
0.185437500,0.026864221
0.185500000,0.027672576
0.185562500,0.028242908
0.185625000,0.028629567
0.185687500,0.028904565
0.185750000,0.029178567
0.185812500,0.029518293
0.185875000,0.030044697
0.185937500,0.030768504
0.186000000,0.031625804
0.186062500,0.032461334
0.186125000,0.033201318
0.186187500,0.033772711
0.186250000,0.034167159
0.186312500,0.034403022
0.186375000,0.034618605
0.186437500,0.034905858
0.186500000,0.035296652
0.186562500,0.035704855
0.186625000,0.036058366
0.186687500,0.036232181
0.186750000,0.036143772
0.186812500,0.035763469
0.186875000,0.035234548
0.186937500,0.034716677
0.187000000,0.034355409
0.187062500,0.034185547
0.187125000,0.034222759
0.187187500,0.034358513
0.187250000,0.034449533
0.187312500,0.034344845
0.187375000,0.034038559
0.187437500,0.033553004
0.187500000,0.032943543
0.187562500,0.032227822
0.187625000,0.031463724
0.187687500,0.030640604
0.187750000,0.029743314
0.187812500,0.028752947
0.187875000,0.027779439
0.187937500,0.026920304
0.188000000,0.026260709
0.188062500,0.025796669
0.188125000,0.025545552
0.188187500,0.025421042
0.188250000,0.025319466
0.188312500,0.025129288
0.188375000,0.024886958
0.188437500,0.024623711
0.188500000,0.024378221
0.188562500,0.024125505
0.188625000,0.023884496
0.188687500,0.023585059
0.188750000,0.023154603
0.188812500,0.022531183
0.188875000,0.021798747
0.188937500,0.021035090
0.189000000,0.020330872
0.189062500,0.019731708
0.189125000,0.019322783
0.189187500,0.019094219
0.189250000,0.019013131
0.189312500,0.019028161
0.189375000,0.019162845
0.189437500,0.019372799
0.189500000,0.019577878
0.189562500,0.019651707
0.189625000,0.019510256
0.189687500,0.019052252
0.189750000,0.018260136
0.189812500,0.017230835
0.189875000,0.016208300
0.189937500,0.015424481
0.190000000,0.015059905
0.190062500,0.015179026
0.190125000,0.015738094
0.190187500,0.016533313
0.190250000,0.017318891
0.190312500,0.017898683
0.190375000,0.018222189
0.190437500,0.018312048
0.190500000,0.018260136
0.190562500,0.018161634
0.190625000,0.018098984
0.190687500,0.018039158
0.190750000,0.017883638
0.190812500,0.017507153
0.190875000,0.016864775
0.190937500,0.015938884
0.191000000,0.014777532
0.191062500,0.013460277
0.191125000,0.012135849
0.191187500,0.010895848
0.191250000,0.009788939
0.191312500,0.008794552
0.191375000,0.007914984
0.191437500,0.007083084
0.191500000,0.006212211
0.191562500,0.005189615
0.191625000,0.003998743
0.191687500,0.002631763
0.191750000,0.001129493
0.191812500,-0.000468996
0.191875000,-0.002019491
0.191937500,-0.003439404
0.192000000,-0.004706220
0.192062500,-0.005922333
0.192125000,-0.007113963
0.192187500,-0.008339524
0.192250000,-0.009600690
0.192312500,-0.010892003
0.192375000,-0.011991752
0.192437500,-0.012705002
0.192500000,-0.012895043
0.192562500,-0.012629936
0.192625000,-0.011937132
0.192687500,-0.010967226
0.192750000,-0.009883063
0.192812500,-0.008897153
0.192875000,-0.007958337
0.192937500,-0.006996826
0.193000000,-0.005929837
0.193062500,-0.004823970
0.193125000,-0.003624990
0.193187500,-0.002377458
0.193250000,-0.001129493
0.193312500,-0.000001785
0.193375000,0.001131660
0.193437500,0.002367015
0.193500000,0.003764976
0.193562500,0.005190423
0.193625000,0.006628124
0.193687500,0.007987580
0.193750000,0.009224192
0.193812500,0.010275888
0.193875000,0.011382407
0.193937500,0.012787700
0.194000000,0.014683408
0.194062500,0.017004699
0.194125000,0.019717412
0.194187500,0.022644218
0.194250000,0.025601838
0.194312500,0.028382804
0.194375000,0.031088425
0.194437500,0.033894736
0.194500000,0.036990892
0.194562500,0.040374428
0.194625000,0.044044446
0.194687500,0.047849830
0.194750000,0.051580172
0.194812500,0.054965075
0.194875000,0.057945684
0.194937500,0.060553599
0.195000000,0.062875107
0.195062500,0.064913265
0.195125000,0.066703074
0.195187500,0.068228155
0.195250000,0.069463812
0.195312500,0.070366427
0.195375000,0.071035244
0.195437500,0.071622930
0.195500000,0.072287545
0.195562500,0.073083647
0.195625000,0.074043185
0.195687500,0.075120084
0.195750000,0.076240771
0.195812500,0.077316165
0.195875000,0.078355350
0.195937500,0.079396397
0.196000000,0.080476373
0.196062500,0.081565365
0.196125000,0.082616404
0.196187500,0.083535947
0.196250000,0.084241346
0.196312500,0.084686145
0.196375000,0.084911123
0.196437500,0.084970377
0.196500000,0.084900215
0.196562500,0.084677540
0.196625000,0.084242597
0.196687500,0.083492108
0.196750000,0.082358852
0.196812500,0.080861904
0.196875000,0.079123713
0.196937500,0.077269636
0.197000000,0.075393654
0.197062500,0.073519684
0.197125000,0.071590327
0.197187500,0.069440365
0.197250000,0.066922449
0.197312500,0.064010687
0.197375000,0.060843252
0.197437500,0.057600860
0.197500000,0.054498032
0.197562500,0.051726818
0.197625000,0.049399100
0.197687500,0.047410380
0.197750000,0.045556214
0.197812500,0.043646585
0.197875000,0.041581895
0.197937500,0.039269079
0.198000000,0.036708519
0.198062500,0.034012146
0.198125000,0.031338364
0.198187500,0.028727563
0.198250000,0.026166586
0.198312500,0.023648260
0.198375000,0.021178773
0.198437500,0.018678801
0.198500000,0.016095273
0.198562500,0.013459329
0.198625000,0.010885921
0.198687500,0.008403343
0.198750000,0.006023962
0.198812500,0.003761052
0.198875000,0.001656185
0.198937500,-0.000398791
0.199000000,-0.002541359
0.199062500,-0.004887671
0.199125000,-0.007414422
0.199187500,-0.010153652
0.199250000,-0.013083293
0.199312500,-0.016141426
0.199375000,-0.019119849
0.199437500,-0.021939429
0.199500000,-0.024566470
0.199562500,-0.027034743
0.199625000,-0.029276012
0.199687500,-0.031349756
0.199750000,-0.033320040
0.199812500,-0.035268337
0.199875000,-0.037106946
0.199937500,-0.038837440
0.200000000,-0.040473495
0.200062500,-0.042101350
0.200125000,-0.043672033
0.200187500,-0.045241836
0.200250000,-0.046873957
0.200312500,-0.048685979
0.200375000,-0.050564729
0.200437500,-0.052420538
0.200500000,-0.054121532
0.200562500,-0.055620566
0.200625000,-0.056678690
0.200687500,-0.057189234
0.200750000,-0.057133518
0.200812500,-0.056709908
0.200875000,-0.055931397
0.200937500,-0.054889914
0.201000000,-0.053650912
0.201062500,-0.052383691
0.201125000,-0.050926052
0.201187500,-0.049135137
0.201250000,-0.046873957
0.201312500,-0.044240355
0.201375000,-0.041121442
0.201437500,-0.037542205
0.201500000,-0.033602413
0.201562500,-0.029652053
0.201625000,-0.025738901
0.201687500,-0.021931102
0.201750000,-0.018260136
0.201812500,-0.014938129
0.201875000,-0.011845571
0.201937500,-0.008879321
0.202000000,-0.005929837
0.202062500,-0.003108967
0.202125000,-0.000232464
0.202187500,0.002859166
0.202250000,0.006306335
0.202312500,0.009984472
0.202375000,0.014009564
0.202437500,0.018432245
0.202500000,0.023248728
0.202562500,0.028177749
0.202625000,0.033209488
0.202687500,0.038338169
0.202750000,0.043579601
0.202812500,0.048744239
0.202875000,0.053940248
0.202937500,0.059298720
0.203000000,0.064945839
0.203062500,0.070756562
0.203125000,0.076784618
0.203187500,0.083029397
0.203250000,0.089418188
0.203312500,0.095637724
0.203375000,0.101564392
0.203437500,0.107159533
0.203500000,0.112478666
0.203562500,0.117499821
0.203625000,0.122401357
0.203687500,0.127357274
0.203750000,0.132433042
0.203812500,0.137412995
0.203875000,0.142084658
0.203937500,0.146238968
0.204000000,0.149751931
0.204062500,0.152552202
0.204125000,0.154814050
0.204187500,0.156811297
0.204250000,0.158787876
0.204312500,0.160799101
0.204375000,0.162801415
0.204437500,0.164672449
0.204500000,0.166317835
0.204562500,0.167741060
0.204625000,0.169091076
0.204687500,0.170576751
0.204750000,0.172341794
0.204812500,0.174379408
0.204875000,0.176449403
0.204937500,0.178196236
0.205000000,0.179306999
0.205062500,0.179721847
0.205125000,0.179478407
0.205187500,0.178728163
0.205250000,0.177612767
0.205312500,0.176274210
0.205375000,0.174528793
0.205437500,0.172072783
0.205500000,0.168670937
0.205562500,0.164480507
0.205625000,0.159708574
0.205687500,0.154668599
0.205750000,0.149657801
0.205812500,0.145025894
0.205875000,0.140641212
0.205937500,0.136112049
0.206000000,0.131021187
0.206062500,0.125387907
0.206125000,0.119209722
0.206187500,0.112610467
0.206250000,0.105795830
0.206312500,0.099228300
0.206375000,0.092858955
0.206437500,0.086342409
0.206500000,0.079252750
0.206562500,0.071645886
0.206625000,0.063425921
0.206687500,0.054646391
0.206750000,0.045556214
0.206812500,0.036904730
0.206875000,0.028891686
0.206937500,0.021369196
0.207000000,0.013930413
0.207062500,0.006488265
0.207125000,-0.001557303
0.207187500,-0.010774620
0.207250000,-0.021460366
0.207312500,-0.033054005
0.207375000,-0.045252904
0.207437500,-0.057718020
0.207500000,-0.070122682
0.207562500,-0.081715390
0.207625000,-0.092512533
0.207687500,-0.102822214
0.207750000,-0.113043413
0.207812500,-0.122954674
0.207875000,-0.132823110
0.207937500,-0.142876342
0.208000000,-0.153234541
0.208062500,-0.163361549
0.208125000,-0.173355550
0.208187500,-0.183427617
0.208250000,-0.193802163
0.208312500,-0.204057410
0.208375000,-0.214371607
0.208437500,-0.224907815
0.208500000,-0.235781640
0.208562500,-0.246473700
0.208625000,-0.257158279
0.208687500,-0.268034339
0.208750000,-0.279267102
0.208812500,-0.290334642
0.208875000,-0.301350951
0.208937500,-0.312347651
0.209000000,-0.323317349
0.209062500,-0.333655536
0.209125000,-0.343530476
0.209187500,-0.353108168
0.209250000,-0.362567246
0.209312500,-0.371479809
0.209375000,-0.380105853
0.209437500,-0.388544947
0.209500000,-0.396828502
0.209562500,-0.404405415
0.209625000,-0.411483198
0.209687500,-0.418188602
0.209750000,-0.424689353
0.209812500,-0.430658817
0.209875000,-0.436492294
0.209937500,-0.442339778
0.210000000,-0.448220432
0.210062500,-0.453537762
0.210125000,-0.458373368
0.210187500,-0.462567329
0.210250000,-0.466009945
0.210312500,-0.468260705
0.210375000,-0.469763488
0.210437500,-0.470758498
0.210500000,-0.471469164
0.210562500,-0.471646398
0.210625000,-0.471699148
0.210687500,-0.471627951
0.210750000,-0.471375018
0.210812500,-0.470538110
0.210875000,-0.469514161
0.210937500,-0.468368679
0.211000000,-0.467139453
0.211062500,-0.465488195
0.211125000,-0.463735372
0.211187500,-0.461700499
0.211250000,-0.459138870
0.211312500,-0.455561072
0.211375000,-0.451305062
0.211437500,-0.446358413
0.211500000,-0.440784603
0.211562500,-0.434474975
0.211625000,-0.428051710
0.211687500,-0.421554625
0.211750000,-0.414900392
0.211812500,-0.407734305
0.211875000,-0.400425702
0.211937500,-0.392813563
0.212000000,-0.384780586
0.212062500,-0.376135945
0.212125000,-0.367507964
0.212187500,-0.358927339
0.212250000,-0.350331038
0.212312500,-0.341452777
0.212375000,-0.332651526
0.212437500,-0.323627561
0.212500000,-0.314093143
0.212562500,-0.303818852
0.212625000,-0.293390900
0.212687500,-0.282846987
0.212750000,-0.272207797
0.212812500,-0.261421174
0.212875000,-0.250998497
0.212937500,-0.240720704
0.213000000,-0.230322421
0.213062500,-0.219615981
0.213125000,-0.209112957
0.213187500,-0.198729694
0.213250000,-0.188342944
0.213312500,-0.177824646
0.213375000,-0.167527884
0.213437500,-0.157119721
0.213500000,-0.146269336
0.213562500,-0.134854898
0.213625000,-0.123396739
0.213687500,-0.111891583
0.213750000,-0.100336619
0.213812500,-0.088836059
0.213875000,-0.077891961
0.213937500,-0.067389496
0.214000000,-0.057227641
0.214062500,-0.047547188
0.214125000,-0.038891498
0.214187500,-0.031154202
0.214250000,-0.024001725
0.214312500,-0.017051756
0.214375000,-0.010019407
0.214437500,-0.002073916
0.214500000,0.007435828
0.214562500,0.018533235
0.214625000,0.030597696
0.214687500,0.043150563
0.214750000,0.055627525
0.214812500,0.067331821
0.214875000,0.077736802
0.214937500,0.087053016
0.215000000,0.095724516
0.215062500,0.103959173
0.215125000,0.111796468
0.215187500,0.119465292
0.215250000,0.127067953
0.215312500,0.134368524
0.215375000,0.141168773
0.215437500,0.147652715
0.215500000,0.154081658
0.215562500,0.160433933
0.215625000,0.166706577
0.215687500,0.173058867
0.215750000,0.179589361
0.215812500,0.186061397
0.215875000,0.192375839
0.215937500,0.198625505
0.216000000,0.204908833
0.216062500,0.210997164
0.216125000,0.216825545
0.216187500,0.222415477
0.216250000,0.227781072
0.216312500,0.232658327
0.216375000,0.237091124
0.216437500,0.241235808
0.216500000,0.245288208
0.216562500,0.249157026
0.216625000,0.253030688
0.216687500,0.257031560
0.216750000,0.261195242
0.216812500,0.265194803
0.216875000,0.269001305
0.216937500,0.272525400
0.217000000,0.275690377
0.217062500,0.278178453
0.217125000,0.280104727
0.217187500,0.281521261
0.217250000,0.282467365
0.217312500,0.282671034
0.217375000,0.282299340
0.217437500,0.281368822
0.217500000,0.279925972
0.217562500,0.277806342
0.217625000,0.275416553
0.217687500,0.272984505
0.217750000,0.270701826
0.217812500,0.268422097
0.217875000,0.266449273
0.217937500,0.264758945
0.218000000,0.263265967
0.218062500,0.261621773
0.218125000,0.260055453
0.218187500,0.258524656
0.218250000,0.256959617
0.218312500,0.255008906
0.218375000,0.252875984
0.218437500,0.250431240
0.218500000,0.247547179
0.218562500,0.243914470
0.218625000,0.239923015
0.218687500,0.235690773
0.218750000,0.231357783
0.218812500,0.226824999
0.218875000,0.222572327
0.218937500,0.218619451
0.219000000,0.214886025
0.219062500,0.211027756
0.219125000,0.207349271
0.219187500,0.203804553
0.219250000,0.200390860
0.219312500,0.196941629
0.219375000,0.193938658
0.219437500,0.191373795
0.219500000,0.189095929
0.219562500,0.186635375
0.219625000,0.184110671
0.219687500,0.181230828
0.219750000,0.177801013
0.219812500,0.173621505
0.219875000,0.169285715
0.219937500,0.165014222
0.220000000,0.160952747
0.220062500,0.156950876
0.220125000,0.153302327
0.220187500,0.149766251
0.220250000,0.146081090
0.220312500,0.141962007
0.220375000,0.137842044
0.220437500,0.133864760
0.220500000,0.130174056
0.220562500,0.126714304
0.220625000,0.123807356
0.220687500,0.121236168
0.220750000,0.118690871
0.220812500,0.115790620
0.220875000,0.112755254
0.220937500,0.109542869
0.221000000,0.106172338
0.221062500,0.102599822
0.221125000,0.099194422
0.221187500,0.095902950
0.221250000,0.092618413
0.221312500,0.089196101
0.221375000,0.085924692
0.221437500,0.082801722
0.221500000,0.079817496
0.221562500,0.076906547
0.221625000,0.074269973
0.221687500,0.071737595
0.221750000,0.069087312
0.221812500,0.066111781
0.221875000,0.062941737
0.221937500,0.059511449
0.222000000,0.055815775
0.222062500,0.051911872
0.222125000,0.048102327
0.222187500,0.044400223
0.222250000,0.040755868
0.222312500,0.037100259
0.222375000,0.033560880
0.222437500,0.030035907
0.222500000,0.026448958
0.222562500,0.022803010
0.222625000,0.019337527
0.222687500,0.016093675
0.222750000,0.013083293
0.222812500,0.010298638
0.222875000,0.007854660
0.222937500,0.005631086
0.223000000,0.003482603
0.223062500,0.001299845
0.223125000,-0.000853743
0.223187500,-0.003072271
0.223250000,-0.005459215
0.223312500,-0.008111210
0.223375000,-0.010979699
0.223437500,-0.014156762
0.223500000,-0.017695390
0.223562500,-0.021572063
0.223625000,-0.025551731
0.223687500,-0.029505227
0.223750000,-0.033320040
0.223812500,-0.036936034
0.223875000,-0.040239554
0.223937500,-0.043318592
0.224000000,-0.046309207
0.224062500,-0.049339376
0.224125000,-0.052363742
0.224187500,-0.055366401
0.224250000,-0.058263011
0.224312500,-0.060930856
0.224375000,-0.063152790
0.224437500,-0.064861938
0.224500000,-0.066075332
0.224562500,-0.066880256
0.224625000,-0.067313023
0.224687500,-0.067469224
0.224750000,-0.067393072
0.224812500,-0.067062311
0.224875000,-0.066364810
0.224937500,-0.065266840
0.225000000,-0.063816346
0.225062500,-0.062155250
0.225125000,-0.060466621
0.225187500,-0.058967993
0.225250000,-0.057792384
0.225312500,-0.056908939
0.225375000,-0.056140028
0.225437500,-0.055230349
0.225500000,-0.053933285
0.225562500,-0.052086782
0.225625000,-0.049704865
0.225687500,-0.046946477
0.225750000,-0.044050224
0.225812500,-0.041228291
0.225875000,-0.038635321
0.225937500,-0.036301401
0.226000000,-0.034167159
0.226062500,-0.032129042
0.226125000,-0.030143809
0.226187500,-0.028201973
0.226250000,-0.026354834
0.226312500,-0.024676079
0.226375000,-0.023268113
0.226437500,-0.022126673
0.226500000,-0.021177992
0.226562500,-0.020301903
0.226625000,-0.019438738
0.226687500,-0.018509487
0.226750000,-0.017507140
0.226812500,-0.016496157
0.226875000,-0.015645809
0.226937500,-0.015016483
0.227000000,-0.014589284
0.227062500,-0.014268453
0.227125000,-0.013971156
0.227187500,-0.013537969
0.227250000,-0.012895043
0.227312500,-0.012129760
0.227375000,-0.011497201
0.227437500,-0.011204487
0.227500000,-0.011389053
0.227562500,-0.012081155
0.227625000,-0.013159632
0.227687500,-0.014299956
0.227750000,-0.015154029
0.227812500,-0.015525874
0.227875000,-0.015370828
0.227937500,-0.014733018
0.228000000,-0.013742164
0.228062500,-0.012596428
0.228125000,-0.011401773
0.228187500,-0.010120340
0.228250000,-0.008659446
0.228312500,-0.007013210
0.228375000,-0.005176013
0.228437500,-0.003165035
0.228500000,-0.001035369
0.228562500,0.001071538
0.228625000,0.003112327
0.228687500,0.005099997
0.228750000,0.007059331
0.228812500,0.008911822
0.228875000,0.010637942
0.228937500,0.012217587
0.229000000,0.013648040
0.229062500,0.014889806
0.229125000,0.016061764
0.229187500,0.017342012
0.229250000,0.018919006
0.229312500,0.020845978
0.229375000,0.023192845
0.229437500,0.025920972
0.229500000,0.028896192
0.229562500,0.031842526
0.229625000,0.034619167
0.229687500,0.037164845
0.229750000,0.039532252
0.229812500,0.041779116
0.229875000,0.044111930
0.229937500,0.046680473
0.230000000,0.049509440
0.230062500,0.052387211
0.230125000,0.055107065
0.230187500,0.057449911
0.230250000,0.059298374
0.230312500,0.060621552
0.230375000,0.061637908
0.230437500,0.062629946
0.230500000,0.063816346
0.230562500,0.065173633
0.230625000,0.066588946
0.230687500,0.067837730
0.230750000,0.068710819
0.230812500,0.069051847
0.230875000,0.068976253
0.230937500,0.068718076
0.231000000,0.068522573
0.231062500,0.068450712
0.231125000,0.068509094
0.231187500,0.068557054
0.231250000,0.068428449
0.231312500,0.067974903
0.231375000,0.067317858
0.231437500,0.066687874
0.231500000,0.066357709
0.231562500,0.066454262
0.231625000,0.067052916
0.231687500,0.068015270
0.231750000,0.069087312
0.231812500,0.069946699
0.231875000,0.070462376
0.231937500,0.070591830
0.232000000,0.070405059
0.232062500,0.069975242
0.232125000,0.069466487
0.232187500,0.068926863
0.232250000,0.068334319
0.232312500,0.067579083
0.232375000,0.066687465
0.232437500,0.065664500
0.232500000,0.064569339
0.232562500,0.063439883
0.232625000,0.062468361
0.232687500,0.061719358
0.232750000,0.061180864
0.232812500,0.060700011
0.232875000,0.060260162
0.232937500,0.059750941
0.233000000,0.059110127
0.233062500,0.058288693
0.233125000,0.057479929
0.233187500,0.056791537
0.233250000,0.056286395
0.233312500,0.055885941
0.233375000,0.055588186
0.233437500,0.055217531
0.233500000,0.054592159
0.233562500,0.053552940
0.233625000,0.052197669
0.233687500,0.050616086
0.233750000,0.048944689
0.233812500,0.047276448
0.233875000,0.045764279
0.233937500,0.044358410
0.234000000,0.042920731
0.234062500,0.041265637
0.234125000,0.039352424
0.234187500,0.037127495
0.234250000,0.034637783
0.234312500,0.032020003
0.234375000,0.029550502
0.234437500,0.027402736
0.234500000,0.025695963
0.234562500,0.024490532
0.234625000,0.023857787
0.234687500,0.023726832
0.234750000,0.024001725
0.234812500,0.024601622
0.234875000,0.025521396
0.234937500,0.026654374
0.235000000,0.027860826
0.235062500,0.028982030
0.235125000,0.029901201
0.235187500,0.030423999
0.235250000,0.030402184
0.235312500,0.029791946
0.235375000,0.028709002
0.235437500,0.027266113
0.235500000,0.025601838
0.235562500,0.023844833
0.235625000,0.022117423
0.235687500,0.020383297
0.235750000,0.018542508
0.235812500,0.016494695
0.235875000,0.014236632
0.235937500,0.011760686
0.236000000,0.009130068
0.236062500,0.006466593
0.236125000,0.003960667
0.236187500,0.001683870
0.236250000,-0.000376498
0.236312500,-0.002318792
0.236375000,-0.004233652
0.236437500,-0.006297860
0.236500000,-0.008659446
0.236562500,-0.011397243
0.236625000,-0.014414857
0.236687500,-0.017581653
0.236750000,-0.020707369
0.236812500,-0.023597153
0.236875000,-0.026025068
0.236937500,-0.027888687
0.237000000,-0.029178567
0.237062500,-0.029978272
0.237125000,-0.030371686
0.237187500,-0.030500470
0.237250000,-0.030496309
0.237312500,-0.030473681
0.237375000,-0.030446133
0.237437500,-0.030426187
0.237500000,-0.030402184
0.237562500,-0.030374767
0.237625000,-0.030269224
0.237687500,-0.030062119
0.237750000,-0.029743314
0.237812500,-0.029348819
0.237875000,-0.028837429
0.237937500,-0.028233565
0.238000000,-0.027578451
0.238062500,-0.026954992
0.238125000,-0.026352778
0.238187500,-0.025783308
0.238250000,-0.025225341
0.238312500,-0.024650173
0.238375000,-0.023926657
0.238437500,-0.022951487
0.238500000,-0.021648614
0.238562500,-0.020016368
0.238625000,-0.018071910
0.238687500,-0.015907165
0.238750000,-0.013648040
0.238812500,-0.011434983
0.238875000,-0.009369817
0.238937500,-0.007522636
0.239000000,-0.005929837
0.239062500,-0.004599672
0.239125000,-0.003528979
0.239187500,-0.002677461
0.239250000,-0.001976613
0.239312500,-0.001322585
0.239375000,-0.000647934
0.239437500,0.000126598
0.239500000,0.001035369
0.239562500,0.002071131
0.239625000,0.003127306
0.239687500,0.004139132
0.239750000,0.005082718
0.239812500,0.006009290
0.239875000,0.006962066
0.239937500,0.008043275
0.240000000,0.009318316
0.240062500,0.010791748
0.240125000,0.012317431
0.240187500,0.013750981
0.240250000,0.014965781
0.240312500,0.015922375
0.240375000,0.016595388
0.240437500,0.017063906
0.240500000,0.017413015
0.240562500,0.017698376
0.240625000,0.017836045
0.240687500,0.017736698
0.240750000,0.017318891
0.240812500,0.016580578
0.240875000,0.015542436
0.240937500,0.014330256
0.241000000,0.013083293
0.241062500,0.011912315
0.241125000,0.010785551
0.241187500,0.009635989
0.241250000,0.008377072
0.241312500,0.006978030
0.241375000,0.005429604
0.241437500,0.003816114
0.241500000,0.002258986
0.241562500,0.000886685
0.241625000,-0.000244433
0.241687500,-0.001107029
0.241750000,-0.001694239
0.241812500,-0.001989360
0.241875000,-0.001990587
0.241937500,-0.001712357
0.242000000,-0.001223617
0.242062500,-0.000655501
0.242125000,-0.000208176
0.242187500,-0.000076367
0.242250000,-0.000376498
0.242312500,-0.001083289
0.242375000,-0.002053365
0.242437500,-0.003075138
0.242500000,-0.003953225
0.242562500,-0.004575452
0.242625000,-0.004955473
0.242687500,-0.005207052
0.242750000,-0.005459215
0.242812500,-0.005775971
0.242875000,-0.006114988
0.242937500,-0.006385060
0.243000000,-0.006494584
0.243062500,-0.006417444
0.243125000,-0.006208409
0.243187500,-0.006022183
0.243250000,-0.006023962
0.243312500,-0.006312252
0.243375000,-0.006864322
0.243437500,-0.007592679
0.243500000,-0.008377072
0.243562500,-0.009115763
0.243625000,-0.009753413
0.243687500,-0.010291914
0.243750000,-0.010730183
0.243812500,-0.011014881
0.243875000,-0.011040691
0.243937500,-0.010706555
0.244000000,-0.009977187
0.244062500,-0.008930658
0.244125000,-0.007775649
0.244187500,-0.006788048
0.244250000,-0.006212211
0.244312500,-0.006163327
0.244375000,-0.006602412
0.244437500,-0.007353020
0.244500000,-0.008188824
0.244562500,-0.008926356
0.244625000,-0.009484174
0.244687500,-0.009876849
0.244750000,-0.010165436
0.244812500,-0.010400440
0.244875000,-0.010558931
0.244937500,-0.010568361
0.245000000,-0.010353684
0.245062500,-0.009909515
0.245125000,-0.009289393
0.245187500,-0.008609728
0.245250000,-0.008000575
0.245312500,-0.007568447
0.245375000,-0.007324320
0.245437500,-0.007211901
0.245500000,-0.007153455
0.245562500,-0.007117707
0.245625000,-0.007109114
0.245687500,-0.007169528
0.245750000,-0.007341704
0.245812500,-0.007649789
0.245875000,-0.008022589
0.245937500,-0.008337748
0.246000000,-0.008471197
0.246062500,-0.008379321
0.246125000,-0.008063343
0.246187500,-0.007590606
0.246250000,-0.007059331
0.246312500,-0.006584407
0.246375000,-0.006189903
0.246437500,-0.005837538
0.246500000,-0.005459215
0.246562500,-0.005030208
0.246625000,-0.004523513
0.246687500,-0.003940767
0.246750000,-0.003294354
0.246812500,-0.002613886
0.246875000,-0.001854673
0.246937500,-0.000944944
0.247000000,0.000188249
0.247062500,0.001554028
0.247125000,0.003154660
0.247187500,0.004950031
0.247250000,0.006871082
0.247312500,0.008805109
0.247375000,0.010668584
0.247437500,0.012377568
0.247500000,0.013836288
0.247562500,0.014917333
0.247625000,0.015535580
0.247687500,0.015678436
0.247750000,0.015436403
0.247812500,0.014988677
0.247875000,0.014600563
0.247937500,0.014535893
0.248000000,0.014965781
0.248062500,0.015893251
0.248125000,0.017189644
0.248187500,0.018643443
0.248250000,0.020048497
0.248312500,0.021271057
0.248375000,0.022312038
0.248437500,0.023274459
0.248500000,0.024284096
0.248562500,0.025398063
0.248625000,0.026563663
0.248687500,0.027635384
0.248750000,0.028425572
0.248812500,0.028785015
0.248875000,0.028659130
0.248937500,0.028131945
0.249000000,0.027390203
0.249062500,0.026664240
0.249125000,0.026134741
0.249187500,0.025905449
0.249250000,0.025978338
0.249312500,0.026275560
0.249375000,0.026662560
0.249437500,0.027006710
0.249500000,0.027201954
0.249562500,0.027183648
0.249625000,0.026915962
0.249687500,0.026387505
0.249750000,0.025601838
0.249812500,0.024574639
0.249875000,0.023345416
0.249937500,0.021967022
0.250000000,0.020519121
0.250062500,0.019100677
0.250125000,0.017838588
0.250187500,0.016821662
0.250250000,0.016095273
0.250312500,0.015643112
0.250375000,0.015415157
0.250437500,0.015295757
0.250500000,0.015154029
0.250562500,0.014874415
0.250625000,0.014410283
0.250687500,0.013743774
0.250750000,0.012895043
0.250812500,0.011893723
0.250875000,0.010794572
0.250937500,0.009598492
0.251000000,0.008282948
0.251062500,0.006815665
0.251125000,0.005226687
0.251187500,0.003553730
0.251250000,0.001882488
0.251312500,0.000332992
0.251375000,-0.000934154
0.251437500,-0.001834743
0.251500000,-0.002353110
0.251562500,-0.002542399
0.251625000,-0.002491582
0.251687500,-0.002352050
0.251750000,-0.002258986
0.251812500,-0.002279356
0.251875000,-0.002396324
0.251937500,-0.002568458
0.252000000,-0.002729608
0.252062500,-0.002801756
0.252125000,-0.002745918
0.252187500,-0.002603019
0.252250000,-0.002447235
0.252312500,-0.002320829
0.252375000,-0.002256169
0.252437500,-0.002272596
0.252500000,-0.002353110
0.252562500,-0.002416819
0.252625000,-0.002420146
0.252687500,-0.002359214
0.252750000,-0.002258986
0.252812500,-0.002119735
0.252875000,-0.001985230
0.252937500,-0.001898476
0.253000000,-0.001882488
0.253062500,-0.001906027
0.253125000,-0.001947932
0.253187500,-0.002000051
0.253250000,-0.002070737
0.253312500,-0.002166810
0.253375000,-0.002344991
0.253437500,-0.002692006
0.253500000,-0.003294354
0.253562500,-0.004185884
0.253625000,-0.005372443
0.253687500,-0.006803732
0.253750000,-0.008377072
0.253812500,-0.009938927
0.253875000,-0.011374857
0.253937500,-0.012612358
0.254000000,-0.013648040
0.254062500,-0.014529619
0.254125000,-0.015389921
0.254187500,-0.016372655
0.254250000,-0.017601265
0.254312500,-0.019130629
0.254375000,-0.020960292
0.254437500,-0.023006510
0.254500000,-0.025131216
0.254562500,-0.027175454
0.254625000,-0.029024234
0.254687500,-0.030624799
0.254750000,-0.032002300
0.254812500,-0.033234924
0.254875000,-0.034404602
0.254937500,-0.035528261
0.255000000,-0.036520272
0.255062500,-0.037202232
0.255125000,-0.037343320
0.255187500,-0.036756635
0.255250000,-0.035390779
0.255312500,-0.033387423
0.255375000,-0.031039378
0.255437500,-0.028713536
0.255500000,-0.026731333
0.255562500,-0.025271125
0.255625000,-0.024316663
0.255687500,-0.023692230
0.255750000,-0.023154603
0.255812500,-0.022498932
0.255875000,-0.021641370
0.255937500,-0.020625081
0.256000000,-0.019577878
0.256062500,-0.018631080
0.256125000,-0.017866945
0.256187500,-0.017271219
0.256250000,-0.016754145
0.256312500,-0.016191002
0.256375000,-0.015494504
0.256437500,-0.014614624
0.256500000,-0.013553915
0.256562500,-0.012344982
0.256625000,-0.011053752
0.256687500,-0.009720460
0.256750000,-0.008377072
0.256812500,-0.007048609
0.256875000,-0.005792239
0.256937500,-0.004633482
0.257000000,-0.003576728
0.257062500,-0.002584707
0.257125000,-0.001632284
0.257187500,-0.000638343
0.257250000,0.000470622
0.257312500,0.001743816
0.257375000,0.003107394
0.257437500,0.004479008
0.257500000,0.005741589
0.257562500,0.006794754
0.257625000,0.007474978
0.257687500,0.007720939
0.257750000,0.007529953
0.257812500,0.006983482
0.257875000,0.006104046
0.257937500,0.004993806
0.258000000,0.003764976
0.258062500,0.002554373
0.258125000,0.001395358
0.258187500,0.000343389
0.258250000,-0.000564746
0.258312500,-0.001276127
0.258375000,-0.001820668
0.258437500,-0.002186261
0.258500000,-0.002353110
0.258562500,-0.002272901
0.258625000,-0.001975704
0.258687500,-0.001482682
0.258750000,-0.000847120
0.258812500,-0.000124495
0.258875000,0.000548000
0.258937500,0.001076844
0.259000000,0.001411866
0.259062500,0.001594541
0.259125000,0.001642834
0.259187500,0.001625008
0.259250000,0.001600115
0.259312500,0.001624720
0.259375000,0.001645919
0.259437500,0.001598314
0.259500000,0.001411866
0.259562500,0.001070015
0.259625000,0.000532328
0.259687500,-0.000203258
0.259750000,-0.001129493
0.259812500,-0.002214449
0.259875000,-0.003481411
0.259937500,-0.004943665
0.260000000,-0.006588709
0.260062500,-0.008330861
0.260125000,-0.010074669
0.260187500,-0.011697906
0.260250000,-0.013083293
0.260312500,-0.014119672
0.260375000,-0.014798131
0.260437500,-0.015174217
0.260500000,-0.015342278
0.260562500,-0.015353833
0.260625000,-0.015294384
0.260687500,-0.015198262
0.260750000,-0.015059905
0.260812500,-0.014798744
0.260875000,-0.014450543
0.260937500,-0.014087147
0.261000000,-0.013836288
0.261062500,-0.013786036
0.261125000,-0.014118711
0.261187500,-0.014926276
0.261250000,-0.016189398
0.261312500,-0.017699627
0.261375000,-0.019269055
0.261437500,-0.020673197
0.261500000,-0.021742739
0.261562500,-0.022356069
0.261625000,-0.022595095
0.261687500,-0.022614308
0.261750000,-0.022589857
0.261812500,-0.022603313
0.261875000,-0.022717712
0.261937500,-0.022898586
0.262000000,-0.023060480
0.262062500,-0.023079172
0.262125000,-0.022937508
0.262187500,-0.022678718
0.262250000,-0.022401609
0.262312500,-0.022184780
0.262375000,-0.022144787
0.262437500,-0.022339899
0.262500000,-0.022778107
0.262562500,-0.023397593
0.262625000,-0.024194704
0.262687500,-0.025169529
0.262750000,-0.026354834
0.262812500,-0.027776022
0.262875000,-0.029514669
0.262937500,-0.031593271
0.263000000,-0.033978913
0.263062500,-0.036560863
0.263125000,-0.039229494
0.263187500,-0.041833647
0.263250000,-0.044238474
0.263312500,-0.046345718
0.263375000,-0.048119452
0.263437500,-0.049528338
0.263500000,-0.050544810
0.263562500,-0.051148046
0.263625000,-0.051289242
0.263687500,-0.050908510
0.263750000,-0.049980059
0.263812500,-0.048574656
0.263875000,-0.046793312
0.263937500,-0.044767909
0.264000000,-0.042638354
0.264062500,-0.040556874
0.264125000,-0.038594365
0.264187500,-0.036753826
0.264250000,-0.035014279
0.264312500,-0.033406034
0.264375000,-0.031955019
0.264437500,-0.030691680
0.264500000,-0.029649187
0.264562500,-0.028879119
0.264625000,-0.028352395
0.264687500,-0.027965723
0.264750000,-0.027578451
0.264812500,-0.027091572
0.264875000,-0.026394460
0.264937500,-0.025405159
0.265000000,-0.024095848
0.265062500,-0.022532931
0.265125000,-0.020775616
0.265187500,-0.018869707
0.265250000,-0.016848268
0.265312500,-0.014764637
0.265375000,-0.012623942
0.265437500,-0.010386424
0.265500000,-0.008000575
0.265562500,-0.005445312
0.265625000,-0.002699860
0.265687500,0.000291414
0.265750000,0.003576728
0.265812500,0.007161638
0.265875000,0.010982825
0.265937500,0.014975796
0.266000000,0.019013131
0.266062500,0.022903347
0.266125000,0.026380213
0.266187500,0.029280659
0.266250000,0.031531677
0.266312500,0.033171151
0.266375000,0.034266829
0.266437500,0.035008285
0.266500000,0.035579026
0.266562500,0.036101393
0.266625000,0.036554992
0.266687500,0.036921766
0.266750000,0.037179142
0.266812500,0.037339576
0.266875000,0.037429366
0.266937500,0.037560463
0.267000000,0.037838012
0.267062500,0.038298097
0.267125000,0.038867675
0.267187500,0.039444864
0.267250000,0.039908748
0.267312500,0.040162016
0.267375000,0.040146738
0.267437500,0.039908480
0.267500000,0.039532252
0.267562500,0.039090481
0.267625000,0.038591318
0.267687500,0.038028039
0.267750000,0.037367389
0.267812500,0.036568463
0.267875000,0.035605367
0.267937500,0.034506131
0.268000000,0.033320040
0.268062500,0.032071970
0.268125000,0.030783301
0.268187500,0.029450785
0.268250000,0.028049074
0.268312500,0.026509492
0.268375000,0.024844000
0.268437500,0.023079738
0.268500000,0.021272115
0.268562500,0.019435680
0.268625000,0.017688964
0.268687500,0.016092811
0.268750000,0.014683408
0.268812500,0.013413367
0.268875000,0.012368400
0.268937500,0.011583672
0.269000000,0.011106680
0.269062500,0.010925851
0.269125000,0.011150387
0.269187500,0.011772562
0.269250000,0.012706795
0.269312500,0.013733983
0.269375000,0.014718785
0.269437500,0.015460711
0.269500000,0.015812902
0.269562500,0.015672006
0.269625000,0.015168448
0.269687500,0.014441506
0.269750000,0.013648040
0.269812500,0.012859450
0.269875000,0.012209382
0.269937500,0.011699021
0.270000000,0.011294928
0.270062500,0.010918096
0.270125000,0.010687658
0.270187500,0.010708276
0.270250000,0.011106680
0.270312500,0.011919239
0.270375000,0.013272159
0.270437500,0.015138929
0.270500000,0.017413015
0.270562500,0.019865777
0.270625000,0.022415090
0.270687500,0.024928652
0.270750000,0.027296079
0.270812500,0.029354775
0.270875000,0.031131677
0.270937500,0.032630239
0.271000000,0.033884790
0.271062500,0.034869190
0.271125000,0.035698183
0.271187500,0.036391888
0.271250000,0.036896769
0.271312500,0.037012223
0.271375000,0.036670722
0.271437500,0.035824362
0.271500000,0.034543656
0.271562500,0.032940481
0.271625000,0.031352911
0.271687500,0.030054040
0.271750000,0.029178567
0.271812500,0.028569268
0.271875000,0.028078401
0.271937500,0.027476639
0.272000000,0.026637208
0.272062500,0.025527453
0.272125000,0.024511274
0.272187500,0.024009686
0.272250000,0.024378221
0.272312500,0.025635272
0.272375000,0.027704803
0.272437500,0.030227907
0.272500000,0.032755297
0.272562500,0.034807429
0.272625000,0.036308244
0.272687500,0.037380166
0.272750000,0.038308635
0.272812500,0.039285395
0.272875000,0.040582750
0.272937500,0.042245973
0.273000000,0.044144347
0.273062500,0.045929085
0.273125000,0.047453307
0.273187500,0.048608847
0.273250000,0.049415316
0.273312500,0.049880322
0.273375000,0.050280441
0.273437500,0.050807782
0.273500000,0.051580172
0.273562500,0.052495841
0.273625000,0.053601217
0.273687500,0.054824784
0.273750000,0.056098148
0.273812500,0.057266351
0.273875000,0.058456823
0.273937500,0.059741799
0.274000000,0.061180864
0.274062500,0.062674232
0.274125000,0.064293854
0.274187500,0.066004343
0.274250000,0.067769580
0.274312500,0.069471978
0.274375000,0.071218520
0.274437500,0.073042534
0.274500000,0.074923024
0.274562500,0.076664552
0.274625000,0.078180812
0.274687500,0.079320960
0.274750000,0.080005743
0.274812500,0.080201834
0.274875000,0.080148883
0.274937500,0.080084763
0.275000000,0.080193989
0.275062500,0.080448627
0.275125000,0.080817237
0.275187500,0.081107236
0.275250000,0.081135243
0.275312500,0.080755025
0.275375000,0.080132857
0.275437500,0.079469971
0.275500000,0.078970380
0.275562500,0.078671083
0.275625000,0.078629635
0.275687500,0.078716800
0.275750000,0.078782134
0.275812500,0.078682221
0.275875000,0.078545943
0.275937500,0.078486957
0.276000000,0.078593880
0.276062500,0.078793809
0.276125000,0.079024278
0.276187500,0.079056971
0.276250000,0.078688003
0.276312500,0.077799983
0.276375000,0.076573983
0.276437500,0.075208247
0.276500000,0.073887661
0.276562500,0.072637409
0.276625000,0.071463056
0.276687500,0.070161343
0.276750000,0.068522573
0.276812500,0.066401944
0.276875000,0.063971683
0.276937500,0.061414991
0.277000000,0.058921877
0.277062500,0.056538071
0.277125000,0.054358296
0.277187500,0.052270886
0.277250000,0.050168309
0.277312500,0.047987998
0.277375000,0.045990642
0.277437500,0.044378612
0.277500000,0.043297227
0.277562500,0.042674240
0.277625000,0.042445298
0.277687500,0.042290878
0.277750000,0.041885361
0.277812500,0.040972117
0.277875000,0.039694987
0.277937500,0.038231980
0.278000000,0.036802646
0.278062500,0.035482481
0.278125000,0.034370001
0.278187500,0.033271875
0.278250000,0.031908173
0.278312500,0.029991232
0.278375000,0.027566388
0.278437500,0.024738070
0.278500000,0.021742739
0.278562500,0.018813152
0.278625000,0.016305737
0.278687500,0.014337979
0.278750000,0.012895043
0.278812500,0.011829013
0.278875000,0.011139786
0.278937500,0.010729692
0.279000000,0.010541934
0.279062500,0.010520179
0.279125000,0.010788712
0.279187500,0.011344689
0.279250000,0.012142048
0.279312500,0.013050816
0.279375000,0.014062924
0.279437500,0.015053589
0.279500000,0.015907025
0.279562500,0.016511891
0.279625000,0.016946191
0.279687500,0.017252628
0.279750000,0.017507140
0.279812500,0.017762035
0.279875000,0.018163254
0.279937500,0.018724930
0.280000000,0.019389628
0.280062500,0.020016424
0.280125000,0.020534972
0.280187500,0.020822303
0.280250000,0.020801496
0.280312500,0.020435724
0.280375000,0.019841515
0.280437500,0.019095935
0.280500000,0.018260136
0.280562500,0.017330768
0.280625000,0.016365496
0.280687500,0.015354598
0.280750000,0.014306910
0.280812500,0.013236357
0.280875000,0.012285181
0.280937500,0.011535438
0.281000000,0.011012556
0.281062500,0.010629459
0.281125000,0.010318294
0.281187500,0.009964134
0.281250000,0.009506566
0.281312500,0.008956192
0.281375000,0.008464621
0.281437500,0.008180679
0.281500000,0.008188824
0.281562500,0.008431377
0.281625000,0.008776819
0.281687500,0.009026588
0.281750000,0.009035943
0.281812500,0.008777681
0.281875000,0.008404663
0.281937500,0.008122289
0.282000000,0.008094699
0.282062500,0.008333298
0.282125000,0.008720852
0.282187500,0.009004809
0.282250000,0.008941819
0.282312500,0.008408201
0.282375000,0.007511216
0.282437500,0.006491843
0.282500000,0.005647464
0.282562500,0.005200421
0.282625000,0.005260467
0.282687500,0.005749451
0.282750000,0.006494584
0.282812500,0.007318106
0.282875000,0.008173993
0.282937500,0.009092035
0.283000000,0.010165436
0.283062500,0.011466624
0.283125000,0.013016347
0.283187500,0.014692740
0.283250000,0.016283523
0.283312500,0.017551733
0.283375000,0.018337142
0.283437500,0.018561948
0.283500000,0.018260136
0.283562500,0.017552817
0.283625000,0.016612766
0.283687500,0.015589246
0.283750000,0.014589284
0.283812500,0.013667281
0.283875000,0.012830993
0.283937500,0.012032563
0.284000000,0.011200804
0.284062500,0.010277137
0.284125000,0.009236805
0.284187500,0.008103915
0.284250000,0.006965206
0.284312500,0.005955955
0.284375000,0.005199918
0.284437500,0.004741658
0.284500000,0.004517972
0.284562500,0.004374235
0.284625000,0.004112407
0.284687500,0.003573774
0.284750000,0.002729608
0.284812500,0.001719215
0.284875000,0.000803002
0.284937500,0.000242609
0.285000000,0.000188249
0.285062500,0.000603349
0.285125000,0.001266557
0.285187500,0.001851873
0.285250000,0.002070737
0.285312500,0.001794017
0.285375000,0.001095798
0.285437500,0.000193427
0.285500000,-0.000658871
0.285562500,-0.001290843
0.285625000,-0.001667323
0.285687500,-0.001902693
0.285750000,-0.002164861
0.285812500,-0.002580493
0.285875000,-0.003134534
0.285937500,-0.003730828
0.286000000,-0.004235599
0.286062500,-0.004575531
0.286125000,-0.004739690
0.286187500,-0.004851400
0.286250000,-0.005082718
0.286312500,-0.005577332
0.286375000,-0.006338833
0.286437500,-0.007269715
0.286500000,-0.008188824
0.286562500,-0.008908702
0.286625000,-0.009291840
0.286687500,-0.009331136
0.286750000,-0.009130068
0.286812500,-0.008847945
0.286875000,-0.008627733
0.286937500,-0.008544111
0.287000000,-0.008565322
0.287062500,-0.008560830
0.287125000,-0.008376722
0.287187500,-0.007907748
0.287250000,-0.007153455
0.287312500,-0.006225002
0.287375000,-0.005322734
0.287437500,-0.004650797
0.287500000,-0.004329723
0.287562500,-0.004332941
0.287625000,-0.004517276
0.287687500,-0.004671375
0.287750000,-0.004612096
0.287812500,-0.004254088
0.287875000,-0.003656054
0.287937500,-0.002969525
0.288000000,-0.002353110
0.288062500,-0.001873412
0.288125000,-0.001495183
0.288187500,-0.001080650
0.288250000,-0.000470622
0.288312500,0.000438123
0.288375000,0.001586546
0.288437500,0.002784499
0.288500000,0.003764976
0.288562500,0.004301422
0.288625000,0.004241337
0.288687500,0.003600946
0.288750000,0.002541359
0.288812500,0.001325728
0.288875000,0.000162914
0.288937500,-0.000814973
0.289000000,-0.001600115
0.289062500,-0.002268841
0.289125000,-0.002982674
0.289187500,-0.003852569
0.289250000,-0.004894469
0.289312500,-0.005997758
0.289375000,-0.006999346
0.289437500,-0.007708156
0.289500000,-0.008000575
0.289562500,-0.007867359
0.289625000,-0.007450847
0.289687500,-0.006957316
0.289750000,-0.006588709
0.289812500,-0.006460264
0.289875000,-0.006585710
0.289937500,-0.006864457
0.290000000,-0.007153455
0.290062500,-0.007339063
0.290125000,-0.007400772
0.290187500,-0.007397925
0.290250000,-0.007435828
0.290312500,-0.007609951
0.290375000,-0.007953438
0.290437500,-0.008424470
0.290500000,-0.008941819
0.290562500,-0.009447109
0.290625000,-0.009909380
0.290687500,-0.010350900
0.290750000,-0.010824307
0.290812500,-0.011399746
0.290875000,-0.012075436
0.290937500,-0.012813910
0.291000000,-0.013553915
0.291062500,-0.014264647
0.291125000,-0.014872963
0.291187500,-0.015319661
0.291250000,-0.015530528
0.291312500,-0.015442003
0.291375000,-0.014937822
0.291437500,-0.013954675
0.291500000,-0.012518546
0.291562500,-0.010792608
0.291625000,-0.008989129
0.291687500,-0.007342876
0.291750000,-0.006023962
0.291812500,-0.005098167
0.291875000,-0.004484624
0.291937500,-0.004026567
0.292000000,-0.003576728
0.292062500,-0.003079323
0.292125000,-0.002573557
0.292187500,-0.002150248
0.292250000,-0.001882488
0.292312500,-0.001762501
0.292375000,-0.001676206
0.292437500,-0.001431765
0.292500000,-0.000847120
0.292562500,0.000169312
0.292625000,0.001567786
0.292687500,0.003202447
0.292750000,0.004894469
0.292812500,0.006519574
0.292875000,0.008033310
0.292937500,0.009496929
0.293000000,0.011012556
0.293062500,0.012662404
0.293125000,0.014416695
0.293187500,0.016174234
0.293250000,0.017789513
0.293312500,0.019157402
0.293375000,0.020188857
0.293437500,0.020899147
0.293500000,0.021366240
0.293562500,0.021718862
0.293625000,0.021977874
0.293687500,0.022132166
0.293750000,0.022119237
0.293812500,0.021901391
0.293875000,0.021374349
0.293937500,0.020520508
0.294000000,0.019389628
0.294062500,0.018129563
0.294125000,0.016823234
0.294187500,0.015564274
0.294250000,0.014401034
0.294312500,0.013362788
0.294375000,0.012372912
0.294437500,0.011357146
0.294500000,0.010259560
0.294562500,0.009096114
0.294625000,0.007875670
0.294687500,0.006646890
0.294750000,0.005459215
0.294812500,0.004366985
0.294875000,0.003349785
0.294937500,0.002375222
0.295000000,0.001411866
0.295062500,0.000478027
0.295125000,-0.000425928
0.295187500,-0.001278410
0.295250000,-0.002070737
0.295312500,-0.002801458
0.295375000,-0.003566590
0.295437500,-0.004500810
0.295500000,-0.005741589
0.295562500,-0.007349536
0.295625000,-0.009340056
0.295687500,-0.011643901
0.295750000,-0.014118661
0.295812500,-0.016559510
0.295875000,-0.018808004
0.295937500,-0.020786360
0.296000000,-0.022495734
0.296062500,-0.023967970
0.296125000,-0.025271678
0.296187500,-0.026472781
0.296250000,-0.027578451
0.296312500,-0.028495355
0.296375000,-0.029098427
0.296437500,-0.029282551
0.296500000,-0.028990317
0.296562500,-0.028213715
0.296625000,-0.027055604
0.296687500,-0.025706245
0.296750000,-0.024378221
0.296812500,-0.023210309
0.296875000,-0.022297069
0.296937500,-0.021644862
0.297000000,-0.021177992
0.297062500,-0.020740591
0.297125000,-0.020249885
0.297187500,-0.019704197
0.297250000,-0.019201379
0.297312500,-0.018869450
0.297375000,-0.018910114
0.297437500,-0.019457506
0.297500000,-0.020519121
0.297562500,-0.021918336
0.297625000,-0.023423098
0.297687500,-0.024774095
0.297750000,-0.025790086
0.297812500,-0.026403232
0.297875000,-0.026726495
0.297937500,-0.026939232
0.298000000,-0.027201954
0.298062500,-0.027554667
0.298125000,-0.027958676
0.298187500,-0.028287439
0.298250000,-0.028425572
0.298312500,-0.028320294
0.298375000,-0.028087437
0.298437500,-0.027886823
0.298500000,-0.027860826
0.298562500,-0.028025778
0.298625000,-0.028342800
0.298687500,-0.028652137
0.298750000,-0.028802069
0.298812500,-0.028713156
0.298875000,-0.028515842
0.298937500,-0.028390894
0.299000000,-0.028519696
0.299062500,-0.028969163
0.299125000,-0.029735230
0.299187500,-0.030654494
0.299250000,-0.031531677
0.299312500,-0.032218426
0.299375000,-0.032738745
0.299437500,-0.033170313
0.299500000,-0.033602413
0.299562500,-0.034039520
0.299625000,-0.034405850
0.299687500,-0.034493182
0.299750000,-0.034073036
0.299812500,-0.032992132
0.299875000,-0.031278618
0.299937500,-0.029081255
0.300000000,-0.026637208
0.300062500,-0.024185950
0.300125000,-0.021929454
0.300187500,-0.019950090
0.300250000,-0.018260136
0.300312500,-0.016839959
0.300375000,-0.015723173
0.300437500,-0.014914565
0.300500000,-0.014401034
0.300562500,-0.014114557
0.300625000,-0.013998087
0.300687500,-0.013935827
0.300750000,-0.013836288
0.300812500,-0.013650636
0.300875000,-0.013447040
0.300937500,-0.013261577
0.301000000,-0.013083293
0.301062500,-0.012811153
0.301125000,-0.012347993
0.301187500,-0.011569545
0.301250000,-0.010447809
0.301312500,-0.009085411
0.301375000,-0.007760079
0.301437500,-0.006723441
0.301500000,-0.006118086
0.301562500,-0.005879724
0.301625000,-0.005825141
0.301687500,-0.005643227
0.301750000,-0.005082718
0.301812500,-0.004050980
0.301875000,-0.002741949
0.301937500,-0.001431168
0.302000000,-0.000376498
0.302062500,0.000343334
0.302125000,0.000766111
0.302187500,0.001131514
0.302250000,0.001694239
0.302312500,0.002610390
0.302375000,0.003731494
0.302437500,0.004788176
0.302500000,0.005459215
0.302562500,0.005551750
0.302625000,0.004972789
0.302687500,0.003876329
0.302750000,0.002541359
0.302812500,0.001282085
0.302875000,0.000232863
0.302937500,-0.000577907
0.303000000,-0.001223617
0.303062500,-0.001776323
0.303125000,-0.002309627
0.303187500,-0.002786268
0.303250000,-0.003106105
0.303312500,-0.003152390
0.303375000,-0.002903735
0.303437500,-0.002406581
0.303500000,-0.001788364
0.303562500,-0.001206813
0.303625000,-0.000837041
0.303687500,-0.000774517
0.303750000,-0.001035369
0.303812500,-0.001559633
0.303875000,-0.002268879
0.303937500,-0.003061722
0.304000000,-0.003859101
0.304062500,-0.004615669
0.304125000,-0.005347874
0.304187500,-0.006088268
0.304250000,-0.006871082
0.304312500,-0.007702926
0.304375000,-0.008581735
0.304437500,-0.009475968
0.304500000,-0.010353684
0.304562500,-0.011195322
0.304625000,-0.012034368
0.304687500,-0.012927452
0.304750000,-0.013930413
0.304812500,-0.015053026
0.304875000,-0.016270949
0.304937500,-0.017504487
0.305000000,-0.018636633
0.305062500,-0.019527763
0.305125000,-0.020056145
0.305187500,-0.020126786
0.305250000,-0.019672001
0.305312500,-0.018648449
0.305375000,-0.017072698
0.305437500,-0.015034221
0.305500000,-0.012706795
0.305562500,-0.010319348
0.305625000,-0.008144863
0.305687500,-0.006399026
0.305750000,-0.005176842
0.305812500,-0.004404195
0.305875000,-0.003917540
0.305937500,-0.003504584
0.306000000,-0.003011981
0.306062500,-0.002397123
0.306125000,-0.001785664
0.306187500,-0.001370650
0.306250000,-0.001317742
0.306312500,-0.001663564
0.306375000,-0.002310802
0.306437500,-0.003051738
0.306500000,-0.003670852
0.306562500,-0.004041336
0.306625000,-0.004195407
0.306687500,-0.004286996
0.306750000,-0.004517972
0.306812500,-0.005032511
0.306875000,-0.005875564
0.306937500,-0.006953731
0.307000000,-0.008094699
0.307062500,-0.009113130
0.307125000,-0.009901979
0.307187500,-0.010409684
0.307250000,-0.010636058
0.307312500,-0.010591204
0.307375000,-0.010309155
0.307437500,-0.009806303
0.307500000,-0.009130068
0.307562500,-0.008380267
0.307625000,-0.007734312
0.307687500,-0.007351922
0.307750000,-0.007341704
0.307812500,-0.007722389
0.307875000,-0.008417942
0.307937500,-0.009257842
0.308000000,-0.010071312
0.308062500,-0.010779884
0.308125000,-0.011375153
0.308187500,-0.011905175
0.308250000,-0.012424421
0.308312500,-0.012975791
0.308375000,-0.013444765
0.308437500,-0.013642681
0.308500000,-0.013365666
0.308562500,-0.012536939
0.308625000,-0.011121988
0.308687500,-0.009246119
0.308750000,-0.007153455
0.308812500,-0.005202986
0.308875000,-0.003628261
0.308937500,-0.002577909
0.309000000,-0.002070737
0.309062500,-0.002066804
0.309125000,-0.002361389
0.309187500,-0.002737705
0.309250000,-0.003011981
0.309312500,-0.003131184
0.309375000,-0.003040915
0.309437500,-0.002762357
0.309500000,-0.002353110
0.309562500,-0.001932342
0.309625000,-0.001507232
0.309687500,-0.001043989
0.309750000,-0.000470622
0.309812500,0.000237899
0.309875000,0.001176094
0.309937500,0.002407059
0.310000000,0.003953225
0.310062500,0.005736746
0.310125000,0.007732355
0.310187500,0.009906534
0.310250000,0.012236172
0.310312500,0.014656109
0.310375000,0.017196571
0.310437500,0.019893283
0.310500000,0.022778107
0.310562500,0.025803268
0.310625000,0.028958570
0.310687500,0.032188203
0.310750000,0.035390779
0.310812500,0.038380649
0.310875000,0.041014727
0.310937500,0.043176748
0.311000000,0.044803217
0.311062500,0.045858908
0.311125000,0.046412364
0.311187500,0.046582427
0.311250000,0.046497457
0.311312500,0.046228997
0.311375000,0.045854367
0.311437500,0.045425914
0.311500000,0.044991467
0.311562500,0.044575445
0.311625000,0.044271909
0.311687500,0.044170249
0.311750000,0.044332597
0.311812500,0.044729382
0.311875000,0.045326527
0.311937500,0.046041820
0.312000000,0.046779834
0.312062500,0.047419444
0.312125000,0.047919333
0.312187500,0.048249185
0.312250000,0.048379947
0.312312500,0.048235256
0.312375000,0.047810387
0.312437500,0.047134478
0.312500000,0.046309207
0.312562500,0.045462698
0.312625000,0.044825107
0.312687500,0.044561639
0.312750000,0.044709094
0.312812500,0.045087174
0.312875000,0.045458410
0.312937500,0.045507554
0.313000000,0.044991467
0.313062500,0.043790791
0.313125000,0.042070299
0.313187500,0.040087022
0.313250000,0.038120385
0.313312500,0.036317438
0.313375000,0.034782857
0.313437500,0.033425562
0.313500000,0.032096423
0.313562500,0.030647973
0.313625000,0.029169949
0.313687500,0.027799094
0.313750000,0.026731333
0.313812500,0.026092663
0.313875000,0.026027460
0.313937500,0.026462646
0.314000000,0.027201954
0.314062500,0.027957456
0.314125000,0.028588360
0.314187500,0.028970102
0.314250000,0.029084442
0.314312500,0.028971490
0.314375000,0.028820768
0.314437500,0.028743580
0.314500000,0.028802069
0.314562500,0.028972909
0.314625000,0.029289380
0.314687500,0.029691545
0.314750000,0.030119810
0.314812500,0.030510291
0.314875000,0.030905327
0.314937500,0.031267844
0.315000000,0.031531677
0.315062500,0.031578165
0.315125000,0.031368367
0.315187500,0.030805850
0.315250000,0.029837437
0.315312500,0.028461240
0.315375000,0.026846102
0.315437500,0.025148045
0.315500000,0.023531102
0.315562500,0.022094695
0.315625000,0.020969782
0.315687500,0.020131974
0.315750000,0.019483753
0.315812500,0.018873220
0.315875000,0.018267153
0.315937500,0.017638983
0.316000000,0.017036518
0.316062500,0.016531385
0.316125000,0.016273791
0.316187500,0.016287172
0.316250000,0.016471772
0.316312500,0.016590465
0.316375000,0.016435184
0.316437500,0.015813719
0.316500000,0.014683408
0.316562500,0.013156081
0.316625000,0.011555254
0.316687500,0.010164176
0.316750000,0.009130068
0.316812500,0.008348658
0.316875000,0.007633310
0.316937500,0.006696303
0.317000000,0.005365091
0.317062500,0.003654346
0.317125000,0.001928046
0.317187500,0.000603168
0.317250000,0.000000000
0.317312500,0.000126549
0.317375000,0.000815223
0.317437500,0.001656975
0.317500000,0.002258986
0.317562500,0.002385313
0.317625000,0.002214900
0.317687500,0.002084386
0.317750000,0.002353110
0.317812500,0.003153253
0.317875000,0.004457470
0.317937500,0.005950996
0.318000000,0.007247579
0.318062500,0.008037896
0.318125000,0.008352075
0.318187500,0.008398250
0.318250000,0.008471197
0.318312500,0.008742491
0.318375000,0.009281700
0.318437500,0.009931098
0.318500000,0.010447809
0.318562500,0.010613406
0.318625000,0.010457092
0.318687500,0.010154358
0.318750000,0.009977187
0.318812500,0.010135978
0.318875000,0.010790010
0.318937500,0.011912378
0.319000000,0.013365666
0.319062500,0.014951806
0.319125000,0.016600676
0.319187500,0.018290702
0.319250000,0.020048497
0.319312500,0.021860847
0.319375000,0.023716079
0.319437500,0.025512535
0.319500000,0.027107829
0.319562500,0.028346406
0.319625000,0.029184725
0.319687500,0.029649820
0.319750000,0.029837437
0.319812500,0.029853370
0.319875000,0.029811827
0.319937500,0.029773662
0.320000000,0.029743314
0.320062500,0.029671913
0.320125000,0.029505912
0.320187500,0.029192844
0.320250000,0.028707944
0.320312500,0.028063832
0.320375000,0.027319102
0.320437500,0.026560036
0.320500000,0.025884213
0.320562500,0.025366485
0.320625000,0.025047157
0.320687500,0.024882136
0.320750000,0.024754720
0.320812500,0.024500692
0.320875000,0.024001990
0.320937500,0.023212768
0.321000000,0.022213360
0.321062500,0.021187188
0.321125000,0.020411739
0.321187500,0.020101804
0.321250000,0.020330872
0.321312500,0.020966319
0.321375000,0.021760369
0.321437500,0.022387678
0.321500000,0.022589857
0.321562500,0.022252159
0.321625000,0.021505762
0.321687500,0.020591483
0.321750000,0.019766126
0.321812500,0.019156706
0.321875000,0.018789783
0.321937500,0.018505063
0.322000000,0.018071886
0.322062500,0.017266396
0.322125000,0.016056942
0.322187500,0.014493669
0.322250000,0.012706795
0.322312500,0.010806875
0.322375000,0.008944020
0.322437500,0.007159332
0.322500000,0.005459215
0.322562500,0.003832484
0.322625000,0.002393951
0.322687500,0.001243065
0.322750000,0.000470622
0.322812500,0.000084916
0.322875000,0.000101806
0.322937500,0.000426418
0.323000000,0.000941244
0.323062500,0.001530763
0.323125000,0.002211973
0.323187500,0.003008417
0.323250000,0.003953225
0.323312500,0.005022966
0.323375000,0.006204918
0.323437500,0.007394848
0.323500000,0.008471197
0.323562500,0.009325674
0.323625000,0.009967713
0.323687500,0.010439246
0.323750000,0.010824307
0.323812500,0.011195658
0.323875000,0.011642525
0.323937500,0.012165241
0.324000000,0.012706795
0.324062500,0.013157781
0.324125000,0.013472026
0.324187500,0.013602555
0.324250000,0.013553915
0.324312500,0.013352810
0.324375000,0.013126642
0.324437500,0.012960413
0.324500000,0.012895043
0.324562500,0.012877099
0.324625000,0.012890553
0.324687500,0.012875838
0.324750000,0.012800919
0.324812500,0.012643067
0.324875000,0.012508684
0.324937500,0.012484122
0.325000000,0.012612671
0.325062500,0.012819545
0.325125000,0.013035545
0.325187500,0.013149081
0.325250000,0.013083293
0.325312500,0.012793291
0.325375000,0.012384869
0.325437500,0.011983069
0.325500000,0.011671427
0.325562500,0.011382207
0.325625000,0.011037202
0.325687500,0.010503834
0.325750000,0.009694814
0.325812500,0.008571600
0.325875000,0.007322542
0.325937500,0.006184152
0.326000000,0.005365091
0.326062500,0.004886747
0.326125000,0.004756171
0.326187500,0.004859516
0.326250000,0.005082718
0.326312500,0.005317119
0.326375000,0.005703511
0.326437500,0.006420725
0.326500000,0.007624077
0.326562500,0.009268531
0.326625000,0.011296670
0.326687500,0.013495049
0.326750000,0.015624652
0.326812500,0.017443940
0.326875000,0.018983083
0.326937500,0.020359727
0.327000000,0.021742739
0.327062500,0.023182401
0.327125000,0.024742974
0.327187500,0.026328199
0.327250000,0.027766701
0.327312500,0.028826084
0.327375000,0.029494146
0.327437500,0.029857974
0.327500000,0.030119810
0.327562500,0.030459706
0.327625000,0.031136518
0.327687500,0.032259461
0.327750000,0.033790659
0.327812500,0.035505038
0.327875000,0.037236914
0.327937500,0.038820468
0.328000000,0.040191121
0.328062500,0.041349422
0.328125000,0.042483859
0.328187500,0.043761734
0.328250000,0.045273837
0.328312500,0.046935156
0.328375000,0.048628539
0.328437500,0.050162800
0.328500000,0.051391926
0.328562500,0.052253500
0.328625000,0.052874960
0.328687500,0.053443294
0.328750000,0.054121532
0.328812500,0.054933388
0.328875000,0.055782463
0.328937500,0.056441233
0.329000000,0.056662891
0.329062500,0.056284547
0.329125000,0.055331584
0.329187500,0.053984039
0.329250000,0.052521419
0.329312500,0.051212814
0.329375000,0.050257053
0.329437500,0.049688283
0.329500000,0.049415316
0.329562500,0.049276002
0.329625000,0.049147990
0.329687500,0.048926786
0.329750000,0.048568193
0.329812500,0.048064917
0.329875000,0.047472090
0.329937500,0.046796020
0.330000000,0.046026833
0.330062500,0.045145411
0.330125000,0.044185586
0.330187500,0.043154772
0.330250000,0.042073611
0.330312500,0.040966082
0.330375000,0.039890826
0.330437500,0.038832959
0.330500000,0.037743889
0.330562500,0.036552038
0.330625000,0.035225689
0.330687500,0.033691395
0.330750000,0.031908173
0.330812500,0.029890426
0.330875000,0.027731473
0.330937500,0.025476607
0.331000000,0.023154603
0.331062500,0.020782020
0.331125000,0.018387288
0.331187500,0.015923724
0.331250000,0.013365666
0.331312500,0.010763824
0.331375000,0.008252526
0.331437500,0.005924513
0.331500000,0.003859101
0.331562500,0.002131705
0.331625000,0.000777946
0.331687500,-0.000279126
0.331750000,-0.001129493
0.331812500,-0.001787581
0.331875000,-0.002237296
0.331937500,-0.002505127
0.332000000,-0.002635483
0.332062500,-0.002648867
0.332125000,-0.002641805
0.332187500,-0.002780496
0.332250000,-0.003200230
0.332312500,-0.003879356
0.332375000,-0.004748132
0.332437500,-0.005716634
0.332500000,-0.006682833
0.332562500,-0.007501452
0.332625000,-0.008165843
0.332687500,-0.008785393
0.332750000,-0.009506566
0.332812500,-0.010373162
0.332875000,-0.011442598
0.332937500,-0.012752782
0.333000000,-0.014306910
0.333062500,-0.016013836
0.333125000,-0.017845413
0.333187500,-0.019796506
0.333250000,-0.021836862
0.333312500,-0.023818063
0.333375000,-0.025651254
0.333437500,-0.027299633
0.333500000,-0.028802069
0.333562500,-0.030200528
0.333625000,-0.031693753
0.333687500,-0.033481751
0.333750000,-0.035673149
0.333812500,-0.038137306
0.333875000,-0.040725220
0.333937500,-0.043222982
0.334000000,-0.045462091
0.334062500,-0.047306467
0.334125000,-0.048908856
0.334187500,-0.050505597
0.334250000,-0.052333172
0.334312500,-0.054425869
0.334375000,-0.056809172
0.334437500,-0.059345979
0.334500000,-0.061839733
0.334562500,-0.064032167
0.334625000,-0.065913625
0.334687500,-0.067555971
0.334750000,-0.069087312
0.334812500,-0.070514545
0.334875000,-0.071901731
0.334937500,-0.073172756
0.335000000,-0.074170031
0.335062500,-0.074623212
0.335125000,-0.074482441
0.335187500,-0.073779047
0.335250000,-0.072664037
0.335312500,-0.071263418
0.335375000,-0.069893092
0.335437500,-0.068780042
0.335500000,-0.068051949
0.335562500,-0.067607090
0.335625000,-0.067450479
0.335687500,-0.067498803
0.335750000,-0.067675456
0.335812500,-0.067808710
0.335875000,-0.067996182
0.335937500,-0.068288498
0.336000000,-0.068710819
0.336062500,-0.069088176
0.336125000,-0.069454663
0.336187500,-0.069749631
0.336250000,-0.069934435
0.336312500,-0.069862857
0.336375000,-0.069739707
0.336437500,-0.069701150
0.336500000,-0.069840305
0.336562500,-0.069981910
0.336625000,-0.070179559
0.336687500,-0.070323430
0.336750000,-0.070310935
0.336812500,-0.069922537
0.336875000,-0.069383897
0.336937500,-0.068864718
0.337000000,-0.068522573
0.337062500,-0.068238899
0.337125000,-0.068169743
0.337187500,-0.068258755
0.337250000,-0.068428449
0.337312500,-0.068439215
0.337375000,-0.068527371
0.337437500,-0.068830505
0.337500000,-0.069463812
0.337562500,-0.070243627
0.337625000,-0.071313731
0.337687500,-0.072591625
0.337750000,-0.073981784
0.337812500,-0.075214908
0.337875000,-0.076540075
0.337937500,-0.078099042
0.338000000,-0.080005743
0.338062500,-0.082049295
0.338125000,-0.084348924
0.338187500,-0.086788669
0.338250000,-0.089229941
0.338312500,-0.091349989
0.338375000,-0.093360797
0.338437500,-0.095398508
0.338500000,-0.097607009
0.338562500,-0.099834144
0.338625000,-0.102258526
0.338687500,-0.104798131
0.338750000,-0.107301824
0.338812500,-0.109390952
0.338875000,-0.111186482
0.338937500,-0.112742588
0.339000000,-0.114172906
0.339062500,-0.115375869
0.339125000,-0.116644241
0.339187500,-0.118040681
0.339250000,-0.119538002
0.339312500,-0.120818526
0.339375000,-0.121994041
0.339437500,-0.123057842
0.339500000,-0.124055974
0.339562500,-0.124849439
0.339625000,-0.125766203
0.339687500,-0.126953810
0.339750000,-0.128479809
0.339812500,-0.130071104
0.339875000,-0.131832823
0.339937500,-0.133680552
0.340000000,-0.135539159
0.340062500,-0.137129560
0.340125000,-0.138702378
0.340187500,-0.140374154
0.340250000,-0.142221987
0.340312500,-0.143973351
0.340375000,-0.145745382
0.340437500,-0.147410437
0.340500000,-0.148810685
0.340562500,-0.149550661
0.340625000,-0.149830937
0.340687500,-0.149756461
0.340750000,-0.149469554
0.340812500,-0.148811743
0.340875000,-0.148125067
0.340937500,-0.147490859
0.341000000,-0.146928206
0.341062500,-0.146119863
0.341125000,-0.145344242
0.341187500,-0.144680783
0.341250000,-0.144198582
0.341312500,-0.143615156
0.341375000,-0.143239185
0.341437500,-0.143115774
0.341500000,-0.143257350
0.341562500,-0.143332839
0.341625000,-0.143654972
0.341687500,-0.144283459
0.341750000,-0.145233959
0.341812500,-0.146135733
0.341875000,-0.147228345
0.341937500,-0.148478538
0.342000000,-0.149846047
0.342062500,-0.150980994
0.342125000,-0.152218714
0.342187500,-0.153645441
0.342250000,-0.155305266
0.342312500,-0.156849280
0.342375000,-0.158522606
0.342437500,-0.160263762
0.342500000,-0.161988109
0.342562500,-0.163304299
0.342625000,-0.164531693
0.342687500,-0.165758237
0.342750000,-0.167070821
0.342812500,-0.168200985
0.342875000,-0.169523656
0.342937500,-0.171090424
0.343000000,-0.172906533
0.343062500,-0.174624726
0.343125000,-0.176591977
0.343187500,-0.178865373
0.343250000,-0.181471869
0.343312500,-0.184066057
0.343375000,-0.186927319
0.343437500,-0.189974293
0.343500000,-0.193049163
0.343562500,-0.195641592
0.343625000,-0.197919011
0.343687500,-0.199817568
0.343750000,-0.201332107
0.343812500,-0.202212766
0.343875000,-0.202888250
0.343937500,-0.203488782
0.344000000,-0.204061717
0.344062500,-0.204267919
0.344125000,-0.204328895
0.344187500,-0.204178423
0.344250000,-0.203779340
0.344312500,-0.202881411
0.344375000,-0.201916933
0.344437500,-0.201055333
0.344500000,-0.200390860
0.344562500,-0.199625641
0.344625000,-0.198963538
0.344687500,-0.198280260
0.344750000,-0.197473019
0.344812500,-0.196269959
0.344875000,-0.195125833
0.344937500,-0.194273978
0.345000000,-0.193896279
0.345062500,-0.193776250
0.345125000,-0.194135636
0.345187500,-0.194767743
0.345250000,-0.195402265
0.345312500,-0.195562989
0.345375000,-0.195470870
0.345437500,-0.195149690
0.345500000,-0.194649279
0.345562500,-0.193754718
0.345625000,-0.192760676
0.345687500,-0.191608950
0.345750000,-0.190225422
0.345812500,-0.188371256
0.345875000,-0.186445698
0.345937500,-0.184584409
0.346000000,-0.182883725
0.346062500,-0.181146353
0.346125000,-0.179614037
0.346187500,-0.178123280
0.346250000,-0.176483274
0.346312500,-0.174381524
0.346375000,-0.172162771
0.346437500,-0.169936806
0.346500000,-0.167823821
0.346562500,-0.165717006
0.346625000,-0.163940668
0.346687500,-0.162384093
0.346750000,-0.160858616
0.346812500,-0.159023345
0.346875000,-0.157122701
0.346937500,-0.155170560
0.347000000,-0.153234541
0.347062500,-0.151254833
0.347125000,-0.149610341
0.347187500,-0.148277044
0.347250000,-0.147116452
0.347312500,-0.145793751
0.347375000,-0.144393891
0.347437500,-0.142719761
0.347500000,-0.140621871
0.347562500,-0.137933016
0.347625000,-0.134969175
0.347687500,-0.131797776
0.347750000,-0.128479809
0.347812500,-0.124971129
0.347875000,-0.121565543
0.347937500,-0.118216991
0.348000000,-0.114831775
0.348062500,-0.111249946
0.348125000,-0.107674919
0.348187500,-0.104050972
0.348250000,-0.100336619
0.348312500,-0.096474588
0.348375000,-0.092740729
0.348437500,-0.089138746
0.348500000,-0.085653216
0.348562500,-0.082235448
0.348625000,-0.079119794
0.348687500,-0.076266691
0.348750000,-0.073605292
0.348812500,-0.071030535
0.348875000,-0.068684913
0.348937500,-0.066449754
0.349000000,-0.064192846
0.349062500,-0.061792843
0.349125000,-0.059390329
0.349187500,-0.056916922
0.349250000,-0.054309785
0.349312500,-0.051524702
0.349375000,-0.048711739
0.349437500,-0.045785252
0.349500000,-0.042638354
0.349562500,-0.039200246
0.349625000,-0.035602991
0.349687500,-0.031819090
0.349750000,-0.027860826
0.349812500,-0.023822546
0.349875000,-0.019946067
0.349937500,-0.016253980
0.350000000,-0.012706795
0.350062500,-0.009261840
0.350125000,-0.005940475
0.350187500,-0.002563518
0.350250000,0.001035369
0.350312500,0.004885118
0.350375000,0.008847708
0.350437500,0.012849541
0.350500000,0.016754145
0.350562500,0.020309418
0.350625000,0.023286276
0.350687500,0.025693676
0.350750000,0.027672576
0.350812500,0.029340500
0.350875000,0.030886427
0.350937500,0.032551028
0.351000000,0.034449533
0.351062500,0.036395367
0.351125000,0.038197756
0.351187500,0.039746549
0.351250000,0.041038241
0.351312500,0.042053755
0.351375000,0.043053865
0.351437500,0.044388968
0.351500000,0.046309207
0.351562500,0.048666477
0.351625000,0.051302332
0.351687500,0.053977646
0.351750000,0.056474645
0.351812500,0.058503181
0.351875000,0.060208190
0.351937500,0.061901134
0.352000000,0.063910469
0.352062500,0.066206023
0.352125000,0.068827771
0.352187500,0.071625859
0.352250000,0.074358284
0.352312500,0.076572031
0.352375000,0.078280509
0.352437500,0.079645760
0.352500000,0.080946989
0.352562500,0.082209393
0.352625000,0.083756626
0.352687500,0.085739926
0.352750000,0.088194571
0.352812500,0.090800300
0.352875000,0.093655214
0.352937500,0.096811399
0.353000000,0.100336619
0.353062500,0.103969947
0.353125000,0.107862674
0.353187500,0.111987606
0.353250000,0.116243646
0.353312500,0.120176904
0.353375000,0.123852968
0.353437500,0.127282485
0.353500000,0.130550563
0.353562500,0.133486301
0.353625000,0.136456162
0.353687500,0.139671490
0.353750000,0.143257350
0.353812500,0.146905288
0.353875000,0.150714844
0.353937500,0.154569462
0.354000000,0.158317253
0.354062500,0.161512271
0.354125000,0.164294377
0.354187500,0.166734785
0.354250000,0.168953314
0.354312500,0.170769215
0.354375000,0.172518179
0.354437500,0.174334556
0.354500000,0.176295027
0.354562500,0.178116277
0.354625000,0.180043727
0.354687500,0.182147771
0.354750000,0.184483841
0.354812500,0.186768621
0.354875000,0.189249933
0.354937500,0.191949874
0.355000000,0.194837525
0.355062500,0.197531968
0.355125000,0.200200796
0.355187500,0.202822834
0.355250000,0.205379456
0.355312500,0.207557067
0.355375000,0.209601551
0.355437500,0.211544856
0.355500000,0.213380039
0.355562500,0.214767337
0.355625000,0.215904385
0.355687500,0.216766998
0.355750000,0.217333257
0.355812500,0.217319936
0.355875000,0.217052400
0.355937500,0.216645643
0.356000000,0.216203764
0.356062500,0.215515032
0.356125000,0.214910075
0.356187500,0.214404315
0.356250000,0.213944778
0.356312500,0.213159740
0.356375000,0.212290779
0.356437500,0.211345062
0.356500000,0.210368052
0.356562500,0.209158331
0.356625000,0.208160177
0.356687500,0.207489386
0.356750000,0.207167834
0.356812500,0.206829056
0.356875000,0.206680223
0.356937500,0.206586540
0.357000000,0.206414819
0.357062500,0.205797568
0.357125000,0.205078825
0.357187500,0.204309016
0.357250000,0.203496978
0.357312500,0.202308044
0.357375000,0.201009035
0.357437500,0.199515715
0.357500000,0.197755381
0.357562500,0.195445731
0.357625000,0.193038866
0.357687500,0.190674320
0.357750000,0.188437060
0.357812500,0.186050132
0.357875000,0.183812156
0.357937500,0.181606799
0.358000000,0.179306999
0.358062500,0.176588967
0.358125000,0.173911825
0.358187500,0.171442613
0.358250000,0.169329807
0.358312500,0.167375222
0.358375000,0.165944576
0.358437500,0.164911538
0.358500000,0.164058834
0.358562500,0.162911981
0.358625000,0.161752194
0.358687500,0.160600051
0.358750000,0.159540862
0.358812500,0.158433139
0.358875000,0.157742396
0.358937500,0.157468706
0.359000000,0.157470137
0.359062500,0.157273427
0.359125000,0.157012492
0.359187500,0.156513914
0.359250000,0.155681759
0.359312500,0.154297799
0.359375000,0.152841926
0.359437500,0.151460677
0.359500000,0.150222555
0.359562500,0.148860484
0.359625000,0.147628203
0.359687500,0.146377727
0.359750000,0.144951582
0.359812500,0.143026829
0.359875000,0.140998557
0.359937500,0.138994575
0.360000000,0.137139261
0.360062500,0.135272861
0.360125000,0.133760363
0.360187500,0.132543176
0.360250000,0.131491795
0.360312500,0.130246311
0.360375000,0.129106089
0.360437500,0.128118142
0.360500000,0.127350330
0.360562500,0.126618117
0.360625000,0.126256511
0.360687500,0.126188636
0.360750000,0.126220837
0.360812500,0.125872791
0.360875000,0.125235736
0.360937500,0.124175429
0.361000000,0.122644104
0.361062500,0.120473340
0.361125000,0.118121833
0.361187500,0.115785301
0.361250000,0.113608167
0.361312500,0.111433789
0.361375000,0.109573603
0.361437500,0.107999273
0.361500000,0.106642954
0.361562500,0.105218105
0.361625000,0.104037084
0.361687500,0.103172749
0.361750000,0.102689728
0.361812500,0.102378964
0.361875000,0.102531910
0.361937500,0.103088871
0.362000000,0.103913352
0.362062500,0.104601949
0.362125000,0.105312534
0.362187500,0.105973631
0.362250000,0.106548831
0.362312500,0.106813669
0.362375000,0.107111059
0.362437500,0.107534148
0.362500000,0.108148940
0.362562500,0.108761735
0.362625000,0.109645888
0.362687500,0.110765904
0.362750000,0.112008043
0.362812500,0.112987854
0.362875000,0.113798447
0.362937500,0.114314839
0.363000000,0.114455283
0.363062500,0.113999531
0.363125000,0.113296643
0.363187500,0.112515792
0.363250000,0.111819796
0.363312500,0.111116059
0.363375000,0.110732779
0.363437500,0.110697724
0.363500000,0.110972673
0.363562500,0.111277916
0.363625000,0.111827835
0.363687500,0.112632550
0.363750000,0.113702290
0.363812500,0.114820085
0.363875000,0.116213933
0.363937500,0.117850982
0.364000000,0.119632125
0.364062500,0.121195413
0.364125000,0.122622222
0.364187500,0.123796687
0.364250000,0.124620721
0.364312500,0.124827892
0.364375000,0.124663882
0.364437500,0.124235734
0.364500000,0.123679467
0.364562500,0.122928120
0.364625000,0.122320995
0.364687500,0.121925391
0.364750000,0.121702865
0.364812500,0.121330239
0.364875000,0.120883040
0.364937500,0.120263651
0.365000000,0.119443879
0.365062500,0.118300565
0.365125000,0.117219336
0.365187500,0.116398744
0.365250000,0.115961269
0.365312500,0.115715496
0.365375000,0.115777291
0.365437500,0.115980618
0.365500000,0.116149522
0.365562500,0.115990706
0.365625000,0.115760595
0.365687500,0.115602665
0.365750000,0.115678892
0.365812500,0.115910269
0.365875000,0.116548993
0.365937500,0.117528901
0.366000000,0.118690871
0.366062500,0.119665906
0.366125000,0.120543949
0.366187500,0.121282309
0.366250000,0.121891111
0.366312500,0.122235365
0.366375000,0.122573093
0.366437500,0.122915439
0.366500000,0.123208851
0.366562500,0.123198539
0.366625000,0.123004794
0.366687500,0.122554280
0.366750000,0.121796988
0.366812500,0.120576859
0.366875000,0.119160429
0.366937500,0.117628209
0.367000000,0.116055392
0.367062500,0.114361487
0.367125000,0.112823159
0.367187500,0.111477114
0.367250000,0.110313803
0.367312500,0.109153107
0.367375000,0.108159266
0.367437500,0.107280552
0.367500000,0.106454708
0.367562500,0.105502993
0.367625000,0.104619652
0.367687500,0.103827178
0.367750000,0.103160344
0.367812500,0.102541476
0.367875000,0.102221012
0.367937500,0.102222405
0.368000000,0.102501482
0.368062500,0.102832325
0.368125000,0.103253722
0.368187500,0.103582516
0.368250000,0.103630975
0.368312500,0.103146009
0.368375000,0.102247998
0.368437500,0.100928634
0.368500000,0.099207126
0.368562500,0.097008750
0.368625000,0.094558567
0.368687500,0.091872208
0.368750000,0.088947564
0.368812500,0.085691079
0.368875000,0.082365572
0.368937500,0.079078957
0.369000000,0.075958401
0.369062500,0.073023103
0.369125000,0.070606902
0.369187500,0.068793155
0.369250000,0.067581318
0.369312500,0.066766635
0.369375000,0.066406831
0.369437500,0.066293433
0.369500000,0.066169456
0.369562500,0.065662585
0.369625000,0.064804181
0.369687500,0.063540846
0.369750000,0.061933860
0.369812500,0.060024768
0.369875000,0.058237117
0.369937500,0.056775227
0.370000000,0.055721652
0.370062500,0.054884013
0.370125000,0.054263346
0.370187500,0.053615160
0.370250000,0.052709669
0.370312500,0.051298432
0.370375000,0.049591318
0.370437500,0.047739793
0.370500000,0.045932710
0.370562500,0.044200107
0.370625000,0.042802673
0.370687500,0.041720930
0.370750000,0.040849991
0.370812500,0.039939716
0.370875000,0.039111122
0.370937500,0.038384076
0.371000000,0.037838012
0.371062500,0.037454262
0.371125000,0.037523948
0.371187500,0.038104314
0.371250000,0.039155755
0.371312500,0.040430296
0.371375000,0.041939836
0.371437500,0.043534316
0.371500000,0.045085590
0.371562500,0.046399187
0.371625000,0.047612589
0.371687500,0.048762988
0.371750000,0.049885936
0.371812500,0.050887883
0.371875000,0.051896617
0.371937500,0.052892823
0.372000000,0.053839162
0.372062500,0.054599974
0.372125000,0.055283561
0.372187500,0.055883877
0.372250000,0.056380518
0.372312500,0.056646306
0.372375000,0.056767717
0.372437500,0.056735229
0.372500000,0.056568768
0.372562500,0.056251023
0.372625000,0.055996377
0.372687500,0.055921994
0.372750000,0.056098148
0.372812500,0.056442097
0.372875000,0.056987900
0.372937500,0.057630923
0.373000000,0.058263011
0.373062500,0.058745828
0.373125000,0.059183389
0.373187500,0.059652280
0.373250000,0.060239621
0.373312500,0.060931940
0.373375000,0.061794616
0.373437500,0.062741242
0.373500000,0.063628100
0.373562500,0.064248383
0.373625000,0.064570062
0.373687500,0.064567678
0.373750000,0.064286970
0.373812500,0.063770577
0.373875000,0.063183054
0.373937500,0.062577143
0.374000000,0.061933860
0.374062500,0.061127178
0.374125000,0.060137644
0.374187500,0.058900032
0.374250000,0.057415888
0.374312500,0.055723671
0.374375000,0.054051671
0.374437500,0.052548364
0.374500000,0.051297802
0.374562500,0.050236776
0.374625000,0.049345952
0.374687500,0.048463911
0.374750000,0.047438700
0.374812500,0.046148758
0.374875000,0.044741694
0.374937500,0.043378595
0.375000000,0.042261858
0.375062500,0.041509967
0.375125000,0.041276582
0.375187500,0.041476298
0.375250000,0.041885361
0.375312500,0.042168792
0.375375000,0.042140134
0.375437500,0.041620474
0.375500000,0.040567622
0.375562500,0.039046373
0.375625000,0.037326105
0.375687500,0.035595957
0.375750000,0.033978913
0.375812500,0.032475833
0.375875000,0.031108929
0.375937500,0.029762747
0.376000000,0.028331446
0.376062500,0.026752440
0.376125000,0.025166633
0.376187500,0.023680352
0.376250000,0.022401609
0.376312500,0.021367015
0.376375000,0.020646438
0.376437500,0.020132694
0.376500000,0.019672001
0.376562500,0.019110814
0.376625000,0.018481229
0.376687500,0.017817847
0.376750000,0.017224766
0.376812500,0.016810892
0.376875000,0.016759569
0.376937500,0.017085193
0.377000000,0.017695390
0.377062500,0.018396324
0.377125000,0.019057546
0.377187500,0.019493075
0.377250000,0.019577878
0.377312500,0.019259360
0.377375000,0.018638039
0.377437500,0.017782802
0.377500000,0.016754145
0.377562500,0.015569397
0.377625000,0.014269026
0.377687500,0.012800489
0.377750000,0.011106680
0.377812500,0.009155896
0.377875000,0.007049272
0.377937500,0.004890912
0.378000000,0.002823732
0.378062500,0.000981340
0.378125000,-0.000463568
0.378187500,-0.001467468
0.378250000,-0.002070737
0.378312500,-0.002396907
0.378375000,-0.002530935
0.378437500,-0.002606860
0.378500000,-0.002729608
0.378562500,-0.002976448
0.378625000,-0.003303905
0.378687500,-0.003677195
0.378750000,-0.004047350
0.378812500,-0.004384867
0.378875000,-0.004603348
0.378937500,-0.004659174
0.379000000,-0.004517972
0.379062500,-0.004180041
0.379125000,-0.003615638
0.379187500,-0.002875114
0.379250000,-0.002070737
0.379312500,-0.001385779
0.379375000,-0.000975649
0.379437500,-0.000992855
0.379500000,-0.001505991
0.379562500,-0.002482209
0.379625000,-0.003728157
0.379687500,-0.005014215
0.379750000,-0.006118086
0.379812500,-0.006906599
0.379875000,-0.007300684
0.379937500,-0.007348963
0.380000000,-0.007153455
0.380062500,-0.006829400
0.380125000,-0.006404574
0.380187500,-0.005888820
0.380250000,-0.005270967
0.380312500,-0.004561411
0.380375000,-0.003756458
0.380437500,-0.002886924
0.380500000,-0.001976613
0.380562500,-0.001027493
0.380625000,0.000003971
0.380687500,0.001159796
0.380750000,0.002447235
0.380812500,0.003811324
0.380875000,0.005134669
0.380937500,0.006281967
0.381000000,0.007153455
0.381062500,0.007733099
0.381125000,0.008083208
0.381187500,0.008323579
0.381250000,0.008565322
0.381312500,0.008859263
0.381375000,0.009154920
0.381437500,0.009345199
0.381500000,0.009318316
0.381562500,0.009029820
0.381625000,0.008504869
0.381687500,0.007859944
0.381750000,0.007247579
0.381812500,0.006805334
0.381875000,0.006579187
0.381937500,0.006536965
0.382000000,0.006588709
0.382062500,0.006641071
0.382125000,0.006623712
0.382187500,0.006528551
0.382250000,0.006400459
0.382312500,0.006317135
0.382375000,0.006328452
0.382437500,0.006457934
0.382500000,0.006682833
0.382562500,0.006954235
0.382625000,0.007173576
0.382687500,0.007259322
0.382750000,0.007153455
0.382812500,0.006845298
0.382875000,0.006321188
0.382937500,0.005598577
0.383000000,0.004706220
0.383062500,0.003693304
0.383125000,0.002593935
0.383187500,0.001463454
0.383250000,0.000376498
0.383312500,-0.000570751
0.383375000,-0.001297777
0.383437500,-0.001760547
0.383500000,-0.001976613
0.383562500,-0.002031763
0.383625000,-0.002061172
0.383687500,-0.002222623
0.383750000,-0.002635483
0.383812500,-0.003338073
0.383875000,-0.004261090
0.383937500,-0.005272574
0.384000000,-0.006212211
0.384062500,-0.006941318
0.384125000,-0.007363358
0.384187500,-0.007456994
0.384250000,-0.007247579
0.384312500,-0.006782454
0.384375000,-0.006107188
0.384437500,-0.005289358
0.384500000,-0.004423847
0.384562500,-0.003639690
0.384625000,-0.003085687
0.384687500,-0.002909219
0.384750000,-0.003200230
0.384812500,-0.003946904
0.384875000,-0.005037329
0.384937500,-0.006295566
0.385000000,-0.007529953
0.385062500,-0.008581880
0.385125000,-0.009367108
0.385187500,-0.009881637
0.385250000,-0.010165436
0.385312500,-0.010255025
0.385375000,-0.010171517
0.385437500,-0.009921518
0.385500000,-0.009506566
0.385562500,-0.008934383
0.385625000,-0.008245866
0.385687500,-0.007505581
0.385750000,-0.006776957
0.385812500,-0.006090044
0.385875000,-0.005451733
0.385937500,-0.004841288
0.386000000,-0.004235599
0.386062500,-0.003627877
0.386125000,-0.003055270
0.386187500,-0.002577839
0.386250000,-0.002258986
0.386312500,-0.002130596
0.386375000,-0.002185372
0.386437500,-0.002356677
0.386500000,-0.002541359
0.386562500,-0.002630597
0.386625000,-0.002574216
0.386687500,-0.002386980
0.386750000,-0.002164861
0.386812500,-0.002052332
0.386875000,-0.002212052
0.386937500,-0.002729438
0.387000000,-0.003576728
0.387062500,-0.004608941
0.387125000,-0.005611848
0.387187500,-0.006373787
0.387250000,-0.006776957
0.387312500,-0.006859226
0.387375000,-0.006771183
0.387437500,-0.006719592
0.387500000,-0.006871082
0.387562500,-0.007298837
0.387625000,-0.007902713
0.387687500,-0.008484896
0.387750000,-0.008847695
0.387812500,-0.008912777
0.387875000,-0.008700498
0.387937500,-0.008321962
0.388000000,-0.007906451
0.388062500,-0.007547823
0.388125000,-0.007216826
0.388187500,-0.006806469
0.388250000,-0.006212211
0.388312500,-0.005435142
0.388375000,-0.004556486
0.388437500,-0.003730291
0.388500000,-0.003106105
0.388562500,-0.002775818
0.388625000,-0.002682891
0.388687500,-0.002685701
0.388750000,-0.002635483
0.388812500,-0.002480544
0.388875000,-0.002247400
0.388937500,-0.002043520
0.389000000,-0.001976613
0.389062500,-0.002096926
0.389125000,-0.002308198
0.389187500,-0.002427367
0.389250000,-0.002258986
0.389312500,-0.001702619
0.389375000,-0.000730975
0.389437500,0.000589321
0.389500000,0.002164861
0.389562500,0.003920563
0.389625000,0.005884566
0.389687500,0.008134452
0.389750000,0.010730183
0.389812500,0.013625666
0.389875000,0.016649351
0.389937500,0.019522835
0.390000000,0.021930987
0.390062500,0.023617554
0.390125000,0.024460334
0.390187500,0.024519280
0.390250000,0.024001725
0.390312500,0.023198903
0.390375000,0.022366786
0.390437500,0.021697069
0.390500000,0.021272115
0.390562500,0.021086600
0.390625000,0.021033602
0.390687500,0.021000490
0.390750000,0.020895619
0.390812500,0.020689711
0.390875000,0.020356804
0.390937500,0.019913763
0.391000000,0.019389628
0.391062500,0.018838206
0.391125000,0.018262547
0.391187500,0.017680792
0.391250000,0.017130643
0.391312500,0.016704507
0.391375000,0.016472470
0.391437500,0.016509170
0.391500000,0.016848268
0.391562500,0.017476702
0.391625000,0.018264089
0.391687500,0.019029764
0.391750000,0.019577878
0.391812500,0.019775188
0.391875000,0.019512249
0.391937500,0.018770961
0.392000000,0.017601265
0.392062500,0.016124669
0.392125000,0.014422594
0.392187500,0.012571777
0.392250000,0.010636058
0.392312500,0.008703797
0.392375000,0.006813361
0.392437500,0.004980765
0.392500000,0.003200230
0.392562500,0.001472563
0.392625000,-0.000219685
0.392687500,-0.001904338
0.392750000,-0.003576728
0.392812500,-0.005168302
0.392875000,-0.006594721
0.392937500,-0.007815959
0.393000000,-0.008847695
0.393062500,-0.009745999
0.393125000,-0.010638845
0.393187500,-0.011684682
0.393250000,-0.012989169
0.393312500,-0.014517942
0.393375000,-0.016139017
0.393437500,-0.017650107
0.393500000,-0.018824881
0.393562500,-0.019449150
0.393625000,-0.019461464
0.393687500,-0.018960439
0.393750000,-0.018166009
0.393812500,-0.017310923
0.393875000,-0.016653195
0.393937500,-0.016380584
0.394000000,-0.016565897
0.394062500,-0.017122608
0.394125000,-0.017950330
0.394187500,-0.018948004
0.394250000,-0.020048497
0.394312500,-0.021183044
0.394375000,-0.022373430
0.394437500,-0.023658343
0.394500000,-0.025037091
0.394562500,-0.026392348
0.394625000,-0.027578302
0.394687500,-0.028428355
0.394750000,-0.028802069
0.394812500,-0.028604185
0.394875000,-0.027897641
0.394937500,-0.026870290
0.395000000,-0.025790086
0.395062500,-0.024903834
0.395125000,-0.024427634
0.395187500,-0.024454147
0.395250000,-0.024942968
0.395312500,-0.025728513
0.395375000,-0.026633624
0.395437500,-0.027496977
0.395500000,-0.028237322
0.395562500,-0.028854836
0.395625000,-0.029459903
0.395687500,-0.030168960
0.395750000,-0.031061055
0.395812500,-0.032123242
0.395875000,-0.033291578
0.395937500,-0.034426473
0.396000000,-0.035390779
0.396062500,-0.036096364
0.396125000,-0.036593989
0.396187500,-0.036995966
0.396250000,-0.037461512
0.396312500,-0.038123619
0.396375000,-0.039080076
0.396437500,-0.040289942
0.396500000,-0.041602992
0.396562500,-0.042790309
0.396625000,-0.043644276
0.396687500,-0.043974869
0.396750000,-0.043673724
0.396812500,-0.042729024
0.396875000,-0.041246671
0.396937500,-0.039370075
0.397000000,-0.037273265
0.397062500,-0.035126630
0.397125000,-0.033080243
0.397187500,-0.031174891
0.397250000,-0.029366815
0.397312500,-0.027553495
0.397375000,-0.025646666
0.397437500,-0.023556048
0.397500000,-0.021272115
0.397562500,-0.018885966
0.397625000,-0.016592246
0.397687500,-0.014559783
0.397750000,-0.012895043
0.397812500,-0.011596852
0.397875000,-0.010596805
0.397937500,-0.009731916
0.398000000,-0.008847695
0.398062500,-0.007855570
0.398125000,-0.006807609
0.398187500,-0.005787380
0.398250000,-0.004894469
0.398312500,-0.004183553
0.398375000,-0.003694563
0.398437500,-0.003363942
0.398500000,-0.003106105
0.398562500,-0.002847501
0.398625000,-0.002625872
0.398687500,-0.002458776
0.398750000,-0.002353110
0.398812500,-0.002253333
0.398875000,-0.002104965
0.398937500,-0.001750715
0.399000000,-0.001035369
0.399062500,0.000146496
0.399125000,0.001714777
0.399187500,0.003546831
0.399250000,0.005459215
0.399312500,0.007286021
0.399375000,0.008819302
0.399437500,0.009994812
0.399500000,0.010824307
0.399562500,0.011388823
0.399625000,0.011681237
0.399687500,0.011737085
0.399750000,0.011577302
0.399812500,0.011249257
0.399875000,0.010712737
0.399937500,0.009991515
0.400000000,0.009130068
0.400062500,0.008220816
0.400125000,0.007289409
0.400187500,0.006406607
0.400250000,0.005647464
0.400312500,0.005105643
0.400375000,0.004787015
0.400437500,0.004676410
0.400500000,0.004706220
0.400562500,0.004791677
0.400625000,0.004782995
0.400687500,0.004577704
0.400750000,0.004141474
0.400812500,0.003548928
0.400875000,0.002900854
0.400937500,0.002338350
0.401000000,0.001976613
0.401062500,0.001881843
0.401125000,0.001996773
0.401187500,0.002202742
0.401250000,0.002353110
0.401312500,0.002344709
0.401375000,0.002098232
0.401437500,0.001613001
0.401500000,0.000941244
0.401562500,0.000176944
0.401625000,-0.000654258
0.401687500,-0.001569715
0.401750000,-0.002635483
0.401812500,-0.003908595
0.401875000,-0.005466472
0.401937500,-0.007324741
0.402000000,-0.009412440
0.402062500,-0.011548685
0.402125000,-0.013533037
0.402187500,-0.015182402
0.402250000,-0.016377648
0.402312500,-0.017073382
0.402375000,-0.017335199
0.402437500,-0.017302806
0.402500000,-0.017130643
0.402562500,-0.016921885
0.402625000,-0.016736114
0.402687500,-0.016589051
0.402750000,-0.016471772
0.402812500,-0.016361771
0.402875000,-0.016274240
0.402937500,-0.016240932
0.403000000,-0.016283523
0.403062500,-0.016371898
0.403125000,-0.016451521
0.403187500,-0.016444668
0.403250000,-0.016283523
0.403312500,-0.015929425
0.403375000,-0.015426239
0.403437500,-0.014875004
0.403500000,-0.014401034
0.403562500,-0.014100286
0.403625000,-0.014047288
0.403687500,-0.014272231
0.403750000,-0.014777532
0.403812500,-0.015541652
0.403875000,-0.016563606
0.403937500,-0.017830715
0.404000000,-0.019295502
0.404062500,-0.020843510
0.404125000,-0.022321597
0.404187500,-0.023551172
0.404250000,-0.024378221
0.404312500,-0.024709994
0.404375000,-0.024556195
0.404437500,-0.023997648
0.404500000,-0.023154603
0.404562500,-0.022138292
0.404625000,-0.021046575
0.404687500,-0.019929986
0.404750000,-0.018824881
0.404812500,-0.017772658
0.404875000,-0.016847679
0.404937500,-0.016095674
0.405000000,-0.015530528
0.405062500,-0.015121620
0.405125000,-0.014816612
0.405187500,-0.014531331
0.405250000,-0.014212786
0.405312500,-0.013872084
0.405375000,-0.013583621
0.405437500,-0.013409070
0.405500000,-0.013365666
0.405562500,-0.013405067
0.405625000,-0.013421399
0.405687500,-0.013277319
0.405750000,-0.012895043
0.405812500,-0.012320264
0.405875000,-0.011712287
0.405937500,-0.011259715
0.406000000,-0.011106680
0.406062500,-0.011289253
0.406125000,-0.011688976
0.406187500,-0.012060939
0.406250000,-0.012142048
0.406312500,-0.011774760
0.406375000,-0.010936896
0.406437500,-0.009738505
0.406500000,-0.008377072
0.406562500,-0.007072173
0.406625000,-0.005959758
0.406687500,-0.005044044
0.406750000,-0.004235599
0.406812500,-0.003425373
0.406875000,-0.002525434
0.406937500,-0.001476177
0.407000000,-0.000282373
0.407062500,0.000983454
0.407125000,0.002225063
0.407187500,0.003382921
0.407250000,0.004423847
0.407312500,0.005324322
0.407375000,0.006076018
0.407437500,0.006705061
0.407500000,0.007247579
0.407562500,0.007731270
0.407625000,0.008189169
0.407687500,0.008672285
0.407750000,0.009224192
0.407812500,0.009856665
0.407875000,0.010549014
0.407937500,0.011266599
0.408000000,0.011953799
0.408062500,0.012541977
0.408125000,0.012977218
0.408187500,0.013263822
0.408250000,0.013459790
0.408312500,0.013661659
0.408375000,0.013978742
0.408437500,0.014520029
0.408500000,0.015342278
0.408562500,0.016415693
0.408625000,0.017636526
0.408687500,0.018864803
0.408750000,0.019954374
0.408812500,0.020783277
0.408875000,0.021303728
0.408937500,0.021558717
0.409000000,0.021648614
0.409062500,0.021673227
0.409125000,0.021710908
0.409187500,0.021782529
0.409250000,0.021836862
0.409312500,0.021759465
0.409375000,0.021443093
0.409437500,0.020831518
0.409500000,0.019954374
0.409562500,0.018917477
0.409625000,0.017895507
0.409687500,0.017050525
0.409750000,0.016471772
0.409812500,0.016123939
0.409875000,0.015904678
0.409937500,0.015656564
0.410000000,0.015248154
0.410062500,0.014608126
0.410125000,0.013809481
0.410187500,0.012976520
0.410250000,0.012236172
0.410312500,0.011628537
0.410375000,0.011164105
0.410437500,0.010768047
0.410500000,0.010353684
0.410562500,0.009852676
0.410625000,0.009337257
0.410687500,0.008925236
0.410750000,0.008753570
0.410812500,0.008887013
0.410875000,0.009368076
0.410937500,0.010121875
0.411000000,0.011012556
0.411062500,0.011863851
0.411125000,0.012599358
0.411187500,0.013166472
0.411250000,0.013553915
0.411312500,0.013732761
0.411375000,0.013740907
0.411437500,0.013563259
0.411500000,0.013177417
0.411562500,0.012544122
0.411625000,0.011740555
0.411687500,0.010848297
0.411750000,0.009977187
0.411812500,0.009200066
0.411875000,0.008660559
0.411937500,0.008416772
0.412000000,0.008471197
0.412062500,0.008729364
0.412125000,0.009184357
0.412187500,0.009795090
0.412250000,0.010541934
0.412312500,0.011369778
0.412375000,0.012342140
0.412437500,0.013462598
0.412500000,0.014683408
0.412562500,0.015838241
0.412625000,0.016838549
0.412687500,0.017570427
0.412750000,0.017977761
0.412812500,0.018028172
0.412875000,0.017880837
0.412937500,0.017695753
0.413000000,0.017601265
0.413062500,0.017581660
0.413125000,0.017641820
0.413187500,0.017703718
0.413250000,0.017695390
0.413312500,0.017537838
0.413375000,0.017334668
0.413437500,0.017200461
0.413500000,0.017224766
0.413562500,0.017351855
0.413625000,0.017545745
0.413687500,0.017690200
0.413750000,0.017695390
0.413812500,0.017502233
0.413875000,0.017288255
0.413937500,0.017278511
0.414000000,0.017695390
0.414062500,0.018607443
0.414125000,0.020061569
0.414187500,0.021948297
0.414250000,0.024095848
0.414312500,0.026278827
0.414375000,0.028439555
0.414437500,0.030543579
0.414500000,0.032567047
0.414562500,0.034389295
0.414625000,0.035956349
0.414687500,0.037180439
0.414750000,0.038026262
0.414812500,0.038493093
0.414875000,0.038783997
0.414937500,0.039109167
0.415000000,0.039626375
0.415062500,0.040306859
0.415125000,0.041097809
0.415187500,0.041831195
0.415250000,0.042355984
0.415312500,0.042567525
0.415375000,0.042598814
0.415437500,0.042628989
0.415500000,0.042826608
0.415562500,0.043207780
0.415625000,0.043748125
0.415687500,0.044279817
0.415750000,0.044614971
0.415812500,0.044593647
0.415875000,0.044280473
0.415937500,0.043818321
0.416000000,0.043391351
0.416062500,0.043091588
0.416125000,0.042997196
0.416187500,0.043043662
0.416250000,0.043108981
0.416312500,0.043044992
0.416375000,0.042871106
0.416437500,0.042661812
0.416500000,0.042544231
0.416562500,0.042593222
0.416625000,0.042893521
0.416687500,0.043393768
0.416750000,0.043956097
0.416812500,0.044369206
0.416875000,0.044542603
0.416937500,0.044422705
0.417000000,0.044050224
0.417062500,0.043500789
0.417125000,0.042966701
0.417187500,0.042547811
0.417250000,0.042261858
0.417312500,0.042003907
0.417375000,0.041699424
0.417437500,0.041195996
0.417500000,0.040379371
0.417562500,0.039192256
0.417625000,0.037769791
0.417687500,0.036258828
0.417750000,0.034826029
0.417812500,0.033575054
0.417875000,0.032628551
0.417937500,0.031951841
0.418000000,0.031437553
0.418062500,0.030927204
0.418125000,0.030391907
0.418187500,0.029798847
0.418250000,0.029178567
0.418312500,0.028573783
0.418375000,0.028128581
0.418437500,0.027873291
0.418500000,0.027766701
0.418562500,0.027677398
0.418625000,0.027543698
0.418687500,0.027250273
0.418750000,0.026731333
0.418812500,0.025967378
0.418875000,0.025098473
0.418937500,0.024227269
0.419000000,0.023436978
0.419062500,0.022735279
0.419125000,0.022147816
0.419187500,0.021576453
0.419250000,0.020895619
0.419312500,0.019979883
0.419375000,0.018849880
0.419437500,0.017529463
0.419500000,0.016095273
0.419562500,0.014628700
0.419625000,0.013285469
0.419687500,0.012113346
0.419750000,0.011106680
0.419812500,0.010202589
0.419875000,0.009417380
0.419937500,0.008717754
0.420000000,0.008094699
0.420062500,0.007542686
0.420125000,0.007158091
0.420187500,0.006966993
0.420250000,0.006965206
0.420312500,0.007092978
0.420375000,0.007335465
0.420437500,0.007605126
0.420500000,0.007812326
0.420562500,0.007868582
0.420625000,0.007803132
0.420687500,0.007640704
0.420750000,0.007435828
0.420812500,0.007228657
0.420875000,0.007108302
0.420937500,0.007071473
0.421000000,0.007059331
0.421062500,0.006954653
0.421125000,0.006703079
0.421187500,0.006238742
0.421250000,0.005553340
0.421312500,0.004685023
0.421375000,0.003786427
0.421437500,0.002979396
0.421500000,0.002353110
0.421562500,0.001917353
0.421625000,0.001674444
0.421687500,0.001539394
0.421750000,0.001411866
0.421812500,0.001202256
0.421875000,0.000939660
0.421937500,0.000689641
0.422000000,0.000564746
0.422062500,0.000662397
0.422125000,0.001083875
0.422187500,0.001812994
0.422250000,0.002729608
0.422312500,0.003621662
0.422375000,0.004306147
0.422437500,0.004643091
0.422500000,0.004612096
0.422562500,0.004316776
0.422625000,0.003983721
0.422687500,0.003842050
0.422750000,0.004047350
0.422812500,0.004616001
0.422875000,0.005436096
0.422937500,0.006292749
0.423000000,0.006965206
0.423062500,0.007313320
0.423125000,0.007326590
0.423187500,0.007097623
0.423250000,0.006776957
0.423312500,0.006513018
0.423375000,0.006379745
0.423437500,0.006363865
0.423500000,0.006400459
0.423562500,0.006440162
0.423625000,0.006446856
0.423687500,0.006423661
0.423750000,0.006400459
0.423812500,0.006432500
0.423875000,0.006512967
0.423937500,0.006608539
0.424000000,0.006682833
0.424062500,0.006759144
0.424125000,0.006857510
0.424187500,0.007033618
0.424250000,0.007341704
0.424312500,0.007830763
0.424375000,0.008444116
0.424437500,0.009077033
0.424500000,0.009600690
0.424562500,0.009929869
0.424625000,0.009984737
0.424687500,0.009743709
0.424750000,0.009224192
0.424812500,0.008488424
0.424875000,0.007562716
0.424937500,0.006476949
0.425000000,0.005270967
0.425062500,0.004033603
0.425125000,0.002817156
0.425187500,0.001660781
0.425250000,0.000564746
0.425312500,-0.000484243
0.425375000,-0.001580575
0.425437500,-0.002814858
0.425500000,-0.004235599
0.425562500,-0.005796328
0.425625000,-0.007422385
0.425687500,-0.009023250
0.425750000,-0.010541934
0.425812500,-0.011964434
0.425875000,-0.013367050
0.425937500,-0.014849863
0.426000000,-0.016471772
0.426062500,-0.018181657
0.426125000,-0.019859087
0.426187500,-0.021341806
0.426250000,-0.022495734
0.426312500,-0.023255607
0.426375000,-0.023685636
0.426437500,-0.023922265
0.426500000,-0.024095848
0.426562500,-0.024239311
0.426625000,-0.024301803
0.426687500,-0.024165751
0.426750000,-0.023719350
0.426812500,-0.022914222
0.426875000,-0.021852683
0.426937500,-0.020750167
0.427000000,-0.019860249
0.427062500,-0.019362450
0.427125000,-0.019357601
0.427187500,-0.019836672
0.427250000,-0.020707369
0.427312500,-0.021809598
0.427375000,-0.023028458
0.427437500,-0.024264943
0.427500000,-0.025413590
0.427562500,-0.026303651
0.427625000,-0.026800832
0.427687500,-0.026795248
0.427750000,-0.026260709
0.427812500,-0.025247790
0.427875000,-0.023977483
0.427937500,-0.022706846
0.428000000,-0.021648614
0.428062500,-0.020846114
0.428125000,-0.020287476
0.428187500,-0.019847820
0.428250000,-0.019389628
0.428312500,-0.018786730
0.428375000,-0.018109977
0.428437500,-0.017481795
0.428500000,-0.017036518
0.428562500,-0.016789021
0.428625000,-0.016763283
0.428687500,-0.016858757
0.428750000,-0.016942395
0.428812500,-0.016855922
0.428875000,-0.016648736
0.428937500,-0.016411908
0.429000000,-0.016283523
0.429062500,-0.016326506
0.429125000,-0.016668228
0.429187500,-0.017304944
0.429250000,-0.018166009
0.429312500,-0.019093558
0.429375000,-0.020085286
0.429437500,-0.021141997
0.429500000,-0.022307485
0.429562500,-0.023573009
0.429625000,-0.025004258
0.429687500,-0.026544485
0.429750000,-0.028049074
0.429812500,-0.029258724
0.429875000,-0.030058431
0.429937500,-0.030383170
0.430000000,-0.030308058
0.430062500,-0.029971944
0.430125000,-0.029736750
0.430187500,-0.029889476
0.430250000,-0.030590432
0.430312500,-0.031736229
0.430375000,-0.033185218
0.430437500,-0.034630291
0.430500000,-0.035767276
0.430562500,-0.036338691
0.430625000,-0.036405418
0.430687500,-0.036153689
0.430750000,-0.035861399
0.430812500,-0.035721015
0.430875000,-0.035927232
0.430937500,-0.036466084
0.431000000,-0.037179142
0.431062500,-0.037780568
0.431125000,-0.038138352
0.431187500,-0.038194433
0.431250000,-0.038026262
0.431312500,-0.037750613
0.431375000,-0.037623391
0.431437500,-0.037799802
0.431500000,-0.038308635
0.431562500,-0.038982291
0.431625000,-0.039651182
0.431687500,-0.040081102
0.431750000,-0.040096994
0.431812500,-0.039609861
0.431875000,-0.038778324
0.431937500,-0.037860572
0.432000000,-0.037179142
0.432062500,-0.036986958
0.432125000,-0.037495647
0.432187500,-0.038692720
0.432250000,-0.040379371
0.432312500,-0.042196661
0.432375000,-0.043846089
0.432437500,-0.045064289
0.432500000,-0.045744464
0.432562500,-0.045926746
0.432625000,-0.045846745
0.432687500,-0.045712169
0.432750000,-0.045650337
0.432812500,-0.045636188
0.432875000,-0.045587555
0.432937500,-0.045323573
0.433000000,-0.044709094
0.433062500,-0.043717392
0.433125000,-0.042541761
0.433187500,-0.041415703
0.433250000,-0.040567622
0.433312500,-0.040109489
0.433375000,-0.040074937
0.433437500,-0.040304661
0.433500000,-0.040567622
0.433562500,-0.040640056
0.433625000,-0.040451847
0.433687500,-0.039976876
0.433750000,-0.039249878
0.433812500,-0.038304776
0.433875000,-0.037194394
0.433937500,-0.035869017
0.434000000,-0.034261286
0.434062500,-0.032336876
0.434125000,-0.030195598
0.434187500,-0.027960088
0.434250000,-0.025790086
0.434312500,-0.023819622
0.434375000,-0.022182519
0.434437500,-0.020863777
0.434500000,-0.019766126
0.434562500,-0.018740820
0.434625000,-0.017707035
0.434687500,-0.016562672
0.434750000,-0.015248154
0.434812500,-0.013731793
0.434875000,-0.012094589
0.434937500,-0.010383124
0.435000000,-0.008659446
0.435062500,-0.006975515
0.435125000,-0.005480138
0.435187500,-0.004240859
0.435250000,-0.003294354
0.435312500,-0.002615035
0.435375000,-0.002236373
0.435437500,-0.002087513
0.435500000,-0.002070737
0.435562500,-0.002048481
0.435625000,-0.001998162
0.435687500,-0.001840069
0.435750000,-0.001505991
0.435812500,-0.000911574
0.435875000,-0.000096999
0.435937500,0.000937415
0.436000000,0.002164861
0.436062500,0.003562039
0.436125000,0.004965997
0.436187500,0.006261997
0.436250000,0.007341704
0.436312500,0.008161408
0.436375000,0.008603008
0.436437500,0.008660485
0.436500000,0.008377072
0.436562500,0.007878217
0.436625000,0.007192657
0.436687500,0.006416864
0.436750000,0.005647464
0.436812500,0.005013072
0.436875000,0.004494409
0.436937500,0.004070062
0.437000000,0.003670852
0.437062500,0.003253494
0.437125000,0.002666493
0.437187500,0.001852994
0.437250000,0.000847120
0.437312500,-0.000164472
0.437375000,-0.001067399
0.437437500,-0.001741187
0.437500000,-0.002164861
0.437562500,-0.002386849
0.437625000,-0.002661027
0.437687500,-0.003228042
0.437750000,-0.004235599
0.437812500,-0.005605004
0.437875000,-0.007188140
0.437937500,-0.008725012
0.438000000,-0.009977187
0.438062500,-0.010769960
0.438125000,-0.011183864
0.438187500,-0.011409599
0.438250000,-0.011671427
0.438312500,-0.012067345
0.438375000,-0.012666441
0.438437500,-0.013413597
0.438500000,-0.014212786
0.438562500,-0.014951019
0.438625000,-0.015680920
0.438687500,-0.016520176
0.438750000,-0.017601265
0.438812500,-0.018943328
0.438875000,-0.020528883
0.438937500,-0.022237970
0.439000000,-0.023907598
0.439062500,-0.025358330
0.439125000,-0.026575573
0.439187500,-0.027661989
0.439250000,-0.028802069
0.439312500,-0.030137533
0.439375000,-0.031790987
0.439437500,-0.033748619
0.439500000,-0.035861399
0.439562500,-0.037852742
0.439625000,-0.039499018
0.439687500,-0.040656354
0.439750000,-0.041320615
0.439812500,-0.041586954
0.439875000,-0.041688576
0.439937500,-0.041841749
0.440000000,-0.042167734
0.440062500,-0.042607713
0.440125000,-0.043046925
0.440187500,-0.043315344
0.440250000,-0.043297227
0.440312500,-0.042964648
0.440375000,-0.042478550
0.440437500,-0.042056184
0.440500000,-0.041885361
0.440562500,-0.042003412
0.440625000,-0.042342436
0.440687500,-0.042693865
0.440750000,-0.042826608
0.440812500,-0.042574640
0.440875000,-0.041974608
0.440937500,-0.041192837
0.441000000,-0.040473495
0.441062500,-0.040018510
0.441125000,-0.039945744
0.441187500,-0.040192347
0.441250000,-0.040567622
0.441312500,-0.040818550
0.441375000,-0.040776275
0.441437500,-0.040343240
0.441500000,-0.039532252
0.441562500,-0.038422711
0.441625000,-0.037173968
0.441687500,-0.035891254
0.441750000,-0.034637783
0.441812500,-0.033427924
0.441875000,-0.032304436
0.441937500,-0.031263262
0.442000000,-0.030308058
0.442062500,-0.029450158
0.442125000,-0.028769396
0.442187500,-0.028296670
0.442250000,-0.028049074
0.442312500,-0.028007759
0.442375000,-0.028160414
0.442437500,-0.028367227
0.442500000,-0.028425572
0.442562500,-0.028118493
0.442625000,-0.027318573
0.442687500,-0.025952231
0.442750000,-0.024095848
0.442812500,-0.021980483
0.442875000,-0.019939540
0.442937500,-0.018202838
0.443000000,-0.016848268
0.443062500,-0.015782783
0.443125000,-0.014792768
0.443187500,-0.013580147
0.443250000,-0.011953799
0.443312500,-0.009951908
0.443375000,-0.007854578
0.443437500,-0.006004881
0.443500000,-0.004706220
0.443562500,-0.004107474
0.443625000,-0.004142566
0.443687500,-0.004500615
0.443750000,-0.004800345
0.443812500,-0.004761925
0.443875000,-0.004297826
0.443937500,-0.003447567
0.444000000,-0.002353110
0.444062500,-0.001182989
0.444125000,-0.000056253
0.444187500,0.001041105
0.444250000,0.002164861
0.444312500,0.003322057
0.444375000,0.004442603
0.444437500,0.005454819
0.444500000,0.006306335
0.444562500,0.007001685
0.444625000,0.007643661
0.444687500,0.008442547
0.444750000,0.009600690
0.444812500,0.011198734
0.444875000,0.013167946
0.444937500,0.015343939
0.445000000,0.017507140
0.445062500,0.019447001
0.445125000,0.021048548
0.445187500,0.022343092
0.445250000,0.023436978
0.445312500,0.024409711
0.445375000,0.025307804
0.445437500,0.026130877
0.445500000,0.026825456
0.445562500,0.027280986
0.445625000,0.027468847
0.445687500,0.027437167
0.445750000,0.027296079
0.445812500,0.027127836
0.445875000,0.027071765
0.445937500,0.027217219
0.446000000,0.027578451
0.446062500,0.028027680
0.446125000,0.028478671
0.446187500,0.028825207
0.446250000,0.028990317
0.446312500,0.028876938
0.446375000,0.028554093
0.446437500,0.028118795
0.446500000,0.027672576
0.446562500,0.027204299
0.446625000,0.026785171
0.446687500,0.026436420
0.446750000,0.026166586
0.446812500,0.025894662
0.446875000,0.025690679
0.446937500,0.025591513
0.447000000,0.025601838
0.447062500,0.025583191
0.447125000,0.025517136
0.447187500,0.025361834
0.447250000,0.025131216
0.447312500,0.024820430
0.447375000,0.024656838
0.447437500,0.024841063
0.447500000,0.025507715
0.447562500,0.026557853
0.447625000,0.027961995
0.447687500,0.029571293
0.447750000,0.031249303
0.447812500,0.032814767
0.447875000,0.034397144
0.447937500,0.036109578
0.448000000,0.038026262
0.448062500,0.039985251
0.448125000,0.041939199
0.448187500,0.043715417
0.448250000,0.045179714
0.448312500,0.046187799
0.448375000,0.046980273
0.448437500,0.047818825
0.448500000,0.048944689
0.448562500,0.050340388
0.448625000,0.052057434
0.448687500,0.053945292
0.448750000,0.055815775
0.448812500,0.057412580
0.448875000,0.058834888
0.448937500,0.060204297
0.449000000,0.061651487
0.449062500,0.063096240
0.449125000,0.064559847
0.449187500,0.065892100
0.449250000,0.066922449
0.449312500,0.067431033
0.449375000,0.067556694
0.449437500,0.067494377
0.449500000,0.067487195
0.449562500,0.067613132
0.449625000,0.068063527
0.449687500,0.068854764
0.449750000,0.069934435
0.449812500,0.071121134
0.449875000,0.072477303
0.449937500,0.074025527
0.450000000,0.075770147
0.450062500,0.077542491
0.450125000,0.079303019
0.450187500,0.080913931
0.450250000,0.082264729
0.450312500,0.083223619
0.450375000,0.083957858
0.450437500,0.084626332
0.450500000,0.085370831
0.450562500,0.086149074
0.450625000,0.086995892
0.450687500,0.087786414
0.450750000,0.088382825
0.450812500,0.088621378
0.450875000,0.088618644
0.450937500,0.088474289
0.451000000,0.088288695
0.451062500,0.088030905
0.451125000,0.087759197
0.451187500,0.087396093
0.451250000,0.086876824
0.451312500,0.086147614
0.451375000,0.085400648
0.451437500,0.084768698
0.451500000,0.084335469
0.451562500,0.084023312
0.451625000,0.083807372
0.451687500,0.083515182
0.451750000,0.083017729
0.451812500,0.082259178
0.451875000,0.081472524
0.451937500,0.080839470
0.452000000,0.080476373
0.452062500,0.080305144
0.452125000,0.080232985
0.452187500,0.079968840
0.452250000,0.079252750
0.452312500,0.077939659
0.452375000,0.076231770
0.452437500,0.074362136
0.452500000,0.072569914
0.452562500,0.070942692
0.452625000,0.069539063
0.452687500,0.068155818
0.452750000,0.066545956
0.452812500,0.064515658
0.452875000,0.062186930
0.452937500,0.059698015
0.453000000,0.057227641
0.453062500,0.054857507
0.453125000,0.052691959
0.453187500,0.050574683
0.453250000,0.048285823
0.453312500,0.045628048
0.453375000,0.042687908
0.453437500,0.039561648
0.453500000,0.036426149
0.453562500,0.033438697
0.453625000,0.030838754
0.453687500,0.028632540
0.453750000,0.026731333
0.453812500,0.024982158
0.453875000,0.023397716
0.453937500,0.021897443
0.454000000,0.020424996
0.454062500,0.018913489
0.454125000,0.017453810
0.454187500,0.016018067
0.454250000,0.014589284
0.454312500,0.013154944
0.454375000,0.011875018
0.454437500,0.010786212
0.454500000,0.009883063
0.454562500,0.009081113
0.454625000,0.008377154
0.454687500,0.007622762
0.454750000,0.006682833
0.454812500,0.005473981
0.454875000,0.004126562
0.454937500,0.002732157
0.455000000,0.001411866
0.455062500,0.000270276
0.455125000,-0.000545019
0.455187500,-0.001068089
0.455250000,-0.001411866
0.455312500,-0.001724635
0.455375000,-0.002078920
0.455437500,-0.002606429
0.455500000,-0.003388479
0.455562500,-0.004423885
0.455625000,-0.005597114
0.455687500,-0.006823719
0.455750000,-0.008000575
0.455812500,-0.008997942
0.455875000,-0.009677257
0.455937500,-0.009999295
0.456000000,-0.009977187
0.456062500,-0.009635553
0.456125000,-0.009041460
0.456187500,-0.008325977
0.456250000,-0.007624077
0.456312500,-0.007004059
0.456375000,-0.006532312
0.456437500,-0.006262061
0.456500000,-0.006212211
0.456562500,-0.006316496
0.456625000,-0.006549474
0.456687500,-0.006895197
0.456750000,-0.007341704
0.456812500,-0.007814932
0.456875000,-0.008337099
0.456937500,-0.008947330
0.457000000,-0.009694814
0.457062500,-0.010548420
0.457125000,-0.011569933
0.457187500,-0.012791527
0.457250000,-0.014212786
0.457312500,-0.015710408
0.457375000,-0.017258989
0.457437500,-0.018812288
0.457500000,-0.020330872
0.457562500,-0.021696519
0.457625000,-0.022947041
0.457687500,-0.024112478
0.457750000,-0.025225341
0.457812500,-0.026209425
0.457875000,-0.027129978
0.457937500,-0.028017035
0.458000000,-0.028896192
0.458062500,-0.029684337
0.458125000,-0.030471910
0.458187500,-0.031320781
0.458250000,-0.032284670
0.458312500,-0.033279359
0.458375000,-0.034371931
0.458437500,-0.035556987
0.458500000,-0.036802646
0.458562500,-0.037944596
0.458625000,-0.039031856
0.458687500,-0.040102076
0.458750000,-0.041226488
0.458812500,-0.042365689
0.458875000,-0.043677885
0.458937500,-0.045239765
0.459000000,-0.047062203
0.459062500,-0.048951998
0.459125000,-0.050874129
0.459187500,-0.052742220
0.459250000,-0.054498032
0.459312500,-0.056000244
0.459375000,-0.057372626
0.459437500,-0.058723573
0.459500000,-0.060145497
0.459562500,-0.061542433
0.459625000,-0.062951751
0.459687500,-0.064304732
0.459750000,-0.065510593
0.459812500,-0.066376485
0.459875000,-0.066987544
0.459937500,-0.067457855
0.460000000,-0.067957826
0.460062500,-0.068538390
0.460125000,-0.069413856
0.460187500,-0.070647217
0.460250000,-0.072193421
0.460312500,-0.073797241
0.460375000,-0.075372234
0.460437500,-0.076778933
0.460500000,-0.077935010
0.460562500,-0.078728490
0.460625000,-0.079336315
0.460687500,-0.079923652
0.460750000,-0.080664620
0.460812500,-0.081581905
0.460875000,-0.082827553
0.460937500,-0.084380649
0.461000000,-0.086123832
0.461062500,-0.087765105
0.461125000,-0.089236341
0.461187500,-0.090447076
0.461250000,-0.091394804
0.461312500,-0.092046887
0.461375000,-0.092636622
0.461437500,-0.093286492
0.461500000,-0.094030283
0.461562500,-0.094677515
0.461625000,-0.095180742
0.461687500,-0.095378160
0.461750000,-0.095159777
0.461812500,-0.094410963
0.461875000,-0.093370788
0.461937500,-0.092240877
0.462000000,-0.091206551
0.462062500,-0.090255074
0.462125000,-0.089504719
0.462187500,-0.088863611
0.462250000,-0.088194571
0.462312500,-0.087272272
0.462375000,-0.086201333
0.462437500,-0.085038356
0.462500000,-0.083864845
0.462562500,-0.082619950
0.462625000,-0.081437282
0.462687500,-0.080255367
0.462750000,-0.078970380
0.462812500,-0.077385150
0.462875000,-0.075649329
0.462937500,-0.073884927
0.463000000,-0.072287545
0.463062500,-0.070954725
0.463125000,-0.070209123
0.463187500,-0.070117779
0.463250000,-0.070593305
0.463312500,-0.071295127
0.463375000,-0.072093159
0.463437500,-0.072713859
0.463500000,-0.072946422
0.463562500,-0.072577760
0.463625000,-0.071805112
0.463687500,-0.070771292
0.463750000,-0.069652058
0.463812500,-0.068485931
0.463875000,-0.067543671
0.463937500,-0.066853493
0.464000000,-0.066357709
0.464062500,-0.065832183
0.464125000,-0.065354645
0.464187500,-0.064874537
0.464250000,-0.064381093
0.464312500,-0.063786231
0.464375000,-0.063315712
0.464437500,-0.063014440
0.464500000,-0.062875107
0.464562500,-0.062733069
0.464625000,-0.062678561
0.464687500,-0.062647343
0.464750000,-0.062592737
0.464812500,-0.062400673
0.464875000,-0.062249530
0.464937500,-0.062162932
0.465000000,-0.062122110
0.465062500,-0.061967865
0.465125000,-0.061779339
0.465187500,-0.061514325
0.465250000,-0.061180864
0.465312500,-0.060764171
0.465375000,-0.060533915
0.465437500,-0.060604990
0.465500000,-0.060992617
0.465562500,-0.061493568
0.465625000,-0.062006913
0.465687500,-0.062260557
0.465750000,-0.062027987
0.465812500,-0.061147884
0.465875000,-0.059851781
0.465937500,-0.058406301
0.466000000,-0.057133518
0.466062500,-0.056228362
0.466125000,-0.055942748
0.466187500,-0.056222741
0.466250000,-0.056851145
0.466312500,-0.057468981
0.466375000,-0.057925172
0.466437500,-0.058049902
0.466500000,-0.057792384
0.466562500,-0.057153676
0.466625000,-0.056359511
0.466687500,-0.055520572
0.466750000,-0.054686282
0.466812500,-0.053790245
0.466875000,-0.052871775
0.466937500,-0.051863674
0.467000000,-0.050733056
0.467062500,-0.049470894
0.467125000,-0.048272740
0.467187500,-0.047255602
0.467250000,-0.046497457
0.467312500,-0.045964353
0.467375000,-0.045668427
0.467437500,-0.045461763
0.467500000,-0.045179714
0.467562500,-0.044673257
0.467625000,-0.043993834
0.467687500,-0.043170255
0.467750000,-0.042261858
0.467812500,-0.041299850
0.467875000,-0.040380873
0.467937500,-0.039467074
0.468000000,-0.038496882
0.468062500,-0.037414927
0.468125000,-0.036300559
0.468187500,-0.035178084
0.468250000,-0.034073036
0.468312500,-0.032980695
0.468375000,-0.031952694
0.468437500,-0.030926391
0.468500000,-0.029837437
0.468562500,-0.028652022
0.468625000,-0.027450776
0.468687500,-0.026248839
0.468750000,-0.025037091
0.468812500,-0.023766054
0.468875000,-0.022429489
0.468937500,-0.020948406
0.469000000,-0.019295502
0.469062500,-0.017531550
0.469125000,-0.015867317
0.469187500,-0.014450308
0.469250000,-0.013365666
0.469312500,-0.012590738
0.469375000,-0.012052155
0.469437500,-0.011532467
0.469500000,-0.010824307
0.469562500,-0.009822171
0.469625000,-0.008599911
0.469687500,-0.007260639
0.469750000,-0.005929837
0.469812500,-0.004695849
0.469875000,-0.003589583
0.469937500,-0.002487342
0.470000000,-0.001223617
0.470062500,0.000306943
0.470125000,0.002086652
0.470187500,0.004042756
0.470250000,0.006023962
0.470312500,0.007830254
0.470375000,0.009293929
0.470437500,0.010391452
0.470500000,0.011200804
0.470562500,0.011832001
0.470625000,0.012407575
0.470687500,0.013056337
0.470750000,0.013836288
0.470812500,0.014687502
0.470875000,0.015504682
0.470937500,0.016208848
0.471000000,0.016754145
0.471062500,0.017108692
0.471125000,0.017308740
0.471187500,0.017445983
0.471250000,0.017601265
0.471312500,0.017768206
0.471375000,0.017935326
0.471437500,0.018096227
0.471500000,0.018260136
0.471562500,0.018411342
0.471625000,0.018628526
0.471687500,0.019001868
0.471750000,0.019577878
0.471812500,0.020258477
0.471875000,0.020965355
0.471937500,0.021602638
0.472000000,0.022119237
0.472062500,0.022479067
0.472125000,0.022835769
0.472187500,0.023384295
0.472250000,0.024284096
0.472312500,0.025512453
0.472375000,0.027002722
0.472437500,0.028574722
0.472500000,0.030025685
0.472562500,0.031145651
0.472625000,0.031950839
0.472687500,0.032556340
0.472750000,0.033131793
0.472812500,0.033743169
0.472875000,0.034484547
0.472937500,0.035319801
0.473000000,0.036143772
0.473062500,0.036766592
0.473125000,0.037165429
0.473187500,0.037346676
0.473250000,0.037367389
0.473312500,0.037232939
0.473375000,0.037084971
0.473437500,0.037029285
0.473500000,0.037179142
0.473562500,0.037573881
0.473625000,0.038382556
0.473687500,0.039673872
0.473750000,0.041414738
0.473812500,0.043373141
0.473875000,0.045395989
0.473937500,0.047289342
0.474000000,0.048944689
0.474062500,0.050290871
0.474125000,0.051524248
0.474187500,0.052809581
0.474250000,0.054215658
0.474312500,0.055551767
0.474375000,0.056639444
0.474437500,0.057198778
0.474500000,0.057039391
0.474562500,0.056080271
0.474625000,0.054647733
0.474687500,0.053165551
0.474750000,0.052050799
0.474812500,0.051454980
0.474875000,0.051467881
0.474937500,0.051895298
0.475000000,0.052427296
0.475062500,0.052670375
0.475125000,0.052577630
0.475187500,0.052195456
0.475250000,0.051674299
0.475312500,0.051055323
0.475375000,0.050544601
0.475437500,0.050189111
0.475500000,0.049980059
0.475562500,0.049779814
0.475625000,0.049724527
0.475687500,0.049896140
0.475750000,0.050356556
0.475812500,0.050972693
0.475875000,0.051776435
0.475937500,0.052668158
0.476000000,0.053556789
0.476062500,0.054283943
0.476125000,0.055016689
0.476187500,0.055876419
0.476250000,0.056945268
0.476312500,0.058070514
0.476375000,0.059235632
0.476437500,0.060264193
0.476500000,0.060992617
0.476562500,0.061222080
0.476625000,0.061147135
0.476687500,0.060965993
0.476750000,0.060898494
0.476812500,0.060975991
0.476875000,0.061371379
0.476937500,0.062040020
0.477000000,0.062875107
0.477062500,0.063659377
0.477125000,0.064493425
0.477187500,0.065431312
0.477250000,0.066545956
0.477312500,0.067760572
0.477375000,0.069183365
0.477437500,0.070756175
0.477500000,0.072381668
0.477562500,0.073843531
0.477625000,0.075219542
0.477687500,0.076517448
0.477750000,0.077746756
0.477812500,0.078764878
0.477875000,0.079656594
0.477937500,0.080389477
0.478000000,0.080946989
0.478062500,0.081232935
0.478125000,0.081457362
0.478187500,0.081743628
0.478250000,0.082170606
0.478312500,0.082609333
0.478375000,0.083096057
0.478437500,0.083518058
0.478500000,0.083770722
0.478562500,0.083689876
0.478625000,0.083434463
0.478687500,0.083095782
0.478750000,0.082735352
0.478812500,0.082218774
0.478875000,0.081582263
0.478937500,0.080715001
0.479000000,0.079535127
0.479062500,0.077937230
0.479125000,0.076182067
0.479187500,0.074484080
0.479250000,0.073040545
0.479312500,0.071851201
0.479375000,0.071040735
0.479437500,0.070531055
0.479500000,0.070216812
0.479562500,0.069934599
0.479625000,0.069841430
0.479687500,0.070034780
0.479750000,0.070593305
0.479812500,0.071410075
0.479875000,0.072501488
0.479937500,0.073679112
0.480000000,0.074734777
0.480062500,0.075423516
0.480125000,0.075858988
0.480187500,0.076125465
0.480250000,0.076334894
0.480312500,0.076458141
0.480375000,0.076626167
0.480437500,0.076752827
0.480500000,0.076711394
0.480562500,0.076314531
0.480625000,0.075685620
0.480687500,0.074881256
0.480750000,0.073981784
0.480812500,0.072970167
0.480875000,0.072019108
0.480937500,0.071133919
0.481000000,0.070310935
0.481062500,0.069487244
0.481125000,0.068856344
0.481187500,0.068454944
0.481250000,0.068240196
0.481312500,0.067981780
0.481375000,0.067620121
0.481437500,0.066959359
0.481500000,0.065887086
0.481562500,0.064347774
0.481625000,0.062671892
0.481687500,0.061114319
0.481750000,0.059863124
0.481812500,0.058861848
0.481875000,0.058121659
0.481937500,0.057426531
0.482000000,0.056568768
0.482062500,0.055371225
0.482125000,0.054056298
0.482187500,0.052844778
0.482250000,0.051956676
0.482312500,0.051399078
0.482375000,0.051242270
0.482437500,0.051273778
0.482500000,0.051203676
0.482562500,0.050680995
0.482625000,0.049731396
0.482687500,0.048390873
0.482750000,0.046779834
0.482812500,0.044927031
0.482875000,0.043068755
0.482937500,0.041241892
0.483000000,0.039438128
0.483062500,0.037558530
0.483125000,0.035816915
0.483187500,0.034352936
0.483250000,0.033320040
0.483312500,0.032725144
0.483375000,0.032751877
0.483437500,0.033346187
0.483500000,0.034355409
0.483562500,0.035469931
0.483625000,0.036653176
0.483687500,0.037800469
0.483750000,0.038873378
0.483812500,0.039782755
0.483875000,0.040705208
0.483937500,0.041668732
0.484000000,0.042638354
0.484062500,0.043422423
0.484125000,0.044043962
0.484187500,0.044439305
0.484250000,0.044614971
0.484312500,0.044576142
0.484375000,0.044612125
0.484437500,0.044905342
0.484500000,0.045556214
0.484562500,0.046452131
0.484625000,0.047558509
0.484687500,0.048672579
0.484750000,0.049603563
0.484812500,0.050173800
0.484875000,0.050506260
0.484937500,0.050715603
0.485000000,0.050921306
0.485062500,0.051110525
0.485125000,0.051345687
0.485187500,0.051533647
0.485250000,0.051580172
0.485312500,0.051402811
0.485375000,0.051195581
0.485437500,0.051156878
0.485500000,0.051486049
0.485562500,0.052232161
0.485625000,0.053442162
0.485687500,0.054944620
0.485750000,0.056474645
0.485812500,0.057704832
0.485875000,0.058519930
0.485937500,0.058853704
0.486000000,0.058733631
0.486062500,0.058182459
0.486125000,0.057369173
0.486187500,0.056393363
0.486250000,0.055345152
0.486312500,0.054258648
0.486375000,0.053290069
0.486437500,0.052494783
0.486500000,0.051862549
0.486562500,0.051261567
0.486625000,0.050633561
0.486687500,0.049851801
0.486750000,0.048850566
0.486812500,0.047625910
0.486875000,0.046361692
0.486937500,0.045182839
0.487000000,0.044144347
0.487062500,0.043162428
0.487125000,0.042153820
0.487187500,0.040944640
0.487250000,0.039438128
0.487312500,0.037666652
0.487375000,0.035912801
0.487437500,0.034453664
0.487500000,0.033508290
0.487562500,0.033110511
0.487625000,0.033208635
0.487687500,0.033533942
0.487750000,0.033790659
0.487812500,0.033753399
0.487875000,0.033482812
0.487937500,0.033115484
0.488000000,0.032849420
0.488062500,0.032798588
0.488125000,0.033061892
0.488187500,0.033504017
0.488250000,0.033884790
0.488312500,0.033918928
0.488375000,0.033545073
0.488437500,0.032747455
0.488500000,0.031625804
0.488562500,0.030293893
0.488625000,0.028991818
0.488687500,0.027786253
0.488750000,0.026637208
0.488812500,0.025380343
0.488875000,0.023969159
0.488937500,0.022299182
0.489000000,0.020330872
0.489062500,0.018056838
0.489125000,0.015674943
0.489187500,0.013321402
0.489250000,0.011106680
0.489312500,0.009036710
0.489375000,0.007212842
0.489437500,0.005620251
0.489500000,0.004235599
0.489562500,0.003001081
0.489625000,0.002042533
0.489687500,0.001431496
0.489750000,0.001223617
0.489812500,0.001365959
0.489875000,0.001883436
0.489937500,0.002668607
0.490000000,0.003576728
0.490062500,0.004412884
0.490125000,0.005161485
0.490187500,0.005810441
0.490250000,0.006400459
0.490312500,0.006941170
0.490375000,0.007563335
0.490437500,0.008299151
0.490500000,0.009130068
0.490562500,0.009947299
0.490625000,0.010748402
0.490687500,0.011485913
0.490750000,0.012142048
0.490812500,0.012686905
0.490875000,0.013223887
0.490937500,0.013792305
0.491000000,0.014401034
0.491062500,0.014981469
0.491125000,0.015550509
0.491187500,0.016077688
0.491250000,0.016565897
0.491312500,0.017027600
0.491375000,0.017609315
0.491437500,0.018410824
0.491500000,0.019483753
0.491562500,0.020765483
0.491625000,0.022203149
0.491687500,0.023666741
0.491750000,0.025037091
0.491812500,0.026222350
0.491875000,0.027263312
0.491937500,0.028226737
0.492000000,0.029178567
0.492062500,0.030112959
0.492125000,0.031002026
0.492187500,0.031757057
0.492250000,0.032284670
0.492312500,0.032511748
0.492375000,0.032475226
0.492437500,0.032267433
0.492500000,0.032002300
0.492562500,0.031739548
0.492625000,0.031507835
0.492687500,0.031251919
0.492750000,0.030872805
0.492812500,0.030254949
0.492875000,0.029373057
0.492937500,0.028260250
0.493000000,0.027013704
0.493062500,0.025739433
0.493125000,0.024579970
0.493187500,0.023616470
0.493250000,0.022872232
0.493312500,0.022296928
0.493375000,0.021865685
0.493437500,0.021532418
0.493500000,0.021272115
0.493562500,0.021062113
0.493625000,0.020952825
0.493687500,0.020963425
0.493750000,0.021083867
0.493812500,0.021234846
0.493875000,0.021363977
0.493937500,0.021373048
0.494000000,0.021177992
0.494062500,0.020709665
0.494125000,0.020033346
0.494187500,0.019238677
0.494250000,0.018448384
0.494312500,0.017749503
0.494375000,0.017273881
0.494437500,0.017049246
0.494500000,0.017036518
0.494562500,0.017110372
0.494625000,0.017214119
0.494687500,0.017246339
0.494750000,0.017130643
0.494812500,0.016791085
0.494875000,0.016296763
0.494937500,0.015697058
0.495000000,0.015059905
0.495062500,0.014415188
0.495125000,0.013891148
0.495187500,0.013536994
0.495250000,0.013365666
0.495312500,0.013304269
0.495375000,0.013369549
0.495437500,0.013505293
0.495500000,0.013648040
0.495562500,0.013686568
0.495625000,0.013656244
0.495687500,0.013569080
0.495750000,0.013459790
0.495812500,0.013319786
0.495875000,0.013260043
0.495937500,0.013331103
0.496000000,0.013553915
0.496062500,0.013851913
0.496125000,0.014246998
0.496187500,0.014697685
0.496250000,0.015154029
0.496312500,0.015500364
0.496375000,0.015768293
0.496437500,0.015960878
0.496500000,0.016095273
0.496562500,0.016124504
0.496625000,0.016142113
0.496687500,0.016187344
0.496750000,0.016283523
0.496812500,0.016366271
0.496875000,0.016493419
0.496937500,0.016679158
0.497000000,0.016942395
0.497062500,0.017234256
0.497125000,0.017636061
0.497187500,0.018169494
0.497250000,0.018824881
0.497312500,0.019487632
0.497375000,0.020180387
0.497437500,0.020912360
0.497500000,0.021742739
0.497562500,0.022695446
0.497625000,0.023941133
0.497687500,0.025552131
0.497750000,0.027484328
0.497812500,0.029481577
0.497875000,0.031338222
0.497937500,0.032817148
0.498000000,0.033790659
0.498062500,0.034227524
0.498125000,0.034401424
0.498187500,0.034633126
0.498250000,0.035202529
0.498312500,0.036162093
0.498375000,0.037509315
0.498437500,0.039056163
0.498500000,0.040567622
0.498562500,0.041793633
0.498625000,0.042745959
0.498687500,0.043515801
0.498750000,0.044238474
0.498812500,0.044926383
0.498875000,0.045627203
0.498937500,0.046254072
0.499000000,0.046685707
0.499062500,0.046770234
0.499125000,0.046595920
0.499187500,0.046313226
0.499250000,0.046120960
0.499312500,0.046111383
0.499375000,0.046425652
0.499437500,0.047055218
0.499500000,0.047909327
0.499562500,0.048790812
0.499625000,0.049664699
0.499687500,0.050499324
0.499750000,0.051297802
0.499812500,0.051993117
0.499875000,0.052635856
0.499937500,0.053202536
0.500000000,0.053650912
0.500062500,0.053867728
0.500125000,0.053910054
0.500187500,0.053818181
0.500250000,0.053650912
0.500312500,0.053388603
0.500375000,0.053143535
0.500437500,0.052945971
0.500500000,0.052803792
0.500562500,0.052640706
0.500625000,0.052525502
0.500687500,0.052457817
0.500750000,0.052427296
0.500812500,0.052353822
0.500875000,0.052280053
0.500937500,0.052183934
0.501000000,0.052050799
0.501062500,0.051827624
0.501125000,0.051611166
0.501187500,0.051430285
0.501250000,0.051297802
0.501312500,0.051148776
0.501375000,0.051044773
0.501437500,0.050970338
0.501500000,0.050921306
0.501562500,0.050855033
0.501625000,0.050890006
0.501687500,0.051047295
0.501750000,0.051297802
0.501812500,0.051492762
0.501875000,0.051602591
0.501937500,0.051523909
0.502000000,0.051203676
0.502062500,0.050606366
0.502125000,0.049935598
0.502187500,0.049343210
0.502250000,0.048944689
0.502312500,0.048702843
0.502375000,0.048655972
0.502437500,0.048687011
0.502500000,0.048662320
0.502562500,0.048412632
0.502625000,0.048008900
0.502687500,0.047465201
0.502750000,0.046779834
0.502812500,0.045821972
0.502875000,0.044594336
0.502937500,0.042989515
0.503000000,0.040944118
0.503062500,0.038420331
0.503125000,0.035699856
0.503187500,0.033059523
0.503250000,0.030778680
0.503312500,0.028967429
0.503375000,0.027797835
0.503437500,0.027203223
0.503500000,0.027013704
0.503562500,0.026940705
0.503625000,0.026952295
0.503687500,0.027001219
0.503750000,0.027107829
0.503812500,0.027227735
0.503875000,0.027524948
0.503937500,0.028027272
0.504000000,0.028707944
0.504062500,0.029397517
0.504125000,0.030133871
0.504187500,0.030861303
0.504250000,0.031531677
0.504312500,0.032004673
0.504375000,0.032382157
0.504437500,0.032684501
0.504500000,0.032943543
0.504562500,0.033099424
0.504625000,0.033319749
0.504687500,0.033665381
0.504750000,0.034167159
0.504812500,0.034721989
0.504875000,0.035404861
0.504937500,0.036177080
0.505000000,0.036990892
0.505062500,0.037710071
0.505125000,0.038427182
0.505187500,0.039156158
0.505250000,0.039908748
0.505312500,0.040590841
0.505375000,0.041309521
0.505437500,0.042080496
0.505500000,0.042920731
0.505562500,0.043762390
0.505625000,0.044732977
0.505687500,0.045865629
0.505750000,0.047156330
0.505812500,0.048472255
0.505875000,0.049818169
0.505937500,0.051124003
0.506000000,0.052333172
0.506062500,0.053344306
0.506125000,0.054252323
0.506187500,0.055119783
0.506250000,0.056004021
0.506312500,0.056857351
0.506375000,0.057735231
0.506437500,0.058599669
0.506500000,0.059392504
0.506562500,0.059993479
0.506625000,0.060433444
0.506687500,0.060704630
0.506750000,0.060804367
0.506812500,0.060665268
0.506875000,0.060339857
0.506937500,0.059819963
0.507000000,0.059110127
0.507062500,0.058195051
0.507125000,0.057224285
0.507187500,0.056323852
0.507250000,0.055627525
0.507312500,0.055190042
0.507375000,0.055127837
0.507437500,0.055409029
0.507500000,0.055909898
0.507562500,0.056389581
0.507625000,0.056731779
0.507687500,0.056805134
0.507750000,0.056568768
0.507812500,0.056025751
0.507875000,0.055391174
0.507937500,0.054819360
0.508000000,0.054403909
0.508062500,0.054084323
0.508125000,0.053844739
0.508187500,0.053550515
0.508250000,0.053086169
0.508312500,0.052361399
0.508375000,0.051501010
0.508437500,0.050593000
0.508500000,0.049697686
0.508562500,0.048755690
0.508625000,0.047756616
0.508687500,0.046567135
0.508750000,0.045085590
0.508812500,0.043271609
0.508875000,0.041327141
0.508937500,0.039432332
0.509000000,0.037743889
0.509062500,0.036283161
0.509125000,0.035083339
0.509187500,0.033993855
0.509250000,0.032849420
0.509312500,0.031519495
0.509375000,0.030141504
0.509437500,0.028863054
0.509500000,0.027860826
0.509562500,0.027218219
0.509625000,0.027048735
0.509687500,0.027256979
0.509750000,0.027672576
0.509812500,0.028090904
0.509875000,0.028492996
0.509937500,0.028849905
0.510000000,0.029178567
0.510062500,0.029458741
0.510125000,0.029758163
0.510187500,0.029992908
0.510250000,0.030025685
0.510312500,0.029674368
0.510375000,0.028937390
0.510437500,0.027806098
0.510500000,0.026354834
0.510562500,0.024681434
0.510625000,0.023027182
0.510687500,0.021505320
0.510750000,0.020142624
0.510812500,0.018841228
0.510875000,0.017575275
0.510937500,0.016237713
0.511000000,0.014777532
0.511062500,0.013197108
0.511125000,0.011714975
0.511187500,0.010504030
0.511250000,0.009694814
0.511312500,0.009279209
0.511375000,0.009274201
0.511437500,0.009553178
0.511500000,0.009977187
0.511562500,0.010406986
0.511625000,0.010883017
0.511687500,0.011408825
0.511750000,0.011953799
0.511812500,0.012370200
0.511875000,0.012562851
0.511937500,0.012382202
0.512000000,0.011765551
0.512062500,0.010757282
0.512125000,0.009655459
0.512187500,0.008776210
0.512250000,0.008377072
0.512312500,0.008507819
0.512375000,0.009116997
0.512437500,0.009953774
0.512500000,0.010730183
0.512562500,0.011205658
0.512625000,0.011386498
0.512687500,0.011366664
0.512750000,0.011294928
0.512812500,0.011246866
0.512875000,0.011286775
0.512937500,0.011337548
0.513000000,0.011294928
0.513062500,0.011085047
0.513125000,0.010821561
0.513187500,0.010670892
0.513250000,0.010824307
0.513312500,0.011385909
0.513375000,0.012403206
0.513437500,0.013758265
0.513500000,0.015248154
0.513562500,0.016643208
0.513625000,0.017829137
0.513687500,0.018762613
0.513750000,0.019483753
0.513812500,0.020060373
0.513875000,0.020590503
0.513937500,0.021119017
0.514000000,0.021648614
0.514062500,0.022142766
0.514125000,0.022594798
0.514187500,0.022993749
0.514250000,0.023342853
0.514312500,0.023637732
0.514375000,0.023896657
0.514437500,0.024096392
0.514500000,0.024189973
0.514562500,0.024110232
0.514625000,0.023818655
0.514687500,0.023280483
0.514750000,0.022495734
0.514812500,0.021505099
0.514875000,0.020387234
0.514937500,0.019220270
0.515000000,0.018071886
0.515062500,0.016993061
0.515125000,0.016008377
0.515187500,0.015113581
0.515250000,0.014306910
0.515312500,0.013615201
0.515375000,0.013083685
0.515437500,0.012746404
0.515500000,0.012612671
0.515562500,0.012659186
0.515625000,0.012805926
0.515687500,0.012926448
0.515750000,0.012895043
0.515812500,0.012642995
0.515875000,0.012152742
0.515937500,0.011458638
0.516000000,0.010636058
0.516062500,0.009794230
0.516125000,0.009008990
0.516187500,0.008313433
0.516250000,0.007718201
0.516312500,0.007248153
0.516375000,0.006910452
0.516437500,0.006677301
0.516500000,0.006494584
0.516562500,0.006304770
0.516625000,0.006027357
0.516687500,0.005572116
0.516750000,0.004894469
0.516812500,0.004034047
0.516875000,0.003081502
0.516937500,0.002105609
0.517000000,0.001129493
0.517062500,0.000120901
0.517125000,-0.000992174
0.517187500,-0.002308756
0.517250000,-0.003859101
0.517312500,-0.005551331
0.517375000,-0.007180368
0.517437500,-0.008543415
0.517500000,-0.009506566
0.517562500,-0.010065564
0.517625000,-0.010333443
0.517687500,-0.010522595
0.517750000,-0.010824307
0.517812500,-0.011325505
0.517875000,-0.011962470
0.517937500,-0.012614095
0.518000000,-0.013177417
0.518062500,-0.013651705
0.518125000,-0.014141023
0.518187500,-0.014838735
0.518250000,-0.015907025
0.518312500,-0.017379783
0.518375000,-0.019099779
0.518437500,-0.020803740
0.518500000,-0.022213360
0.518562500,-0.023153275
0.518625000,-0.023603002
0.518687500,-0.023715848
0.518750000,-0.023719350
0.518812500,-0.023800656
0.518875000,-0.024009150
0.518937500,-0.024260364
0.519000000,-0.024378221
0.519062500,-0.024186954
0.519125000,-0.023583574
0.519187500,-0.022597808
0.519250000,-0.021366240
0.519312500,-0.020076897
0.519375000,-0.018881239
0.519437500,-0.017867003
0.519500000,-0.017036518
0.519562500,-0.016326698
0.519625000,-0.015628025
0.519687500,-0.014828407
0.519750000,-0.013836288
0.519812500,-0.012598404
0.519875000,-0.011117946
0.519937500,-0.009452650
0.520000000,-0.007718201
0.520062500,-0.006064072
0.520125000,-0.004664246
0.520187500,-0.003635294
0.520250000,-0.003011981
0.520312500,-0.002722116
0.520375000,-0.002657752
0.520437500,-0.002668863
0.520500000,-0.002635483
0.520562500,-0.002484055
0.520625000,-0.002270830
0.520687500,-0.002075680
0.520750000,-0.001976613
0.520812500,-0.001979656
0.520875000,-0.002091281
0.520937500,-0.002242351
0.521000000,-0.002353110
0.521062500,-0.002339869
0.521125000,-0.002245008
0.521187500,-0.002109373
0.521250000,-0.001976613
0.521312500,-0.001825661
0.521375000,-0.001666563
0.521437500,-0.001428797
0.521500000,-0.001035369
0.521562500,-0.000413398
0.521625000,0.000363643
0.521687500,0.001201827
0.521750000,0.001976613
0.521812500,0.002604100
0.521875000,0.002971414
0.521937500,0.003063337
0.522000000,0.002917857
0.522062500,0.002630073
0.522125000,0.002226041
0.522187500,0.001748316
0.522250000,0.001223617
0.522312500,0.000701530
0.522375000,0.000134543
0.522437500,-0.000518117
0.522500000,-0.001317742
0.522562500,-0.002292502
0.522625000,-0.003537622
0.522687500,-0.005080351
0.522750000,-0.006871082
0.522812500,-0.008738146
0.522875000,-0.010517873
0.522937500,-0.012034714
0.523000000,-0.013177417
0.523062500,-0.013906413
0.523125000,-0.014338660
0.523187500,-0.014639530
0.523250000,-0.014965781
0.523312500,-0.015376200
0.523375000,-0.015872939
0.523437500,-0.016369516
0.523500000,-0.016754145
0.523562500,-0.016926611
0.523625000,-0.016898433
0.523687500,-0.016742961
0.523750000,-0.016565897
0.523812500,-0.016432216
0.523875000,-0.016382553
0.523937500,-0.016386556
0.524000000,-0.016377648
0.524062500,-0.016275475
0.524125000,-0.016076934
0.524187500,-0.015829448
0.524250000,-0.015624652
0.524312500,-0.015551239
0.524375000,-0.015721159
0.524437500,-0.016225170
0.524500000,-0.017130643
0.524562500,-0.018457336
0.524625000,-0.020201545
0.524687500,-0.022290699
0.524750000,-0.024566470
0.524812500,-0.026778545
0.524875000,-0.028651165
0.524937500,-0.029937737
0.525000000,-0.030496309
0.525062500,-0.030328151
0.525125000,-0.029585151
0.525187500,-0.028498456
0.525250000,-0.027296079
0.525312500,-0.026121903
0.525375000,-0.025027679
0.525437500,-0.023968050
0.525500000,-0.022872232
0.525562500,-0.021699306
0.525625000,-0.020507686
0.525687500,-0.019391080
0.525750000,-0.018448384
0.525812500,-0.017721614
0.525875000,-0.017202986
0.525937500,-0.016794361
0.526000000,-0.016377648
0.526062500,-0.015866667
0.526125000,-0.015290608
0.526187500,-0.014731215
0.526250000,-0.014306910
0.526312500,-0.014105128
0.526375000,-0.014188661
0.526437500,-0.014512386
0.526500000,-0.014965781
0.526562500,-0.015393779
0.526625000,-0.015715798
0.526687500,-0.015864965
0.526750000,-0.015812902
0.526812500,-0.015529608
0.526875000,-0.015044821
0.526937500,-0.014355971
0.527000000,-0.013459790
0.527062500,-0.012343744
0.527125000,-0.011071281
0.527187500,-0.009696677
0.527250000,-0.008282948
0.527312500,-0.006865690
0.527375000,-0.005543220
0.527437500,-0.004367815
0.527500000,-0.003388479
0.527562500,-0.002618745
0.527625000,-0.002141862
0.527687500,-0.001950349
0.527750000,-0.001976613
0.527812500,-0.002064727
0.527875000,-0.002125623
0.527937500,-0.002048341
0.528000000,-0.001788364
0.528062500,-0.001346552
0.528125000,-0.000892432
0.528187500,-0.000569561
0.528250000,-0.000470622
0.528312500,-0.000548497
0.528375000,-0.000774239
0.528437500,-0.001050312
0.528500000,-0.001317742
0.528562500,-0.001560634
0.528625000,-0.001953189
0.528687500,-0.002675602
0.528750000,-0.003859101
0.528812500,-0.005459302
0.528875000,-0.007366679
0.528937500,-0.009317981
0.529000000,-0.011012556
0.529062500,-0.012162240
0.529125000,-0.012708795
0.529187500,-0.012709940
0.529250000,-0.012330297
0.529312500,-0.011721731
0.529375000,-0.011102894
0.529437500,-0.010595663
0.529500000,-0.010259560
0.529562500,-0.010067403
0.529625000,-0.010072703
0.529687500,-0.010293325
0.529750000,-0.010730183
0.529812500,-0.011307647
0.529875000,-0.011995843
0.529937500,-0.012728591
0.530000000,-0.013459790
0.530062500,-0.014151896
0.530125000,-0.014907347
0.530187500,-0.015857836
0.530250000,-0.017130643
0.530312500,-0.018749319
0.530375000,-0.020710044
0.530437500,-0.022897933
0.530500000,-0.025131216
0.530562500,-0.027170222
0.530625000,-0.028864305
0.530687500,-0.030109899
0.530750000,-0.030872805
0.530812500,-0.031152911
0.530875000,-0.031052399
0.530937500,-0.030712593
0.531000000,-0.030308058
0.531062500,-0.029997125
0.531125000,-0.029932911
0.531187500,-0.030178344
0.531250000,-0.030684557
0.531312500,-0.031285632
0.531375000,-0.031786639
0.531437500,-0.032015149
0.531500000,-0.031908173
0.531562500,-0.031536464
0.531625000,-0.031109847
0.531687500,-0.030843953
0.531750000,-0.030872805
0.531812500,-0.031176306
0.531875000,-0.031603500
0.531937500,-0.031912923
0.532000000,-0.031908173
0.532062500,-0.031544339
0.532125000,-0.030960022
0.532187500,-0.030401675
0.532250000,-0.030119810
0.532312500,-0.030259524
0.532375000,-0.030785613
0.532437500,-0.031490169
0.532500000,-0.032096423
0.532562500,-0.032387309
0.532625000,-0.032272413
0.532687500,-0.031788170
0.532750000,-0.031061055
0.532812500,-0.030240871
0.532875000,-0.029411698
0.532937500,-0.028551308
0.533000000,-0.027578451
0.533062500,-0.026427133
0.533125000,-0.025076918
0.533187500,-0.023532994
0.533250000,-0.021836862
0.533312500,-0.020055717
0.533375000,-0.018243276
0.533437500,-0.016392771
0.533500000,-0.014495159
0.533562500,-0.012598109
0.533625000,-0.010781025
0.533687500,-0.009107526
0.533750000,-0.007624077
0.533812500,-0.006365010
0.533875000,-0.005290029
0.533937500,-0.004278362
0.534000000,-0.003200230
0.534062500,-0.002005414
0.534125000,-0.000688559
0.534187500,0.000723923
0.534250000,0.002164861
0.534312500,0.003512006
0.534375000,0.004699270
0.534437500,0.005737717
0.534500000,0.006682833
0.534562500,0.007561926
0.534625000,0.008423558
0.534687500,0.009318463
0.534750000,0.010259560
0.534812500,0.011168727
0.534875000,0.012008920
0.534937500,0.012789224
0.535000000,0.013553915
0.535062500,0.014309928
0.535125000,0.015129222
0.535187500,0.016090497
0.535250000,0.017224766
0.535312500,0.018429007
0.535375000,0.019621985
0.535437500,0.020737955
0.535500000,0.021742739
0.535562500,0.022581840
0.535625000,0.023335164
0.535687500,0.024140056
0.535750000,0.025131216
0.535812500,0.026315918
0.535875000,0.027702024
0.535937500,0.029227355
0.536000000,0.030778680
0.536062500,0.032166380
0.536125000,0.033332806
0.536187500,0.034306612
0.536250000,0.035202529
0.536312500,0.036114484
0.536375000,0.037198972
0.536437500,0.038517166
0.536500000,0.040002871
0.536562500,0.041412238
0.536625000,0.042543754
0.536687500,0.043239482
0.536750000,0.043485478
0.536812500,0.043384850
0.536875000,0.043272894
0.536937500,0.043502096
0.537000000,0.044332597
0.537062500,0.045775019
0.537125000,0.047728226
0.537187500,0.049920473
0.537250000,0.052050799
0.537312500,0.053844791
0.537375000,0.055290230
0.537437500,0.056488402
0.537500000,0.057604138
0.537562500,0.058699328
0.537625000,0.059847519
0.537687500,0.060972743
0.537750000,0.061933860
0.537812500,0.062535144
0.537875000,0.062781513
0.537937500,0.062730938
0.538000000,0.062498607
0.538062500,0.062122893
0.538125000,0.061712474
0.538187500,0.061241593
0.538250000,0.060616117
0.538312500,0.059649773
0.538375000,0.058350317
0.538437500,0.056752238
0.538500000,0.054968655
0.538562500,0.053073198
0.538625000,0.051312413
0.538687500,0.049822722
0.538750000,0.048662320
0.538812500,0.047710106
0.538875000,0.046980228
0.538937500,0.046385314
0.539000000,0.045838587
0.539062500,0.045166768
0.539125000,0.044460006
0.539187500,0.043757595
0.539250000,0.043108981
0.539312500,0.042429466
0.539375000,0.041866671
0.539437500,0.041458495
0.539500000,0.041226488
0.539562500,0.041046884
0.539625000,0.041063532
0.539687500,0.041311983
0.539750000,0.041791238
0.539812500,0.042298455
0.539875000,0.042876765
0.539937500,0.043430269
0.540000000,0.043861974
0.540062500,0.043953311
0.540125000,0.043856766
0.540187500,0.043662176
0.540250000,0.043485478
0.540312500,0.043272048
0.540375000,0.043269154
0.540437500,0.043552075
0.540500000,0.044144347
0.540562500,0.044855569
0.540625000,0.045815937
0.540687500,0.047005739
0.540750000,0.048379947
0.540812500,0.049696967
0.540875000,0.051062200
0.540937500,0.052468468
0.541000000,0.053933285
0.541062500,0.055324011
0.541125000,0.056874871
0.541187500,0.058686610
0.541250000,0.060804367
0.541312500,0.063013323
0.541375000,0.065374993
0.541437500,0.067803398
0.541500000,0.070216812
0.541562500,0.072393343
0.541625000,0.074500240
0.541687500,0.076632857
0.541750000,0.078876257
0.541812500,0.081089616
0.541875000,0.083372556
0.541937500,0.085653067
0.542000000,0.087818071
0.542062500,0.089595348
0.542125000,0.091053799
0.542187500,0.092223994
0.542250000,0.093183167
0.542312500,0.093872815
0.542375000,0.094530083
0.542437500,0.095275387
0.542500000,0.096195146
0.542562500,0.097179063
0.542625000,0.098381594
0.542687500,0.099820003
0.542750000,0.101466112
0.542812500,0.103089392
0.542875000,0.104720056
0.542937500,0.106275044
0.543000000,0.107678324
0.543062500,0.108730711
0.543125000,0.109578237
0.543187500,0.110316776
0.543250000,0.111066803
0.543312500,0.111784957
0.543375000,0.112684891
0.543437500,0.113807760
0.543500000,0.115114152
0.543562500,0.116340742
0.543625000,0.117486119
0.543687500,0.118429013
0.543750000,0.119067378
0.543812500,0.119187623
0.543875000,0.118927032
0.543937500,0.118334383
0.544000000,0.117467262
0.544062500,0.116228431
0.544125000,0.114814125
0.544187500,0.113270059
0.544250000,0.111631550
0.544312500,0.109799854
0.544375000,0.108015105
0.544437500,0.106392197
0.544500000,0.105042838
0.544562500,0.103907637
0.544625000,0.103207521
0.544687500,0.102929272
0.544750000,0.102972098
0.544812500,0.103023693
0.544875000,0.103099845
0.544937500,0.103075169
0.545000000,0.102877975
0.545062500,0.102359846
0.545125000,0.101786353
0.545187500,0.101273254
0.545250000,0.100901365
0.545312500,0.100537010
0.545375000,0.100332387
0.545437500,0.100206964
0.545500000,0.100054242
0.545562500,0.099639729
0.545625000,0.099136628
0.545687500,0.098572724
0.545750000,0.097983502
0.545812500,0.097245537
0.545875000,0.096558072
0.545937500,0.095887110
0.546000000,0.095159777
0.546062500,0.094155170
0.546125000,0.093037732
0.546187500,0.091802463
0.546250000,0.090453550
0.546312500,0.088856190
0.546375000,0.087242313
0.546437500,0.085636072
0.546500000,0.084053099
0.546562500,0.082379304
0.546625000,0.080890447
0.546687500,0.079671495
0.546750000,0.078782134
0.546812500,0.078105390
0.546875000,0.077827975
0.546937500,0.077897675
0.547000000,0.078217387
0.547062500,0.078544490
0.547125000,0.078973509
0.547187500,0.079426229
0.547250000,0.079817496
0.547312500,0.079939499
0.547375000,0.079914346
0.547437500,0.079715535
0.547500000,0.079346873
0.547562500,0.078735575
0.547625000,0.078130946
0.547687500,0.077586837
0.547750000,0.077087887
0.547812500,0.076445907
0.547875000,0.075710826
0.547937500,0.074777767
0.548000000,0.073605292
0.548062500,0.072166137
0.548125000,0.070789166
0.548187500,0.069661997
0.548250000,0.068899065
0.548312500,0.068405390
0.548375000,0.068212904
0.548437500,0.068125099
0.548500000,0.067957826
0.548562500,0.067548752
0.548625000,0.067105018
0.548687500,0.066762477
0.548750000,0.066640079
0.548812500,0.066691235
0.548875000,0.066965923
0.548937500,0.067271836
0.549000000,0.067393072
0.549062500,0.067126252
0.549125000,0.066593528
0.549187500,0.065888986
0.549250000,0.065134093
0.549312500,0.064347602
0.549375000,0.063649110
0.549437500,0.062949680
0.549500000,0.062122110
0.549562500,0.061020251
0.549625000,0.059753623
0.549687500,0.058374327
0.549750000,0.056945268
0.549812500,0.055441149
0.549875000,0.053944319
0.549937500,0.052352633
0.550000000,0.050544810
0.550062500,0.048402056
0.550125000,0.046069752
0.550187500,0.043659002
0.550250000,0.041320615
0.550312500,0.039150625
0.550375000,0.037339617
0.550437500,0.035869125
0.550500000,0.034637783
0.550562500,0.033481263
0.550625000,0.032400027
0.550687500,0.031340808
0.550750000,0.030308058
0.550812500,0.029321309
0.550875000,0.028526001
0.550937500,0.027913177
0.551000000,0.027390203
0.551062500,0.026778374
0.551125000,0.025999414
0.551187500,0.024924962
0.551250000,0.023531102
0.551312500,0.021913366
0.551375000,0.020375375
0.551437500,0.019142240
0.551500000,0.018354259
0.551562500,0.017997144
0.551625000,0.017989427
0.551687500,0.018048583
0.551750000,0.017883638
0.551812500,0.017315753
0.551875000,0.016388495
0.551937500,0.015202112
0.552000000,0.013930413
0.552062500,0.012759052
0.552125000,0.011855907
0.552187500,0.011209661
0.552250000,0.010730183
0.552312500,0.010324156
0.552375000,0.009957108
0.552437500,0.009549526
0.552500000,0.009035943
0.552562500,0.008380265
0.552625000,0.007570684
0.552687500,0.006543060
0.552750000,0.005270967
0.552812500,0.003827693
0.552875000,0.002366161
0.552937500,0.001022577
0.553000000,-0.000094124
0.553062500,-0.000917815
0.553125000,-0.001486682
0.553187500,-0.001963095
0.553250000,-0.002541359
0.553312500,-0.003340531
0.553375000,-0.004390008
0.553437500,-0.005640917
0.553500000,-0.006965206
0.553562500,-0.008178386
0.553625000,-0.009179004
0.553687500,-0.010006733
0.553750000,-0.010824307
0.553812500,-0.011821115
0.553875000,-0.013237766
0.553937500,-0.015250440
0.554000000,-0.017883638
0.554062500,-0.020923404
0.554125000,-0.024075154
0.554187500,-0.026991699
0.554250000,-0.029366815
0.554312500,-0.030958163
0.554375000,-0.031780660
0.554437500,-0.032028750
0.554500000,-0.032002300
0.554562500,-0.031931214
0.554625000,-0.032054458
0.554687500,-0.032470282
0.554750000,-0.033131793
0.554812500,-0.033802379
0.554875000,-0.034341510
0.554937500,-0.034652434
0.555000000,-0.034731906
0.555062500,-0.034569163
0.555125000,-0.034341432
0.555187500,-0.034207344
0.555250000,-0.034261286
0.555312500,-0.034394257
0.555375000,-0.034558728
0.555437500,-0.034641653
0.555500000,-0.034543656
0.555562500,-0.034118656
0.555625000,-0.033507008
0.555687500,-0.032927744
0.555750000,-0.032661170
0.555812500,-0.032839924
0.555875000,-0.033701055
0.555937500,-0.035287004
0.556000000,-0.037461512
0.556062500,-0.039799750
0.556125000,-0.042052530
0.556187500,-0.043976665
0.556250000,-0.045462091
0.556312500,-0.046405047
0.556375000,-0.047080945
0.556437500,-0.047760520
0.556500000,-0.048662320
0.556562500,-0.049713958
0.556625000,-0.050977036
0.556687500,-0.052356690
0.556750000,-0.053745035
0.556812500,-0.054917846
0.556875000,-0.056054872
0.556937500,-0.057329632
0.557000000,-0.058921877
0.557062500,-0.060746901
0.557125000,-0.062919207
0.557187500,-0.065328106
0.557250000,-0.067769580
0.557312500,-0.069823295
0.557375000,-0.071484067
0.557437500,-0.072766349
0.557500000,-0.073793538
0.557562500,-0.074537151
0.557625000,-0.075346924
0.557687500,-0.076415882
0.557750000,-0.077840880
0.557812500,-0.079391472
0.557875000,-0.081164502
0.557937500,-0.083132274
0.558000000,-0.085276708
0.558062500,-0.087363534
0.558125000,-0.089578487
0.558187500,-0.091985747
0.558250000,-0.094595030
0.558312500,-0.097096421
0.558375000,-0.099535316
0.558437500,-0.101829186
0.558500000,-0.103913352
0.558562500,-0.105518997
0.558625000,-0.106869102
0.558687500,-0.108109288
0.558750000,-0.109372564
0.558812500,-0.110474333
0.558875000,-0.111614704
0.558937500,-0.112815268
0.559000000,-0.114078782
0.559062500,-0.115158930
0.559125000,-0.116310067
0.559187500,-0.117671080
0.559250000,-0.119349748
0.559312500,-0.121107146
0.559375000,-0.123097911
0.559437500,-0.125268385
0.559500000,-0.127538577
0.559562500,-0.129571050
0.559625000,-0.131590888
0.559687500,-0.133724958
0.559750000,-0.136103898
0.559812500,-0.138515592
0.559875000,-0.141180873
0.559937500,-0.144056842
0.560000000,-0.147022322
0.560062500,-0.149635300
0.560125000,-0.152017310
0.560187500,-0.154172063
0.560250000,-0.156152397
0.560312500,-0.157745376
0.560375000,-0.159276530
0.560437500,-0.160859808
0.560500000,-0.162552848
0.560562500,-0.164062530
0.560625000,-0.165599734
0.560687500,-0.167150304
0.560750000,-0.168670937
0.560812500,-0.169811890
0.560875000,-0.170800865
0.560937500,-0.171685353
0.561000000,-0.172530040
0.561062500,-0.173108906
0.561125000,-0.173765361
0.561187500,-0.174577236
0.561250000,-0.175542012
0.561312500,-0.176279128
0.561375000,-0.176975131
0.561437500,-0.177602276
0.561500000,-0.178177506
0.561562500,-0.178468227
0.561625000,-0.178910747
0.561687500,-0.179692522
0.561750000,-0.180907100
0.561812500,-0.182193682
0.561875000,-0.183699742
0.561937500,-0.185248435
0.562000000,-0.186648712
0.562062500,-0.187450528
0.562125000,-0.187956810
0.562187500,-0.188299388
0.562250000,-0.188625321
0.562312500,-0.188708782
0.562375000,-0.188893735
0.562437500,-0.189152882
0.562500000,-0.189378306
0.562562500,-0.189119920
0.562625000,-0.188655689
0.562687500,-0.188047886
0.562750000,-0.187401697
0.562812500,-0.186501548
0.562875000,-0.185801342
0.562937500,-0.185384691
0.563000000,-0.185236827
0.563062500,-0.184932604
0.563125000,-0.184733719
0.563187500,-0.184594944
0.563250000,-0.184483841
0.563312500,-0.184056818
0.563375000,-0.183743790
0.563437500,-0.183667406
0.563500000,-0.183919087
0.563562500,-0.184193671
0.563625000,-0.184880689
0.563687500,-0.185977131
0.563750000,-0.187401697
0.563812500,-0.188673332
0.563875000,-0.190037012
0.563937500,-0.191402420
0.564000000,-0.192672670
0.564062500,-0.193421125
0.564125000,-0.193988547
0.564187500,-0.194395334
0.564250000,-0.194649279
0.564312500,-0.194413215
0.564375000,-0.194091871
0.564437500,-0.193749472
0.564500000,-0.193425655
0.564562500,-0.192809001
0.564625000,-0.192315131
0.564687500,-0.191989183
0.564750000,-0.191825554
0.564812500,-0.191453502
0.564875000,-0.191223666
0.564937500,-0.191133976
0.565000000,-0.191166669
0.565062500,-0.190981463
0.565125000,-0.190976992
0.565187500,-0.191196144
0.565250000,-0.191637307
0.565312500,-0.191945538
0.565375000,-0.192455858
0.565437500,-0.193149373
0.565500000,-0.193990409
0.565562500,-0.194645494
0.565625000,-0.195479631
0.565687500,-0.196503282
0.565750000,-0.197661266
0.565812500,-0.198547944
0.565875000,-0.199365214
0.565937500,-0.199964076
0.566000000,-0.200202614
0.566062500,-0.199740618
0.566125000,-0.198954716
0.566187500,-0.197967261
0.566250000,-0.196908265
0.566312500,-0.195638418
0.566375000,-0.194553927
0.566437500,-0.193653554
0.566500000,-0.192860916
0.566562500,-0.191854388
0.566625000,-0.190892458
0.566687500,-0.189926848
0.566750000,-0.188907683
0.566812500,-0.187590048
0.566875000,-0.186296225
0.566937500,-0.185037583
0.567000000,-0.183824971
0.567062500,-0.182492137
0.567125000,-0.181409165
0.567187500,-0.180590883
0.567250000,-0.179965869
0.567312500,-0.179208472
0.567375000,-0.178461909
0.567437500,-0.177562028
0.567500000,-0.176389143
0.567562500,-0.174760476
0.567625000,-0.173053861
0.567687500,-0.171361402
0.567750000,-0.169706300
0.567812500,-0.167873248
0.567875000,-0.165996149
0.567937500,-0.163853332
0.568000000,-0.161235124
0.568062500,-0.157919511
0.568125000,-0.154249609
0.568187500,-0.150374532
0.568250000,-0.146457583
0.568312500,-0.142504051
0.568375000,-0.138812900
0.568437500,-0.135251537
0.568500000,-0.131585926
0.568562500,-0.127490491
0.568625000,-0.123120643
0.568687500,-0.118460461
0.568750000,-0.113608167
0.568812500,-0.108674616
0.568875000,-0.104146041
0.568937500,-0.100145839
0.569000000,-0.096665770
0.569062500,-0.093529232
0.569125000,-0.090833142
0.569187500,-0.088385664
0.569250000,-0.086029708
0.569312500,-0.083640076
0.569375000,-0.081470512
0.569437500,-0.079504043
0.569500000,-0.077652633
0.569562500,-0.075708583
0.569625000,-0.073682249
0.569687500,-0.071299881
0.569750000,-0.068334319
0.569812500,-0.064676702
0.569875000,-0.060637362
0.569937500,-0.056392569
0.570000000,-0.052144922
0.570062500,-0.048051760
0.570125000,-0.044380248
0.570187500,-0.041017357
0.570250000,-0.037743889
0.570312500,-0.034357689
0.570375000,-0.030913547
0.570437500,-0.027352657
0.570500000,-0.023719350
0.570562500,-0.020174196
0.570625000,-0.017032269
0.570687500,-0.014323334
0.570750000,-0.011953799
0.570812500,-0.009787765
0.570875000,-0.007740900
0.570937500,-0.005548775
0.571000000,-0.003011981
0.571062500,-0.000128341
0.571125000,0.002913871
0.571187500,0.006008149
0.571250000,0.009035943
0.571312500,0.011819455
0.571375000,0.014227835
0.571437500,0.016334059
0.571500000,0.018260136
0.571562500,0.020022783
0.571625000,0.021639291
0.571687500,0.023213062
0.571750000,0.024848843
0.571812500,0.026540739
0.571875000,0.028351540
0.571937500,0.030421814
0.572000000,0.032849420
0.572062500,0.035525993
0.572125000,0.038358118
0.572187500,0.041299362
0.572250000,0.044332597
0.572312500,0.047359832
0.572375000,0.050450459
0.572437500,0.053743605
0.572500000,0.057321765
0.572562500,0.061006237
0.572625000,0.064637922
0.572687500,0.068037324
0.572750000,0.071063928
0.572812500,0.073540539
0.572875000,0.075591929
0.572937500,0.077449836
0.573000000,0.079346873
0.573062500,0.081264481
0.573125000,0.083250366
0.573187500,0.085243851
0.573250000,0.087159202
0.573312500,0.088791475
0.573375000,0.090256669
0.573437500,0.091705821
0.573500000,0.093277290
0.573562500,0.094847374
0.573625000,0.096440963
0.573687500,0.097978622
0.573750000,0.099395372
0.573812500,0.100531809
0.573875000,0.101598546
0.573937500,0.102798611
0.574000000,0.104289845
0.574062500,0.105925582
0.574125000,0.107703559
0.574187500,0.109465875
0.574250000,0.111066803
0.574312500,0.112283953
0.574375000,0.113317832
0.574437500,0.114364579
0.574500000,0.115584768
0.574562500,0.116832674
0.574625000,0.118088439
0.574687500,0.119128622
0.574750000,0.119726248
0.574812500,0.119608283
0.574875000,0.118978709
0.574937500,0.118096799
0.575000000,0.117279015
0.575062500,0.116622202
0.575125000,0.116386630
0.575187500,0.116553754
0.575250000,0.116996638
0.575312500,0.117418699
0.575375000,0.117911100
0.575437500,0.118520685
0.575500000,0.119349748
0.575562500,0.120337941
0.575625000,0.121671848
0.575687500,0.123264097
0.575750000,0.124903090
0.575812500,0.126163036
0.575875000,0.126977816
0.575937500,0.127217010
0.576000000,0.126879707
0.576062500,0.125946507
0.576125000,0.124831870
0.576187500,0.123794563
0.576250000,0.123020597
0.576312500,0.122428447
0.576375000,0.122166283
0.576437500,0.122109085
0.576500000,0.122079358
0.576562500,0.121764332
0.576625000,0.121248402
0.576687500,0.120483883
0.576750000,0.119443879
0.576812500,0.117963061
0.576875000,0.116229378
0.576937500,0.114240900
0.577000000,0.112008043
0.577062500,0.109443985
0.577125000,0.106866971
0.577187500,0.104421109
0.577250000,0.102219105
0.577312500,0.100170955
0.577375000,0.098463304
0.577437500,0.097000271
0.577500000,0.095630392
0.577562500,0.094073854
0.577625000,0.092466868
0.577687500,0.090827465
0.577750000,0.089229941
0.577812500,0.087640204
0.577875000,0.086354606
0.577937500,0.085402101
0.578000000,0.084711969
0.578062500,0.084011018
0.578125000,0.083360106
0.578187500,0.082661085
0.578250000,0.081888236
0.578312500,0.080973327
0.578375000,0.080247447
0.578437500,0.079805240
0.578500000,0.079629250
0.578562500,0.079449326
0.578625000,0.079243131
0.578687500,0.078764416
0.578750000,0.077840880
0.578812500,0.076348715
0.578875000,0.074651137
0.578937500,0.073003896
0.579000000,0.071628675
0.579062500,0.070517860
0.579125000,0.069805041
0.579187500,0.069288582
0.579250000,0.068710819
0.579312500,0.067782521
0.579375000,0.066656165
0.579437500,0.065434344
0.579500000,0.064286970
0.579562500,0.063275665
0.579625000,0.062665030
0.579687500,0.062420975
0.579750000,0.062404484
0.579812500,0.062346961
0.579875000,0.062294148
0.579937500,0.062190250
0.580000000,0.062027987
0.580062500,0.061721273
0.580125000,0.061451092
0.580187500,0.061199497
0.580250000,0.060898494
0.580312500,0.060358882
0.580375000,0.059679352
0.580437500,0.058847677
0.580500000,0.057886511
0.580562500,0.056743104
0.580625000,0.055628832
0.580687500,0.054576982
0.580750000,0.053556789
0.580812500,0.052376397
0.580875000,0.051085938
0.580937500,0.049608227
0.581000000,0.047909327
0.581062500,0.045908500
0.581125000,0.043874025
0.581187500,0.041960079
0.581250000,0.040285248
0.581312500,0.038761605
0.581375000,0.037529353
0.581437500,0.036527921
0.581500000,0.035673149
0.581562500,0.034766596
0.581625000,0.033973258
0.581687500,0.033369843
0.581750000,0.033037666
0.581812500,0.032881230
0.581875000,0.033065885
0.581937500,0.033574715
0.582000000,0.034355409
0.582062500,0.035206217
0.582125000,0.036251813
0.582187500,0.037506010
0.582250000,0.038967505
0.582312500,0.040441576
0.582375000,0.041996133
0.582437500,0.043526035
0.582500000,0.044897340
0.582562500,0.045980152
0.582625000,0.046703875
0.582687500,0.046985939
0.582750000,0.046873957
0.582812500,0.046596389
0.582875000,0.046537314
0.582937500,0.046957564
0.583000000,0.047909327
0.583062500,0.049185503
0.583125000,0.050457757
0.583187500,0.051385853
0.583250000,0.051956676
0.583312500,0.052615479
0.583375000,0.054126993
0.583437500,0.057049252
0.583500000,0.061369114
0.583562500,0.066354275
0.583625000,0.070836633
0.583687500,0.073729262
0.583750000,0.074734777
0.583812500,0.074631050
0.583875000,0.074942522
0.583937500,0.076974288
0.584000000,0.080946989
0.584062500,0.085633069
0.584125000,0.088916831
0.584187500,0.088940501
0.584250000,0.085464962
0.584312500,0.080438919
0.584375000,0.077361129
0.584437500,0.079392478
0.584500000,0.087347448
0.584562500,0.098508961
0.584625000,0.107189670
0.584687500,0.106809363
0.584750000,0.092900790
0.584812500,0.065435007
0.584875000,0.029409705
0.584937500,-0.006950842
0.585000000,-0.035296652
0.585062500,-0.050368674
0.585125000,-0.051701877
0.585187500,-0.043426860
0.585250000,-0.032002300
0.585312500,-0.023320161
0.585375000,-0.020358058
0.585437500,-0.022715969
0.585500000,-0.027578451
0.585562500,-0.031667817
0.585625000,-0.032876097
0.585687500,-0.031183898
0.585750000,-0.028143197
0.585812500,-0.025713356
0.585875000,-0.024962183
0.585937500,-0.025742894
0.586000000,-0.026919581
0.586062500,-0.027204879
0.586125000,-0.025779560
0.586187500,-0.022844100
0.586250000,-0.019295502
0.586312500,-0.016193118
0.586375000,-0.014028600
0.586437500,-0.012794482
0.586500000,-0.012047924
0.586562500,-0.011323081
0.586625000,-0.010248291
0.586687500,-0.008935070
0.586750000,-0.007718201
0.586812500,-0.006939511
0.586875000,-0.006547877
0.586937500,-0.006388227
0.587000000,-0.006212211
0.587062500,-0.005884491
0.587125000,-0.005272096
0.587187500,-0.004529158
0.587250000,-0.003859101
0.587312500,-0.003421565
0.587375000,-0.003065174
0.587437500,-0.002681080
0.587500000,-0.002164861
0.587562500,-0.001452277
0.587625000,-0.000642773
0.587687500,0.000158882
0.587750000,0.000847120
0.587812500,0.001389402
0.587875000,0.001759996
0.587937500,0.002046401
0.588000000,0.002353110
0.588062500,0.002758425
0.588125000,0.003216398
0.588187500,0.003668385
0.588250000,0.004047350
0.588312500,0.004330772
0.588375000,0.004511505
0.588437500,0.004670842
0.588500000,0.004894469
0.588562500,0.005221023
0.588625000,0.005580472
0.588687500,0.005882038
0.588750000,0.006023962
0.588812500,0.005934901
0.588875000,0.005605069
0.588937500,0.005122105
0.589000000,0.004612096
0.589062500,0.004164968
0.589125000,0.003829267
0.589187500,0.003593107
0.589250000,0.003388479
0.589312500,0.003094311
0.589375000,0.002642877
0.589437500,0.002011445
0.589500000,0.001223617
0.589562500,0.000296240
0.589625000,-0.000688703
0.589687500,-0.001654760
0.589750000,-0.002541359
0.589812500,-0.003357721
0.589875000,-0.004056959
0.589937500,-0.004608655
0.590000000,-0.004988594
0.590062500,-0.005240696
0.590125000,-0.005315942
0.590187500,-0.005179084
0.590250000,-0.004800345
0.590312500,-0.004238567
0.590375000,-0.003451992
0.590437500,-0.002439352
0.590500000,-0.001223617
0.590562500,0.000060609
0.590625000,0.001398289
0.590687500,0.002742436
0.590750000,0.004047350
0.590812500,0.005181610
0.590875000,0.006186216
0.590937500,0.007102685
0.591000000,0.008000575
0.591062500,0.008857553
0.591125000,0.009825581
0.591187500,0.010999461
0.591250000,0.012424421
0.591312500,0.013968060
0.591375000,0.015624211
0.591437500,0.017325466
0.591500000,0.019013131
0.591562500,0.020545701
0.591625000,0.022002935
0.591687500,0.023450729
0.591750000,0.024942968
0.591812500,0.026382515
0.591875000,0.027812162
0.591937500,0.029235501
0.592000000,0.030684557
0.592062500,0.032127548
0.592125000,0.033731677
0.592187500,0.035619400
0.592250000,0.037838012
0.592312500,0.040215731
0.592375000,0.042658288
0.592437500,0.045028772
0.592500000,0.047250453
0.592562500,0.049242735
0.592625000,0.051174529
0.592687500,0.053211614
0.592750000,0.055439275
0.592812500,0.057690609
0.592875000,0.059831776
0.592937500,0.061681703
0.593000000,0.063157476
0.593062500,0.064247161
0.593125000,0.065276615
0.593187500,0.066612177
0.593250000,0.068522573
0.593312500,0.070932403
0.593375000,0.073661909
0.593437500,0.076317966
0.593500000,0.078499757
0.593562500,0.079866625
0.593625000,0.080509193
0.593687500,0.080712155
0.593750000,0.080852866
0.593812500,0.081122726
0.593875000,0.081675299
0.593937500,0.082393728
0.594000000,0.083017729
0.594062500,0.083184727
0.594125000,0.082834609
0.594187500,0.082043074
0.594250000,0.081041120
0.594312500,0.080020569
0.594375000,0.079309233
0.594437500,0.079053156
0.594500000,0.079252750
0.594562500,0.079688728
0.594625000,0.080278307
0.594687500,0.080865487
0.594750000,0.081323490
0.594812500,0.081463613
0.594875000,0.081369936
0.594937500,0.081101693
0.595000000,0.080758743
0.595062500,0.080344230
0.595125000,0.080078989
0.595187500,0.080034353
0.595250000,0.080193989
0.595312500,0.080333829
0.595375000,0.080429897
0.595437500,0.080349274
0.595500000,0.080005743
0.595562500,0.079270139
0.595625000,0.078364879
0.595687500,0.077437267
0.595750000,0.076617271
0.595812500,0.075838171
0.595875000,0.075239912
0.595937500,0.074755080
0.596000000,0.074264154
0.596062500,0.073507555
0.596125000,0.072577059
0.596187500,0.071487367
0.596250000,0.070310935
0.596312500,0.069012940
0.596375000,0.067877889
0.596437500,0.066992395
0.596500000,0.066357709
0.596562500,0.065754317
0.596625000,0.065260351
0.596687500,0.064828321
0.596750000,0.064475216
0.596812500,0.064144745
0.596875000,0.064152040
0.596937500,0.064614050
0.597000000,0.065510593
0.597062500,0.066505291
0.597125000,0.067489289
0.597187500,0.068207301
0.597250000,0.068522573
0.597312500,0.068332240
0.597375000,0.068051308
0.597437500,0.067988627
0.597500000,0.068334319
0.597562500,0.068892136
0.597625000,0.069615275
0.597687500,0.070218317
0.597750000,0.070499182
0.597812500,0.070303515
0.597875000,0.070076056
0.597937500,0.070206702
0.598000000,0.070969805
0.598062500,0.072181940
0.598125000,0.073726475
0.598187500,0.075152762
0.598250000,0.076052524
0.598312500,0.076097526
0.598375000,0.075662382
0.598437500,0.075209193
0.598500000,0.075205401
0.598562500,0.075724661
0.598625000,0.076859869
0.598687500,0.078274868
0.598750000,0.079535127
0.598812500,0.080173753
0.598875000,0.080340289
0.598937500,0.080312006
0.599000000,0.080476373
0.599062500,0.080974042
0.599125000,0.082039833
0.599187500,0.083518296
0.599250000,0.085088462
0.599312500,0.086275272
0.599375000,0.087072231
0.599437500,0.087546647
0.599500000,0.087912194
0.599562500,0.088260747
0.599625000,0.088926353
0.599687500,0.089968078
0.599750000,0.091300674
0.599812500,0.092606887
0.599875000,0.093898430
0.599937500,0.095119536
0.600000000,0.096289270
0.600062500,0.097328499
0.600125000,0.098471068
0.600187500,0.099767923
0.600250000,0.101183742
0.600312500,0.102458723
0.600375000,0.103600852
0.600437500,0.104488552
0.600500000,0.105042838
0.600562500,0.105116278
0.600625000,0.104926787
0.600687500,0.104589343
0.600750000,0.104195721
0.600812500,0.103650078
0.600875000,0.103082538
0.600937500,0.102438562
0.601000000,0.101654358
0.601062500,0.100589998
0.601125000,0.099439874
0.601187500,0.098314017
0.601250000,0.097324640
0.601312500,0.096431598
0.601375000,0.095797315
0.601437500,0.095374286
0.601500000,0.095065653
0.601562500,0.094662584
0.601625000,0.094274275
0.601687500,0.093922161
0.601750000,0.093653791
0.601812500,0.093389541
0.601875000,0.093298972
0.601937500,0.093333669
0.602000000,0.093371414
0.602062500,0.093133591
0.602125000,0.092654102
0.602187500,0.091877431
0.602250000,0.090830058
0.602312500,0.089497097
0.602375000,0.088211820
0.602437500,0.087128580
0.602500000,0.086312085
0.602562500,0.085585691
0.602625000,0.084995590
0.602687500,0.084377736
0.602750000,0.083582476
0.602812500,0.082394488
0.602875000,0.081024460
0.602937500,0.079552293
0.603000000,0.078029141
0.603062500,0.076287590
0.603125000,0.074446708
0.603187500,0.072412513
0.603250000,0.070122682
0.603312500,0.067460217
0.603375000,0.064788744
0.603437500,0.062347174
0.603500000,0.060333744
0.603562500,0.058677800
0.603625000,0.057552140
0.603687500,0.056857735
0.603750000,0.056474645
0.603812500,0.056181729
0.603875000,0.056208596
0.603937500,0.056643166
0.604000000,0.057510015
0.604062500,0.058546025
0.604125000,0.059714705
0.604187500,0.060737334
0.604250000,0.061369114
0.604312500,0.061353922
0.604375000,0.060976684
0.604437500,0.060486887
0.604500000,0.060145497
0.604562500,0.059959687
0.604625000,0.060133517
0.604687500,0.060563933
0.604750000,0.061086740
0.604812500,0.061436802
0.604875000,0.061806176
0.604937500,0.062327683
0.605000000,0.063157476
0.605062500,0.064248793
0.605125000,0.065751180
0.605187500,0.067529880
0.605250000,0.069369689
0.605312500,0.070939578
0.605375000,0.072297439
0.605437500,0.073466040
0.605500000,0.074546531
0.605562500,0.075549744
0.605625000,0.076715849
0.605687500,0.078066833
0.605750000,0.079535127
0.605812500,0.080902234
0.605875000,0.082185909
0.605937500,0.083311372
0.606000000,0.084241346
0.606062500,0.084885247
0.606125000,0.085383669
0.606187500,0.085764736
0.606250000,0.086029708
0.606312500,0.086069442
0.606375000,0.085972495
0.606437500,0.085735105
0.606500000,0.085370831
0.606562500,0.084833607
0.606625000,0.084305055
0.606687500,0.083868943
0.606750000,0.083582476
0.606812500,0.083367907
0.606875000,0.083301172
0.606937500,0.083292082
0.607000000,0.083205983
0.607062500,0.082818687
0.607125000,0.082145780
0.607187500,0.081162564
0.607250000,0.079911619
0.607312500,0.078408085
0.607375000,0.076878175
0.607437500,0.075403221
0.607500000,0.073981784
0.607562500,0.072453722
0.607625000,0.070802718
0.607687500,0.068913728
0.607750000,0.066734202
0.607812500,0.064240500
0.607875000,0.061687853
0.607937500,0.059246331
0.608000000,0.057039391
0.608062500,0.055036113
0.608125000,0.053304061
0.608187500,0.051741805
0.608250000,0.050262433
0.608312500,0.048794426
0.608375000,0.047544751
0.608437500,0.046630539
0.608500000,0.046120960
0.608562500,0.045920543
0.608625000,0.046013709
0.608687500,0.046181500
0.608750000,0.046215083
0.608812500,0.045948550
0.608875000,0.045551036
0.608937500,0.045155086
0.609000000,0.044897340
0.609062500,0.044783588
0.609125000,0.044882584
0.609187500,0.045022674
0.609250000,0.044991467
0.609312500,0.044587310
0.609375000,0.043905489
0.609437500,0.043025408
0.609500000,0.042073611
0.609562500,0.041111059
0.609625000,0.040291674
0.609687500,0.039554037
0.609750000,0.038779255
0.609812500,0.037823424
0.609875000,0.036748957
0.609937500,0.035554610
0.610000000,0.034261286
0.610062500,0.032854613
0.610125000,0.031434156
0.610187500,0.029968128
0.610250000,0.028425572
0.610312500,0.026793145
0.610375000,0.025218021
0.610437500,0.023770222
0.610500000,0.022495734
0.610562500,0.021382168
0.610625000,0.020454464
0.610687500,0.019627331
0.610750000,0.018824881
0.610812500,0.018016821
0.610875000,0.017305404
0.610937500,0.016748820
0.611000000,0.016377648
0.611062500,0.016154191
0.611125000,0.016023142
0.611187500,0.015810348
0.611250000,0.015342278
0.611312500,0.014512734
0.611375000,0.013394605
0.611437500,0.012105807
0.611500000,0.010824307
0.611562500,0.009718915
0.611625000,0.008938786
0.611687500,0.008448819
0.611750000,0.008094699
0.611812500,0.007658483
0.611875000,0.006994304
0.611937500,0.005978592
0.612000000,0.004612096
0.612062500,0.003024181
0.612125000,0.001476447
0.612187500,0.000174835
0.612250000,-0.000752995
0.612312500,-0.001297685
0.612375000,-0.001541956
0.612437500,-0.001715147
0.612500000,-0.002070737
0.612562500,-0.002789741
0.612625000,-0.003897019
0.612687500,-0.005318898
0.612750000,-0.006871082
0.612812500,-0.008310148
0.612875000,-0.009414754
0.612937500,-0.010107519
0.613000000,-0.010447809
0.613062500,-0.010586297
0.613125000,-0.010708003
0.613187500,-0.010984258
0.613250000,-0.011483178
0.613312500,-0.012130769
0.613375000,-0.012752921
0.613437500,-0.013172748
0.613500000,-0.013271542
0.613562500,-0.013034067
0.613625000,-0.012563321
0.613687500,-0.012067417
0.613750000,-0.011765551
0.613812500,-0.011800214
0.613875000,-0.012176526
0.613937500,-0.012791344
0.614000000,-0.013459790
0.614062500,-0.013985267
0.614125000,-0.014227116
0.614187500,-0.014173435
0.614250000,-0.013930413
0.614312500,-0.013674867
0.614375000,-0.013585546
0.614437500,-0.013788976
0.614500000,-0.014306910
0.614562500,-0.015048064
0.614625000,-0.015850699
0.614687500,-0.016550228
0.614750000,-0.017036518
0.614812500,-0.017282208
0.614875000,-0.017361645
0.614937500,-0.017397471
0.615000000,-0.017507140
0.615062500,-0.017742911
0.615125000,-0.018096952
0.615187500,-0.018491764
0.615250000,-0.018824881
0.615312500,-0.019000206
0.615375000,-0.018998085
0.615437500,-0.018833265
0.615500000,-0.018542508
0.615562500,-0.018140664
0.615625000,-0.017645383
0.615687500,-0.017033704
0.615750000,-0.016283523
0.615812500,-0.015389766
0.615875000,-0.014412137
0.615937500,-0.013409271
0.616000000,-0.012424421
0.616062500,-0.011449292
0.616125000,-0.010472339
0.616187500,-0.009451355
0.616250000,-0.008377072
0.616312500,-0.007295233
0.616375000,-0.006339009
0.616437500,-0.005637489
0.616500000,-0.005270967
0.616562500,-0.005215320
0.616625000,-0.005374675
0.616687500,-0.005573132
0.616750000,-0.005647464
0.616812500,-0.005511622
0.616875000,-0.005212831
0.616937500,-0.004865811
0.617000000,-0.004612096
0.617062500,-0.004554747
0.617125000,-0.004729313
0.617187500,-0.005068286
0.617250000,-0.005459215
0.617312500,-0.005806093
0.617375000,-0.006080380
0.617437500,-0.006293700
0.617500000,-0.006494584
0.617562500,-0.006735464
0.617625000,-0.007029023
0.617687500,-0.007302349
0.617750000,-0.007435828
0.617812500,-0.007322942
0.617875000,-0.006913706
0.617937500,-0.006224379
0.618000000,-0.005365091
0.618062500,-0.004530914
0.618125000,-0.003914090
0.618187500,-0.003625733
0.618250000,-0.003670852
0.618312500,-0.003970813
0.618375000,-0.004352377
0.618437500,-0.004614386
0.618500000,-0.004612096
0.618562500,-0.004339898
0.618625000,-0.003865286
0.618687500,-0.003316063
0.618750000,-0.002823732
0.618812500,-0.002499438
0.618875000,-0.002318183
0.618937500,-0.002165294
0.619000000,-0.001882488
0.619062500,-0.001372818
0.619125000,-0.000559665
0.619187500,0.000531247
0.619250000,0.001788364
0.619312500,0.003008998
0.619375000,0.004086342
0.619437500,0.004981131
0.619500000,0.005741589
0.619562500,0.006415016
0.619625000,0.007153379
0.619687500,0.008054432
0.619750000,0.009130068
0.619812500,0.010228886
0.619875000,0.011255391
0.619937500,0.012118677
0.620000000,0.012800919
0.620062500,0.013301941
0.620125000,0.013808019
0.620187500,0.014508701
0.620250000,0.015530528
0.620312500,0.016796544
0.620375000,0.018230522
0.620437500,0.019676788
0.620500000,0.020989744
0.620562500,0.022012958
0.620625000,0.022829231
0.620687500,0.023592660
0.620750000,0.024472345
0.620812500,0.025476638
0.620875000,0.026624139
0.620937500,0.027794842
0.621000000,0.028802069
0.621062500,0.029387852
0.621125000,0.029523939
0.621187500,0.029312873
0.621250000,0.028990317
0.621312500,0.028771114
0.621375000,0.028971709
0.621437500,0.029784516
0.621500000,0.031249303
0.621562500,0.033176146
0.621625000,0.035399202
0.621687500,0.037721127
0.621750000,0.040002871
0.621812500,0.042120144
0.621875000,0.044151779
0.621937500,0.046187751
0.622000000,0.048285823
0.622062500,0.050349582
0.622125000,0.052319977
0.622187500,0.054076586
0.622250000,0.055533402
0.622312500,0.056622464
0.622375000,0.057502896
0.622437500,0.058367297
0.622500000,0.059392504
0.622562500,0.060591407
0.622625000,0.061967369
0.622687500,0.063382700
0.622750000,0.064663462
0.622812500,0.065615833
0.622875000,0.066256233
0.622937500,0.066654876
0.623000000,0.066922449
0.623062500,0.067086183
0.623125000,0.067225084
0.623187500,0.067312762
0.623250000,0.067298949
0.623312500,0.067104764
0.623375000,0.066802934
0.623437500,0.066447154
0.623500000,0.066075332
0.623562500,0.065622486
0.623625000,0.065081604
0.623687500,0.064370804
0.623750000,0.063439853
0.623812500,0.062270328
0.623875000,0.061030854
0.623937500,0.059875354
0.624000000,0.058921877
0.624062500,0.058150258
0.624125000,0.057538491
0.624187500,0.056936715
0.624250000,0.056192271
0.624312500,0.055183202
0.624375000,0.054012880
0.624437500,0.052817184
0.624500000,0.051768426
0.624562500,0.050958101
0.624625000,0.050492395
0.624687500,0.050267845
0.624750000,0.050074182
0.624812500,0.049629673
0.624875000,0.048846319
0.624937500,0.047676262
0.625000000,0.046215083
0.625062500,0.044620875
0.625125000,0.043212827
0.625187500,0.042125054
0.625250000,0.041320615
0.625312500,0.040546656
0.625375000,0.039613377
0.625437500,0.038269497
0.625500000,0.036426149
0.625562500,0.034178957
0.625625000,0.031961583
0.625687500,0.030149864
0.625750000,0.028990317
0.625812500,0.028446289
0.625875000,0.028370032
0.625937500,0.028362302
0.626000000,0.028049074
0.626062500,0.027215665
0.626125000,0.026044570
0.626187500,0.024810024
0.626250000,0.023813475
0.626312500,0.023189658
0.626375000,0.022970503
0.626437500,0.022887005
0.626500000,0.022589857
0.626562500,0.021793481
0.626625000,0.020529957
0.626687500,0.018950844
0.626750000,0.017318891
0.626812500,0.015857821
0.626875000,0.014776282
0.626937500,0.014050023
0.627000000,0.013553915
0.627062500,0.013141493
0.627125000,0.012828854
0.627187500,0.012635739
0.627250000,0.012612671
0.627312500,0.012766977
0.627375000,0.013112651
0.627437500,0.013520214
0.627500000,0.013836288
0.627562500,0.013948193
0.627625000,0.013885618
0.627687500,0.013677620
0.627750000,0.013365666
0.627812500,0.012965088
0.627875000,0.012477840
0.627937500,0.011817994
0.628000000,0.010918431
0.628062500,0.009805165
0.628125000,0.008608785
0.628187500,0.007465312
0.628250000,0.006494584
0.628312500,0.005771428
0.628375000,0.005273160
0.628437500,0.004871538
0.628500000,0.004423847
0.628562500,0.003866434
0.628625000,0.003215837
0.628687500,0.002528124
0.628750000,0.001882488
0.628812500,0.001363392
0.628875000,0.000977003
0.628937500,0.000648410
0.629000000,0.000282373
0.629062500,-0.000147451
0.629125000,-0.000642585
0.629187500,-0.001174123
0.629250000,-0.001694239
0.629312500,-0.002128014
0.629375000,-0.002495103
0.629437500,-0.002878807
0.629500000,-0.003388479
0.629562500,-0.004066454
0.629625000,-0.004962830
0.629687500,-0.006072386
0.629750000,-0.007341704
0.629812500,-0.008647745
0.629875000,-0.009940711
0.629937500,-0.011216803
0.630000000,-0.012518546
0.630062500,-0.013864452
0.630125000,-0.015336177
0.630187500,-0.016989782
0.630250000,-0.018824881
0.630312500,-0.020717053
0.630375000,-0.022564385
0.630437500,-0.024254184
0.630500000,-0.025695963
0.630562500,-0.026785059
0.630625000,-0.027543578
0.630687500,-0.028033273
0.630750000,-0.028331446
0.630812500,-0.028450945
0.630875000,-0.028469326
0.630937500,-0.028460938
0.631000000,-0.028519696
0.631062500,-0.028709762
0.631125000,-0.029166503
0.631187500,-0.029979248
0.631250000,-0.031155180
0.631312500,-0.032551467
0.631375000,-0.034010846
0.631437500,-0.035346668
0.631500000,-0.036426149
0.631562500,-0.037178908
0.631625000,-0.037707381
0.631687500,-0.038164545
0.631750000,-0.038685132
0.631812500,-0.039275263
0.631875000,-0.039890256
0.631937500,-0.040396649
0.632000000,-0.040661745
0.632062500,-0.040597677
0.632125000,-0.040299676
0.632187500,-0.039960057
0.632250000,-0.039814625
0.632312500,-0.040022783
0.632375000,-0.040682074
0.632437500,-0.041734487
0.632500000,-0.043014854
0.632562500,-0.044286739
0.632625000,-0.045397844
0.632687500,-0.046239931
0.632750000,-0.046779834
0.632812500,-0.047004264
0.632875000,-0.046994537
0.632937500,-0.046788856
0.633000000,-0.046403330
0.633062500,-0.045798633
0.633125000,-0.045022901
0.633187500,-0.044087227
0.633250000,-0.043014854
0.633312500,-0.041802175
0.633375000,-0.040549695
0.633437500,-0.039308563
0.633500000,-0.038120385
0.633562500,-0.036979631
0.633625000,-0.035948157
0.633687500,-0.035019316
0.633750000,-0.034167159
0.633812500,-0.033328779
0.633875000,-0.032525726
0.633937500,-0.031740252
0.634000000,-0.030966930
0.634062500,-0.030189069
0.634125000,-0.029467482
0.634187500,-0.028794987
0.634250000,-0.028143197
0.634312500,-0.027445868
0.634375000,-0.026704615
0.634437500,-0.025857884
0.634500000,-0.024848843
0.634562500,-0.023624079
0.634625000,-0.022255622
0.634687500,-0.020806680
0.634750000,-0.019389628
0.634812500,-0.018129298
0.634875000,-0.017228400
0.634937500,-0.016773421
0.635000000,-0.016754145
0.635062500,-0.017039798
0.635125000,-0.017523199
0.635187500,-0.018030621
0.635250000,-0.018448384
0.635312500,-0.018734472
0.635375000,-0.019025031
0.635437500,-0.019397408
0.635500000,-0.019860249
0.635562500,-0.020280369
0.635625000,-0.020544123
0.635687500,-0.020447249
0.635750000,-0.019860249
0.635812500,-0.018764937
0.635875000,-0.017401228
0.635937500,-0.016009174
0.636000000,-0.014777532
0.636062500,-0.013718972
0.636125000,-0.012783198
0.636187500,-0.011758144
0.636250000,-0.010447809
0.636312500,-0.008757190
0.636375000,-0.006868834
0.636437500,-0.005047286
0.636500000,-0.003576728
0.636562500,-0.002607908
0.636625000,-0.002199826
0.636687500,-0.002194842
0.636750000,-0.002353110
0.636812500,-0.002444382
0.636875000,-0.002424507
0.636937500,-0.002328782
0.637000000,-0.002258986
0.637062500,-0.002283004
0.637125000,-0.002448589
0.637187500,-0.002672822
0.637250000,-0.002823732
0.637312500,-0.002780904
0.637375000,-0.002557684
0.637437500,-0.002238682
0.637500000,-0.001976613
0.637562500,-0.001922839
0.637625000,-0.002220843
0.637687500,-0.002910137
0.637750000,-0.003953225
0.637812500,-0.005250973
0.637875000,-0.006719323
0.637937500,-0.008240140
0.638000000,-0.009694814
0.638062500,-0.010966232
0.638125000,-0.011978037
0.638187500,-0.012658053
0.638250000,-0.012989169
0.638312500,-0.013031408
0.638375000,-0.012916288
0.638437500,-0.012772889
0.638500000,-0.012706795
0.638562500,-0.012780746
0.638625000,-0.012979710
0.638687500,-0.013213053
0.638750000,-0.013365666
0.638812500,-0.013357474
0.638875000,-0.013138928
0.638937500,-0.012696522
0.639000000,-0.012047924
0.639062500,-0.011246651
0.639125000,-0.010323941
0.639187500,-0.009318032
0.639250000,-0.008282948
0.639312500,-0.007310441
0.639375000,-0.006481383
0.639437500,-0.005859615
0.639500000,-0.005459215
0.639562500,-0.005242196
0.639625000,-0.005101070
0.639687500,-0.004917210
0.639750000,-0.004612096
0.639812500,-0.004195569
0.639875000,-0.003733140
0.639937500,-0.003318544
0.640000000,-0.003011981
0.640062500,-0.002806765
0.640125000,-0.002583210
0.640187500,-0.002169923
0.640250000,-0.001411866
0.640312500,-0.000253933
0.640375000,0.001277380
0.640437500,0.003071602
0.640500000,0.004988594
0.640562500,0.006894511
0.640625000,0.008729405
0.640687500,0.010482503
0.640750000,0.012142048
0.640812500,0.013636508
0.640875000,0.014863627
0.640937500,0.015728345
0.641000000,0.016189398
0.641062500,0.016282590
0.641125000,0.016153805
0.641187500,0.016005674
0.641250000,0.016001150
0.641312500,0.016172837
0.641375000,0.016417341
0.641437500,0.016549272
0.641500000,0.016377648
0.641562500,0.015788026
0.641625000,0.014807266
0.641687500,0.013607366
0.641750000,0.012424421
0.641812500,0.011458852
0.641875000,0.010810602
0.641937500,0.010472115
0.642000000,0.010353684
0.642062500,0.010343233
0.642125000,0.010356950
0.642187500,0.010379461
0.642250000,0.010447809
0.642312500,0.010620562
0.642375000,0.010936577
0.642437500,0.011414221
0.642500000,0.012047924
0.642562500,0.012822405
0.642625000,0.013704875
0.642687500,0.014657536
0.642750000,0.015624652
0.642812500,0.016534559
0.642875000,0.017298307
0.642937500,0.017848659
0.643000000,0.018166009
0.643062500,0.018300986
0.643125000,0.018338567
0.643187500,0.018368915
0.643250000,0.018448384
0.643312500,0.018580742
0.643375000,0.018694455
0.643437500,0.018660462
0.643500000,0.018354259
0.643562500,0.017726503
0.643625000,0.016803110
0.643687500,0.015677253
0.643750000,0.014495159
0.643812500,0.013431579
0.643875000,0.012585507
0.643937500,0.011943373
0.644000000,0.011389053
0.644062500,0.010772655
0.644125000,0.009924903
0.644187500,0.008741220
0.644250000,0.007247579
0.644312500,0.005636924
0.644375000,0.004140470
0.644437500,0.002956163
0.644500000,0.002164861
0.644562500,0.001729056
0.644625000,0.001444218
0.644687500,0.001074249
0.644750000,0.000470622
0.644812500,-0.000315914
0.644875000,-0.001126855
0.644937500,-0.001754796
0.645000000,-0.002070737
0.645062500,-0.002082533
0.645125000,-0.002027861
0.645187500,-0.002244784
0.645250000,-0.003011981
0.645312500,-0.004371402
0.645375000,-0.006166035
0.645437500,-0.008081771
0.645500000,-0.009788939
0.645562500,-0.011052124
0.645625000,-0.011908844
0.645687500,-0.012605997
0.645750000,-0.013459790
0.645812500,-0.014649663
0.645875000,-0.016217759
0.645937500,-0.018031513
0.646000000,-0.019860249
0.646062500,-0.021443984
0.646125000,-0.022692997
0.646187500,-0.023660410
0.646250000,-0.024472345
0.646312500,-0.025185054
0.646375000,-0.025843225
0.646437500,-0.026430836
0.646500000,-0.026919581
0.646562500,-0.027270764
0.646625000,-0.027586272
0.646687500,-0.028002700
0.646750000,-0.028613821
0.646812500,-0.029338626
0.646875000,-0.030064914
0.646937500,-0.030618999
0.647000000,-0.030872805
0.647062500,-0.030758915
0.647125000,-0.030452296
0.647187500,-0.030198049
0.647250000,-0.030213933
0.647312500,-0.030523207
0.647375000,-0.031090869
0.647437500,-0.031761039
0.647500000,-0.032378796
0.647562500,-0.032820646
0.647625000,-0.033204541
0.647687500,-0.033720084
0.647750000,-0.034543656
0.647812500,-0.035667885
0.647875000,-0.037028845
0.647937500,-0.038422413
0.648000000,-0.039626375
0.648062500,-0.040433593
0.648125000,-0.040914297
0.648187500,-0.041235726
0.648250000,-0.041602992
0.648312500,-0.042074975
0.648375000,-0.042699821
0.648437500,-0.043355647
0.648500000,-0.043861974
0.648562500,-0.044006862
0.648625000,-0.043839421
0.648687500,-0.043498274
0.648750000,-0.043203104
0.648812500,-0.043090489
0.648875000,-0.043355886
0.648937500,-0.044019431
0.649000000,-0.044991467
0.649062500,-0.046037752
0.649125000,-0.047082558
0.649187500,-0.048016287
0.649250000,-0.048756443
0.649312500,-0.049151644
0.649375000,-0.049260512
0.649437500,-0.049126275
0.649500000,-0.048850566
0.649562500,-0.048484039
0.649625000,-0.048275929
0.649687500,-0.048341341
0.649750000,-0.048662320
0.649812500,-0.048976511
0.649875000,-0.049130730
0.649937500,-0.048941799
0.650000000,-0.048379947
0.650062500,-0.047529500
0.650125000,-0.046818875
0.650187500,-0.046623394
0.650250000,-0.047156330
0.650312500,-0.048261818
0.650375000,-0.049693372
0.650437500,-0.050994966
0.650500000,-0.051768426
0.650562500,-0.051760804
0.650625000,-0.051175818
0.650687500,-0.050340608
0.650750000,-0.049603563
0.650812500,-0.049091406
0.650875000,-0.048865661
0.650937500,-0.048734538
0.651000000,-0.048474070
0.651062500,-0.047932610
0.651125000,-0.047312330
0.651187500,-0.046912428
0.651250000,-0.047062203
0.651312500,-0.047915224
0.651375000,-0.049509671
0.651437500,-0.051581588
0.651500000,-0.053745035
0.651562500,-0.055621199
0.651625000,-0.057108384
0.651687500,-0.058242302
0.651750000,-0.059204251
0.651812500,-0.060173362
0.651875000,-0.061333541
0.651937500,-0.062622532
0.652000000,-0.063816346
0.652062500,-0.064596497
0.652125000,-0.064794138
0.652187500,-0.064315334
0.652250000,-0.063251607
0.652312500,-0.061830800
0.652375000,-0.060426868
0.652437500,-0.059276193
0.652500000,-0.058451258
0.652562500,-0.057826679
0.652625000,-0.057214677
0.652687500,-0.056327872
0.652750000,-0.054968655
0.652812500,-0.053111356
0.652875000,-0.050973210
0.652937500,-0.048795741
0.653000000,-0.046779834
0.653062500,-0.044976916
0.653125000,-0.043327622
0.653187500,-0.041571386
0.653250000,-0.039438128
0.653312500,-0.036781877
0.653375000,-0.033717591
0.653437500,-0.030461909
0.653500000,-0.027296079
0.653562500,-0.024442811
0.653625000,-0.022037458
0.653687500,-0.019981740
0.653750000,-0.018071886
0.653812500,-0.016109243
0.653875000,-0.014055702
0.653937500,-0.011938995
0.654000000,-0.009883063
0.654062500,-0.008031939
0.654125000,-0.006562481
0.654187500,-0.005482678
0.654250000,-0.004706220
0.654312500,-0.004082243
0.654375000,-0.003546350
0.654437500,-0.002971362
0.654500000,-0.002258986
0.654562500,-0.001326116
0.654625000,-0.000223239
0.654687500,0.001068034
0.654750000,0.002541359
0.654812500,0.004171818
0.654875000,0.005791179
0.654937500,0.007310534
0.655000000,0.008659446
0.655062500,0.009821952
0.655125000,0.010719827
0.655187500,0.011403406
0.655250000,0.011953799
0.655312500,0.012476450
0.655375000,0.012948721
0.655437500,0.013400095
0.655500000,0.013836288
0.655562500,0.014264430
0.655625000,0.014595525
0.655687500,0.014823147
0.655750000,0.014965781
0.655812500,0.015072141
0.655875000,0.015124242
0.655937500,0.015149898
0.656000000,0.015154029
0.656062500,0.015115291
0.656125000,0.014949673
0.656187500,0.014618539
0.656250000,0.014118661
0.656312500,0.013493004
0.656375000,0.012799445
0.656437500,0.012134865
0.656500000,0.011577302
0.656562500,0.011152055
0.656625000,0.010819496
0.656687500,0.010513830
0.656750000,0.010165436
0.656812500,0.009730439
0.656875000,0.009207559
0.656937500,0.008641821
0.657000000,0.008094699
0.657062500,0.007612023
0.657125000,0.007197171
0.657187500,0.006814157
0.657250000,0.006400459
0.657312500,0.005887355
0.657375000,0.005241824
0.657437500,0.004461517
0.657500000,0.003576728
0.657562500,0.002623485
0.657625000,0.001681430
0.657687500,0.000816473
0.657750000,0.000094124
0.657812500,-0.000446455
0.657875000,-0.000715085
0.657937500,-0.000663620
0.658000000,-0.000282373
0.658062500,0.000350189
0.658125000,0.001184310
0.658187500,0.002110224
0.658250000,0.003011981
0.658312500,0.003745624
0.658375000,0.004308541
0.658437500,0.004709956
0.658500000,0.004988594
0.658562500,0.005133685
0.658625000,0.005237221
0.658687500,0.005339244
0.658750000,0.005459215
0.658812500,0.005534919
0.658875000,0.005597402
0.658937500,0.005620478
0.659000000,0.005553340
0.659062500,0.005266534
0.659125000,0.004752486
0.659187500,0.004011523
0.659250000,0.003106105
0.659312500,0.002100458
0.659375000,0.001212127
0.659437500,0.000625985
0.659500000,0.000470622
0.659562500,0.000714293
0.659625000,0.001349011
0.659687500,0.002277399
0.659750000,0.003388479
0.659812500,0.004532672
0.659875000,0.005729996
0.659937500,0.007023031
0.660000000,0.008471197
0.660062500,0.010048269
0.660125000,0.011788199
0.660187500,0.013662855
0.660250000,0.015624652
0.660312500,0.017575499
0.660375000,0.019542107
0.660437500,0.021570664
0.660500000,0.023719350
0.660562500,0.025964951
0.660625000,0.028311791
0.660687500,0.030681957
0.660750000,0.032943543
0.660812500,0.034892648
0.660875000,0.036449365
0.660937500,0.037594549
0.661000000,0.038402759
0.661062500,0.038965505
0.661125000,0.039483838
0.661187500,0.040096413
0.661250000,0.040849991
0.661312500,0.041630909
0.661375000,0.042342026
0.661437500,0.042856459
0.661500000,0.043108981
0.661562500,0.043088418
0.661625000,0.042981319
0.661687500,0.043013908
0.661750000,0.043391351
0.661812500,0.044164151
0.661875000,0.045319468
0.661937500,0.046685286
0.662000000,0.048003450
0.662062500,0.048962552
0.662125000,0.049416747
0.662187500,0.049342260
0.662250000,0.048850566
0.662312500,0.048088029
0.662375000,0.047291052
0.662437500,0.046617519
0.662500000,0.046120960
0.662562500,0.045698486
0.662625000,0.045272596
0.662687500,0.044739790
0.662750000,0.044050224
0.662812500,0.043180943
0.662875000,0.042274822
0.662937500,0.041464247
0.663000000,0.040849991
0.663062500,0.040404484
0.663125000,0.040133502
0.663187500,0.039940618
0.663250000,0.039720498
0.663312500,0.039342016
0.663375000,0.038889471
0.663437500,0.038447324
0.663500000,0.038120385
0.663562500,0.037903134
0.663625000,0.037894126
0.663687500,0.038037304
0.663750000,0.038214508
0.663812500,0.038205296
0.663875000,0.038031101
0.663937500,0.037717197
0.664000000,0.037367389
0.664062500,0.037023161
0.664125000,0.036925547
0.664187500,0.037149984
0.664250000,0.037649762
0.664312500,0.038148303
0.664375000,0.038542781
0.664437500,0.038657989
0.664500000,0.038402759
0.664562500,0.037685059
0.664625000,0.036779441
0.664687500,0.035917509
0.664750000,0.035296652
0.664812500,0.034882825
0.664875000,0.034760244
0.664937500,0.034801200
0.665000000,0.034826029
0.665062500,0.034563724
0.665125000,0.034080267
0.665187500,0.033456720
0.665250000,0.032849420
0.665312500,0.032309193
0.665375000,0.032103870
0.665437500,0.032338887
0.665500000,0.033037666
0.665562500,0.034032937
0.665625000,0.035371650
0.665687500,0.037003145
0.665750000,0.038873378
0.665812500,0.040798664
0.665875000,0.042832874
0.665937500,0.044936121
0.666000000,0.047062203
0.666062500,0.049050096
0.666125000,0.050989293
0.666187500,0.052913200
0.666250000,0.054874528
0.666312500,0.056821354
0.666375000,0.058895025
0.666437500,0.061114337
0.666500000,0.063439853
0.666562500,0.065683201
0.666625000,0.067828439
0.666687500,0.069794044
0.666750000,0.071534552
0.666812500,0.072956719
0.666875000,0.074183777
0.666937500,0.075252093
0.667000000,0.076146647
0.667062500,0.076702826
0.667125000,0.076910436
0.667187500,0.076713584
0.667250000,0.076146647
0.667312500,0.075281598
0.667375000,0.074473098
0.667437500,0.074028827
0.667500000,0.074170031
0.667562500,0.074860007
0.667625000,0.076044865
0.667687500,0.077456288
0.667750000,0.078782134
0.667812500,0.079691373
0.667875000,0.080179833
0.667937500,0.080324970
0.668000000,0.080288120
0.668062500,0.080133080
0.668125000,0.080017895
0.668187500,0.079919487
0.668250000,0.079723373
0.668312500,0.079195701
0.668375000,0.078312486
0.668437500,0.077036999
0.668500000,0.075393654
0.668562500,0.073365048
0.668625000,0.071139947
0.668687500,0.068828896
0.668750000,0.066545956
0.668812500,0.064324394
0.668875000,0.062384441
0.668937500,0.060804363
0.669000000,0.059580751
0.669062500,0.058537394
0.669125000,0.057644870
0.669187500,0.056763712
0.669250000,0.055815775
0.669312500,0.054747146
0.669375000,0.053802963
0.669437500,0.053129610
0.669500000,0.052803792
0.669562500,0.052711893
0.669625000,0.052824348
0.669687500,0.052938890
0.669750000,0.052897915
0.669812500,0.052614260
0.669875000,0.052331477
0.669937500,0.052248117
0.670000000,0.052521419
0.670062500,0.053124577
0.670125000,0.054035660
0.670187500,0.054995332
0.670250000,0.055721652
0.670312500,0.055976123
0.670375000,0.055842016
0.670437500,0.055403713
0.670500000,0.054780405
0.670562500,0.054000434
0.670625000,0.053170335
0.670687500,0.052204352
0.670750000,0.051015429
0.670812500,0.049565408
0.670875000,0.048085738
0.670937500,0.046759572
0.671000000,0.045744464
0.671062500,0.045062013
0.671125000,0.044729169
0.671187500,0.044535879
0.671250000,0.044238474
0.671312500,0.043640275
0.671375000,0.042789131
0.671437500,0.041738179
0.671500000,0.040567622
0.671562500,0.039295875
0.671625000,0.037960771
0.671687500,0.036447376
0.671750000,0.034637783
0.671812500,0.032480199
0.671875000,0.030127985
0.671937500,0.027744520
0.672000000,0.025507715
0.672062500,0.023525903
0.672125000,0.021877455
0.672187500,0.020457929
0.672250000,0.019107254
0.672312500,0.017686093
0.672375000,0.016216783
0.672437500,0.014742967
0.672500000,0.013365666
0.672562500,0.012178243
0.672625000,0.011297828
0.672687500,0.010673838
0.672750000,0.010165436
0.672812500,0.009576353
0.672875000,0.008812359
0.672937500,0.007761833
0.673000000,0.006400459
0.673062500,0.004787529
0.673125000,0.003126987
0.673187500,0.001558917
0.673250000,0.000188249
0.673312500,-0.000942028
0.673375000,-0.001776441
0.673437500,-0.002376405
0.673500000,-0.002823732
0.673562500,-0.003197578
0.673625000,-0.003481662
0.673687500,-0.003715638
0.673750000,-0.003953225
0.673812500,-0.004282092
0.673875000,-0.004719739
0.673937500,-0.005328211
0.674000000,-0.006118086
0.674062500,-0.007039105
0.674125000,-0.007915932
0.674187500,-0.008630984
0.674250000,-0.009130068
0.674312500,-0.009461895
0.674375000,-0.009708480
0.674437500,-0.010031095
0.674500000,-0.010541934
0.674562500,-0.011240038
0.674625000,-0.011953276
0.674687500,-0.012472329
0.674750000,-0.012612671
0.674812500,-0.012306392
0.674875000,-0.011605728
0.674937500,-0.010714952
0.675000000,-0.009883063
0.675062500,-0.009312292
0.675125000,-0.009069714
0.675187500,-0.009131175
0.675250000,-0.009412440
0.675312500,-0.009834298
0.675375000,-0.010341134
0.675437500,-0.010926672
0.675500000,-0.011577302
0.675562500,-0.012224053
0.675625000,-0.012721446
0.675687500,-0.012897489
0.675750000,-0.012612671
0.675812500,-0.011820916
0.675875000,-0.010602286
0.675937500,-0.009133530
0.676000000,-0.007624077
0.676062500,-0.006244964
0.676125000,-0.005096679
0.676187500,-0.004207116
0.676250000,-0.003576728
0.676312500,-0.003214167
0.676375000,-0.003170947
0.676437500,-0.003486788
0.676500000,-0.004141474
0.676562500,-0.004998492
0.676625000,-0.005860569
0.676687500,-0.006484510
0.676750000,-0.006682833
0.676812500,-0.006373454
0.676875000,-0.005683877
0.676937500,-0.004831477
0.677000000,-0.004047350
0.677062500,-0.003446843
0.677125000,-0.003079216
0.677187500,-0.002854673
0.677250000,-0.002635483
0.677312500,-0.002283988
0.677375000,-0.001821553
0.677437500,-0.001332523
0.677500000,-0.000941244
0.677562500,-0.000715325
0.677625000,-0.000716246
0.677687500,-0.000910788
0.677750000,-0.001223617
0.677812500,-0.001549574
0.677875000,-0.001871814
0.677937500,-0.002176909
0.678000000,-0.002447235
0.678062500,-0.002605682
0.678125000,-0.002602510
0.678187500,-0.002367204
0.678250000,-0.001882488
0.678312500,-0.001200399
0.678375000,-0.000517448
0.678437500,-0.000053550
0.678500000,-0.000000000
0.678562500,-0.000437511
0.678625000,-0.001352050
0.678687500,-0.002612329
0.678750000,-0.004047350
0.678812500,-0.005510609
0.678875000,-0.006958106
0.678937500,-0.008422181
0.679000000,-0.009977187
0.679062500,-0.011670860
0.679125000,-0.013506010
0.679187500,-0.015401547
0.679250000,-0.017224766
0.679312500,-0.018827787
0.679375000,-0.020119861
0.679437500,-0.021056663
0.679500000,-0.021648614
0.679562500,-0.021936268
0.679625000,-0.021989869
0.679687500,-0.021873575
0.679750000,-0.021648614
0.679812500,-0.021370005
0.679875000,-0.021097850
0.679937500,-0.020872777
0.680000000,-0.020707369
0.680062500,-0.020575095
0.680125000,-0.020428143
0.680187500,-0.020205820
0.680250000,-0.019860249
0.680312500,-0.019369043
0.680375000,-0.018747875
0.680437500,-0.018025605
0.680500000,-0.017224766
0.680562500,-0.016338125
0.680625000,-0.015350661
0.680687500,-0.014236458
0.680750000,-0.012989169
0.680812500,-0.011631737
0.680875000,-0.010255236
0.680937500,-0.008975676
0.681000000,-0.007906451
0.681062500,-0.007107520
0.681125000,-0.006599827
0.681187500,-0.006334086
0.681250000,-0.006212211
0.681312500,-0.006102161
0.681375000,-0.005925276
0.681437500,-0.005642191
0.681500000,-0.005270967
0.681562500,-0.004850726
0.681625000,-0.004478438
0.681687500,-0.004208679
0.681750000,-0.004047350
0.681812500,-0.003921804
0.681875000,-0.003791374
0.681937500,-0.003590658
0.682000000,-0.003294354
0.682062500,-0.002904512
0.682125000,-0.002544721
0.682187500,-0.002310408
0.682250000,-0.002258986
0.682312500,-0.002346818
0.682375000,-0.002540575
0.682437500,-0.002731812
0.682500000,-0.002823732
0.682562500,-0.002740794
0.682625000,-0.002573047
0.682687500,-0.002433439
0.682750000,-0.002447235
0.682812500,-0.002660953
0.682875000,-0.003140939
0.682937500,-0.003848708
0.683000000,-0.004706220
0.683062500,-0.005592792
0.683125000,-0.006505672
0.683187500,-0.007435600
0.683250000,-0.008377072
0.683312500,-0.009262697
0.683375000,-0.010070253
0.683437500,-0.010733152
0.683500000,-0.011200804
0.683562500,-0.011431850
0.683625000,-0.011517158
0.683687500,-0.011564068
0.683750000,-0.011671427
0.683812500,-0.011851711
0.683875000,-0.012115771
0.683937500,-0.012415830
0.684000000,-0.012706795
0.684062500,-0.012952209
0.684125000,-0.013216279
0.684187500,-0.013563525
0.684250000,-0.014024537
0.684312500,-0.014535492
0.684375000,-0.015021916
0.684437500,-0.015393506
0.684500000,-0.015624652
0.684562500,-0.015771545
0.684625000,-0.016014561
0.684687500,-0.016532086
0.684750000,-0.017413015
0.684812500,-0.018575490
0.684875000,-0.019831955
0.684937500,-0.020941792
0.685000000,-0.021742739
0.685062500,-0.022224393
0.685125000,-0.022565171
0.685187500,-0.023006549
0.685250000,-0.023719350
0.685312500,-0.024683438
0.685375000,-0.025700580
0.685437500,-0.026465593
0.685500000,-0.026731333
0.685562500,-0.026439616
0.685625000,-0.025792543
0.685687500,-0.025145350
0.685750000,-0.024848843
0.685812500,-0.025071215
0.685875000,-0.025741767
0.685937500,-0.026551316
0.686000000,-0.027107829
0.686062500,-0.027104098
0.686125000,-0.026475703
0.686187500,-0.025374169
0.686250000,-0.024095848
0.686312500,-0.022932407
0.686375000,-0.022080844
0.686437500,-0.021543566
0.686500000,-0.021177992
0.686562500,-0.020779146
0.686625000,-0.020218354
0.686687500,-0.019452225
0.686750000,-0.018542508
0.686812500,-0.017600771
0.686875000,-0.016761808
0.686937500,-0.016079592
0.687000000,-0.015530528
0.687062500,-0.015021972
0.687125000,-0.014476784
0.687187500,-0.013812204
0.687250000,-0.012989169
0.687312500,-0.012008058
0.687375000,-0.010954417
0.687437500,-0.009907562
0.687500000,-0.008941819
0.687562500,-0.008089296
0.687625000,-0.007400355
0.687687500,-0.006853713
0.687750000,-0.006400459
0.687812500,-0.005968200
0.687875000,-0.005550723
0.687937500,-0.005128681
0.688000000,-0.004706220
0.688062500,-0.004291576
0.688125000,-0.003939787
0.688187500,-0.003647811
0.688250000,-0.003388479
0.688312500,-0.003123307
0.688375000,-0.002849107
0.688437500,-0.002553609
0.688500000,-0.002258986
0.688562500,-0.002019490
0.688625000,-0.001929912
0.688687500,-0.002019468
0.688750000,-0.002258986
0.688812500,-0.002557950
0.688875000,-0.002822174
0.688937500,-0.002932218
0.689000000,-0.002823732
0.689062500,-0.002514562
0.689125000,-0.002137501
0.689187500,-0.001828600
0.689250000,-0.001694239
0.689312500,-0.001757619
0.689375000,-0.001998683
0.689437500,-0.002321037
0.689500000,-0.002635483
0.689562500,-0.002895416
0.689625000,-0.003169759
0.689687500,-0.003537026
0.689750000,-0.004047350
0.689812500,-0.004648094
0.689875000,-0.005258441
0.689937500,-0.005728556
0.690000000,-0.005929837
0.690062500,-0.005786955
0.690125000,-0.005365305
0.690187500,-0.004760918
0.690250000,-0.004047350
0.690312500,-0.003201931
0.690375000,-0.002146337
0.690437500,-0.000756416
0.690500000,0.001035369
0.690562500,0.003169598
0.690625000,0.005420850
0.690687500,0.007476506
0.690750000,0.009035943
0.690812500,0.009920084
0.690875000,0.010123949
0.690937500,0.009810612
0.691000000,0.009224192
0.691062500,0.008575770
0.691125000,0.007984665
0.691187500,0.007446681
0.691250000,0.006871082
0.691312500,0.006134448
0.691375000,0.005193049
0.691437500,0.004085911
0.691500000,0.002917857
0.691562500,0.001778265
0.691625000,0.000753722
0.691687500,-0.000155340
0.691750000,-0.001035369
0.691812500,-0.002065481
0.691875000,-0.003367061
0.691937500,-0.005009219
0.692000000,-0.006965206
0.692062500,-0.009152917
0.692125000,-0.011351788
0.692187500,-0.013325738
0.692250000,-0.014871657
0.692312500,-0.015913349
0.692375000,-0.016379111
0.692437500,-0.016270192
0.692500000,-0.015624652
0.692562500,-0.014557729
0.692625000,-0.013102497
0.692687500,-0.011320722
0.692750000,-0.009318316
0.692812500,-0.007324605
0.692875000,-0.005497005
0.692937500,-0.003978276
0.693000000,-0.002823732
0.693062500,-0.002038291
0.693125000,-0.001404515
0.693187500,-0.000671342
0.693250000,0.000376498
0.693312500,0.001763164
0.693375000,0.003496917
0.693437500,0.005444132
0.693500000,0.007435828
0.693562500,0.009273797
0.693625000,0.010983357
0.693687500,0.012650910
0.693750000,0.014401034
0.693812500,0.016247721
0.693875000,0.018248839
0.693937500,0.020341178
0.694000000,0.022401609
0.694062500,0.024225539
0.694125000,0.025788007
0.694187500,0.027122252
0.694250000,0.028331446
0.694312500,0.029468020
0.694375000,0.030690858
0.694437500,0.032090943
0.694500000,0.033696536
0.694562500,0.035401929
0.694625000,0.037191406
0.694687500,0.039041456
0.694750000,0.040944118
0.694812500,0.042821217
0.694875000,0.044687331
0.694937500,0.046528179
0.695000000,0.048285823
0.695062500,0.049779817
0.695125000,0.050925322
0.695187500,0.051674277
0.695250000,0.052050799
0.695312500,0.052070085
0.695375000,0.051925778
0.695437500,0.051810104
0.695500000,0.051862549
0.695562500,0.052028451
0.695625000,0.052291259
0.695687500,0.052551582
0.695750000,0.052709669
0.695812500,0.052625582
0.695875000,0.052397817
0.695937500,0.052178260
0.696000000,0.052144922
0.696062500,0.052331388
0.696125000,0.052840840
0.696187500,0.053634513
0.696250000,0.054592159
0.696312500,0.055457309
0.696375000,0.056185599
0.696437500,0.056757472
0.696500000,0.057227641
0.696562500,0.057583645
0.696625000,0.058008101
0.696687500,0.058578528
0.696750000,0.059298374
0.696812500,0.059985805
0.696875000,0.060631488
0.696937500,0.061164897
0.697000000,0.061557360
0.697062500,0.061716221
0.697125000,0.061830625
0.697187500,0.062028334
0.697250000,0.062404484
0.697312500,0.062860943
0.697375000,0.063468263
0.697437500,0.064158395
0.697500000,0.064851716
0.697562500,0.065373696
0.697625000,0.065856896
0.697687500,0.066378437
0.697750000,0.067016579
0.697812500,0.067686729
0.697875000,0.068484090
0.697937500,0.069334149
0.698000000,0.070122682
0.698062500,0.070628934
0.698125000,0.070925102
0.698187500,0.071044892
0.698250000,0.071063928
0.698312500,0.070956200
0.698375000,0.070925914
0.698437500,0.071045004
0.698500000,0.071346298
0.698562500,0.071716651
0.698625000,0.072244115
0.698687500,0.072875649
0.698750000,0.073511161
0.698812500,0.073921897
0.698875000,0.074110754
0.698937500,0.074044742
0.699000000,0.073793538
0.699062500,0.073444828
0.699125000,0.073351495
0.699187500,0.073726013
0.699250000,0.074640654
0.699312500,0.075898565
0.699375000,0.077333987
0.699437500,0.078609087
0.699500000,0.079440996
0.699562500,0.079639271
0.699625000,0.079389431
0.699687500,0.078904435
0.699750000,0.078405634
0.699812500,0.077953219
0.699875000,0.077618651
0.699937500,0.077240795
0.700000000,0.076617271
0.700062500,0.075569935
0.700125000,0.074217394
0.700187500,0.072709061
0.700250000,0.071252175
0.700312500,0.069985464
0.700375000,0.069093652
0.700437500,0.068547212
0.700500000,0.068240196
0.700562500,0.068028145
0.700625000,0.067924842
0.700687500,0.067864828
0.700750000,0.067769580
0.700812500,0.067505598
0.700875000,0.067000441
0.700937500,0.066067159
0.701000000,0.064569339
0.701062500,0.062491674
0.701125000,0.060043931
0.701187500,0.057432789
0.701250000,0.054874528
0.701312500,0.052526779
0.701375000,0.050506204
0.701437500,0.048710767
0.701500000,0.046968080
0.701562500,0.045137681
0.701625000,0.043212693
0.701687500,0.041174252
0.701750000,0.039061632
0.701812500,0.036958914
0.701875000,0.034985382
0.701937500,0.033110190
0.702000000,0.031249303
0.702062500,0.029332500
0.702125000,0.027360143
0.702187500,0.025272893
0.702250000,0.023060480
0.702312500,0.020803511
0.702375000,0.018636782
0.702437500,0.016576800
0.702500000,0.014589284
0.702562500,0.012575049
0.702625000,0.010585960
0.702687500,0.008572669
0.702750000,0.006494584
0.702812500,0.004279387
0.702875000,0.001998401
0.702937500,-0.000389492
0.703000000,-0.002917857
0.703062500,-0.005623625
0.703125000,-0.008358820
0.703187500,-0.011070548
0.703250000,-0.013742164
0.703312500,-0.016444465
0.703375000,-0.019125905
0.703437500,-0.021798296
0.703500000,-0.024378221
0.703562500,-0.026718074
0.703625000,-0.028522229
0.703687500,-0.029739995
0.703750000,-0.030590432
0.703812500,-0.031568136
0.703875000,-0.033085681
0.703937500,-0.035382859
0.704000000,-0.038214508
0.704062500,-0.040889129
0.704125000,-0.042452246
0.704187500,-0.042395722
0.704250000,-0.041038241
0.704312500,-0.039622191
0.704375000,-0.039745744
0.704437500,-0.042681459
0.704500000,-0.048474070
0.704562500,-0.055566251
0.704625000,-0.061066438
0.704687500,-0.061921984
0.704750000,-0.056192271
0.704812500,-0.044037674
0.704875000,-0.027781257
0.704937500,-0.011191732
0.705000000,0.001976613
0.705062500,0.009373839
0.705125000,0.010877203
0.705187500,0.008321565
0.705250000,0.004517972
0.705312500,0.001949529
0.705375000,0.001841597
0.705437500,0.003874069
0.705500000,0.006682833
0.705562500,0.008742664
0.705625000,0.009174913
0.705687500,0.008078003
0.705750000,0.006306335
0.705812500,0.004911348
0.705875000,0.004545909
0.705937500,0.005240647
0.706000000,0.006494584
0.706062500,0.007654788
0.706125000,0.008231424
0.706187500,0.008181959
0.706250000,0.007812326
0.706312500,0.007561017
0.706375000,0.007651147
0.706437500,0.008089075
0.706500000,0.008659446
0.706562500,0.009105911
0.706625000,0.009153062
0.706687500,0.008750441
0.706750000,0.008000575
0.706812500,0.007123814
0.706875000,0.006225953
0.706937500,0.005446135
0.707000000,0.004894469
0.707062500,0.004707102
0.707125000,0.004860103
0.707187500,0.005355405
0.707250000,0.006118086
0.707312500,0.007034573
0.707375000,0.007822732
0.707437500,0.008322132
0.707500000,0.008471197
0.707562500,0.008319974
0.707625000,0.007988132
0.707687500,0.007605040
0.707750000,0.007247579
0.707812500,0.006896367
0.707875000,0.006474383
0.707937500,0.005865904
0.708000000,0.004988594
0.708062500,0.003823918
0.708125000,0.002491966
0.708187500,0.001161986
0.708250000,0.000000000
0.708312500,-0.000929443
0.708375000,-0.001613307
0.708437500,-0.002158390
0.708500000,-0.002729608
0.708562500,-0.003520837
0.708625000,-0.004586001
0.708687500,-0.005897114
0.708750000,-0.007341704
0.708812500,-0.008819033
0.708875000,-0.010177301
0.708937500,-0.011365065
0.709000000,-0.012424421
0.709062500,-0.013513538
0.709125000,-0.014698426
0.709187500,-0.015998688
0.709250000,-0.017318891
0.709312500,-0.018513372
0.709375000,-0.019274428
0.709437500,-0.019355332
0.709500000,-0.018636633
0.709562500,-0.017238978
0.709625000,-0.015339114
0.709687500,-0.013213289
0.709750000,-0.011106680
0.709812500,-0.009209258
0.709875000,-0.007455535
0.709937500,-0.005696013
0.710000000,-0.003764976
0.710062500,-0.001639759
0.710125000,0.000690028
0.710187500,0.003105651
0.710250000,0.005459215
0.710312500,0.007590495
0.710375000,0.009546033
0.710437500,0.011430288
0.710500000,0.013365666
0.710562500,0.015351741
0.710625000,0.017398039
0.710687500,0.019410279
0.710750000,0.021272115
0.710812500,0.022854118
0.710875000,0.024195055
0.710937500,0.025388191
0.711000000,0.026543085
0.711062500,0.027677599
0.711125000,0.028813727
0.711187500,0.029918894
0.711250000,0.030966930
0.711312500,0.031944957
0.711375000,0.032963753
0.711437500,0.034169149
0.711500000,0.035673149
0.711562500,0.037447404
0.711625000,0.039375056
0.711687500,0.041246403
0.711750000,0.042826608
0.711812500,0.043910425
0.711875000,0.044447895
0.711937500,0.044548884
0.712000000,0.044426721
0.712062500,0.044292178
0.712125000,0.044304088
0.712187500,0.044525061
0.712250000,0.044897340
0.712312500,0.045264032
0.712375000,0.045468338
0.712437500,0.045429714
0.712500000,0.045179714
0.712562500,0.044843365
0.712625000,0.044609841
0.712687500,0.044640515
0.712750000,0.044991467
0.712812500,0.045558985
0.712875000,0.046147574
0.712937500,0.046499845
0.713000000,0.046403330
0.713062500,0.045750204
0.713125000,0.044623796
0.713187500,0.043200694
0.713250000,0.041697115
0.713312500,0.040268604
0.713375000,0.039022740
0.713437500,0.037929308
0.713500000,0.036896769
0.713562500,0.035827495
0.713625000,0.034736820
0.713687500,0.033678066
0.713750000,0.032755297
0.713812500,0.032057598
0.713875000,0.031673349
0.713937500,0.031548068
0.714000000,0.031531677
0.714062500,0.031404391
0.714125000,0.031032877
0.714187500,0.030298380
0.714250000,0.029178567
0.714312500,0.027718782
0.714375000,0.026103260
0.714437500,0.024440456
0.714500000,0.022778107
0.714562500,0.021069517
0.714625000,0.019318160
0.714687500,0.017469395
0.714750000,0.015530528
0.714812500,0.013577577
0.714875000,0.011857676
0.714937500,0.010558061
0.715000000,0.009788939
0.715062500,0.009501889
0.715125000,0.009605228
0.715187500,0.009848433
0.715250000,0.009977187
0.715312500,0.009798866
0.715375000,0.009350182
0.715437500,0.008710843
0.715500000,0.008000575
0.715562500,0.007275902
0.715625000,0.006609158
0.715687500,0.005917476
0.715750000,0.005082718
0.715812500,0.004000473
0.715875000,0.002761591
0.715937500,0.001493223
0.716000000,0.000376498
0.716062500,-0.000444268
0.716125000,-0.000811153
0.716187500,-0.000725761
0.716250000,-0.000282373
0.716312500,0.000352706
0.716375000,0.001090227
0.716437500,0.001816034
0.716500000,0.002447235
0.716562500,0.002910714
0.716625000,0.003222749
0.716687500,0.003374896
0.716750000,0.003388479
0.716812500,0.003307193
0.716875000,0.003255870
0.716937500,0.003306086
0.717000000,0.003482603
0.717062500,0.003737596
0.717125000,0.004020876
0.717187500,0.004237893
0.717250000,0.004329723
0.717312500,0.004298601
0.717375000,0.004237544
0.717437500,0.004232669
0.717500000,0.004329723
0.717562500,0.004429597
0.717625000,0.004540883
0.717687500,0.004633807
0.717750000,0.004706220
0.717812500,0.004703655
0.717875000,0.004753020
0.717937500,0.004949979
0.718000000,0.005365091
0.718062500,0.005929701
0.718125000,0.006651036
0.718187500,0.007427971
0.718250000,0.008094699
0.718312500,0.008382048
0.718375000,0.008213404
0.718437500,0.007632512
0.718500000,0.006871082
0.718562500,0.006206246
0.718625000,0.006023320
0.718687500,0.006452295
0.718750000,0.007247579
0.718812500,0.007734003
0.718875000,0.007304212
0.718937500,0.005635553
0.719000000,0.003011981
0.719062500,0.000235029
0.719125000,-0.001481027
0.719187500,-0.001292549
0.719250000,0.000752995
0.719312500,0.003461200
0.719375000,0.005167411
0.719437500,0.004421845
0.719500000,0.000941244
0.719562500,-0.004016286
0.719625000,-0.007684257
0.719687500,-0.007014783
0.719750000,0.000000000
0.719812500,0.013187652
0.719875000,0.030294355
0.719937500,0.047577150
0.720000000,0.061274990
0.720062500,0.068921529
0.720125000,0.070424400
0.720187500,0.067650460
0.720250000,0.063439853
0.720312500,0.060175013
0.720375000,0.059134882
0.720437500,0.060047612
0.720500000,0.061651487
0.720562500,0.062476747
0.720625000,0.061929520
0.720687500,0.060345288
0.720750000,0.058733631
0.720812500,0.058038760
0.720875000,0.058868982
0.720937500,0.061043054
0.721000000,0.063816346
0.721062500,0.066209510
0.721125000,0.067742653
0.721187500,0.068410479
0.721250000,0.068616696
0.721312500,0.068762586
0.721375000,0.069251820
0.721437500,0.070126109
0.721500000,0.071158051
0.721562500,0.071918905
0.721625000,0.072272822
0.721687500,0.072260156
0.721750000,0.072099291
0.721812500,0.071954899
0.721875000,0.072103389
0.721937500,0.072659768
0.722000000,0.073605292
0.722062500,0.074724734
0.722125000,0.075949788
0.722187500,0.077213794
0.722250000,0.078499757
0.722312500,0.079725422
0.722375000,0.080992103
0.722437500,0.082365267
0.722500000,0.083864845
0.722562500,0.085290544
0.722625000,0.086632818
0.722687500,0.087699175
0.722750000,0.088288695
0.722812500,0.088133857
0.722875000,0.087377474
0.722937500,0.086181037
0.723000000,0.084806092
0.723062500,0.083413400
0.723125000,0.082385406
0.723187500,0.081856415
0.723250000,0.081794113
0.723312500,0.081904776
0.723375000,0.082092091
0.723437500,0.082176000
0.723500000,0.082076482
0.723562500,0.081727251
0.723625000,0.081426069
0.723687500,0.081375219
0.723750000,0.081699982
0.723812500,0.082271777
0.723875000,0.083074301
0.723937500,0.083873935
0.724000000,0.084429592
0.724062500,0.084480263
0.724125000,0.084141128
0.724187500,0.083512336
0.724250000,0.082735352
0.724312500,0.081832938
0.724375000,0.080997586
0.724437500,0.080237314
0.724500000,0.079535127
0.724562500,0.078820318
0.724625000,0.078281514
0.724687500,0.078003317
0.724750000,0.078029141
0.724812500,0.078246899
0.724875000,0.078652196
0.724937500,0.079051130
0.725000000,0.079252750
0.725062500,0.079077736
0.725125000,0.078677513
0.725187500,0.078160860
0.725250000,0.077652633
0.725312500,0.077143498
0.725375000,0.076761402
0.725437500,0.076392069
0.725500000,0.075864278
0.725562500,0.074942172
0.725625000,0.073729068
0.725687500,0.072295621
0.725750000,0.070781559
0.725812500,0.069244258
0.725875000,0.067939036
0.725937500,0.066883594
0.726000000,0.065981209
0.726062500,0.064964585
0.726125000,0.063809730
0.726187500,0.062402867
0.726250000,0.060710244
0.726312500,0.058685962
0.726375000,0.056609251
0.726437500,0.054622795
0.726500000,0.052803792
0.726562500,0.051017225
0.726625000,0.049316883
0.726687500,0.047550391
0.726750000,0.045556214
0.726812500,0.043112252
0.726875000,0.040378552
0.726937500,0.037466768
0.727000000,0.034543656
0.727062500,0.031674050
0.727125000,0.029165220
0.727187500,0.027126722
0.727250000,0.025601838
0.727312500,0.024481099
0.727375000,0.023913218
0.727437500,0.023910008
0.727500000,0.024472345
0.727562500,0.025463896
0.727625000,0.026989626
0.727687500,0.028964987
0.727750000,0.031249303
0.727812500,0.033553846
0.727875000,0.035855792
0.727937500,0.038012445
0.728000000,0.039908748
0.728062500,0.041364320
0.728125000,0.042502556
0.728187500,0.043350674
0.728250000,0.043956097
0.728312500,0.044289559
0.728375000,0.044568554
0.728437500,0.044895615
0.728500000,0.045367967
0.728562500,0.045989897
0.728625000,0.046953570
0.728687500,0.048294436
0.728750000,0.049980059
0.728812500,0.051831551
0.728875000,0.053807680
0.728937500,0.055729978
0.729000000,0.057415888
0.729062500,0.058648132
0.729125000,0.059446465
0.729187500,0.059805267
0.729250000,0.059769001
0.729312500,0.059354961
0.729375000,0.058757994
0.729437500,0.058102753
0.729500000,0.057510015
0.729562500,0.057036646
0.729625000,0.056841422
0.729687500,0.056974404
0.729750000,0.057415888
0.729812500,0.058030508
0.729875000,0.058728185
0.729937500,0.059352912
0.730000000,0.059769001
0.730062500,0.059858363
0.730125000,0.059655391
0.730187500,0.059200030
0.730250000,0.058545381
0.730312500,0.057690248
0.730375000,0.056681339
0.730437500,0.055477664
0.730500000,0.054027408
0.730562500,0.052272148
0.730625000,0.050306059
0.730687500,0.048215389
0.730750000,0.046120960
0.730812500,0.044115417
0.730875000,0.042371210
0.730937500,0.040940236
0.731000000,0.039814625
0.731062500,0.038910005
0.731125000,0.038222685
0.731187500,0.037671383
0.731250000,0.037179142
0.731312500,0.036652941
0.731375000,0.036131330
0.731437500,0.035590690
0.731500000,0.035014279
0.731562500,0.034355715
0.731625000,0.033694249
0.731687500,0.033013660
0.731750000,0.032284670
0.731812500,0.031438041
0.731875000,0.030538980
0.731937500,0.029569432
0.732000000,0.028519696
0.732062500,0.027358256
0.732125000,0.026193749
0.732187500,0.025043767
0.732250000,0.023907598
0.732312500,0.022724567
0.732375000,0.021555439
0.732437500,0.020362357
0.732500000,0.019107254
0.732562500,0.017762952
0.732625000,0.016401989
0.732687500,0.015043858
0.732750000,0.013742164
0.732812500,0.012580844
0.732875000,0.011736757
0.732937500,0.011260656
0.733000000,0.011106680
0.733062500,0.011119653
0.733125000,0.011151769
0.733187500,0.010994127
0.733250000,0.010541934
0.733312500,0.009851662
0.733375000,0.009165981
0.733437500,0.008679841
0.733500000,0.008471197
0.733562500,0.008443540
0.733625000,0.008407176
0.733687500,0.008125667
0.733750000,0.007529953
0.733812500,0.006803143
0.733875000,0.006335306
0.733937500,0.006416822
0.734000000,0.007059331
0.734062500,0.007916098
0.734125000,0.008459742
0.734187500,0.008217336
0.734250000,0.007153455
0.734312500,0.005812263
0.734375000,0.005161953
0.734437500,0.006022935
0.734500000,0.008565322
0.734562500,0.012012631
0.734625000,0.014832482
0.734687500,0.015262133
0.734750000,0.012142048
0.734812500,0.005527639
0.734875000,-0.003173085
0.734937500,-0.011757631
0.735000000,-0.018071886
0.735062500,-0.020865150
0.735125000,-0.020200294
0.735187500,-0.017350577
0.735250000,-0.014118661
0.735312500,-0.012022238
0.735375000,-0.011695333
0.735437500,-0.012825170
0.735500000,-0.014495159
0.735562500,-0.015759377
0.735625000,-0.016129145
0.735687500,-0.015743518
0.735750000,-0.015154029
0.735812500,-0.014918320
0.735875000,-0.015280557
0.735937500,-0.016071169
0.736000000,-0.016848268
0.736062500,-0.017168827
0.736125000,-0.016858561
0.736187500,-0.016071334
0.736250000,-0.015154029
0.736312500,-0.014416935
0.736375000,-0.013967884
0.736437500,-0.013693392
0.736500000,-0.013365666
0.736562500,-0.012814453
0.736625000,-0.012025667
0.736687500,-0.011162907
0.736750000,-0.010447809
0.736812500,-0.010034583
0.736875000,-0.009870314
0.736937500,-0.009768824
0.737000000,-0.009506566
0.737062500,-0.008975185
0.737125000,-0.008165784
0.737187500,-0.007217347
0.737250000,-0.006306335
0.737312500,-0.005582721
0.737375000,-0.005017270
0.737437500,-0.004529505
0.737500000,-0.004047350
0.737562500,-0.003609815
0.737625000,-0.003336053
0.737687500,-0.003380163
0.737750000,-0.003859101
0.737812500,-0.004812220
0.737875000,-0.006109226
0.737937500,-0.007525306
0.738000000,-0.008847695
0.738062500,-0.010003316
0.738125000,-0.011002163
0.738187500,-0.011917599
0.738250000,-0.012800919
0.738312500,-0.013641162
0.738375000,-0.014264992
0.738437500,-0.014426854
0.738500000,-0.013930413
0.738562500,-0.012770205
0.738625000,-0.011086199
0.738687500,-0.009129010
0.738750000,-0.007153455
0.738812500,-0.005339721
0.738875000,-0.003657612
0.738937500,-0.001921767
0.739000000,0.000094124
0.739062500,0.002495032
0.739125000,0.005253903
0.739187500,0.008185172
0.739250000,0.011012556
0.739312500,0.013448521
0.739375000,0.015360110
0.739437500,0.016782306
0.739500000,0.017883638
0.739562500,0.018858092
0.739625000,0.019891022
0.739687500,0.021077041
0.739750000,0.022401609
0.739812500,0.023748739
0.739875000,0.025005542
0.739937500,0.026096584
0.740000000,0.027013704
0.740062500,0.027794283
0.740125000,0.028535033
0.740187500,0.029326497
0.740250000,0.030213933
0.740312500,0.031158961
0.740375000,0.032087568
0.740437500,0.032899380
0.740500000,0.033508290
0.740562500,0.033862531
0.740625000,0.033984888
0.740687500,0.033958472
0.740750000,0.033884790
0.740812500,0.033831660
0.740875000,0.033817727
0.740937500,0.033822447
0.741000000,0.033790659
0.741062500,0.033655982
0.741125000,0.033366587
0.741187500,0.032927431
0.741250000,0.032378796
0.741312500,0.031770378
0.741375000,0.031136101
0.741437500,0.030493982
0.741500000,0.029837437
0.741562500,0.029140089
0.741625000,0.028380284
0.741687500,0.027545428
0.741750000,0.026637208
0.741812500,0.025659379
0.741875000,0.024639919
0.741937500,0.023584927
0.742000000,0.022495734
0.742062500,0.021366455
0.742125000,0.020234881
0.742187500,0.019124800
0.742250000,0.018071886
0.742312500,0.017110759
0.742375000,0.016311552
0.742437500,0.015693555
0.742500000,0.015248154
0.742562500,0.014929746
0.742625000,0.014723002
0.742687500,0.014565483
0.742750000,0.014401034
0.742812500,0.014183347
0.742875000,0.013947186
0.742937500,0.013701778
0.743000000,0.013459790
0.743062500,0.013209961
0.743125000,0.012979303
0.743187500,0.012713240
0.743250000,0.012330297
0.743312500,0.011734910
0.743375000,0.010918724
0.743437500,0.009875225
0.743500000,0.008659446
0.743562500,0.007370032
0.743625000,0.006189526
0.743687500,0.005225761
0.743750000,0.004517972
0.743812500,0.004013530
0.743875000,0.003655053
0.743937500,0.003319763
0.744000000,0.002917857
0.744062500,0.002423818
0.744125000,0.001929750
0.744187500,0.001513387
0.744250000,0.001223617
0.744312500,0.001042894
0.744375000,0.000917726
0.744437500,0.000726535
0.744500000,0.000376498
0.744562500,-0.000137276
0.744625000,-0.000706138
0.744687500,-0.001199552
0.744750000,-0.001505991
0.744812500,-0.001584850
0.744875000,-0.001477429
0.744937500,-0.001313721
0.745000000,-0.001223617
0.745062500,-0.001260780
0.745125000,-0.001381123
0.745187500,-0.001493616
0.745250000,-0.001505991
0.745312500,-0.001375210
0.745375000,-0.001148466
0.745437500,-0.000957897
0.745500000,-0.000941244
0.745562500,-0.001155517
0.745625000,-0.001560376
0.745687500,-0.002040448
0.745750000,-0.002447235
0.745812500,-0.002650255
0.745875000,-0.002613938
0.745937500,-0.002408839
0.746000000,-0.002164861
0.746062500,-0.001994222
0.746125000,-0.001978041
0.746187500,-0.002138523
0.746250000,-0.002447235
0.746312500,-0.002838489
0.746375000,-0.003294230
0.746437500,-0.003836641
0.746500000,-0.004517972
0.746562500,-0.005363917
0.746625000,-0.006394189
0.746687500,-0.007561767
0.746750000,-0.008753570
0.746812500,-0.009794250
0.746875000,-0.010543671
0.746937500,-0.010915626
0.747000000,-0.010918431
0.747062500,-0.010643995
0.747125000,-0.010275870
0.747187500,-0.010006301
0.747250000,-0.009977187
0.747312500,-0.010223373
0.747375000,-0.010699246
0.747437500,-0.011286957
0.747500000,-0.011859675
0.747562500,-0.012322135
0.747625000,-0.012680712
0.747687500,-0.013000204
0.747750000,-0.013365666
0.747812500,-0.013812747
0.747875000,-0.014348372
0.747937500,-0.014916330
0.748000000,-0.015436403
0.748062500,-0.015824983
0.748125000,-0.016074263
0.748187500,-0.016212124
0.748250000,-0.016283523
0.748312500,-0.016301524
0.748375000,-0.016287746
0.748437500,-0.016244335
0.748500000,-0.016189398
0.748562500,-0.016157592
0.748625000,-0.016244756
0.748687500,-0.016530791
0.748750000,-0.017036518
0.748812500,-0.017669205
0.748875000,-0.018283017
0.748937500,-0.018687867
0.749000000,-0.018730756
0.749062500,-0.018339308
0.749125000,-0.017582355
0.749187500,-0.016596645
0.749250000,-0.015530528
0.749312500,-0.014470340
0.749375000,-0.013449928
0.749437500,-0.012433797
0.749500000,-0.011389053
0.749562500,-0.010340892
0.749625000,-0.009406218
0.749687500,-0.008736745
0.749750000,-0.008471197
0.749812500,-0.008686821
0.749875000,-0.009329991
0.749937500,-0.010236657
0.750000000,-0.011200804
0.750062500,-0.012078511
0.750125000,-0.012776151
0.750187500,-0.013282832
0.750250000,-0.013648040
0.750312500,-0.013971430
0.750375000,-0.014270322
0.750437500,-0.014501279
0.750500000,-0.014589284
0.750562500,-0.014521386
0.750625000,-0.014277312
0.750687500,-0.013893467
0.750750000,-0.013459790
0.750812500,-0.013149706
0.750875000,-0.013036327
0.750937500,-0.013128087
0.751000000,-0.013365666
0.751062500,-0.013715127
0.751125000,-0.014013505
0.751187500,-0.014097018
0.751250000,-0.013836288
0.751312500,-0.013246317
0.751375000,-0.012316332
0.751437500,-0.011099822
0.751500000,-0.009694814
0.751562500,-0.008292749
0.751625000,-0.006952493
0.751687500,-0.005661269
0.751750000,-0.004329723
0.751812500,-0.002896249
0.751875000,-0.001183525
0.751937500,0.000951986
0.752000000,0.003576728
0.752062500,0.006568755
0.752125000,0.009828404
0.752187500,0.013189582
0.752250000,0.016471772
0.752312500,0.019435463
0.752375000,0.022035267
0.752437500,0.024304435
0.752500000,0.026354834
0.752562500,0.028248854
0.752625000,0.030151470
0.752687500,0.032155462
0.752750000,0.034261286
0.752812500,0.036309719
0.752875000,0.038224310
0.752937500,0.039987084
0.753000000,0.041697115
0.753062500,0.043494634
0.753125000,0.045645945
0.753187500,0.048341185
0.753250000,0.051580172
0.753312500,0.055057615
0.753375000,0.058374479
0.753437500,0.061104879
0.753500000,0.062969230
0.753562500,0.063884526
0.753625000,0.064117953
0.753687500,0.064090900
0.753750000,0.064192846
0.753812500,0.064555526
0.753875000,0.065122977
0.753937500,0.065655477
0.754000000,0.065887086
0.754062500,0.065636054
0.754125000,0.065012656
0.754187500,0.064318359
0.754250000,0.063910469
0.754312500,0.063988015
0.754375000,0.064593099
0.754437500,0.065544315
0.754500000,0.066545956
0.754562500,0.067289658
0.754625000,0.067673713
0.754687500,0.067749575
0.754750000,0.067675456
0.754812500,0.067563228
0.754875000,0.067508690
0.754937500,0.067442976
0.755000000,0.067204826
0.755062500,0.066582598
0.755125000,0.065530621
0.755187500,0.064067505
0.755250000,0.062310360
0.755312500,0.060388777
0.755375000,0.058536358
0.755437500,0.056890119
0.755500000,0.055533402
0.755562500,0.054457895
0.755625000,0.053738415
0.755687500,0.053340416
0.755750000,0.053180292
0.755812500,0.053075541
0.755875000,0.052960910
0.755937500,0.052688248
0.756000000,0.052144922
0.756062500,0.051222201
0.756125000,0.050059155
0.756187500,0.048738442
0.756250000,0.047344577
0.756312500,0.045863423
0.756375000,0.044420190
0.756437500,0.042987611
0.756500000,0.041508865
0.756562500,0.039862148
0.756625000,0.038147245
0.756687500,0.036390252
0.756750000,0.034637783
0.756812500,0.032875985
0.756875000,0.031267893
0.756937500,0.029847188
0.757000000,0.028613821
0.757062500,0.027467934
0.757125000,0.026490742
0.757187500,0.025637988
0.757250000,0.024848843
0.757312500,0.023984471
0.757375000,0.023111382
0.757437500,0.022205435
0.757500000,0.021272115
0.757562500,0.020287473
0.757625000,0.019449735
0.757687500,0.018849488
0.757750000,0.018542508
0.757812500,0.018468643
0.757875000,0.018688813
0.757937500,0.019121749
0.758000000,0.019672001
0.758062500,0.020212306
0.758125000,0.020808684
0.758187500,0.021469994
0.758250000,0.022213360
0.758312500,0.022993868
0.758375000,0.023897611
0.758437500,0.024904333
0.758500000,0.025978338
0.758562500,0.027029077
0.758625000,0.028100397
0.758687500,0.029130753
0.758750000,0.030025685
0.758812500,0.030624842
0.758875000,0.030913664
0.758937500,0.030854652
0.759000000,0.030496309
0.759062500,0.029943667
0.759125000,0.029485757
0.759187500,0.029342394
0.759250000,0.029649187
0.759312500,0.030366097
0.759375000,0.031399332
0.759437500,0.032483991
0.759500000,0.033320040
0.759562500,0.033637695
0.759625000,0.033400193
0.759687500,0.032690022
0.759750000,0.031719927
0.759812500,0.030720493
0.759875000,0.029951317
0.759937500,0.029496094
0.760000000,0.029272690
0.760062500,0.029043954
0.760125000,0.028602663
0.760187500,0.027775867
0.760250000,0.026543085
0.760312500,0.025036693
0.760375000,0.023571216
0.760437500,0.022442542
0.760500000,0.021836862
0.760562500,0.021731021
0.760625000,0.021970412
0.760687500,0.022257326
0.760750000,0.022307485
0.760812500,0.021945029
0.760875000,0.021244764
0.760937500,0.020402605
0.761000000,0.019672001
0.761062500,0.019217715
0.761125000,0.019131785
0.761187500,0.019296972
0.761250000,0.019483753
0.761312500,0.019422935
0.761375000,0.019019330
0.761437500,0.018272981
0.761500000,0.017318891
0.761562500,0.016339153
0.761625000,0.015597085
0.761687500,0.015227775
0.761750000,0.015248154
0.761812500,0.015536694
0.761875000,0.015982021
0.761937500,0.016406326
0.762000000,0.016660020
0.762062500,0.016624263
0.762125000,0.016341543
0.762187500,0.015857920
0.762250000,0.015248154
0.762312500,0.014554897
0.762375000,0.013897699
0.762437500,0.013312372
0.762500000,0.012800919
0.762562500,0.012304774
0.762625000,0.011854517
0.762687500,0.011430142
0.762750000,0.011012556
0.762812500,0.010549089
0.762875000,0.010092975
0.762937500,0.009668252
0.763000000,0.009318316
0.763062500,0.009069039
0.763125000,0.009028750
0.763187500,0.009240821
0.763250000,0.009694814
0.763312500,0.010282465
0.763375000,0.010931278
0.763437500,0.011518667
0.763500000,0.011953799
0.763562500,0.012173398
0.763625000,0.012266217
0.763687500,0.012323339
0.763750000,0.012424421
0.763812500,0.012557087
0.763875000,0.012722817
0.763937500,0.012835419
0.764000000,0.012800919
0.764062500,0.012533575
0.764125000,0.012099566
0.764187500,0.011606393
0.764250000,0.011200804
0.764312500,0.010989670
0.764375000,0.011092701
0.764437500,0.011525986
0.764500000,0.012236172
0.764562500,0.013101452
0.764625000,0.014059023
0.764687500,0.015038545
0.764750000,0.016001150
0.764812500,0.016911466
0.764875000,0.017792905
0.764937500,0.018631103
0.765000000,0.019389628
0.765062500,0.019998651
0.765125000,0.020419208
0.765187500,0.020600803
0.765250000,0.020519121
0.765312500,0.020182999
0.765375000,0.019670293
0.765437500,0.019081872
0.765500000,0.018542508
0.765562500,0.018173030
0.765625000,0.018083250
0.765687500,0.018311808
0.765750000,0.018824881
0.765812500,0.019520804
0.765875000,0.020275511
0.765937500,0.020953560
0.766000000,0.021460366
0.766062500,0.021761529
0.766125000,0.021895930
0.766187500,0.021910055
0.766250000,0.021836862
0.766312500,0.021670630
0.766375000,0.021390205
0.766437500,0.020949330
0.766500000,0.020330872
0.766562500,0.019572943
0.766625000,0.018776782
0.766687500,0.018037684
0.766750000,0.017413015
0.766812500,0.016893284
0.766875000,0.016405361
0.766937500,0.015827414
0.767000000,0.015059905
0.767062500,0.014081215
0.767125000,0.012954335
0.767187500,0.011776313
0.767250000,0.010636058
0.767312500,0.009572731
0.767375000,0.008558531
0.767437500,0.007498080
0.767500000,0.006306335
0.767562500,0.004976453
0.767625000,0.003606008
0.767687500,0.002336872
0.767750000,0.001317742
0.767812500,0.000644580
0.767875000,0.000324571
0.767937500,0.000233779
0.768000000,0.000188249
0.768062500,0.000028192
0.768125000,-0.000325433
0.768187500,-0.000868928
0.768250000,-0.001505991
0.768312500,-0.002080092
0.768375000,-0.002445892
0.768437500,-0.002552577
0.768500000,-0.002447235
0.768562500,-0.002246474
0.768625000,-0.002094560
0.768687500,-0.002137704
0.768750000,-0.002447235
0.768812500,-0.002984697
0.768875000,-0.003626643
0.768937500,-0.004256518
0.769000000,-0.004800345
0.769062500,-0.005249006
0.769125000,-0.005659764
0.769187500,-0.006143234
0.769250000,-0.006776957
0.769312500,-0.007543969
0.769375000,-0.008341484
0.769437500,-0.009053348
0.769500000,-0.009600690
0.769562500,-0.009979043
0.769625000,-0.010272210
0.769687500,-0.010617338
0.769750000,-0.011106680
0.769812500,-0.011708762
0.769875000,-0.012284765
0.769937500,-0.012658312
0.770000000,-0.012706795
0.770062500,-0.012431196
0.770125000,-0.011996004
0.770187500,-0.011663027
0.770250000,-0.011671427
0.770312500,-0.012115679
0.770375000,-0.012919793
0.770437500,-0.013862363
0.770500000,-0.014683408
0.770562500,-0.015194747
0.770625000,-0.015370010
0.770687500,-0.015325871
0.770750000,-0.015248154
0.770812500,-0.015285496
0.770875000,-0.015491982
0.770937500,-0.015804222
0.771000000,-0.016095273
0.771062500,-0.016247123
0.771125000,-0.016225971
0.771187500,-0.016079875
0.771250000,-0.015907025
0.771312500,-0.015792349
0.771375000,-0.015771383
0.771437500,-0.015805410
0.771500000,-0.015812902
0.771562500,-0.015713653
0.771625000,-0.015483513
0.771687500,-0.015149062
0.771750000,-0.014777532
0.771812500,-0.014439860
0.771875000,-0.014190806
0.771937500,-0.014032534
0.772000000,-0.013930413
0.772062500,-0.013828222
0.772125000,-0.013691771
0.772187500,-0.013483897
0.772250000,-0.013177417
0.772312500,-0.012744787
0.772375000,-0.012189677
0.772437500,-0.011511403
0.772500000,-0.010730183
0.772562500,-0.009882074
0.772625000,-0.009049027
0.772687500,-0.008287464
0.772750000,-0.007624077
0.772812500,-0.007036410
0.772875000,-0.006496840
0.772937500,-0.005950834
0.773000000,-0.005365091
0.773062500,-0.004739772
0.773125000,-0.004146779
0.773187500,-0.003650423
0.773250000,-0.003294354
0.773312500,-0.003066916
0.773375000,-0.002944611
0.773437500,-0.002854149
0.773500000,-0.002729608
0.773562500,-0.002527871
0.773625000,-0.002293613
0.773687500,-0.002068861
0.773750000,-0.001882488
0.773812500,-0.001705293
0.773875000,-0.001514361
0.773937500,-0.001242905
0.774000000,-0.000847120
0.774062500,-0.000325957
0.774125000,0.000210541
0.774187500,0.000638918
0.774250000,0.000847120
0.774312500,0.000799551
0.774375000,0.000495067
0.774437500,0.000028973
0.774500000,-0.000470622
0.774562500,-0.000871195
0.774625000,-0.001154180
0.774687500,-0.001343287
0.774750000,-0.001505991
0.774812500,-0.001680509
0.774875000,-0.001941743
0.774937500,-0.002281453
0.775000000,-0.002635483
0.775062500,-0.002874102
0.775125000,-0.002946623
0.775187500,-0.002824350
0.775250000,-0.002541359
0.775312500,-0.002157046
0.775375000,-0.001810835
0.775437500,-0.001607480
0.775500000,-0.001600115
0.775562500,-0.001751708
0.775625000,-0.002032729
0.775687500,-0.002395162
0.775750000,-0.002823732
0.775812500,-0.003321976
0.775875000,-0.003969649
0.775937500,-0.004815279
0.776000000,-0.005835713
0.776062500,-0.006884164
0.776125000,-0.007785955
0.776187500,-0.008351610
0.776250000,-0.008471197
0.776312500,-0.008147311
0.776375000,-0.007568328
0.776437500,-0.006997120
0.776500000,-0.006682833
0.776562500,-0.006743304
0.776625000,-0.007198575
0.776687500,-0.007946461
0.776750000,-0.008847695
0.776812500,-0.009782746
0.776875000,-0.010774120
0.776937500,-0.011926359
0.777000000,-0.013365666
0.777062500,-0.015120517
0.777125000,-0.017145300
0.777187500,-0.019253781
0.777250000,-0.021177992
0.777312500,-0.022617867
0.777375000,-0.023412572
0.777437500,-0.023526356
0.777500000,-0.023060480
0.777562500,-0.022174841
0.777625000,-0.021128614
0.777687500,-0.020146413
0.777750000,-0.019389628
0.777812500,-0.018898144
0.777875000,-0.018702934
0.777937500,-0.018765435
0.778000000,-0.019013131
0.778062500,-0.019318428
0.778125000,-0.019617846
0.778187500,-0.019846113
0.778250000,-0.019954374
0.778312500,-0.019869501
0.778375000,-0.019625764
0.778437500,-0.019279242
0.778500000,-0.018919006
0.778562500,-0.018594583
0.778625000,-0.018437305
0.778687500,-0.018514210
0.778750000,-0.018824881
0.778812500,-0.019234834
0.778875000,-0.019675687
0.778937500,-0.020055341
0.779000000,-0.020330872
0.779062500,-0.020467430
0.779125000,-0.020603448
0.779187500,-0.020872241
0.779250000,-0.021366240
0.779312500,-0.022020333
0.779375000,-0.022786830
0.779437500,-0.023525495
0.779500000,-0.024095848
0.779562500,-0.024344606
0.779625000,-0.024363833
0.779687500,-0.024308195
0.779750000,-0.024378221
0.779812500,-0.024649967
0.779875000,-0.025270533
0.779937500,-0.026204024
0.780000000,-0.027296079
0.780062500,-0.028227640
0.780125000,-0.028886521
0.780187500,-0.029190868
0.780250000,-0.029178567
0.780312500,-0.028893271
0.780375000,-0.028624989
0.780437500,-0.028604902
0.780500000,-0.028990317
0.780562500,-0.029717281
0.780625000,-0.030804260
0.780687500,-0.032143094
0.780750000,-0.033602413
0.780812500,-0.034958635
0.780875000,-0.036255080
0.780937500,-0.037536673
0.781000000,-0.038873378
0.781062500,-0.040185761
0.781125000,-0.041559149
0.781187500,-0.042946890
0.781250000,-0.044238474
0.781312500,-0.045171395
0.781375000,-0.045735288
0.781437500,-0.045947939
0.781500000,-0.045932710
0.781562500,-0.045772839
0.781625000,-0.045795072
0.781687500,-0.046220385
0.781750000,-0.047156330
0.781812500,-0.048450187
0.781875000,-0.050053861
0.781937500,-0.051822767
0.782000000,-0.053650912
0.782062500,-0.055391744
0.782125000,-0.057198886
0.782187500,-0.059178758
0.782250000,-0.061369114
0.782312500,-0.063554637
0.782375000,-0.065626681
0.782437500,-0.067367077
0.782500000,-0.068616696
0.782562500,-0.069236830
0.782625000,-0.069474220
0.782687500,-0.069613568
0.782750000,-0.069934435
0.782812500,-0.070491880
0.782875000,-0.071403190
0.782937500,-0.072600000
0.783000000,-0.073981784
0.783062500,-0.075391710
0.783125000,-0.076961048
0.783187500,-0.078795500
0.783250000,-0.080946989
0.783312500,-0.083216257
0.783375000,-0.085462004
0.783437500,-0.087374151
0.783500000,-0.088665195
0.783562500,-0.089076363
0.783625000,-0.088769808
0.783687500,-0.087995380
0.783750000,-0.087065078
0.783812500,-0.086121365
0.783875000,-0.085382536
0.783937500,-0.084825717
0.784000000,-0.084335469
0.784062500,-0.083698958
0.784125000,-0.083009012
0.784187500,-0.082378350
0.784250000,-0.081982359
0.784312500,-0.081878148
0.784375000,-0.082236275
0.784437500,-0.082994878
0.784500000,-0.083958976
0.784562500,-0.084762476
0.784625000,-0.085277848
0.784687500,-0.085364021
0.784750000,-0.084994338
0.784812500,-0.084140904
0.784875000,-0.083067663
0.784937500,-0.081915975
0.785000000,-0.080758743
0.785062500,-0.079483397
0.785125000,-0.078161761
0.785187500,-0.076738499
0.785250000,-0.075205401
0.785312500,-0.073542744
0.785375000,-0.072056524
0.785437500,-0.070959292
0.785500000,-0.070405059
0.785562500,-0.070323467
0.785625000,-0.070725918
0.785687500,-0.071361057
0.785750000,-0.071911044
0.785812500,-0.071996026
0.785875000,-0.071608335
0.785937500,-0.070753761
0.786000000,-0.069557935
0.786062500,-0.068109870
0.786125000,-0.066748075
0.786187500,-0.065592460
0.786250000,-0.064663462
0.786312500,-0.063807443
0.786375000,-0.063083924
0.786437500,-0.062395535
0.786500000,-0.061651487
0.786562500,-0.060701806
0.786625000,-0.059694201
0.786687500,-0.058690451
0.786750000,-0.057792384
0.786812500,-0.057036158
0.786875000,-0.056664780
0.786937500,-0.056701221
0.787000000,-0.057039391
0.787062500,-0.057378463
0.787125000,-0.057590678
0.787187500,-0.057449911
0.787250000,-0.056851145
0.787312500,-0.055786699
0.787375000,-0.054605030
0.787437500,-0.053556480
0.787500000,-0.052803792
0.787562500,-0.052284699
0.787625000,-0.051972184
0.787687500,-0.051622014
0.787750000,-0.051015429
0.787812500,-0.050018974
0.787875000,-0.048850637
0.787937500,-0.047729753
0.788000000,-0.046873957
0.788062500,-0.046349786
0.788125000,-0.046201017
0.788187500,-0.046214804
0.788250000,-0.046120960
0.788312500,-0.045683157
0.788375000,-0.044963520
0.788437500,-0.044072349
0.788500000,-0.043203104
0.788562500,-0.042506970
0.788625000,-0.042163339
0.788687500,-0.042109035
0.788750000,-0.042167734
0.788812500,-0.042115062
0.788875000,-0.041875206
0.788937500,-0.041362058
0.789000000,-0.040567622
0.789062500,-0.039536774
0.789125000,-0.038404752
0.789187500,-0.037206754
0.789250000,-0.035955522
0.789312500,-0.034670703
0.789375000,-0.033423584
0.789437500,-0.032200690
0.789500000,-0.030966930
0.789562500,-0.029687468
0.789625000,-0.028372634
0.789687500,-0.026979614
0.789750000,-0.025507715
0.789812500,-0.024026250
0.789875000,-0.022675334
0.789937500,-0.021490637
0.790000000,-0.020424996
0.790062500,-0.019368939
0.790125000,-0.018175513
0.790187500,-0.016646784
0.790250000,-0.014683408
0.790312500,-0.012385430
0.790375000,-0.010007584
0.790437500,-0.007813909
0.790500000,-0.006023962
0.790562500,-0.004771146
0.790625000,-0.004004600
0.790687500,-0.003483056
0.790750000,-0.002917857
0.790812500,-0.002132648
0.790875000,-0.001059280
0.790937500,0.000300354
0.791000000,0.001882488
0.791062500,0.003577520
0.791125000,0.005356606
0.791187500,0.007299515
0.791250000,0.009506566
0.791312500,0.011976592
0.791375000,0.014654922
0.791437500,0.017451473
0.791500000,0.020236747
0.791562500,0.022825954
0.791625000,0.025105111
0.791687500,0.027039772
0.791750000,0.028613821
0.791812500,0.029740779
0.791875000,0.030380316
0.791937500,0.030562621
0.792000000,0.030402184
0.792062500,0.030048583
0.792125000,0.029791765
0.792187500,0.029956013
0.792250000,0.030778680
0.792312500,0.032255359
0.792375000,0.034265444
0.792437500,0.036565851
0.792500000,0.038873378
0.792562500,0.040890396
0.792625000,0.042537566
0.792687500,0.043884069
0.792750000,0.045085590
0.792812500,0.046218187
0.792875000,0.047381461
0.792937500,0.048571154
0.793000000,0.049697686
0.793062500,0.050551552
0.793125000,0.051079597
0.793187500,0.051294927
0.793250000,0.051297802
0.793312500,0.051156659
0.793375000,0.051073749
0.793437500,0.051191989
0.793500000,0.051580172
0.793562500,0.052136231
0.793625000,0.052824114
0.793687500,0.053548884
0.793750000,0.054215658
0.793812500,0.054668136
0.793875000,0.054946035
0.793937500,0.055107746
0.794000000,0.055251025
0.794062500,0.055383932
0.794125000,0.055662312
0.794187500,0.056130443
0.794250000,0.056757014
0.794312500,0.057340559
0.794375000,0.057859909
0.794437500,0.058258519
0.794500000,0.058545381
0.794562500,0.058688097
0.794625000,0.058895990
0.794687500,0.059280552
0.794750000,0.059863124
0.794812500,0.060445167
0.794875000,0.060954928
0.794937500,0.061251070
0.795000000,0.061274990
0.795062500,0.060989808
0.795125000,0.060699344
0.795187500,0.060667850
0.795250000,0.061086740
0.795312500,0.061865669
0.795375000,0.062965833
0.795437500,0.064122230
0.795500000,0.065039963
0.795562500,0.065385170
0.795625000,0.065239571
0.795687500,0.064739205
0.795750000,0.064098723
0.795812500,0.063390061
0.795875000,0.062851667
0.795937500,0.062509432
0.796000000,0.062310360
0.796062500,0.062067196
0.796125000,0.061889686
0.796187500,0.061845239
0.796250000,0.062027987
0.796312500,0.062390801
0.796375000,0.063077368
0.796437500,0.064053610
0.796500000,0.065228216
0.796562500,0.066371188
0.796625000,0.067521505
0.796687500,0.068631120
0.796750000,0.069652058
0.796812500,0.070400193
0.796875000,0.070930630
0.796937500,0.071191236
0.797000000,0.071158051
0.797062500,0.070742860
0.797125000,0.070177443
0.797187500,0.069613315
0.797250000,0.069181442
0.797312500,0.068838447
0.797375000,0.068731979
0.797437500,0.068853073
0.797500000,0.069181442
0.797562500,0.069601111
0.797625000,0.070276149
0.797687500,0.071244113
0.797750000,0.072475791
0.797812500,0.073728323
0.797875000,0.074943595
0.797937500,0.075925529
0.798000000,0.076523140
0.798062500,0.076567873
0.798125000,0.076273888
0.798187500,0.075802319
0.798250000,0.075299524
0.798312500,0.074712969
0.798375000,0.074165009
0.798437500,0.073596492
0.798500000,0.072946422
0.798562500,0.072097644
0.798625000,0.071276166
0.798687500,0.070638739
0.798750000,0.070310935
0.798812500,0.070203774
0.798875000,0.070369601
0.798937500,0.070653707
0.799000000,0.070875682
0.799062500,0.070790373
0.799125000,0.070527323
0.799187500,0.070194185
0.799250000,0.069934435
0.799312500,0.069728784
0.799375000,0.069734648
0.799437500,0.069862895
0.799500000,0.069934435
0.799562500,0.069637038
0.799625000,0.069014437
0.799687500,0.068113476
0.799750000,0.067110702
0.799812500,0.066144325
0.799875000,0.065608531
0.799937500,0.065658234
0.800000000,0.066263586
0.800062500,0.067097925
0.800125000,0.067998394
0.800187500,0.068685547
0.800250000,0.068993188
0.800312500,0.068810061
0.800375000,0.068462178
0.800437500,0.068208553
0.800500000,0.068240196
0.800562500,0.068461567
0.800625000,0.068886131
0.800687500,0.069271483
0.800750000,0.069369689
0.800812500,0.068924487
0.800875000,0.068154946
0.800937500,0.067298844
0.801000000,0.066640079
0.801062500,0.066256188
0.801125000,0.066358760
0.801187500,0.066845663
0.801250000,0.067487195
0.801312500,0.067900866
0.801375000,0.068083778
0.801437500,0.068035051
0.801500000,0.067863703
0.801562500,0.067588113
0.801625000,0.067494206
0.801687500,0.067638986
0.801750000,0.067957826
0.801812500,0.068157762
0.801875000,0.068223201
0.801937500,0.068043493
0.802000000,0.067581318
0.802062500,0.066746950
0.802125000,0.065823808
0.802187500,0.064987525
0.802250000,0.064381093
0.802312500,0.063938484
0.802375000,0.063821726
0.802437500,0.063996531
0.802500000,0.064381093
0.802562500,0.064737864
0.802625000,0.065150082
0.802687500,0.065598346
0.802750000,0.066075332
0.802812500,0.066428244
0.802875000,0.066808410
0.802937500,0.067224488
0.803000000,0.067675456
0.803062500,0.068020448
0.803125000,0.068442278
0.803187500,0.069002151
0.803250000,0.069746181
0.803312500,0.070541322
0.803375000,0.071513206
0.803437500,0.072601229
0.803500000,0.073699415
0.803562500,0.074550763
0.803625000,0.075229600
0.803687500,0.075740784
0.803750000,0.076146647
0.803812500,0.076407962
0.803875000,0.076786049
0.803937500,0.077361979
0.804000000,0.078123264
0.804062500,0.078826055
0.804125000,0.079472490
0.804187500,0.079945549
0.804250000,0.080193989
0.804312500,0.080129124
0.804375000,0.080050655
0.804437500,0.080154024
0.804500000,0.080570497
0.804562500,0.081172690
0.804625000,0.081994489
0.804687500,0.082858615
0.804750000,0.083582476
0.804812500,0.083933346
0.804875000,0.084072202
0.804937500,0.084128000
0.805000000,0.084241346
0.805062500,0.084366187
0.805125000,0.084627427
0.805187500,0.084940426
0.805250000,0.085182585
0.805312500,0.085140891
0.805375000,0.084948897
0.805437500,0.084682725
0.805500000,0.084429592
0.805562500,0.084114529
0.805625000,0.083869301
0.805687500,0.083648741
0.805750000,0.083394229
0.805812500,0.082964405
0.805875000,0.082546107
0.805937500,0.082229763
0.806000000,0.082076482
0.806062500,0.081955872
0.806125000,0.081929706
0.806187500,0.081880145
0.806250000,0.081699982
0.806312500,0.081239477
0.806375000,0.080722593
0.806437500,0.080299154
0.806500000,0.080099866
0.806562500,0.080048583
0.806625000,0.080227084
0.806687500,0.080472097
0.806750000,0.080570497
0.806812500,0.080227852
0.806875000,0.079529732
0.806937500,0.078533560
0.807000000,0.077370264
0.807062500,0.076075859
0.807125000,0.074926205
0.807187500,0.073983550
0.807250000,0.073228791
0.807312500,0.072481096
0.807375000,0.071829006
0.807437500,0.071235798
0.807500000,0.070687436
0.807562500,0.070076540
0.807625000,0.069585212
0.807687500,0.069231659
0.807750000,0.068993188
0.807812500,0.068691388
0.807875000,0.068421654
0.807937500,0.068129629
0.808000000,0.067769580
0.808062500,0.067199387
0.808125000,0.066594645
0.808187500,0.065993093
0.808250000,0.065416463
0.808312500,0.064745359
0.808375000,0.064131036
0.808437500,0.063571103
0.808500000,0.063063353
0.808562500,0.062501349
0.808625000,0.062084492
0.808687500,0.061861694
0.808750000,0.061839733
0.808812500,0.061845966
0.808875000,0.061949346
0.808937500,0.062045038
0.809000000,0.062027987
0.809062500,0.061708361
0.809125000,0.061246485
0.809187500,0.060703918
0.809250000,0.060145497
0.809312500,0.059484612
0.809375000,0.058886260
0.809437500,0.058334164
0.809500000,0.057792384
0.809562500,0.057119254
0.809625000,0.056504957
0.809687500,0.056039143
0.809750000,0.055815775
0.809812500,0.055781081
0.809875000,0.056108948
0.809937500,0.056776609
0.810000000,0.057698261
0.810062500,0.058635298
0.810125000,0.059607774
0.810187500,0.060516834
0.810250000,0.061274990
0.810312500,0.061702445
0.810375000,0.061908025
0.810437500,0.061907802
0.810500000,0.061745610
0.810562500,0.061383478
0.810625000,0.061056491
0.810687500,0.060871806
0.810750000,0.060898494
0.810812500,0.061044097
0.810875000,0.061415397
0.810937500,0.061958637
0.811000000,0.062592737
0.811062500,0.063130371
0.811125000,0.063646816
0.811187500,0.064127319
0.811250000,0.064569339
0.811312500,0.064871274
0.811375000,0.065161802
0.811437500,0.065443479
0.811500000,0.065698840
0.811562500,0.065800704
0.811625000,0.065865435
0.811687500,0.065914549
0.811750000,0.065981209
0.811812500,0.066000938
0.811875000,0.066125944
0.811937500,0.066358626
0.812000000,0.066640079
0.812062500,0.066761203
0.812125000,0.066720665
0.812187500,0.066436924
0.812250000,0.065887086
0.812312500,0.065031424
0.812375000,0.064106509
0.812437500,0.063260458
0.812500000,0.062592737
0.812562500,0.062026180
0.812625000,0.061616782
0.812687500,0.061270606
0.812750000,0.060898494
0.812812500,0.060375318
0.812875000,0.059867606
0.812937500,0.059479050
0.813000000,0.059298374
0.813062500,0.059262145
0.813125000,0.059423115
0.813187500,0.059647731
0.813250000,0.059769001
0.813312500,0.059574366
0.813375000,0.059133794
0.813437500,0.058502927
0.813500000,0.057792384
0.813562500,0.057045788
0.813625000,0.056460235
0.813687500,0.056062415
0.813750000,0.055815775
0.813812500,0.055582784
0.813875000,0.055423420
0.813937500,0.055314407
0.814000000,0.055251025
0.814062500,0.055165153
0.814125000,0.055171601
0.814187500,0.055249862
0.814250000,0.055345152
0.814312500,0.055315420
0.814375000,0.055200815
0.814437500,0.054942489
0.814500000,0.054498032
0.814562500,0.053791113
0.814625000,0.052970119
0.814687500,0.052109178
0.814750000,0.051297802
0.814812500,0.050558303
0.814875000,0.050060123
0.814937500,0.049801331
0.815000000,0.049697686
0.815062500,0.049544577
0.815125000,0.049278267
0.815187500,0.048758280
0.815250000,0.047909327
0.815312500,0.046699468
0.815375000,0.045336321
0.815437500,0.043971047
0.815500000,0.042732481
0.815562500,0.041634869
0.815625000,0.040749200
0.815687500,0.039971642
0.815750000,0.039155755
0.815812500,0.038131792
0.815875000,0.036946476
0.815937500,0.035646789
0.816000000,0.034355409
0.816062500,0.033192329
0.816125000,0.032382328
0.816187500,0.031976283
0.816250000,0.031908173
0.816312500,0.031978149
0.816375000,0.032059412
0.816437500,0.031953134
0.816500000,0.031531677
0.816562500,0.030748257
0.816625000,0.029782830
0.816687500,0.028797582
0.816750000,0.027954949
0.816812500,0.027335577
0.816875000,0.027039282
0.816937500,0.026983941
0.817000000,0.027013704
0.817062500,0.026930630
0.817125000,0.026675444
0.817187500,0.026172277
0.817250000,0.025413590
0.817312500,0.024430014
0.817375000,0.023372857
0.817437500,0.022308994
0.817500000,0.021272115
0.817562500,0.020247823
0.817625000,0.019299001
0.817687500,0.018416548
0.817750000,0.017601265
0.817812500,0.016852902
0.817875000,0.016255528
0.817937500,0.015800340
0.818000000,0.015436403
0.818062500,0.015068233
0.818125000,0.014645847
0.818187500,0.014067658
0.818250000,0.013271542
0.818312500,0.012259684
0.818375000,0.011157058
0.818437500,0.010076595
0.818500000,0.009130068
0.818562500,0.008390904
0.818625000,0.007905874
0.818687500,0.007599536
0.818750000,0.007341704
0.818812500,0.007000865
0.818875000,0.006510906
0.818937500,0.005830185
0.819000000,0.004988594
0.819062500,0.004080744
0.819125000,0.003242903
0.819187500,0.002540404
0.819250000,0.001976613
0.819312500,0.001505401
0.819375000,0.001060948
0.819437500,0.000545456
0.819500000,-0.000094124
0.819562500,-0.000824087
0.819625000,-0.001529545
0.819687500,-0.002099674
0.819750000,-0.002447235
0.819812500,-0.002532461
0.819875000,-0.002396911
0.819937500,-0.002184847
0.820000000,-0.002070737
0.820062500,-0.002179699
0.820125000,-0.002578374
0.820187500,-0.003279847
0.820250000,-0.004235599
0.820312500,-0.005332272
0.820375000,-0.006468901
0.820437500,-0.007568651
0.820500000,-0.008565322
0.820562500,-0.009370491
0.820625000,-0.009938815
0.820687500,-0.010276439
0.820750000,-0.010447809
0.820812500,-0.010545873
0.820875000,-0.010725608
0.820937500,-0.011137221
0.821000000,-0.011859675
0.821062500,-0.012830970
0.821125000,-0.013924250
0.821187500,-0.014967659
0.821250000,-0.015812902
0.821312500,-0.016365847
0.821375000,-0.016662335
0.821437500,-0.016813217
0.821500000,-0.016942395
0.821562500,-0.017103020
0.821625000,-0.017308520
0.821687500,-0.017520474
0.821750000,-0.017695390
0.821812500,-0.017808232
0.821875000,-0.017922053
0.821937500,-0.018136391
0.822000000,-0.018542508
0.822062500,-0.019154225
0.822125000,-0.019933566
0.822187500,-0.020774024
0.822250000,-0.021554491
0.822312500,-0.022177607
0.822375000,-0.022654224
0.822437500,-0.023065347
0.822500000,-0.023531102
0.822562500,-0.024136666
0.822625000,-0.024916526
0.822687500,-0.025800304
0.822750000,-0.026637208
0.822812500,-0.027237754
0.822875000,-0.027481459
0.822937500,-0.027342521
0.823000000,-0.026919581
0.823062500,-0.026390729
0.823125000,-0.025992472
0.823187500,-0.025879925
0.823250000,-0.026072461
0.823312500,-0.026421493
0.823375000,-0.026705509
0.823437500,-0.026672998
0.823500000,-0.026166586
0.823562500,-0.025180370
0.823625000,-0.023909237
0.823687500,-0.022619674
0.823750000,-0.021554491
0.823812500,-0.020819154
0.823875000,-0.020387908
0.823937500,-0.020078423
0.824000000,-0.019672001
0.824062500,-0.019008758
0.824125000,-0.018105395
0.824187500,-0.017077733
0.824250000,-0.016095273
0.824312500,-0.015275824
0.824375000,-0.014689789
0.824437500,-0.014278702
0.824500000,-0.013930413
0.824562500,-0.013526261
0.824625000,-0.013061804
0.824687500,-0.012557480
0.824750000,-0.012047924
0.824812500,-0.011515075
0.824875000,-0.010959143
0.824937500,-0.010327212
0.825000000,-0.009600690
0.825062500,-0.008812916
0.825125000,-0.008143061
0.825187500,-0.007748614
0.825250000,-0.007718201
0.825312500,-0.007977335
0.825375000,-0.008402954
0.825437500,-0.008759830
0.825500000,-0.008847695
0.825562500,-0.008557517
0.825625000,-0.008022437
0.825687500,-0.007430500
0.825750000,-0.006965206
0.825812500,-0.006674198
0.825875000,-0.006547399
0.825937500,-0.006421916
0.826000000,-0.006118086
0.826062500,-0.005508911
0.826125000,-0.004693974
0.826187500,-0.003851316
0.826250000,-0.003200230
0.826312500,-0.002872366
0.826375000,-0.002962312
0.826437500,-0.003402045
0.826500000,-0.004047350
0.826562500,-0.004715051
0.826625000,-0.005369268
0.826687500,-0.006011306
0.826750000,-0.006682833
0.826812500,-0.007376316
0.826875000,-0.008111743
0.826937500,-0.008821517
0.827000000,-0.009412440
0.827062500,-0.009781322
0.827125000,-0.009958091
0.827187500,-0.010015748
0.827250000,-0.010071312
0.827312500,-0.010209524
0.827375000,-0.010543286
0.827437500,-0.011102092
0.827500000,-0.011859675
0.827562500,-0.012718977
0.827625000,-0.013640203
0.827687500,-0.014564256
0.827750000,-0.015436403
0.827812500,-0.016166765
0.827875000,-0.016737472
0.827937500,-0.017122880
0.828000000,-0.017318891
0.828062500,-0.017312031
0.828125000,-0.017176412
0.828187500,-0.016973069
0.828250000,-0.016754145
0.828312500,-0.016523119
0.828375000,-0.016327059
0.828437500,-0.016198799
0.828500000,-0.016189398
0.828562500,-0.016346216
0.828625000,-0.016765505
0.828687500,-0.017500743
0.828750000,-0.018542508
0.828812500,-0.019783594
0.828875000,-0.021074053
0.828937500,-0.022222839
0.829000000,-0.023060480
0.829062500,-0.023477141
0.829125000,-0.023475923
0.829187500,-0.023136778
0.829250000,-0.022589857
0.829312500,-0.021963121
0.829375000,-0.021374086
0.829437500,-0.020884428
0.829500000,-0.020519121
0.829562500,-0.020280197
0.829625000,-0.020198043
0.829687500,-0.020299548
0.829750000,-0.020613244
0.829812500,-0.021144638
0.829875000,-0.021881023
0.829937500,-0.022746529
0.830000000,-0.023625227
0.830062500,-0.024384182
0.830125000,-0.024925148
0.830187500,-0.025177883
0.830250000,-0.025131216
0.830312500,-0.024823910
0.830375000,-0.024358558
0.830437500,-0.023816423
0.830500000,-0.023248728
0.830562500,-0.022652196
0.830625000,-0.022018392
0.830687500,-0.021291954
0.830750000,-0.020424996
0.830812500,-0.019394642
0.830875000,-0.018250257
0.830937500,-0.017040828
0.831000000,-0.015812902
0.831062500,-0.014582882
0.831125000,-0.013363222
0.831187500,-0.012120565
0.831250000,-0.010824307
0.831312500,-0.009466873
0.831375000,-0.008117873
0.831437500,-0.006850691
0.831500000,-0.005741589
0.831562500,-0.004829176
0.831625000,-0.004158363
0.831687500,-0.003697441
0.831750000,-0.003388479
0.831812500,-0.003156604
0.831875000,-0.002985655
0.831937500,-0.002829796
0.832000000,-0.002635483
0.832062500,-0.002320882
0.832125000,-0.001857155
0.832187500,-0.001205533
0.832250000,-0.000376498
0.832312500,0.000574794
0.832375000,0.001469592
0.832437500,0.002139553
0.832500000,0.002447235
0.832562500,0.002362535
0.832625000,0.001880586
0.832687500,0.001127511
0.832750000,0.000282373
0.832812500,-0.000445478
0.832875000,-0.000977503
0.832937500,-0.001263565
0.833000000,-0.001317742
0.833062500,-0.001159734
0.833125000,-0.000903072
0.833187500,-0.000602614
0.833250000,-0.000282373
0.833312500,0.000094424
0.833375000,0.000478718
0.833437500,0.000841487
0.833500000,0.001129493
0.833562500,0.001311222
0.833625000,0.001279357
0.833687500,0.000992983
0.833750000,0.000470622
0.833812500,-0.000168973
0.833875000,-0.000840835
0.833937500,-0.001435129
0.834000000,-0.001882488
0.834062500,-0.002146003
0.834125000,-0.002323271
0.834187500,-0.002539280
0.834250000,-0.002917857
0.834312500,-0.003503115
0.834375000,-0.004329177
0.834437500,-0.005353108
0.834500000,-0.006494584
0.834562500,-0.007636720
0.834625000,-0.008744075
0.834687500,-0.009803579
0.834750000,-0.010824307
0.834812500,-0.011781068
0.834875000,-0.012682079
0.834937500,-0.013504018
0.835000000,-0.014212786
0.835062500,-0.014753552
0.835125000,-0.015151728
0.835187500,-0.015471987
0.835250000,-0.015812902
0.835312500,-0.016244249
0.835375000,-0.016862575
0.835437500,-0.017702159
0.835500000,-0.018730756
0.835562500,-0.019820023
0.835625000,-0.020870857
0.835687500,-0.021782175
0.835750000,-0.022495734
0.835812500,-0.022975773
0.835875000,-0.023296235
0.835937500,-0.023548367
0.836000000,-0.023813475
0.836062500,-0.024097359
0.836125000,-0.024406910
0.836187500,-0.024704577
0.836250000,-0.024942968
0.836312500,-0.025056759
0.836375000,-0.025066404
0.836437500,-0.025012480
0.836500000,-0.024942968
0.836562500,-0.024854846
0.836625000,-0.024769856
0.836687500,-0.024677558
0.836750000,-0.024566470
0.836812500,-0.024411090
0.836875000,-0.024263810
0.836937500,-0.024177240
0.837000000,-0.024189973
0.837062500,-0.024271782
0.837125000,-0.024401970
0.837187500,-0.024518086
0.837250000,-0.024566470
0.837312500,-0.024505794
0.837375000,-0.024401262
0.837437500,-0.024332175
0.837500000,-0.024378221
0.837562500,-0.024557965
0.837625000,-0.024891958
0.837687500,-0.025327286
0.837750000,-0.025790086
0.837812500,-0.026194386
0.837875000,-0.026536854
0.837937500,-0.026810678
0.838000000,-0.027013704
0.838062500,-0.027109429
0.838125000,-0.027105166
0.838187500,-0.026978305
0.838250000,-0.026731333
0.838312500,-0.026387442
0.838375000,-0.026065566
0.838437500,-0.025851237
0.838500000,-0.025790086
0.838562500,-0.025838673
0.838625000,-0.025949521
0.838687500,-0.026000870
0.838750000,-0.025884213
0.838812500,-0.025532089
0.838875000,-0.025019046
0.838937500,-0.024441138
0.839000000,-0.023907598
0.839062500,-0.023473354
0.839125000,-0.023180161
0.839187500,-0.022956355
0.839250000,-0.022683984
0.839312500,-0.022235034
0.839375000,-0.021583444
0.839437500,-0.020736961
0.839500000,-0.019766126
0.839562500,-0.018761210
0.839625000,-0.017855451
0.839687500,-0.017097887
0.839750000,-0.016471772
0.839812500,-0.015893690
0.839875000,-0.015313268
0.839937500,-0.014663959
0.840000000,-0.013930413
0.840062500,-0.013147027
0.840125000,-0.012434134
0.840187500,-0.011870236
0.840250000,-0.011483178
0.840312500,-0.011223544
0.840375000,-0.011023996
0.840437500,-0.010762551
0.840500000,-0.010353684
0.840562500,-0.009790099
0.840625000,-0.009182230
0.840687500,-0.008646877
0.840750000,-0.008282948
0.840812500,-0.008125716
0.840875000,-0.008147031
0.840937500,-0.008216012
0.841000000,-0.008188824
0.841062500,-0.007980967
0.841125000,-0.007606498
0.841187500,-0.007116732
0.841250000,-0.006588709
0.841312500,-0.006091589
0.841375000,-0.005651474
0.841437500,-0.005212837
0.841500000,-0.004706220
0.841562500,-0.004116152
0.841625000,-0.003491458
0.841687500,-0.002905832
0.841750000,-0.002447235
0.841812500,-0.002195340
0.841875000,-0.002166259
0.841937500,-0.002286843
0.842000000,-0.002447235
0.842062500,-0.002571924
0.842125000,-0.002602187
0.842187500,-0.002500953
0.842250000,-0.002258986
0.842312500,-0.001910351
0.842375000,-0.001451319
0.842437500,-0.000854360
0.842500000,-0.000094124
0.842562500,0.000791207
0.842625000,0.001783132
0.842687500,0.002849835
0.842750000,0.003953225
0.842812500,0.005016170
0.842875000,0.006040114
0.842937500,0.007053053
0.843000000,0.008094699
0.843062500,0.009145773
0.843125000,0.010227147
0.843187500,0.011331159
0.843250000,0.012424421
0.843312500,0.013403907
0.843375000,0.014258682
0.843437500,0.015009849
0.843500000,0.015718777
0.843562500,0.016407767
0.843625000,0.017170643
0.843687500,0.018049316
0.843750000,0.019013131
0.843812500,0.019897483
0.843875000,0.020601733
0.843937500,0.021054022
0.844000000,0.021272115
0.844062500,0.021315901
0.844125000,0.021405661
0.844187500,0.021754602
0.844250000,0.022495734
0.844312500,0.023565965
0.844375000,0.024852647
0.844437500,0.026156617
0.844500000,0.027296079
0.844562500,0.028132632
0.844625000,0.028750723
0.844687500,0.029338719
0.844750000,0.030119810
0.844812500,0.031195050
0.844875000,0.032609858
0.844937500,0.034242652
0.845000000,0.035861399
0.845062500,0.037153944
0.845125000,0.037981287
0.845187500,0.038343098
0.845250000,0.038402759
0.845312500,0.038370930
0.845375000,0.038565036
0.845437500,0.039189335
0.845500000,0.040285248
0.845562500,0.041658875
0.845625000,0.043109905
0.845687500,0.044397864
0.845750000,0.045367967
0.845812500,0.045945212
0.845875000,0.046302270
0.845937500,0.046647307
0.846000000,0.047156330
0.846062500,0.047822352
0.846125000,0.048605006
0.846187500,0.049307562
0.846250000,0.049697686
0.846312500,0.049543694
0.846375000,0.048868988
0.846437500,0.047806315
0.846500000,0.046591584
0.846562500,0.045416687
0.846625000,0.044519477
0.846687500,0.043962710
0.846750000,0.043673724
0.846812500,0.043435141
0.846875000,0.043148652
0.846937500,0.042744052
0.847000000,0.042261858
0.847062500,0.041776884
0.847125000,0.041521139
0.847187500,0.041619524
0.847250000,0.042073611
0.847312500,0.042684689
0.847375000,0.043297470
0.847437500,0.043698974
0.847500000,0.043767847
0.847562500,0.043468293
0.847625000,0.043037236
0.847687500,0.042702522
0.847750000,0.042638354
0.847812500,0.042820938
0.847875000,0.043212377
0.847937500,0.043600794
0.848000000,0.043767847
0.848062500,0.043532111
0.848125000,0.043012537
0.848187500,0.042389188
0.848250000,0.041885361
0.848312500,0.041594088
0.848375000,0.041628875
0.848437500,0.041865803
0.848500000,0.042073611
0.848562500,0.041945372
0.848625000,0.041438293
0.848687500,0.040578648
0.848750000,0.039532252
0.848812500,0.038467184
0.848875000,0.037700895
0.848937500,0.037349652
0.849000000,0.037367389
0.849062500,0.037500221
0.849125000,0.037602168
0.849187500,0.037486263
0.849250000,0.037085015
0.849312500,0.036413025
0.849375000,0.035757490
0.849437500,0.035342857
0.849500000,0.035296652
0.849562500,0.035514344
0.849625000,0.035894081
0.849687500,0.036178563
0.849750000,0.036143772
0.849812500,0.035634361
0.849875000,0.034825280
0.849937500,0.033941887
0.850000000,0.033225916
0.850062500,0.032753915
0.850125000,0.032622870
0.850187500,0.032714602
0.850250000,0.032849420
0.850312500,0.032813389
0.850375000,0.032674208
0.850437500,0.032538313
0.850500000,0.032567047
0.850562500,0.032811638
0.850625000,0.033401050
0.850687500,0.034257058
0.850750000,0.035202529
0.850812500,0.035956964
0.850875000,0.036464710
0.850937500,0.036693055
0.851000000,0.036708519
0.851062500,0.036556829
0.851125000,0.036464974
0.851187500,0.036519468
0.851250000,0.036708519
0.851312500,0.036853049
0.851375000,0.036919035
0.851437500,0.036834523
0.851500000,0.036614396
0.851562500,0.036285192
0.851625000,0.036102299
0.851687500,0.036207959
0.851750000,0.036614396
0.851812500,0.037088998
0.851875000,0.037467252
0.851937500,0.037524648
0.852000000,0.037179142
0.852062500,0.036485400
0.852125000,0.035851467
0.852187500,0.035658415
0.852250000,0.036143772
0.852312500,0.037190713
0.852375000,0.038588978
0.852437500,0.039923877
0.852500000,0.040849991
0.852562500,0.041225988
0.852625000,0.041263402
0.852687500,0.041287653
0.852750000,0.041602992
0.852812500,0.042300154
0.852875000,0.043298129
0.852937500,0.044278093
0.853000000,0.044897340
0.853062500,0.044937313
0.853125000,0.044526950
0.853187500,0.043973003
0.853250000,0.043673724
0.853312500,0.043899912
0.853375000,0.044790030
0.853437500,0.046139587
0.853500000,0.047532827
0.853562500,0.048479043
0.853625000,0.048763596
0.853687500,0.048422821
0.853750000,0.047815196
0.853812500,0.047440596
0.853875000,0.047830492
0.853937500,0.049110971
0.854000000,0.050921306
0.854062500,0.052467193
0.854125000,0.052989926
0.854187500,0.052025918
0.854250000,0.049791813
0.854312500,0.047178157
0.854375000,0.045533966
0.854437500,0.045885265
0.854500000,0.048379947
0.854562500,0.051968075
0.854625000,0.054788783
0.854687500,0.054721896
0.854750000,0.050356556
0.854812500,0.041642580
0.854875000,0.030166972
0.854937500,0.018465877
0.855000000,0.009130068
0.855062500,0.003804412
0.855125000,0.002796203
0.855187500,0.004975359
0.855250000,0.008471197
0.855312500,0.011489496
0.855375000,0.013130646
0.855437500,0.013417886
0.855500000,0.013083293
0.855562500,0.012978517
0.855625000,0.013708780
0.855687500,0.015211162
0.855750000,0.016942395
0.855812500,0.018201290
0.855875000,0.018642293
0.855937500,0.018282689
0.856000000,0.017507140
0.856062500,0.016794322
0.856125000,0.016594484
0.856187500,0.016974568
0.856250000,0.017695390
0.856312500,0.018326927
0.856375000,0.018587723
0.856437500,0.018300131
0.856500000,0.017507140
0.856562500,0.016393749
0.856625000,0.015334711
0.856687500,0.014590448
0.856750000,0.014306910
0.856812500,0.014458083
0.856875000,0.015012885
0.856937500,0.015784854
0.857000000,0.016565897
0.857062500,0.017157488
0.857125000,0.017550541
0.857187500,0.017744379
0.857250000,0.017789513
0.857312500,0.017712552
0.857375000,0.017618367
0.857437500,0.017479222
0.857500000,0.017224766
0.857562500,0.016781863
0.857625000,0.016160619
0.857687500,0.015424264
0.857750000,0.014683408
0.857812500,0.014041825
0.857875000,0.013587017
0.857937500,0.013321213
0.858000000,0.013177417
0.858062500,0.013037714
0.858125000,0.012825913
0.858187500,0.012491254
0.858250000,0.012047924
0.858312500,0.011549169
0.858375000,0.011115083
0.858437500,0.010810654
0.858500000,0.010636058
0.858562500,0.010503534
0.858625000,0.010336424
0.858687500,0.010043645
0.858750000,0.009600690
0.858812500,0.009057666
0.858875000,0.008585158
0.858937500,0.008332071
0.859000000,0.008377072
0.859062500,0.008663582
0.859125000,0.009065437
0.859187500,0.009373132
0.859250000,0.009412440
0.859312500,0.009114278
0.859375000,0.008581762
0.859437500,0.007992189
0.859500000,0.007529953
0.859562500,0.007285568
0.859625000,0.007265141
0.859687500,0.007340076
0.859750000,0.007341704
0.859812500,0.007131702
0.859875000,0.006717322
0.859937500,0.006178705
0.860000000,0.005647464
0.860062500,0.005226617
0.860125000,0.004991423
0.860187500,0.004908848
0.860250000,0.004894469
0.860312500,0.004856171
0.860375000,0.004792681
0.860437500,0.004745990
0.860500000,0.004800345
0.860562500,0.005024487
0.860625000,0.005470353
0.860687500,0.006092394
0.860750000,0.006776957
0.860812500,0.007372705
0.860875000,0.007781635
0.860937500,0.007951037
0.861000000,0.007906451
0.861062500,0.007726535
0.861125000,0.007535307
0.861187500,0.007406536
0.861250000,0.007341704
0.861312500,0.007256440
0.861375000,0.007042491
0.861437500,0.006584567
0.861500000,0.005835713
0.861562500,0.004850003
0.861625000,0.003809110
0.861687500,0.002939223
0.861750000,0.002447235
0.861812500,0.002436736
0.861875000,0.002898276
0.861937500,0.003672696
0.862000000,0.004517972
0.862062500,0.005180287
0.862125000,0.005505828
0.862187500,0.005448416
0.862250000,0.005082718
0.862312500,0.004553807
0.862375000,0.004057783
0.862437500,0.003740489
0.862500000,0.003670852
0.862562500,0.003818322
0.862625000,0.004114095
0.862687500,0.004445850
0.862750000,0.004706220
0.862812500,0.004808213
0.862875000,0.004741658
0.862937500,0.004532214
0.863000000,0.004235599
0.863062500,0.003902606
0.863125000,0.003600406
0.863187500,0.003363379
0.863250000,0.003200230
0.863312500,0.003084878
0.863375000,0.003011934
0.863437500,0.002961655
0.863500000,0.002917857
0.863562500,0.002855524
0.863625000,0.002785913
0.863687500,0.002710418
0.863750000,0.002635483
0.863812500,0.002560719
0.863875000,0.002521788
0.863937500,0.002541570
0.864000000,0.002635483
0.864062500,0.002795886
0.864125000,0.003021013
0.864187500,0.003288663
0.864250000,0.003576728
0.864312500,0.003866464
0.864375000,0.004170747
0.864437500,0.004507817
0.864500000,0.004894469
0.864562500,0.005323530
0.864625000,0.005794293
0.864687500,0.006285986
0.864750000,0.006776957
0.864812500,0.007240328
0.864875000,0.007682682
0.864937500,0.008098939
0.865000000,0.008471197
0.865062500,0.008753948
0.865125000,0.008918925
0.865187500,0.008945307
0.865250000,0.008847695
0.865312500,0.008672121
0.865375000,0.008509767
0.865437500,0.008433573
0.865500000,0.008471197
0.865562500,0.008580598
0.865625000,0.008686763
0.865687500,0.008698564
0.865750000,0.008565322
0.865812500,0.008297269
0.865875000,0.007995600
0.865937500,0.007777201
0.866000000,0.007718201
0.866062500,0.007786399
0.866125000,0.007890504
0.866187500,0.007879626
0.866250000,0.007624077
0.866312500,0.007061854
0.866375000,0.006282897
0.866437500,0.005461830
0.866500000,0.004800345
0.866562500,0.004429444
0.866625000,0.004414473
0.866687500,0.004704324
0.866750000,0.005176842
0.866812500,0.005676109
0.866875000,0.006120856
0.866937500,0.006481013
0.867000000,0.006776957
0.867062500,0.007022520
0.867125000,0.007264630
0.867187500,0.007505895
0.867250000,0.007718201
0.867312500,0.007829715
0.867375000,0.007825415
0.867437500,0.007692027
0.867500000,0.007435828
0.867562500,0.007081022
0.867625000,0.006634880
0.867687500,0.006091353
0.867750000,0.005459215
0.867812500,0.004802785
0.867875000,0.004227897
0.867937500,0.003869108
0.868000000,0.003859101
0.868062500,0.004301317
0.868125000,0.005202714
0.868187500,0.006481412
0.868250000,0.008000575
0.868312500,0.009626684
0.868375000,0.011216030
0.868437500,0.012631086
0.868500000,0.013742164
0.868562500,0.014452565
0.868625000,0.014705340
0.868687500,0.014538142
0.868750000,0.014118661
0.868812500,0.013727457
0.868875000,0.013634598
0.868937500,0.013961366
0.869000000,0.014589284
0.869062500,0.015192580
0.869125000,0.015377534
0.869187500,0.014931900
0.869250000,0.014024537
0.869312500,0.013229594
0.869375000,0.013288816
0.869437500,0.014715029
0.869500000,0.017413015
0.869562500,0.020530909
0.869625000,0.022651499
0.869687500,0.022310330
0.869750000,0.018636633
0.869812500,0.011807418
0.869875000,0.003096144
0.869937500,-0.005572698
0.870000000,-0.012330297
0.870062500,-0.016057819
0.870125000,-0.016741022
0.870187500,-0.015379027
0.870250000,-0.013459790
0.870312500,-0.012304257
0.870375000,-0.012546188
0.870437500,-0.014021831
0.870500000,-0.016001150
0.870562500,-0.017643519
0.870625000,-0.018373534
0.870687500,-0.018100070
0.870750000,-0.017130643
0.870812500,-0.015939761
0.870875000,-0.014864172
0.870937500,-0.014027889
0.871000000,-0.013365666
0.871062500,-0.012782790
0.871125000,-0.012195010
0.871187500,-0.011642138
0.871250000,-0.011200804
0.871312500,-0.010920698
0.871375000,-0.010676047
0.871437500,-0.010305611
0.871500000,-0.009694814
0.871562500,-0.008909211
0.871625000,-0.008100117
0.871687500,-0.007518962
0.871750000,-0.007341704
0.871812500,-0.007587348
0.871875000,-0.007971086
0.871937500,-0.008119286
0.872000000,-0.007718201
0.872062500,-0.006721689
0.872125000,-0.005261493
0.872187500,-0.003704403
0.872250000,-0.002447235
0.872312500,-0.001794511
0.872375000,-0.001677803
0.872437500,-0.001831853
0.872500000,-0.001882488
0.872562500,-0.001560254
0.872625000,-0.000704624
0.872687500,0.000637051
0.872750000,0.002258986
0.872812500,0.003847893
0.872875000,0.005209136
0.872937500,0.006267280
0.873000000,0.007059331
0.873062500,0.007635963
0.873125000,0.008124194
0.873187500,0.008648859
0.873250000,0.009318316
0.873312500,0.010177562
0.873375000,0.011290897
0.873437500,0.012684489
0.873500000,0.014306910
0.873562500,0.015972389
0.873625000,0.017496854
0.873687500,0.018720660
0.873750000,0.019577878
0.873812500,0.020089330
0.873875000,0.020450026
0.873937500,0.020905126
0.874000000,0.021648614
0.874062500,0.022697084
0.874125000,0.023976298
0.874187500,0.025316082
0.874250000,0.026543085
0.874312500,0.027531704
0.874375000,0.028342484
0.874437500,0.029158819
0.874500000,0.030213933
0.874562500,0.031659719
0.874625000,0.033544205
0.874687500,0.035750370
0.874750000,0.038026262
0.874812500,0.040045548
0.874875000,0.041569270
0.874937500,0.042500556
0.875000000,0.042920731
0.875062500,0.043027900
0.875125000,0.043098524
0.875187500,0.043332860
0.875250000,0.043767847
0.875312500,0.044232782
0.875375000,0.044472773
0.875437500,0.044230986
0.875500000,0.043391351
0.875562500,0.042033497
0.875625000,0.040474422
0.875687500,0.039098412
0.875750000,0.038214508
0.875812500,0.037919365
0.875875000,0.038096700
0.875937500,0.038453665
0.876000000,0.038685132
0.876062500,0.038614128
0.876125000,0.038283080
0.876187500,0.037864622
0.876250000,0.037555639
0.876312500,0.037437532
0.876375000,0.037448719
0.876437500,0.037355799
0.876500000,0.036896769
0.876562500,0.035900809
0.876625000,0.034417547
0.876687500,0.032610077
0.876750000,0.030684557
0.876812500,0.028765475
0.876875000,0.026913080
0.876937500,0.025061451
0.877000000,0.023154603
0.877062500,0.021230470
0.877125000,0.019507129
0.877187500,0.018213723
0.877250000,0.017507140
0.877312500,0.017353479
0.877375000,0.017586719
0.877437500,0.017866952
0.877500000,0.017883638
0.877562500,0.017480075
0.877625000,0.016793212
0.877687500,0.016041458
0.877750000,0.015436403
0.877812500,0.015023032
0.877875000,0.014718940
0.877937500,0.014214676
0.878000000,0.013177417
0.878062500,0.011396035
0.878125000,0.008983799
0.878187500,0.006216008
0.878250000,0.003482603
0.878312500,0.001125267
0.878375000,-0.000587810
0.878437500,-0.001639363
0.878500000,-0.002164861
0.878562500,-0.002369999
0.878625000,-0.002339242
0.878687500,-0.002122623
0.878750000,-0.001694239
0.878812500,-0.001023527
0.878875000,-0.000065222
0.878937500,0.001068649
0.879000000,0.002164861
0.879062500,0.002952440
0.879125000,0.003264892
0.879187500,0.002990767
0.879250000,0.002164861
0.879312500,0.000955288
0.879375000,-0.000338819
0.879437500,-0.001465770
0.879500000,-0.002258986
0.879562500,-0.002670847
0.879625000,-0.002761653
0.879687500,-0.002695493
0.879750000,-0.002635483
0.879812500,-0.002645682
0.879875000,-0.002708996
0.879937500,-0.002742415
0.880000000,-0.002635483
0.880062500,-0.002276510
0.880125000,-0.001676414
0.880187500,-0.000954048
0.880250000,-0.000282373
0.880312500,0.000224588
0.880375000,0.000481729
0.880437500,0.000498804
0.880500000,0.000376498
0.880562500,0.000308722
0.880625000,0.000401135
0.880687500,0.000671271
0.880750000,0.001035369
0.880812500,0.001404247
0.880875000,0.001572807
0.880937500,0.001399269
0.881000000,0.000847120
0.881062500,0.000088702
0.881125000,-0.000747278
0.881187500,-0.001480945
0.881250000,-0.001976613
0.881312500,-0.002103608
0.881375000,-0.001985474
0.881437500,-0.001808482
0.881500000,-0.001788364
0.881562500,-0.002016351
0.881625000,-0.002639467
0.881687500,-0.003700143
0.881750000,-0.005176842
0.881812500,-0.006937658
0.881875000,-0.008979021
0.881937500,-0.011304322
0.882000000,-0.013930413
0.882062500,-0.016773028
0.882125000,-0.019822920
0.882187500,-0.022977816
0.882250000,-0.026072461
0.882312500,-0.028834069
0.882375000,-0.031134315
0.882437500,-0.032900125
0.882500000,-0.034167159
0.882562500,-0.035159025
0.882625000,-0.035930809
0.882687500,-0.036549233
0.882750000,-0.037085015
0.882812500,-0.037763197
0.882875000,-0.038695864
0.882937500,-0.040021788
0.883000000,-0.041791238
0.883062500,-0.044007089
0.883125000,-0.046398800
0.883187500,-0.048727747
0.883250000,-0.050921306
0.883312500,-0.053235259
0.883375000,-0.055921182
0.883437500,-0.059122954
0.883500000,-0.062592737
0.883562500,-0.065709963
0.883625000,-0.067565948
0.883687500,-0.067589261
0.883750000,-0.065981209
0.883812500,-0.063844666
0.883875000,-0.062622264
0.883937500,-0.063331105
0.884000000,-0.065792963
0.884062500,-0.068498388
0.884125000,-0.069220111
0.884187500,-0.066354364
0.884250000,-0.060145497
0.884312500,-0.053074144
0.884375000,-0.048899505
0.884437500,-0.050707527
0.884500000,-0.058827754
0.884562500,-0.069794573
0.884625000,-0.077128626
0.884687500,-0.073801845
0.884750000,-0.055439275
0.884812500,-0.022675212
0.884875000,0.018466253
0.884937500,0.058693338
0.885000000,0.088947564
0.885062500,0.103877530
0.885125000,0.103549108
0.885187500,0.092986673
0.885250000,0.079535127
0.885312500,0.069620997
0.885375000,0.066224717
0.885437500,0.068485409
0.885500000,0.072946422
0.885562500,0.075840324
0.885625000,0.074919693
0.885687500,0.070383333
0.885750000,0.064192846
0.885812500,0.058674805
0.885875000,0.055042040
0.885937500,0.053058039
0.886000000,0.051391926
0.886062500,0.048643515
0.886125000,0.044080067
0.886187500,0.038183812
0.886250000,0.032190546
0.886312500,0.027369196
0.886375000,0.024204344
0.886437500,0.022438075
0.886500000,0.021272115
0.886562500,0.019938890
0.886625000,0.017971538
0.886687500,0.015550439
0.886750000,0.013177417
0.886812500,0.011322934
0.886875000,0.009993998
0.886937500,0.008929402
0.887000000,0.007718201
0.887062500,0.006099148
0.887125000,0.003987872
0.887187500,0.001667700
0.887250000,-0.000470622
0.887312500,-0.002122323
0.887375000,-0.003336964
0.887437500,-0.004299153
0.887500000,-0.005270967
0.887562500,-0.006489396
0.887625000,-0.007862379
0.887687500,-0.009258239
0.887750000,-0.010447809
0.887812500,-0.011239272
0.887875000,-0.011398890
0.887937500,-0.010974525
0.888000000,-0.010165436
0.888062500,-0.009274028
0.888125000,-0.008427797
0.888187500,-0.007771744
0.888250000,-0.007341704
0.888312500,-0.007117528
0.888375000,-0.006884253
0.888437500,-0.006535341
0.888500000,-0.006023962
0.888562500,-0.005407907
0.888625000,-0.004701313
0.888687500,-0.004042023
0.888750000,-0.003576728
0.888812500,-0.003423696
0.888875000,-0.003557130
0.888937500,-0.003906787
0.889000000,-0.004329723
0.889062500,-0.004656478
0.889125000,-0.004709916
0.889187500,-0.004427257
0.889250000,-0.003859101
0.889312500,-0.003148572
0.889375000,-0.002478811
0.889437500,-0.002026625
0.889500000,-0.001882488
0.889562500,-0.001999500
0.889625000,-0.002251482
0.889687500,-0.002475965
0.889750000,-0.002541359
0.889812500,-0.002366498
0.889875000,-0.002034530
0.889937500,-0.001695157
0.890000000,-0.001505991
0.890062500,-0.001505160
0.890125000,-0.001693904
0.890187500,-0.001927300
0.890250000,-0.001976613
0.890312500,-0.001549527
0.890375000,-0.000533280
0.890437500,0.001071596
0.890500000,0.003106105
0.890562500,0.005339045
0.890625000,0.007385876
0.890687500,0.008914902
0.890750000,0.009694814
0.890812500,0.009693658
0.890875000,0.008938050
0.890937500,0.007601402
0.891000000,0.005929837
0.891062500,0.004231251
0.891125000,0.002683405
0.891187500,0.001396250
0.891250000,0.000376498
0.891312500,-0.000413437
0.891375000,-0.001134490
0.891437500,-0.001934013
0.891500000,-0.002917857
0.891562500,-0.004084736
0.891625000,-0.005448397
0.891687500,-0.006979997
0.891750000,-0.008659446
0.891812500,-0.010453410
0.891875000,-0.012424121
0.891937500,-0.014616143
0.892000000,-0.017036518
0.892062500,-0.019588381
0.892125000,-0.022197857
0.892187500,-0.024761898
0.892250000,-0.027201954
0.892312500,-0.029440507
0.892375000,-0.031512238
0.892437500,-0.033439595
0.892500000,-0.035202529
0.892562500,-0.036678776
0.892625000,-0.037751231
0.892687500,-0.038304176
0.892750000,-0.038308635
0.892812500,-0.037835415
0.892875000,-0.037141237
0.892937500,-0.036526799
0.893000000,-0.036237895
0.893062500,-0.036336854
0.893125000,-0.036737818
0.893187500,-0.037205070
0.893250000,-0.037461512
0.893312500,-0.037286706
0.893375000,-0.036631115
0.893437500,-0.035613459
0.893500000,-0.034449533
0.893562500,-0.033340774
0.893625000,-0.032424852
0.893687500,-0.031740490
0.893750000,-0.031249303
0.893812500,-0.030876396
0.893875000,-0.030573677
0.893937500,-0.030321499
0.894000000,-0.030119810
0.894062500,-0.029963560
0.894125000,-0.029861283
0.894187500,-0.029832100
0.894250000,-0.029931562
0.894312500,-0.030239651
0.894375000,-0.030851116
0.894437500,-0.031767521
0.894500000,-0.032849420
0.894562500,-0.033796046
0.894625000,-0.034262195
0.894687500,-0.033926431
0.894750000,-0.032661170
0.894812500,-0.030609675
0.894875000,-0.028225997
0.894937500,-0.026052656
0.895000000,-0.024566470
0.895062500,-0.024001451
0.895125000,-0.024310648
0.895187500,-0.025111673
0.895250000,-0.025884213
0.895312500,-0.026174484
0.895375000,-0.025767552
0.895437500,-0.024660114
0.895500000,-0.023060480
0.895562500,-0.021294298
0.895625000,-0.019662011
0.895687500,-0.018285852
0.895750000,-0.017130643
0.895812500,-0.016084386
0.895875000,-0.015000993
0.895937500,-0.013735822
0.896000000,-0.012236172
0.896062500,-0.010602343
0.896125000,-0.008973991
0.896187500,-0.007477246
0.896250000,-0.006212211
0.896312500,-0.005290783
0.896375000,-0.004704270
0.896437500,-0.004361617
0.896500000,-0.004141474
0.896562500,-0.003998529
0.896625000,-0.003855807
0.896687500,-0.003657429
0.896750000,-0.003388479
0.896812500,-0.003128916
0.896875000,-0.002897527
0.896937500,-0.002662738
0.897000000,-0.002353110
0.897062500,-0.001924872
0.897125000,-0.001277053
0.897187500,-0.000288453
0.897250000,0.001129493
0.897312500,0.002953687
0.897375000,0.005146476
0.897437500,0.007647038
0.897500000,0.010353684
0.897562500,0.013070817
0.897625000,0.015669830
0.897687500,0.018068250
0.897750000,0.020236747
0.897812500,0.022133583
0.897875000,0.023848657
0.897937500,0.025522415
0.898000000,0.027296079
0.898062500,0.029200919
0.898125000,0.031306006
0.898187500,0.033649355
0.898250000,0.036237895
0.898312500,0.038973730
0.898375000,0.041834917
0.898437500,0.044776786
0.898500000,0.047721073
0.898562500,0.050472215
0.898625000,0.052927647
0.898687500,0.055001937
0.898750000,0.056662891
0.898812500,0.057853330
0.898875000,0.058687981
0.898937500,0.059274059
0.899000000,0.059674874
0.899062500,0.059784088
0.899125000,0.059570439
0.899187500,0.058972586
0.899250000,0.057980634
0.899312500,0.056584362
0.899375000,0.055016425
0.899437500,0.053547245
0.899500000,0.052427296
0.899562500,0.051718146
0.899625000,0.051493742
0.899687500,0.051701445
0.899750000,0.052239046
0.899812500,0.052922279
0.899875000,0.053758785
0.899937500,0.054776032
0.900000000,0.056004021
0.900062500,0.057330020
0.900125000,0.058720581
0.900187500,0.060048752
0.900250000,0.061180864
0.900312500,0.061937727
0.900375000,0.062389039
0.900437500,0.062628582
0.900500000,0.062780984
0.900562500,0.062858507
0.900625000,0.062975414
0.900687500,0.063121490
0.900750000,0.063251607
0.900812500,0.063250422
0.900875000,0.063213572
0.900937500,0.063214175
0.901000000,0.063345730
0.901062500,0.063608073
0.901125000,0.064132482
0.901187500,0.064910136
0.901250000,0.065887086
0.901312500,0.066913098
0.901375000,0.068015575
0.901437500,0.069117241
0.901500000,0.070122682
0.901562500,0.070852406
0.901625000,0.071313761
0.901687500,0.071447156
0.901750000,0.071252175
0.901812500,0.070739925
0.901875000,0.070143640
0.901937500,0.069599785
0.902000000,0.069181442
0.902062500,0.068817057
0.902125000,0.068495810
0.902187500,0.068086408
0.902250000,0.067487195
0.902312500,0.066636026
0.902375000,0.065703489
0.902437500,0.064823724
0.902500000,0.064098723
0.902562500,0.063489549
0.902625000,0.062978268
0.902687500,0.062371686
0.902750000,0.061463237
0.902812500,0.060076263
0.902875000,0.058304649
0.902937500,0.056262881
0.903000000,0.054121532
0.903062500,0.051995985
0.903125000,0.050074678
0.903187500,0.048358750
0.903250000,0.046779834
0.903312500,0.045218196
0.903375000,0.043715265
0.903437500,0.042256225
0.903500000,0.040849991
0.903562500,0.039482124
0.903625000,0.038244393
0.903687500,0.037112735
0.903750000,0.036049645
0.903812500,0.035000425
0.903875000,0.034044459
0.903937500,0.033157997
0.904000000,0.032284670
0.904062500,0.031306688
0.904125000,0.030209407
0.904187500,0.028888555
0.904250000,0.027296079
0.904312500,0.025455423
0.904375000,0.023604775
0.904437500,0.021915043
0.904500000,0.020519121
0.904562500,0.019434931
0.904625000,0.018703850
0.904687500,0.018181797
0.904750000,0.017695390
0.904812500,0.017086180
0.904875000,0.016404621
0.904937500,0.015677476
0.905000000,0.014965781
0.905062500,0.014292540
0.905125000,0.013770917
0.905187500,0.013363644
0.905250000,0.012989169
0.905312500,0.012521338
0.905375000,0.011985202
0.905437500,0.011336111
0.905500000,0.010541934
0.905562500,0.009542146
0.905625000,0.008401463
0.905687500,0.007104208
0.905750000,0.005647464
0.905812500,0.004029943
0.905875000,0.002408413
0.905937500,0.000900297
0.906000000,-0.000376498
0.906062500,-0.001370485
0.906125000,-0.002000141
0.906187500,-0.002338752
0.906250000,-0.002541359
0.906312500,-0.002823290
0.906375000,-0.003278222
0.906437500,-0.003960997
0.906500000,-0.004800345
0.906562500,-0.005639660
0.906625000,-0.006183810
0.906687500,-0.006236748
0.906750000,-0.005741589
0.906812500,-0.004846590
0.906875000,-0.003762798
0.906937500,-0.002792615
0.907000000,-0.002164861
0.907062500,-0.001967285
0.907125000,-0.002021104
0.907187500,-0.002054184
0.907250000,-0.001788364
0.907312500,-0.001088824
0.907375000,0.000069285
0.907437500,0.001517845
0.907500000,0.003011981
0.907562500,0.004314149
0.907625000,0.005350983
0.907687500,0.006141749
0.907750000,0.006776957
0.907812500,0.007333281
0.907875000,0.007875826
0.907937500,0.008392142
0.908000000,0.008847695
0.908062500,0.009224994
0.908125000,0.009564802
0.908187500,0.009907094
0.908250000,0.010259560
0.908312500,0.010565585
0.908375000,0.010716786
0.908437500,0.010596596
0.908500000,0.010165436
0.908562500,0.009520390
0.908625000,0.008875310
0.908687500,0.008492013
0.908750000,0.008565322
0.908812500,0.009135882
0.908875000,0.010052141
0.908937500,0.011048536
0.909000000,0.011859675
0.909062500,0.012337819
0.909125000,0.012508437
0.909187500,0.012553414
0.909250000,0.012706795
0.909312500,0.013126955
0.909375000,0.013843158
0.909437500,0.014742475
0.909500000,0.015624652
0.909562500,0.016265163
0.909625000,0.016560743
0.909687500,0.016510498
0.909750000,0.016189398
0.909812500,0.015649583
0.909875000,0.014958868
0.909937500,0.014117745
0.910000000,0.013083293
0.910062500,0.011762611
0.910125000,0.010176322
0.910187500,0.008385265
0.910250000,0.006494584
0.910312500,0.004565639
0.910375000,0.002748220
0.910437500,0.001141118
0.910500000,-0.000188249
0.910562500,-0.001271058
0.910625000,-0.002047196
0.910687500,-0.002518719
0.910750000,-0.002729608
0.910812500,-0.002841997
0.910875000,-0.002905261
0.910937500,-0.002986807
0.911000000,-0.003106105
0.911062500,-0.003303635
0.911125000,-0.003416893
0.911187500,-0.003297034
0.911250000,-0.002823732
0.911312500,-0.002037451
0.911375000,-0.000896695
0.911437500,0.000554454
0.911500000,0.002258986
0.911562500,0.004077064
0.911625000,0.006079976
0.911687500,0.008318339
0.911750000,0.010824307
0.911812500,0.013461749
0.911875000,0.016203774
0.911937500,0.018919926
0.912000000,0.021460366
0.912062500,0.023594616
0.912125000,0.025350725
0.912187500,0.026792483
0.912250000,0.028049074
0.912312500,0.029171519
0.912375000,0.030371638
0.912437500,0.031766951
0.912500000,0.033414163
0.912562500,0.035217598
0.912625000,0.037193798
0.912687500,0.039285678
0.912750000,0.041414738
0.912812500,0.043417886
0.912875000,0.045260776
0.912937500,0.046910509
0.913000000,0.048379947
0.913062500,0.049671847
0.913125000,0.050911225
0.913187500,0.052211314
0.913250000,0.053650912
0.913312500,0.055206135
0.913375000,0.056849387
0.913437500,0.058514506
0.913500000,0.060145497
0.913562500,0.061695006
0.913625000,0.063207954
0.913687500,0.064747602
0.913750000,0.066357709
0.913812500,0.068002552
0.913875000,0.069624208
0.913937500,0.071136735
0.914000000,0.072475791
0.914062500,0.073609300
0.914125000,0.074580804
0.914187500,0.075429752
0.914250000,0.076146647
0.914312500,0.076627724
0.914375000,0.076748900
0.914437500,0.076380357
0.914500000,0.075487778
0.914562500,0.074162468
0.914625000,0.072656207
0.914687500,0.071203299
0.914750000,0.069934435
0.914812500,0.068784788
0.914875000,0.067577802
0.914937500,0.066024534
0.915000000,0.063910469
0.915062500,0.061191786
0.915125000,0.058116376
0.915187500,0.055005215
0.915250000,0.052144922
0.915312500,0.049614362
0.915375000,0.047370572
0.915437500,0.045141492
0.915500000,0.042638354
0.915562500,0.039663740
0.915625000,0.036403462
0.915687500,0.033162843
0.915750000,0.030308058
0.915812500,0.028028822
0.915875000,0.026481865
0.915937500,0.025497863
0.916000000,0.024754720
0.916062500,0.023829050
0.916125000,0.022627629
0.916187500,0.021116026
0.916250000,0.019389628
0.916312500,0.017486023
0.916375000,0.015679397
0.916437500,0.014053281
0.916500000,0.012612671
0.916562500,0.011182152
0.916625000,0.009881361
0.916687500,0.008701197
0.916750000,0.007624077
0.916812500,0.006464287
0.916875000,0.005361481
0.916937500,0.004323608
0.917000000,0.003388479
0.917062500,0.002473085
0.917125000,0.001875268
0.917187500,0.001726008
0.917250000,0.002070737
0.917312500,0.002674870
0.917375000,0.003559973
0.917437500,0.004582454
0.917500000,0.005647464
0.917562500,0.006606481
0.917625000,0.007771591
0.917687500,0.009390563
0.917750000,0.011671427
0.917812500,0.014524757
0.917875000,0.018005574
0.917937500,0.021895465
0.918000000,0.025884213
0.918062500,0.029511338
0.918125000,0.032717049
0.918187500,0.035486363
0.918250000,0.037932139
0.918312500,0.040092617
0.918375000,0.042298175
0.918437500,0.044763017
0.918500000,0.047626950
0.918562500,0.050797861
0.918625000,0.054352023
0.918687500,0.058227785
0.918750000,0.062310360
0.918812500,0.066315815
0.918875000,0.070193507
0.918937500,0.073859468
0.919000000,0.077276133
0.919062500,0.080327190
0.919125000,0.083156116
0.919187500,0.085874178
0.919250000,0.088571072
0.919312500,0.091154195
0.919375000,0.093650065
0.919437500,0.095970958
0.919500000,0.097983502
0.919562500,0.099447370
0.919625000,0.100347124
0.919687500,0.100741461
0.919750000,0.100807235
0.919812500,0.100707345
0.919875000,0.100763455
0.919937500,0.101187162
0.920000000,0.102030858
0.920062500,0.103074580
0.920125000,0.104110867
0.920187500,0.104882434
0.920250000,0.105231084
0.920312500,0.105088837
0.920375000,0.104678601
0.920437500,0.104254231
0.920500000,0.104007475
0.920562500,0.103893392
0.920625000,0.103825472
0.920687500,0.103559010
0.920750000,0.102877975
0.920812500,0.101652525
0.920875000,0.100087084
0.920937500,0.098455250
0.921000000,0.097042263
0.921062500,0.095962882
0.921125000,0.095295481
0.921187500,0.094881698
0.921250000,0.094500907
0.921312500,0.093934789
0.921375000,0.093235448
0.921437500,0.092457861
0.921500000,0.091677174
0.921562500,0.090853028
0.921625000,0.089996494
0.921687500,0.088901676
0.921750000,0.087347448
0.921812500,0.085163169
0.921875000,0.082536116
0.921937500,0.079682842
0.922000000,0.076899640
0.922062500,0.074403554
0.922125000,0.072476514
0.922187500,0.071063161
0.922250000,0.069934435
0.922312500,0.068731986
0.922375000,0.067325614
0.922437500,0.065541908
0.922500000,0.063345730
0.922562500,0.060782213
0.922625000,0.058168244
0.922687500,0.055648368
0.922750000,0.053274415
0.922812500,0.050938386
0.922875000,0.048669446
0.922937500,0.046316214
0.923000000,0.043767847
0.923062500,0.040959425
0.923125000,0.038142528
0.923187500,0.035463441
0.923250000,0.033037666
0.923312500,0.030838499
0.923375000,0.028941881
0.923437500,0.027172988
0.923500000,0.025319466
0.923562500,0.023166895
0.923625000,0.020826314
0.923687500,0.018383782
0.923750000,0.016001150
0.923812500,0.013792007
0.923875000,0.012036253
0.923937500,0.010763030
0.924000000,0.009883063
0.924062500,0.009164419
0.924125000,0.008580110
0.924187500,0.007996291
0.924250000,0.007341704
0.924312500,0.006548554
0.924375000,0.005814341
0.924437500,0.005196983
0.924500000,0.004706220
0.924562500,0.004231053
0.924625000,0.003834208
0.924687500,0.003463013
0.924750000,0.003106105
0.924812500,0.002742135
0.924875000,0.002600698
0.924937500,0.002780841
0.925000000,0.003294354
0.925062500,0.003955559
0.925125000,0.004692838
0.925187500,0.005303699
0.925250000,0.005647464
0.925312500,0.005634594
0.925375000,0.005500817
0.925437500,0.005451813
0.925500000,0.005647464
0.925562500,0.006044603
0.925625000,0.006640114
0.925687500,0.007274291
0.925750000,0.007812326
0.925812500,0.008163583
0.925875000,0.008541333
0.925937500,0.009176389
0.926000000,0.010259560
0.926062500,0.011755400
0.926125000,0.013594175
0.926187500,0.015513322
0.926250000,0.017224766
0.926312500,0.018457703
0.926375000,0.019264940
0.926437500,0.019813187
0.926500000,0.020330872
0.926562500,0.020909192
0.926625000,0.021653049
0.926687500,0.022504436
0.926750000,0.023342853
0.926812500,0.023999514
0.926875000,0.024543583
0.926937500,0.025131080
0.927000000,0.025978338
0.927062500,0.027196266
0.927125000,0.028892957
0.927187500,0.030999880
0.927250000,0.033320040
0.927312500,0.035536591
0.927375000,0.037452511
0.927437500,0.038943481
0.927500000,0.040002871
0.927562500,0.040678140
0.927625000,0.041138373
0.927687500,0.041535925
0.927750000,0.041979488
0.927812500,0.042482506
0.927875000,0.043039437
0.927937500,0.043586031
0.928000000,0.044050224
0.928062500,0.044377636
0.928125000,0.044594951
0.928187500,0.044785369
0.928250000,0.045085590
0.928312500,0.045651358
0.928375000,0.046604972
0.928437500,0.047977544
0.928500000,0.049697686
0.928562500,0.051626604
0.928625000,0.053547822
0.928687500,0.055245169
0.928750000,0.056568768
0.928812500,0.057510946
0.928875000,0.058099102
0.928937500,0.058393586
0.929000000,0.058451258
0.929062500,0.058349993
0.929125000,0.058053538
0.929187500,0.057482719
0.929250000,0.056568768
0.929312500,0.055366542
0.929375000,0.053906109
0.929437500,0.052245907
0.929500000,0.050450683
0.929562500,0.048642088
0.929625000,0.046790514
0.929687500,0.044798378
0.929750000,0.042544231
0.929812500,0.040014248
0.929875000,0.037173122
0.929937500,0.034036458
0.930000000,0.030684557
0.930062500,0.027311161
0.930125000,0.024037836
0.930187500,0.020903373
0.930250000,0.017883638
0.930312500,0.014977724
0.930375000,0.012127182
0.930437500,0.009251492
0.930500000,0.006306335
0.930562500,0.003344973
0.930625000,0.000394081
0.930687500,-0.002597966
0.930750000,-0.005741589
0.930812500,-0.009133262
0.930875000,-0.012896501
0.930937500,-0.017137052
0.931000000,-0.021836862
0.931062500,-0.026774868
0.931125000,-0.031621363
0.931187500,-0.036072936
0.931250000,-0.039908748
0.931312500,-0.043038387
0.931375000,-0.045544107
0.931437500,-0.047734860
0.931500000,-0.049980059
0.931562500,-0.052559100
0.931625000,-0.055532373
0.931687500,-0.058830101
0.931750000,-0.062216233
0.931812500,-0.065364443
0.931875000,-0.067916505
0.931937500,-0.069716528
0.932000000,-0.070781559
0.932062500,-0.071270503
0.932125000,-0.071349993
0.932187500,-0.071237914
0.932250000,-0.071063928
0.932312500,-0.070831053
0.932375000,-0.070388854
0.932437500,-0.069612674
0.932500000,-0.068428449
0.932562500,-0.066860035
0.932625000,-0.065010563
0.932687500,-0.063102283
0.932750000,-0.061369114
0.932812500,-0.059972838
0.932875000,-0.058953032
0.932937500,-0.058263842
0.933000000,-0.057792384
0.933062500,-0.057398062
0.933125000,-0.056980982
0.933187500,-0.056491543
0.933250000,-0.055909898
0.933312500,-0.055189736
0.933375000,-0.054297213
0.933437500,-0.053153932
0.933500000,-0.051674299
0.933562500,-0.049761724
0.933625000,-0.047473211
0.933687500,-0.044896457
0.933750000,-0.042167734
0.933812500,-0.039367236
0.933875000,-0.036692347
0.933937500,-0.034207467
0.934000000,-0.031908173
0.934062500,-0.029660549
0.934125000,-0.027510703
0.934187500,-0.025433756
0.934250000,-0.023436978
0.934312500,-0.021466162
0.934375000,-0.019713517
0.934437500,-0.018255321
0.934500000,-0.017130643
0.934562500,-0.016223643
0.934625000,-0.015611365
0.934687500,-0.015201150
0.934750000,-0.014871657
0.934812500,-0.014404234
0.934875000,-0.013867675
0.934937500,-0.013257657
0.935000000,-0.012612671
0.935062500,-0.011898546
0.935125000,-0.011327729
0.935187500,-0.010965194
0.935250000,-0.010824307
0.935312500,-0.010776944
0.935375000,-0.010892952
0.935437500,-0.011134084
0.935500000,-0.011483178
0.935562500,-0.011869676
0.935625000,-0.012475158
0.935687500,-0.013390642
0.935750000,-0.014683408
0.935812500,-0.016281083
0.935875000,-0.018278347
0.935937500,-0.020626340
0.936000000,-0.023248728
0.936062500,-0.025968553
0.936125000,-0.028835516
0.936187500,-0.031807549
0.936250000,-0.034826029
0.936312500,-0.037710749
0.936375000,-0.040458430
0.936437500,-0.042975157
0.936500000,-0.045179714
0.936562500,-0.046939828
0.936625000,-0.048354533
0.936687500,-0.049496975
0.936750000,-0.050450683
0.936812500,-0.051194556
0.936875000,-0.051838882
0.936937500,-0.052406579
0.937000000,-0.052897915
0.937062500,-0.053224578
0.937125000,-0.053456139
0.937187500,-0.053622950
0.937250000,-0.053745035
0.937312500,-0.053732794
0.937375000,-0.053619139
0.937437500,-0.053379484
0.937500000,-0.052992042
0.937562500,-0.052372746
0.937625000,-0.051625147
0.937687500,-0.050850894
0.937750000,-0.050168309
0.937812500,-0.049599521
0.937875000,-0.049276050
0.937937500,-0.049246158
0.938000000,-0.049509440
0.938062500,-0.049945507
0.938125000,-0.050554071
0.938187500,-0.051297545
0.938250000,-0.052144922
0.938312500,-0.052987240
0.938375000,-0.053854223
0.938437500,-0.054719441
0.938500000,-0.055533402
0.938562500,-0.056140758
0.938625000,-0.056550980
0.938687500,-0.056747157
0.938750000,-0.056757014
0.938812500,-0.056555990
0.938875000,-0.056342222
0.938937500,-0.056231502
0.939000000,-0.056286395
0.939062500,-0.056385018
0.939125000,-0.056557354
0.939187500,-0.056709118
0.939250000,-0.056757014
0.939312500,-0.056564212
0.939375000,-0.056294966
0.939437500,-0.056068014
0.939500000,-0.056004021
0.939562500,-0.056073923
0.939625000,-0.056403603
0.939687500,-0.056946192
0.939750000,-0.057604138
0.939812500,-0.058171451
0.939875000,-0.058680750
0.939937500,-0.059095118
0.940000000,-0.059392504
0.940062500,-0.059461173
0.940125000,-0.059385106
0.940187500,-0.059146516
0.940250000,-0.058733631
0.940312500,-0.058082648
0.940375000,-0.057350136
0.940437500,-0.056627885
0.940500000,-0.056004021
0.940562500,-0.055470582
0.940625000,-0.055145789
0.940687500,-0.055021338
0.940750000,-0.055062778
0.940812500,-0.055175673
0.940875000,-0.055447467
0.940937500,-0.055901818
0.941000000,-0.056568768
0.941062500,-0.057408713
0.941125000,-0.058497146
0.941187500,-0.059764478
0.941250000,-0.061086740
0.941312500,-0.062262502
0.941375000,-0.063245595
0.941437500,-0.063936010
0.941500000,-0.064286970
0.941562500,-0.064269528
0.941625000,-0.064032257
0.941687500,-0.063646011
0.941750000,-0.063157476
0.941812500,-0.062537916
0.941875000,-0.061848950
0.941937500,-0.061038803
0.942000000,-0.060051370
0.942062500,-0.058822189
0.942125000,-0.057451822
0.942187500,-0.055990059
0.942250000,-0.054498032
0.942312500,-0.052990921
0.942375000,-0.051576048
0.942437500,-0.050222386
0.942500000,-0.048850566
0.942562500,-0.047328360
0.942625000,-0.045669921
0.942687500,-0.043846063
0.942750000,-0.041885361
0.942812500,-0.039835371
0.942875000,-0.037890535
0.942937500,-0.036125734
0.943000000,-0.034543656
0.943062500,-0.033041641
0.943125000,-0.031587247
0.943187500,-0.030067584
0.943250000,-0.028425572
0.943312500,-0.026667265
0.943375000,-0.024986723
0.943437500,-0.023511214
0.943500000,-0.022307485
0.943562500,-0.021307880
0.943625000,-0.020456931
0.943687500,-0.019560216
0.943750000,-0.018448384
0.943812500,-0.017018169
0.943875000,-0.015430849
0.943937500,-0.013844587
0.944000000,-0.012424421
0.944062500,-0.011222304
0.944125000,-0.010338965
0.944187500,-0.009683779
0.944250000,-0.009130068
0.944312500,-0.008539808
0.944375000,-0.008007893
0.944437500,-0.007589599
0.944500000,-0.007341704
0.944562500,-0.007219240
0.944625000,-0.007258212
0.944687500,-0.007340899
0.944750000,-0.007341704
0.944812500,-0.007142726
0.944875000,-0.006857875
0.944937500,-0.006578721
0.945000000,-0.006400459
0.945062500,-0.006320608
0.945125000,-0.006377825
0.945187500,-0.006454129
0.945250000,-0.006400459
0.945312500,-0.006072262
0.945375000,-0.005515289
0.945437500,-0.004799238
0.945500000,-0.004047350
0.945562500,-0.003364995
0.945625000,-0.002887417
0.945687500,-0.002628052
0.945750000,-0.002541359
0.945812500,-0.002553412
0.945875000,-0.002667215
0.945937500,-0.002894377
0.946000000,-0.003294354
0.946062500,-0.003959958
0.946125000,-0.004970656
0.946187500,-0.006315954
0.946250000,-0.007906451
0.946312500,-0.009627171
0.946375000,-0.011295903
0.946437500,-0.012735265
0.946500000,-0.013836288
0.946562500,-0.014655740
0.946625000,-0.015248371
0.946687500,-0.015722109
0.946750000,-0.016189398
0.946812500,-0.016815839
0.946875000,-0.017558977
0.946937500,-0.018310798
0.947000000,-0.018919006
0.947062500,-0.019357057
0.947125000,-0.019482639
0.947187500,-0.019257400
0.947250000,-0.018730756
0.947312500,-0.018147267
0.947375000,-0.017551193
0.947437500,-0.016953753
0.947500000,-0.016283523
0.947562500,-0.015553597
0.947625000,-0.014546803
0.947687500,-0.013131554
0.947750000,-0.011294928
0.947812500,-0.009317713
0.947875000,-0.007346541
0.947937500,-0.005560813
0.948000000,-0.004047350
0.948062500,-0.002903853
0.948125000,-0.001830821
0.948187500,-0.000472830
0.948250000,0.001505991
0.948312500,0.004146300
0.948375000,0.007554898
0.948437500,0.011634110
0.948500000,0.016189398
0.948562500,0.020851949
0.948625000,0.025566135
0.948687500,0.030330455
0.948750000,0.035202529
0.948812500,0.040077485
0.948875000,0.045024391
0.948937500,0.050014019
0.949000000,0.054968655
0.949062500,0.059657730
0.949125000,0.064093150
0.949187500,0.068331301
0.949250000,0.072475791
0.949312500,0.076499820
0.949375000,0.080519862
0.949437500,0.084580980
0.949500000,0.088665195
0.949562500,0.092579544
0.949625000,0.096263967
0.949687500,0.099651605
0.949750000,0.102689728
0.949812500,0.105233565
0.949875000,0.107313022
0.949937500,0.108998895
0.950000000,0.110407926
0.950062500,0.111584902
0.950125000,0.112701036
0.950187500,0.113887876
0.950250000,0.115208276
0.950312500,0.116548099
0.950375000,0.117849514
0.950437500,0.119024143
0.950500000,0.120008618
0.950562500,0.120703794
0.950625000,0.121191017
0.950687500,0.121561892
0.950750000,0.121891111
0.950812500,0.122106865
0.950875000,0.122209899
0.950937500,0.122131549
0.951000000,0.121796988
0.951062500,0.121065259
0.951125000,0.120013118
0.951187500,0.118718863
0.951250000,0.117279015
0.951312500,0.115664162
0.951375000,0.114001550
0.951437500,0.112292185
0.951500000,0.110502049
0.951562500,0.108479910
0.951625000,0.106347948
0.951687500,0.104167715
0.951750000,0.102030858
0.951812500,0.099904828
0.951875000,0.098000430
0.951937500,0.096322298
0.952000000,0.094783276
0.952062500,0.093097284
0.952125000,0.091273725
0.952187500,0.089207970
0.952250000,0.086876824
0.952312500,0.084219091
0.952375000,0.081582583
0.952437500,0.079141244
0.952500000,0.076993763
0.952562500,0.074992858
0.952625000,0.073243916
0.952687500,0.071622357
0.952750000,0.070028558
0.952812500,0.068317607
0.952875000,0.066800296
0.952937500,0.065639004
0.953000000,0.064945839
0.953062500,0.064581305
0.953125000,0.064632796
0.953187500,0.064892523
0.953250000,0.065134093
0.953312500,0.065072604
0.953375000,0.064909242
0.953437500,0.064737573
0.953500000,0.064663462
0.953562500,0.064606473
0.953625000,0.064748637
0.953687500,0.064994998
0.953750000,0.065228216
0.953812500,0.065263726
0.953875000,0.065340534
0.953937500,0.065556787
0.954000000,0.065981209
0.954062500,0.066483118
0.954125000,0.067133315
0.954187500,0.067748703
0.954250000,0.068146072
0.954312500,0.068134509
0.954375000,0.067929506
0.954437500,0.067668885
0.954500000,0.067487195
0.954562500,0.067353368
0.954625000,0.067374319
0.954687500,0.067411162
0.954750000,0.067298949
0.954812500,0.066858269
0.954875000,0.066248350
0.954937500,0.065572932
0.955000000,0.064945839
0.955062500,0.064359605
0.955125000,0.063923277
0.955187500,0.063554615
0.955250000,0.063157476
0.955312500,0.062630020
0.955375000,0.062131647
0.955437500,0.061753891
0.955500000,0.061557360
0.955562500,0.061462447
0.955625000,0.061446067
0.955687500,0.061317466
0.955750000,0.060898494
0.955812500,0.060058832
0.955875000,0.058957476
0.955937500,0.057743222
0.956000000,0.056568768
0.956062500,0.055465132
0.956125000,0.054499172
0.956187500,0.053540085
0.956250000,0.052427296
0.956312500,0.051015276
0.956375000,0.049404029
0.956437500,0.047676075
0.956500000,0.045932710
0.956562500,0.044202235
0.956625000,0.042572416
0.956687500,0.040976383
0.956750000,0.039344002
0.956812500,0.037636191
0.956875000,0.036018424
0.956937500,0.034590628
0.957000000,0.033414163
0.957062500,0.032434955
0.957125000,0.031626392
0.957187500,0.030810764
0.957250000,0.029837437
0.957312500,0.028634559
0.957375000,0.027377270
0.957437500,0.026205549
0.957500000,0.025225341
0.957562500,0.024392901
0.957625000,0.023700077
0.957687500,0.022965876
0.957750000,0.022025112
0.957812500,0.020781146
0.957875000,0.019413261
0.957937500,0.018102456
0.958000000,0.017036518
0.958062500,0.016295845
0.958125000,0.015945721
0.958187500,0.015829543
0.958250000,0.015718777
0.958312500,0.015384724
0.958375000,0.014802549
0.958437500,0.013974837
0.958500000,0.012989169
0.958562500,0.011945581
0.958625000,0.010984655
0.958687500,0.010063462
0.958750000,0.009035943
0.958812500,0.007723927
0.958875000,0.006067717
0.958937500,0.004085196
0.959000000,0.001976613
0.959062500,0.000096017
0.959125000,-0.001168116
0.959187500,-0.001657361
0.959250000,-0.001505991
0.959312500,-0.001106800
0.959375000,-0.000951600
0.959437500,-0.001448142
0.959500000,-0.002635483
0.959562500,-0.004067583
0.959625000,-0.004935147
0.959687500,-0.004445784
0.959750000,-0.002164861
0.959812500,0.001738474
0.959875000,0.006477640
0.959937500,0.010857181
0.960000000,0.013742164
0.960062500,0.014482855
0.960125000,0.013151014
0.960187500,0.010395672
0.960250000,0.007153455
0.960312500,0.004260662
0.960375000,0.002174578
0.960437500,0.000865430
0.960500000,-0.000000000
0.960562500,-0.000781918
0.960625000,-0.001682304
0.960687500,-0.002710313
0.960750000,-0.003764976
0.960812500,-0.004773829
0.960875000,-0.005836518
0.960937500,-0.007204822
0.961000000,-0.009130068
0.961062500,-0.011682108
0.961125000,-0.014687010
0.961187500,-0.017791994
0.961250000,-0.020613244
0.961312500,-0.022900179
0.961375000,-0.024607303
0.961437500,-0.025864538
0.961500000,-0.026825456
0.961562500,-0.027529931
0.961625000,-0.027864652
0.961687500,-0.027655903
0.961750000,-0.026825456
0.961812500,-0.025516128
0.961875000,-0.024076352
0.961937500,-0.022919180
0.962000000,-0.022307485
0.962062500,-0.022196045
0.962125000,-0.022205811
0.962187500,-0.021793218
0.962250000,-0.020519121
0.962312500,-0.018289628
0.962375000,-0.015434397
0.962437500,-0.012591139
0.962500000,-0.010447809
0.962562500,-0.009472041
0.962625000,-0.009721102
0.962687500,-0.010900619
0.962750000,-0.012518546
0.962812500,-0.014118660
0.962875000,-0.015446418
0.962937500,-0.016516205
0.963000000,-0.017507140
0.963062500,-0.018588815
0.963125000,-0.019771874
0.963187500,-0.020849310
0.963250000,-0.021460366
0.963312500,-0.021228472
0.963375000,-0.019950721
0.963437500,-0.017670134
0.963500000,-0.014683408
0.963562500,-0.011422452
0.963625000,-0.008390740
0.963687500,-0.005947840
0.963750000,-0.004235599
0.963812500,-0.003117757
0.963875000,-0.002388638
0.963937500,-0.001745254
0.964000000,-0.000941244
0.964062500,0.000178986
0.964125000,0.001514933
0.964187500,0.002901823
0.964250000,0.004141474
0.964312500,0.005116064
0.964375000,0.005705491
0.964437500,0.005924032
0.964500000,0.005835713
0.964562500,0.005529211
0.964625000,0.004982091
0.964687500,0.004177401
0.964750000,0.003106105
0.964812500,0.001834125
0.964875000,0.000457402
0.964937500,-0.000823074
0.965000000,-0.001788364
0.965062500,-0.002276851
0.965125000,-0.002261892
0.965187500,-0.001841633
0.965250000,-0.001223617
0.965312500,-0.000655556
0.965375000,-0.000372009
0.965437500,-0.000495456
0.965500000,-0.001035369
0.965562500,-0.001921241
0.965625000,-0.003071819
0.965687500,-0.004428664
0.965750000,-0.006023962
0.965812500,-0.007988548
0.965875000,-0.010477231
0.965937500,-0.013535658
0.966000000,-0.017036518
0.966062500,-0.020688284
0.966125000,-0.024016121
0.966187500,-0.026522567
0.966250000,-0.027860826
0.966312500,-0.028013647
0.966375000,-0.027164055
0.966437500,-0.025691494
0.966500000,-0.024001725
0.966562500,-0.022452423
0.966625000,-0.021100024
0.966687500,-0.019867027
0.966750000,-0.018636633
0.966812500,-0.017433807
0.966875000,-0.016266413
0.966937500,-0.015198191
0.967000000,-0.014212786
0.967062500,-0.013206119
0.967125000,-0.011848016
0.967187500,-0.009855279
0.967250000,-0.007153455
0.967312500,-0.004040893
0.967375000,-0.001031044
0.967437500,0.001266959
0.967500000,0.002447235
0.967562500,0.002488684
0.967625000,0.001868369
0.967687500,0.001317120
0.967750000,0.001505991
0.967812500,0.002709397
0.967875000,0.004812839
0.967937500,0.007349524
0.968000000,0.009788939
0.968062500,0.011782445
0.968125000,0.013414304
0.968187500,0.015071138
0.968250000,0.017224766
0.968312500,0.020138882
0.968375000,0.023790525
0.968437500,0.027859185
0.968500000,0.031908173
0.968562500,0.035596173
0.968625000,0.038816035
0.968687500,0.041713208
0.968750000,0.044520844
0.968812500,0.047386043
0.968875000,0.050171565
0.968937500,0.052572992
0.969000000,0.054215658
0.969062500,0.054857127
0.969125000,0.054440543
0.969187500,0.053212997
0.969250000,0.051580172
0.969312500,0.049941413
0.969375000,0.048442744
0.969437500,0.046989769
0.969500000,0.045273837
0.969562500,0.042950485
0.969625000,0.039787024
0.969687500,0.035888787
0.969750000,0.031719927
0.969812500,0.028015977
0.969875000,0.025506280
0.969937500,0.024705099
0.970000000,0.025695963
0.970062500,0.028083069
0.970125000,0.031069072
0.970187500,0.033726037
0.970250000,0.035296652
0.970312500,0.035450749
0.970375000,0.034311563
0.970437500,0.032383732
0.970500000,0.030308058
0.970562500,0.028609632
0.970625000,0.027437795
0.970687500,0.026544353
0.970750000,0.025413590
0.970812500,0.023527874
0.970875000,0.020546006
0.970937500,0.016470129
0.971000000,0.011671427
0.971062500,0.006785497
0.971125000,0.002468350
0.971187500,-0.000859502
0.971250000,-0.003106105
0.971312500,-0.004489079
0.971375000,-0.005374277
0.971437500,-0.006181997
0.971500000,-0.007153455
0.971562500,-0.008263089
0.971625000,-0.009200404
0.971687500,-0.009669874
0.971750000,-0.009506566
0.971812500,-0.008795902
0.971875000,-0.007812392
0.971937500,-0.007032929
0.972000000,-0.006871082
0.972062500,-0.007489949
0.972125000,-0.008682441
0.972187500,-0.010064336
0.972250000,-0.011200804
0.972312500,-0.011793336
0.972375000,-0.011798687
0.972437500,-0.011490876
0.972500000,-0.011294928
0.972562500,-0.011585526
0.972625000,-0.012526324
0.972687500,-0.014071944
0.972750000,-0.016001150
0.972812500,-0.018058244
0.972875000,-0.019998012
0.972937500,-0.021768063
0.973000000,-0.023436978
0.973062500,-0.025131915
0.973125000,-0.026836066
0.973187500,-0.028466146
0.973250000,-0.029837437
0.973312500,-0.030757431
0.973375000,-0.030987177
0.973437500,-0.030441280
0.973500000,-0.029178567
0.973562500,-0.027420862
0.973625000,-0.025395053
0.973687500,-0.023365991
0.973750000,-0.021554491
0.973812500,-0.020126780
0.973875000,-0.019104393
0.973937500,-0.018425580
0.974000000,-0.017977761
0.974062500,-0.017689917
0.974125000,-0.017442934
0.974187500,-0.017166864
0.974250000,-0.016848268
0.974312500,-0.016584758
0.974375000,-0.016429935
0.974437500,-0.016443184
0.974500000,-0.016660020
0.974562500,-0.017136920
0.974625000,-0.017778961
0.974687500,-0.018437715
0.974750000,-0.018919006
0.974812500,-0.019070704
0.974875000,-0.018670402
0.974937500,-0.017530901
0.975000000,-0.015530528
0.975062500,-0.012712871
0.975125000,-0.009166918
0.975187500,-0.005124958
0.975250000,-0.000941244
0.975312500,0.002910307
0.975375000,0.006103840
0.975437500,0.008509476
0.975500000,0.010259560
0.975562500,0.011651740
0.975625000,0.013132001
0.975687500,0.015039695
0.975750000,0.017413015
0.975812500,0.019882023
0.975875000,0.021900905
0.975937500,0.023002800
0.976000000,0.023060480
0.976062500,0.022377139
0.976125000,0.021723434
0.976187500,0.022016851
0.976250000,0.023907598
0.976312500,0.027400853
0.976375000,0.031966493
0.976437500,0.036690008
0.976500000,0.040661745
0.976562500,0.043274671
0.976625000,0.044589080
0.976687500,0.045145933
0.976750000,0.045650337
0.976812500,0.046529297
0.976875000,0.047869671
0.976937500,0.049346905
0.977000000,0.050450683
0.977062500,0.050727755
0.977125000,0.050149426
0.977187500,0.049078170
0.977250000,0.048097573
0.977312500,0.047681712
0.977375000,0.048105229
0.977437500,0.049299233
0.977500000,0.050921306
0.977562500,0.052467696
0.977625000,0.053612102
0.977687500,0.054233823
0.977750000,0.054403909
0.977812500,0.054207958
0.977875000,0.053833228
0.977937500,0.053364661
0.978000000,0.052803792
0.978062500,0.052044377
0.978125000,0.051147051
0.978187500,0.050230905
0.978250000,0.049509440
0.978312500,0.049176589
0.978375000,0.049511913
0.978437500,0.050640676
0.978500000,0.052521419
0.978562500,0.054884959
0.978625000,0.057461265
0.978687500,0.059904777
0.978750000,0.061933860
0.978812500,0.063337341
0.978875000,0.064158916
0.978937500,0.064479180
0.979000000,0.064381093
0.979062500,0.063814409
0.979125000,0.062826388
0.979187500,0.061375719
0.979250000,0.059486628
0.979312500,0.057242077
0.979375000,0.055011958
0.979437500,0.053131737
0.979500000,0.051862549
0.979562500,0.051229358
0.979625000,0.051225185
0.979687500,0.051616956
0.979750000,0.052144922
0.979812500,0.052579902
0.979875000,0.053003855
0.979937500,0.053536117
0.980000000,0.054309785
0.980062500,0.055281676
0.980125000,0.056421436
0.980187500,0.057444140
0.980250000,0.057980634
0.980312500,0.057618108
0.980375000,0.056322835
0.980437500,0.054185446
0.980500000,0.051486049
0.980562500,0.048501242
0.980625000,0.045694973
0.980687500,0.043291498
0.980750000,0.041320615
0.980812500,0.039555110
0.980875000,0.037932366
0.980937500,0.036365721
0.981000000,0.034920152
0.981062500,0.033713419
0.981125000,0.033168852
0.981187500,0.033533696
0.981250000,0.034826029
0.981312500,0.036644652
0.981375000,0.038614959
0.981437500,0.040166352
0.981500000,0.040849991
0.981562500,0.040382996
0.981625000,0.039075058
0.981687500,0.037349973
0.981750000,0.035673149
0.981812500,0.034257017
0.981875000,0.033315785
0.981937500,0.032731231
0.982000000,0.032284670
0.982062500,0.031725083
0.982125000,0.031195328
0.982187500,0.030929644
0.982250000,0.031249303
0.982312500,0.032326929
0.982375000,0.034344818
0.982437500,0.037147548
0.982500000,0.040379371
0.982562500,0.043520894
0.982625000,0.046328954
0.982687500,0.048633069
0.982750000,0.050450683
0.982812500,0.051851649
0.982875000,0.053127266
0.982937500,0.054392032
0.983000000,0.055627525
0.983062500,0.056634713
0.983125000,0.057372138
0.983187500,0.057788532
0.983250000,0.057980634
0.983312500,0.058139328
0.983375000,0.058678117
0.983437500,0.059881657
0.983500000,0.061839733
0.983562500,0.064321429
0.983625000,0.066975854
0.983687500,0.069262922
0.983750000,0.070687436
0.983812500,0.070914522
0.983875000,0.070049621
0.983937500,0.068428062
0.984000000,0.066545956
0.984062500,0.064813808
0.984125000,0.063579157
0.984187500,0.062815800
0.984250000,0.062216233
0.984312500,0.061280876
0.984375000,0.059705287
0.984437500,0.057372209
0.984500000,0.054498032
0.984562500,0.051536698
0.984625000,0.049145158
0.984687500,0.047776867
0.984750000,0.047532827
0.984812500,0.048058782
0.984875000,0.048785757
0.984937500,0.049022511
0.985000000,0.048285823
0.985062500,0.046455968
0.985125000,0.043958314
0.985187500,0.041416485
0.985250000,0.039438128
0.985312500,0.038301263
0.985375000,0.038008884
0.985437500,0.038117476
0.985500000,0.038026262
0.985562500,0.037194718
0.985625000,0.035557285
0.985687500,0.033326365
0.985750000,0.030966930
0.985812500,0.028936753
0.985875000,0.027687905
0.985937500,0.027299358
0.986000000,0.027578451
0.986062500,0.028128160
0.986125000,0.028719857
0.986187500,0.029148562
0.986250000,0.029366815
0.986312500,0.029388076
0.986375000,0.029445998
0.986437500,0.029608926
0.986500000,0.029837437
0.986562500,0.029932640
0.986625000,0.029819293
0.986687500,0.029322939
0.986750000,0.028331446
0.986812500,0.026785878
0.986875000,0.024904396
0.986937500,0.022893324
0.987000000,0.020989744
0.987062500,0.019352525
0.987125000,0.018211976
0.987187500,0.017595362
0.987250000,0.017413015
0.987312500,0.017450286
0.987375000,0.017628683
0.987437500,0.017843479
0.987500000,0.018071886
0.987562500,0.018310500
0.987625000,0.018739775
0.987687500,0.019423535
0.987750000,0.020330872
0.987812500,0.021266751
0.987875000,0.022105498
0.987937500,0.022650907
0.988000000,0.022778107
0.988062500,0.022421289
0.988125000,0.021788413
0.988187500,0.021089187
0.988250000,0.020519121
0.988312500,0.020124134
0.988375000,0.019995617
0.988437500,0.020087799
0.988500000,0.020330872
0.988562500,0.020605480
0.988625000,0.020995012
0.988687500,0.021536207
0.988750000,0.022213360
0.988812500,0.022832658
0.988875000,0.023278302
0.988937500,0.023358950
0.989000000,0.022966355
0.989062500,0.022069892
0.989125000,0.020974066
0.989187500,0.020013515
0.989250000,0.019483753
0.989312500,0.019441104
0.989375000,0.019907530
0.989437500,0.020691007
0.989500000,0.021554491
0.989562500,0.022258498
0.989625000,0.022841884
0.989687500,0.023410195
0.989750000,0.024095848
0.989812500,0.024890762
0.989875000,0.025811169
0.989937500,0.026746284
0.990000000,0.027578451
0.990062500,0.028195404
0.990125000,0.028727913
0.990187500,0.029345321
0.990250000,0.030213933
0.990312500,0.031351462
0.990375000,0.032763436
0.990437500,0.034316204
0.990500000,0.035861399
0.990562500,0.037273981
0.990625000,0.038644545
0.990687500,0.040105619
0.990750000,0.041791238
0.990812500,0.043714780
0.990875000,0.045808133
0.990937500,0.047835056
0.991000000,0.049509440
0.991062500,0.050595000
0.991125000,0.051058862
0.991187500,0.051019669
0.991250000,0.050733056
0.991312500,0.050488152
0.991375000,0.050541591
0.991437500,0.050968550
0.991500000,0.051674299
0.991562500,0.052438512
0.991625000,0.053017754
0.991687500,0.053179212
0.991750000,0.052803792
0.991812500,0.051933110
0.991875000,0.050762717
0.991937500,0.049551975
0.992000000,0.048568193
0.992062500,0.048015047
0.992125000,0.047959331
0.992187500,0.048268322
0.992250000,0.048662320
0.992312500,0.048813481
0.992375000,0.048433498
0.992437500,0.047343064
0.992500000,0.045556214
0.992562500,0.043295678
0.992625000,0.040881664
0.992687500,0.038580138
0.992750000,0.036520272
0.992812500,0.034668013
0.992875000,0.032819659
0.992937500,0.030665569
0.993000000,0.027954949
0.993062500,0.024632838
0.993125000,0.020870732
0.993187500,0.016965618
0.993250000,0.013271542
0.993312500,0.010088678
0.993375000,0.007585360
0.993437500,0.005680646
0.993500000,0.004141474
0.993562500,0.002687923
0.993625000,0.001147455
0.993687500,-0.000599961
0.993750000,-0.002541359
0.993812500,-0.004557447
0.993875000,-0.006427359
0.993937500,-0.008029265
0.994000000,-0.009318316
0.994062500,-0.010329774
0.994125000,-0.011096330
0.994187500,-0.011751049
0.994250000,-0.012424421
0.994312500,-0.013213395
0.994375000,-0.014105164
0.994437500,-0.015125608
0.994500000,-0.016283523
0.994562500,-0.017571520
0.994625000,-0.018926455
0.994687500,-0.020349536
0.994750000,-0.021836862
0.994812500,-0.023357037
0.994875000,-0.024806684
0.994937500,-0.026134906
0.995000000,-0.027296079
0.995062500,-0.028247297
0.995125000,-0.028926572
0.995187500,-0.029352669
0.995250000,-0.029555064
0.995312500,-0.029534554
0.995375000,-0.029256051
0.995437500,-0.028723674
0.995500000,-0.027954949
0.995562500,-0.026965328
0.995625000,-0.025802031
0.995687500,-0.024562607
0.995750000,-0.023342853
0.995812500,-0.022171674
0.995875000,-0.021089282
0.995937500,-0.020122556
0.996000000,-0.019295502
0.996062500,-0.018590899
0.996125000,-0.018059840
0.996187500,-0.017732330
0.996250000,-0.017601265
0.996312500,-0.017562041
0.996375000,-0.017548779
0.996437500,-0.017480375
0.996500000,-0.017318891
0.996562500,-0.017054411
0.996625000,-0.016815839
0.996687500,-0.016740255
0.996750000,-0.016942395
0.996812500,-0.017431419
0.996875000,-0.018187206
0.996937500,-0.019082662
0.997000000,-0.019954374
0.997062500,-0.020633491
0.997125000,-0.021083236
0.997187500,-0.021326784
0.997250000,-0.021460366
0.997312500,-0.021585755
0.997375000,-0.021847222
0.997437500,-0.022288036
0.997500000,-0.022872232
0.997562500,-0.023481155
0.997625000,-0.024057554
0.997687500,-0.024540344
0.997750000,-0.024942968
0.997812500,-0.025331907
0.997875000,-0.025895463
0.997937500,-0.026756132
0.998000000,-0.027954949
0.998062500,-0.029395929
0.998125000,-0.030963982
0.998187500,-0.032456294
0.998250000,-0.033696536
0.998312500,-0.034571495
0.998375000,-0.035128400
0.998437500,-0.035440251
0.998500000,-0.035579026
0.998562500,-0.035543010
0.998625000,-0.035305426
0.998687500,-0.034756165
0.998750000,-0.033790659
0.998812500,-0.032355100
0.998875000,-0.030553844
0.998937500,-0.028551325
0.999000000,-0.026543085
0.999062500,-0.024663232
0.999125000,-0.023014642
0.999187500,-0.021570757
0.999250000,-0.020236747
0.999312500,-0.018881362
0.999375000,-0.017482635
0.999437500,-0.016058449
0.999500000,-0.014683408
0.999562500,-0.013419312
0.999625000,-0.012379277
0.999687500,-0.011587976
0.999750000,-0.011012556
0.999812500,-0.010552653
0.999875000,-0.010182069
0.999937500,-0.009863965
1.000000000,-0.009600690
1.000062500,-0.009400785
1.000125000,-0.009353347
1.000187500,-0.009488414
1.000250000,-0.009788939
1.000312500,-0.010161623
1.000375000,-0.010529540
1.000437500,-0.010757774
1.000500000,-0.010730183
1.000562500,-0.010370994
1.000625000,-0.009742116
1.000687500,-0.008936676
1.000750000,-0.008094699
1.000812500,-0.007348102
1.000875000,-0.006867806
1.000937500,-0.006712954
1.001000000,-0.006871082
1.001062500,-0.007254721
1.001125000,-0.007821246
1.001187500,-0.008472572
1.001250000,-0.009130068
1.001312500,-0.009733167
1.001375000,-0.010327861
1.001437500,-0.010933816
1.001500000,-0.011577302
1.001562500,-0.012269512
1.001625000,-0.013052674
1.001687500,-0.013904813
1.001750000,-0.014777532
1.001812500,-0.015610619
1.001875000,-0.016355598
1.001937500,-0.016943038
1.002000000,-0.017318891
1.002062500,-0.017473495
1.002125000,-0.017402537
1.002187500,-0.017100014
1.002250000,-0.016565897
1.002312500,-0.015824053
1.002375000,-0.014892400
1.002437500,-0.013784239
1.002500000,-0.012518546
1.002562500,-0.011064735
1.002625000,-0.009550056
1.002687500,-0.008088514
1.002750000,-0.006776957
1.002812500,-0.005589100
1.002875000,-0.004561992
1.002937500,-0.003672655
1.003000000,-0.002917857
1.003062500,-0.002277395
1.003125000,-0.001895723
1.003187500,-0.001863173
1.003250000,-0.002164861
1.003312500,-0.002571076
1.003375000,-0.002874515
1.003437500,-0.002874128
1.003500000,-0.002541359
1.003562500,-0.002003287
1.003625000,-0.001633188
1.003687500,-0.001697497
1.003750000,-0.002164861
1.003812500,-0.002557799
1.003875000,-0.002315311
1.003937500,-0.000967541
1.004000000,0.001505991
1.004062500,0.004652839
1.004125000,0.007552166
1.004187500,0.009479343
1.004250000,0.010353684
1.004312500,0.010989681
1.004375000,0.012517592
1.004437500,0.015838420
1.004500000,0.020801496
1.004562500,0.025927274
1.004625000,0.028502166
1.004687500,0.025796637
1.004750000,0.016283523
1.004812500,0.000639375
1.004875000,-0.018441338
1.004937500,-0.036917675
1.005000000,-0.050921306
1.005062500,-0.058093227
1.005125000,-0.058563195
1.005187500,-0.054512717
1.005250000,-0.049132939
1.005312500,-0.045166902
1.005375000,-0.044091545
1.005437500,-0.045670103
1.005500000,-0.048474070
1.005562500,-0.050733551
1.005625000,-0.051400959
1.005687500,-0.050416067
1.005750000,-0.048568193
1.005812500,-0.046875857
1.005875000,-0.046194840
1.005937500,-0.046749622
1.006000000,-0.048191696
1.006062500,-0.049833734
1.006125000,-0.051205143
1.006187500,-0.052141417
1.006250000,-0.052803792
1.006312500,-0.053437993
1.006375000,-0.054320242
1.006437500,-0.055506349
1.006500000,-0.056851145
1.006562500,-0.058059424
1.006625000,-0.058951199
1.006687500,-0.059463345
1.006750000,-0.059674874
1.006812500,-0.059718192
1.006875000,-0.059781689
1.006937500,-0.060003567
1.007000000,-0.060427867
1.007062500,-0.060974274
1.007125000,-0.061498694
1.007187500,-0.061855670
1.007250000,-0.061933860
1.007312500,-0.061676323
1.007375000,-0.061140295
1.007437500,-0.060478106
1.007500000,-0.059863124
1.007562500,-0.059353750
1.007625000,-0.059033629
1.007687500,-0.058789298
1.007750000,-0.058451258
1.007812500,-0.057837360
1.007875000,-0.057005458
1.007937500,-0.056053858
1.008000000,-0.055156901
1.008062500,-0.054444831
1.008125000,-0.054103419
1.008187500,-0.054110549
1.008250000,-0.054309785
1.008312500,-0.054415643
1.008375000,-0.054266907
1.008437500,-0.053688761
1.008500000,-0.052615542
1.008562500,-0.051053263
1.008625000,-0.049238715
1.008687500,-0.047358431
1.008750000,-0.045556214
1.008812500,-0.043830447
1.008875000,-0.042234764
1.008937500,-0.040659416
1.009000000,-0.038967505
1.009062500,-0.036997382
1.009125000,-0.034834515
1.009187500,-0.032558657
1.009250000,-0.030308058
1.009312500,-0.028169895
1.009375000,-0.026384162
1.009437500,-0.025027337
1.009500000,-0.024095848
1.009562500,-0.023445614
1.009625000,-0.023085713
1.009687500,-0.022903157
1.009750000,-0.022778107
1.009812500,-0.022515392
1.009875000,-0.022166414
1.009937500,-0.021714089
1.010000000,-0.021177992
1.010062500,-0.020511920
1.010125000,-0.019916642
1.010187500,-0.019470397
1.010250000,-0.019201379
1.010312500,-0.018968880
1.010375000,-0.018827243
1.010437500,-0.018704306
1.010500000,-0.018542508
1.010562500,-0.018220399
1.010625000,-0.017929243
1.010687500,-0.017803270
1.010750000,-0.017977761
1.010812500,-0.018422334
1.010875000,-0.019274635
1.010937500,-0.020466100
1.011000000,-0.021836862
1.011062500,-0.023061683
1.011125000,-0.024088157
1.011187500,-0.024834983
1.011250000,-0.025319466
1.011312500,-0.025538160
1.011375000,-0.025772123
1.011437500,-0.026198758
1.011500000,-0.026919581
1.011562500,-0.027835254
1.011625000,-0.028950529
1.011687500,-0.030150963
1.011750000,-0.031343430
1.011812500,-0.032430943
1.011875000,-0.033562683
1.011937500,-0.034881569
1.012000000,-0.036520272
1.012062500,-0.038480427
1.012125000,-0.040777322
1.012187500,-0.043285947
1.012250000,-0.045838587
1.012312500,-0.048245132
1.012375000,-0.050478738
1.012437500,-0.052545618
1.012500000,-0.054498032
1.012562500,-0.056357104
1.012625000,-0.058186173
1.012687500,-0.059966538
1.012750000,-0.061651487
1.012812500,-0.063170068
1.012875000,-0.064544424
1.012937500,-0.065788619
1.013000000,-0.066922449
1.013062500,-0.067931369
1.013125000,-0.068838172
1.013187500,-0.069630124
1.013250000,-0.070310935
1.013312500,-0.070895247
1.013375000,-0.071450181
1.013437500,-0.071974538
1.013500000,-0.072381668
1.013562500,-0.072474077
1.013625000,-0.072051898
1.013687500,-0.070915431
1.013750000,-0.068993188
1.013812500,-0.066380508
1.013875000,-0.063388079
1.013937500,-0.060346168
1.014000000,-0.057510015
1.014062500,-0.054942720
1.014125000,-0.052577786
1.014187500,-0.050184131
1.014250000,-0.047532827
1.014312500,-0.044493061
1.014375000,-0.041187946
1.014437500,-0.037825122
1.014500000,-0.034637783
1.014562500,-0.031744216
1.014625000,-0.029212730
1.014687500,-0.026932199
1.014750000,-0.024754720
1.014812500,-0.022554100
1.014875000,-0.020452548
1.014937500,-0.018594591
1.015000000,-0.017130643
1.015062500,-0.016065441
1.015125000,-0.015406618
1.015187500,-0.014940431
1.015250000,-0.014401034
1.015312500,-0.013520726
1.015375000,-0.012341945
1.015437500,-0.010949078
1.015500000,-0.009506566
1.015562500,-0.008108892
1.015625000,-0.006971622
1.015687500,-0.006107873
1.015750000,-0.005459215
1.015812500,-0.004880101
1.015875000,-0.004445007
1.015937500,-0.004140485
1.016000000,-0.003953225
1.016062500,-0.003778885
1.016125000,-0.003695927
1.016187500,-0.003664029
1.016250000,-0.003670852
1.016312500,-0.003694305
1.016375000,-0.003933493
1.016437500,-0.004461136
1.016500000,-0.005270967
1.016562500,-0.006203976
1.016625000,-0.007175449
1.016687500,-0.007999680
1.016750000,-0.008565322
1.016812500,-0.008867769
1.016875000,-0.009155271
1.016937500,-0.009674712
1.017000000,-0.010636058
1.017062500,-0.012105312
1.017125000,-0.014032538
1.017187500,-0.016161244
1.017250000,-0.018166009
1.017312500,-0.019784350
1.017375000,-0.020910330
1.017437500,-0.021590889
1.017500000,-0.022025112
1.017562500,-0.022514444
1.017625000,-0.023277167
1.017687500,-0.024375336
1.017750000,-0.025695963
1.017812500,-0.027046248
1.017875000,-0.028139066
1.017937500,-0.028766546
1.018000000,-0.028896192
1.018062500,-0.028753614
1.018125000,-0.028597292
1.018187500,-0.028674349
1.018250000,-0.029084442
1.018312500,-0.029787874
1.018375000,-0.030450396
1.018437500,-0.030686757
1.018500000,-0.030213933
1.018562500,-0.029064463
1.018625000,-0.027394896
1.018687500,-0.025535719
1.018750000,-0.023813475
1.018812500,-0.022485841
1.018875000,-0.021451807
1.018937500,-0.020436469
1.019000000,-0.019107254
1.019062500,-0.017313763
1.019125000,-0.014981810
1.019187500,-0.012241469
1.019250000,-0.009318316
1.019312500,-0.006478199
1.019375000,-0.003747938
1.019437500,-0.001002572
1.019500000,0.001976613
1.019562500,0.005318244
1.019625000,0.009119343
1.019687500,0.013311783
1.019750000,0.017695390
1.019812500,0.021960394
1.019875000,0.025900967
1.019937500,0.029427391
1.020000000,0.032567047
1.020062500,0.035375766
1.020125000,0.037969027
1.020187500,0.040442344
1.020250000,0.042826608
1.020312500,0.045055587
1.020375000,0.047064479
1.020437500,0.048843831
1.020500000,0.050450683
1.020562500,0.051978871
1.020625000,0.053558879
1.020687500,0.055324759
1.020750000,0.057321765
1.020812500,0.059447382
1.020875000,0.061487153
1.020937500,0.063220538
1.021000000,0.064475216
1.021062500,0.065169834
1.021125000,0.065349177
1.021187500,0.065183356
1.021250000,0.064851716
1.021312500,0.064430833
1.021375000,0.063908100
1.021437500,0.063222334
1.021500000,0.062310360
1.021562500,0.061127909
1.021625000,0.059772857
1.021687500,0.058419842
1.021750000,0.057227641
1.021812500,0.056195818
1.021875000,0.055281799
1.021937500,0.054353334
1.022000000,0.053274415
1.022062500,0.051905129
1.022125000,0.050342102
1.022187500,0.048739798
1.022250000,0.047250453
1.022312500,0.045844626
1.022375000,0.044540200
1.022437500,0.043225963
1.022500000,0.041791238
1.022562500,0.040099598
1.022625000,0.038319062
1.022687500,0.036610343
1.022750000,0.035108406
1.022812500,0.033742804
1.022875000,0.032527741
1.022937500,0.031325128
1.023000000,0.030025685
1.023062500,0.028536787
1.023125000,0.027113011
1.023187500,0.025981560
1.023250000,0.025319466
1.023312500,0.025057783
1.023375000,0.025200855
1.023437500,0.025560182
1.023500000,0.025978338
1.023562500,0.026329180
1.023625000,0.026897585
1.023687500,0.027938629
1.023750000,0.029649187
1.023812500,0.031938355
1.023875000,0.034744974
1.023937500,0.037737500
1.024000000,0.040567622
1.024062500,0.042911869
1.024125000,0.044903617
1.024187500,0.046738587
1.024250000,0.048662320
1.024312500,0.050729524
1.024375000,0.053057298
1.024437500,0.055491075
1.024500000,0.057792384
1.024562500,0.059656411
1.024625000,0.061128974
1.024687500,0.062284343
1.024750000,0.063251607
1.024812500,0.064013340
1.024875000,0.064667463
1.024937500,0.065100901
1.025000000,0.065134093
1.025062500,0.064508602
1.025125000,0.063304551
1.025187500,0.061668210
1.025250000,0.059863124
1.025312500,0.058084492
1.025375000,0.056703661
1.025437500,0.055903897
1.025500000,0.055721652
1.025562500,0.055947449
1.025625000,0.056491591
1.025687500,0.057163723
1.025750000,0.057792384
1.025812500,0.058154892
1.025875000,0.058305111
1.025937500,0.058306094
1.026000000,0.058263011
1.026062500,0.058176666
1.026125000,0.058217362
1.026187500,0.058438294
1.026250000,0.058827754
1.026312500,0.059203662
1.026375000,0.059565496
1.026437500,0.059837438
1.026500000,0.059957247
1.026562500,0.059768453
1.026625000,0.059401501
1.026687500,0.058949735
1.026750000,0.058545381
1.026812500,0.058202915
1.026875000,0.058183156
1.026937500,0.058581825
1.027000000,0.059392504
1.027062500,0.060363337
1.027125000,0.061465628
1.027187500,0.062552460
1.027250000,0.063533977
1.027312500,0.064269952
1.027375000,0.065007381
1.027437500,0.065893777
1.027500000,0.067016579
1.027562500,0.068197139
1.027625000,0.069457330
1.027687500,0.070624635
1.027750000,0.071534552
1.027812500,0.071951881
1.027875000,0.072067782
1.027937500,0.072033904
1.028000000,0.072005168
1.028062500,0.071915589
1.028125000,0.071908295
1.028187500,0.071932122
1.028250000,0.071911044
1.028312500,0.071657300
1.028375000,0.071375005
1.028437500,0.071218096
1.028500000,0.071346298
1.028562500,0.071702525
1.028625000,0.072434701
1.028687500,0.073463842
1.028750000,0.074640654
1.028812500,0.075659409
1.028875000,0.076583996
1.028937500,0.077440463
1.029000000,0.078311510
1.029062500,0.079136632
1.029125000,0.080117300
1.029187500,0.081252672
1.029250000,0.082452975
1.029312500,0.083433881
1.029375000,0.084203936
1.029437500,0.084712759
1.029500000,0.084994338
1.029562500,0.085039943
1.029625000,0.085153334
1.029687500,0.085511841
1.029750000,0.086217962
1.029812500,0.087157547
1.029875000,0.088358872
1.029937500,0.089669153
1.030000000,0.090924181
1.030062500,0.091906317
1.030125000,0.092708372
1.030187500,0.093366936
1.030250000,0.093936160
1.030312500,0.094358124
1.030375000,0.094751999
1.030437500,0.095071509
1.030500000,0.095253900
1.030562500,0.095188148
1.030625000,0.095023513
1.030687500,0.094832271
1.030750000,0.094689153
1.030812500,0.094569907
1.030875000,0.094588190
1.030937500,0.094688036
1.031000000,0.094783276
1.031062500,0.094739608
1.031125000,0.094637036
1.031187500,0.094467565
1.031250000,0.094218530
1.031312500,0.093795963
1.031375000,0.093254939
1.031437500,0.092512622
1.031500000,0.091488928
1.031562500,0.090078734
1.031625000,0.088408366
1.031687500,0.086495973
1.031750000,0.084335469
1.031812500,0.081819564
1.031875000,0.079021789
1.031937500,0.075901002
1.032000000,0.072475791
1.032062500,0.068788894
1.032125000,0.065190196
1.032187500,0.061911978
1.032250000,0.059110127
1.032312500,0.056720752
1.032375000,0.054763634
1.032437500,0.053010009
1.032500000,0.051203676
1.032562500,0.049067128
1.032625000,0.046709996
1.032687500,0.044210326
1.032750000,0.041697115
1.032812500,0.039184891
1.032875000,0.036890909
1.032937500,0.034801036
1.033000000,0.032849420
1.033062500,0.030877151
1.033125000,0.029030966
1.033187500,0.027331406
1.033250000,0.025790086
1.033312500,0.024295412
1.033375000,0.022955516
1.033437500,0.021709688
1.033500000,0.020519121
1.033562500,0.019323017
1.033625000,0.018374389
1.033687500,0.017784683
1.033750000,0.017601265
1.033812500,0.017687794
1.033875000,0.018052455
1.033937500,0.018511487
1.034000000,0.018919006
1.034062500,0.019168215
1.034125000,0.019509021
1.034187500,0.020107258
1.034250000,0.021083867
1.034312500,0.022373471
1.034375000,0.023981618
1.034437500,0.025692387
1.034500000,0.027296079
1.034562500,0.028636744
1.034625000,0.029880323
1.034687500,0.031175474
1.034750000,0.032661170
1.034812500,0.034329802
1.034875000,0.036176231
1.034937500,0.037989702
1.035000000,0.039532252
1.035062500,0.040600300
1.035125000,0.041253161
1.035187500,0.041579172
1.035250000,0.041697115
1.035312500,0.041641422
1.035375000,0.041462842
1.035437500,0.041073356
1.035500000,0.040379371
1.035562500,0.039330371
1.035625000,0.038078889
1.035687500,0.036802486
1.035750000,0.035673149
1.035812500,0.034745261
1.035875000,0.034027942
1.035937500,0.033386506
1.036000000,0.032661170
1.036062500,0.031722639
1.036125000,0.030633967
1.036187500,0.029517543
1.036250000,0.028519696
1.036312500,0.027691843
1.036375000,0.027064968
1.036437500,0.026540607
1.036500000,0.025978338
1.036562500,0.025218634
1.036625000,0.024272388
1.036687500,0.023183584
1.036750000,0.022025112
1.036812500,0.020803140
1.036875000,0.019587617
1.036937500,0.018386258
1.037000000,0.017224766
1.037062500,0.016125346
1.037125000,0.015268699
1.037187500,0.014775308
1.037250000,0.014683408
1.037312500,0.014849610
1.037375000,0.015134749
1.037437500,0.015297187
1.037500000,0.015154029
1.037562500,0.014617130
1.037625000,0.013881784
1.037687500,0.013174148
1.037750000,0.012706795
1.037812500,0.012539846
1.037875000,0.012699734
1.037937500,0.013032959
1.038000000,0.013365666
1.038062500,0.013567879
1.038125000,0.013738152
1.038187500,0.014002917
1.038250000,0.014495159
1.038312500,0.015245152
1.038375000,0.016259236
1.038437500,0.017404776
1.038500000,0.018542508
1.038562500,0.019584285
1.038625000,0.020628512
1.038687500,0.021788597
1.038750000,0.023154603
1.038812500,0.024692105
1.038875000,0.026300965
1.038937500,0.027746679
1.039000000,0.028802069
1.039062500,0.029336855
1.039125000,0.029443577
1.039187500,0.029312581
1.039250000,0.029178567
1.039312500,0.029203558
1.039375000,0.029455870
1.039437500,0.029826663
1.039500000,0.030119810
1.039562500,0.030139029
1.039625000,0.029794613
1.039687500,0.029075492
1.039750000,0.028049074
1.039812500,0.026809342
1.039875000,0.025459079
1.039937500,0.024045350
1.040000000,0.022589857
1.040062500,0.021107318
1.040125000,0.019658461
1.040187500,0.018290628
1.040250000,0.017036518
1.040312500,0.015880549
1.040375000,0.014808117
1.040437500,0.013764391
1.040500000,0.012706795
1.040562500,0.011613421
1.040625000,0.010564930
1.040687500,0.009648718
1.040750000,0.008941819
1.040812500,0.008442793
1.040875000,0.008149901
1.040937500,0.007977057
1.041000000,0.007812326
1.041062500,0.007522472
1.041125000,0.007098766
1.041187500,0.006551808
1.041250000,0.005929837
1.041312500,0.005246804
1.041375000,0.004594987
1.041437500,0.003985586
1.041500000,0.003388479
1.041562500,0.002705207
1.041625000,0.001943828
1.041687500,0.001093110
1.041750000,0.000188249
1.041812500,-0.000729883
1.041875000,-0.001506025
1.041937500,-0.002056058
1.042000000,-0.002353110
1.042062500,-0.002468030
1.042125000,-0.002430632
1.042187500,-0.002319429
1.042250000,-0.002164861
1.042312500,-0.001945627
1.042375000,-0.001510641
1.042437500,-0.000751118
1.042500000,0.000376498
1.042562500,0.001799533
1.042625000,0.003404331
1.042687500,0.005012333
1.042750000,0.006494584
1.042812500,0.007827941
1.042875000,0.009121613
1.042937500,0.010502760
1.043000000,0.012047924
1.043062500,0.013726452
1.043125000,0.015389448
1.043187500,0.016825067
1.043250000,0.017883638
1.043312500,0.018588278
1.043375000,0.019105177
1.043437500,0.019680763
1.043500000,0.020519121
1.043562500,0.021690737
1.043625000,0.023039963
1.043687500,0.024262218
1.043750000,0.025037091
1.043812500,0.025192203
1.043875000,0.024722353
1.043937500,0.023800986
1.044000000,0.022683984
1.044062500,0.021613915
1.044125000,0.020668706
1.044187500,0.019786686
1.044250000,0.018824881
1.044312500,0.017681252
1.044375000,0.016304370
1.044437500,0.014758524
1.044500000,0.013177417
1.044562500,0.011717544
1.044625000,0.010430272
1.044687500,0.009286280
1.044750000,0.008188824
1.044812500,0.007043288
1.044875000,0.005766586
1.044937500,0.004346359
1.045000000,0.002823732
1.045062500,0.001268239
1.045125000,-0.000287648
1.045187500,-0.001854147
1.045250000,-0.003482603
1.045312500,-0.005232134
1.045375000,-0.007144616
1.045437500,-0.009218554
1.045500000,-0.011389053
1.045562500,-0.013527530
1.045625000,-0.015479296
1.045687500,-0.017115654
1.045750000,-0.018354259
1.045812500,-0.019172693
1.045875000,-0.019610774
1.045937500,-0.019790029
1.046000000,-0.019860249
1.046062500,-0.019943219
1.046125000,-0.020108642
1.046187500,-0.020379446
1.046250000,-0.020707369
1.046312500,-0.020976061
1.046375000,-0.021066215
1.046437500,-0.020934340
1.046500000,-0.020613244
1.046562500,-0.020178035
1.046625000,-0.019741101
1.046687500,-0.019408287
1.046750000,-0.019201379
1.046812500,-0.019008752
1.046875000,-0.018658478
1.046937500,-0.017995099
1.047000000,-0.016942395
1.047062500,-0.015517741
1.047125000,-0.013889683
1.047187500,-0.012291071
1.047250000,-0.010918431
1.047312500,-0.009824936
1.047375000,-0.008983333
1.047437500,-0.008303545
1.047500000,-0.007718201
1.047562500,-0.007212088
1.047625000,-0.006918401
1.047687500,-0.006995586
1.047750000,-0.007529953
1.047812500,-0.008417193
1.047875000,-0.009456174
1.047937500,-0.010362243
1.048000000,-0.010918431
1.048062500,-0.011053384
1.048125000,-0.010978801
1.048187500,-0.011018055
1.048250000,-0.011483178
1.048312500,-0.012491968
1.048375000,-0.014026170
1.048437500,-0.015855610
1.048500000,-0.017695390
1.048562500,-0.019302808
1.048625000,-0.020664064
1.048687500,-0.021852128
1.048750000,-0.022966355
1.048812500,-0.024001211
1.048875000,-0.024911035
1.048937500,-0.025545532
1.049000000,-0.025790086
1.049062500,-0.025642015
1.049125000,-0.025320085
1.049187500,-0.025101678
1.049250000,-0.025225341
1.049312500,-0.025757065
1.049375000,-0.026596107
1.049437500,-0.027460257
1.049500000,-0.028049074
1.049562500,-0.028190259
1.049625000,-0.027932700
1.049687500,-0.027481176
1.049750000,-0.027107829
1.049812500,-0.027035933
1.049875000,-0.027296038
1.049937500,-0.027724357
1.050000000,-0.028049074
1.050062500,-0.028051943
1.050125000,-0.027595948
1.050187500,-0.026717683
1.050250000,-0.025601838
1.050312500,-0.024542833
1.050375000,-0.023741696
1.050437500,-0.023291342
1.050500000,-0.023154603
1.050562500,-0.023243362
1.050625000,-0.023364663
1.050687500,-0.023341311
1.050750000,-0.023060480
1.050812500,-0.022547336
1.050875000,-0.021830440
1.050937500,-0.020975107
1.051000000,-0.020048497
1.051062500,-0.019143341
1.051125000,-0.018247787
1.051187500,-0.017293857
1.051250000,-0.016189398
1.051312500,-0.014909870
1.051375000,-0.013411305
1.051437500,-0.011688277
1.051500000,-0.009788939
1.051562500,-0.007851597
1.051625000,-0.005956248
1.051687500,-0.004112885
1.051750000,-0.002258986
1.051812500,-0.000324401
1.051875000,0.001830957
1.051937500,0.004338114
1.052000000,0.007247579
1.052062500,0.010452494
1.052125000,0.013787811
1.052187500,0.017071517
1.052250000,0.020142624
1.052312500,0.022861304
1.052375000,0.025206106
1.052437500,0.027248343
1.052500000,0.029084442
1.052562500,0.030750992
1.052625000,0.032264858
1.052687500,0.033645876
1.052750000,0.034920152
1.052812500,0.036104295
1.052875000,0.037257176
1.052937500,0.038454846
1.053000000,0.039720498
1.053062500,0.040962242
1.053125000,0.042039096
1.053187500,0.042831324
1.053250000,0.043297227
1.053312500,0.043494783
1.053375000,0.043614715
1.053437500,0.043920383
1.053500000,0.044614971
1.053562500,0.045717679
1.053625000,0.047077641
1.053687500,0.048434604
1.053750000,0.049509440
1.053812500,0.050088514
1.053875000,0.050129008
1.053937500,0.049747609
1.054000000,0.049132939
1.054062500,0.048426930
1.054125000,0.047717057
1.054187500,0.047017574
1.054250000,0.046309207
1.054312500,0.045566097
1.054375000,0.044845771
1.054437500,0.044228714
1.054500000,0.043767847
1.054562500,0.043404184
1.054625000,0.043042097
1.054687500,0.042518232
1.054750000,0.041697115
1.054812500,0.040508736
1.054875000,0.039087839
1.054937500,0.037627000
1.055000000,0.036332019
1.055062500,0.035296176
1.055125000,0.034581456
1.055187500,0.034076523
1.055250000,0.033602413
1.055312500,0.032955237
1.055375000,0.032121979
1.055437500,0.031138416
1.055500000,0.030119810
1.055562500,0.029157190
1.055625000,0.028426992
1.055687500,0.027955007
1.055750000,0.027672576
1.055812500,0.027395934
1.055875000,0.027068168
1.055937500,0.026601413
1.056000000,0.025978338
1.056062500,0.025193784
1.056125000,0.024437247
1.056187500,0.023808818
1.056250000,0.023342853
1.056312500,0.022922257
1.056375000,0.022539606
1.056437500,0.022098059
1.056500000,0.021554491
1.056562500,0.020879468
1.056625000,0.020302467
1.056687500,0.019972235
1.056750000,0.019954374
1.056812500,0.020098565
1.056875000,0.020321846
1.056937500,0.020416215
1.057000000,0.020236747
1.057062500,0.019699818
1.057125000,0.019057173
1.057187500,0.018548483
1.057250000,0.018354259
1.057312500,0.018414808
1.057375000,0.018683061
1.057437500,0.018942105
1.057500000,0.019013131
1.057562500,0.018791171
1.057625000,0.018516300
1.057687500,0.018455531
1.057750000,0.018824881
1.057812500,0.019591574
1.057875000,0.020670738
1.057937500,0.021785850
1.058000000,0.022683984
1.058062500,0.023215024
1.058125000,0.023579560
1.058187500,0.024064507
1.058250000,0.024942968
1.058312500,0.026264518
1.058375000,0.027970253
1.058437500,0.029770514
1.058500000,0.031343430
1.058562500,0.032449912
1.058625000,0.033186369
1.058687500,0.033805434
1.058750000,0.034637783
1.058812500,0.035891052
1.058875000,0.037659191
1.058937500,0.039766125
1.059000000,0.041885361
1.059062500,0.043647267
1.059125000,0.044886168
1.059187500,0.045592695
1.059250000,0.045932710
1.059312500,0.046131387
1.059375000,0.046452235
1.059437500,0.047000393
1.059500000,0.047721073
1.059562500,0.048411690
1.059625000,0.048887752
1.059687500,0.048985254
1.059750000,0.048662320
1.059812500,0.047997355
1.059875000,0.047209021
1.059937500,0.046487626
1.060000000,0.045932710
1.060062500,0.045488123
1.060125000,0.045019332
1.060187500,0.044311408
1.060250000,0.043203104
1.060312500,0.041659731
1.060375000,0.039858259
1.060437500,0.038057782
1.060500000,0.036520272
1.060562500,0.035385717
1.060625000,0.034663972
1.060687500,0.034162737
1.060750000,0.033602413
1.060812500,0.032723390
1.060875000,0.031433519
1.060937500,0.029761568
1.061000000,0.027860826
1.061062500,0.025922889
1.061125000,0.024167269
1.061187500,0.022682173
1.061250000,0.021460366
1.061312500,0.020416711
1.061375000,0.019508677
1.061437500,0.018653015
1.061500000,0.017789513
1.061562500,0.016862372
1.061625000,0.015916351
1.061687500,0.014941251
1.061750000,0.013930413
1.061812500,0.012864183
1.061875000,0.011824571
1.061937500,0.010827766
1.062000000,0.009883063
1.062062500,0.008969895
1.062125000,0.008155358
1.062187500,0.007429045
1.062250000,0.006776957
1.062312500,0.006166814
1.062375000,0.005677157
1.062437500,0.005316459
1.062500000,0.005082718
1.062562500,0.004928956
1.062625000,0.004877802
1.062687500,0.004843684
1.062750000,0.004706220
1.062812500,0.004307602
1.062875000,0.003633031
1.062937500,0.002672718
1.063000000,0.001505991
1.063062500,0.000255723
1.063125000,-0.000809865
1.063187500,-0.001515569
1.063250000,-0.001788364
1.063312500,-0.001727320
1.063375000,-0.001435367
1.063437500,-0.001117403
1.063500000,-0.000941244
1.063562500,-0.001009802
1.063625000,-0.001193156
1.063687500,-0.001322138
1.063750000,-0.001223617
1.063812500,-0.000847154
1.063875000,-0.000175289
1.063937500,0.000647482
1.064000000,0.001411866
1.064062500,0.001881994
1.064125000,0.002011856
1.064187500,0.001841044
1.064250000,0.001505991
1.064312500,0.001135975
1.064375000,0.000921343
1.064437500,0.000949723
1.064500000,0.001223617
1.064562500,0.001635687
1.064625000,0.002131581
1.064687500,0.002637435
1.064750000,0.003106105
1.064812500,0.003483259
1.064875000,0.003839255
1.064937500,0.004267993
1.065000000,0.004894469
1.065062500,0.005797909
1.065125000,0.007097833
1.065187500,0.008807788
1.065250000,0.010824307
1.065312500,0.012888100
1.065375000,0.014773044
1.065437500,0.016276279
1.065500000,0.017318891
1.065562500,0.017933540
1.065625000,0.018356025
1.065687500,0.018843792
1.065750000,0.019577878
1.065812500,0.020536633
1.065875000,0.021619538
1.065937500,0.022638036
1.066000000,0.023436978
1.066062500,0.023929203
1.066125000,0.024261266
1.066187500,0.024657523
1.066250000,0.025319466
1.066312500,0.026259426
1.066375000,0.027399816
1.066437500,0.028518056
1.066500000,0.029366815
1.066562500,0.029736057
1.066625000,0.029664543
1.066687500,0.029331334
1.066750000,0.028990317
1.066812500,0.028810881
1.066875000,0.028921083
1.066937500,0.029300004
1.067000000,0.029837437
1.067062500,0.030365702
1.067125000,0.030838255
1.067187500,0.031269513
1.067250000,0.031719927
1.067312500,0.032199141
1.067375000,0.032737624
1.067437500,0.033292960
1.067500000,0.033790659
1.067562500,0.034127843
1.067625000,0.034305423
1.067687500,0.034358695
1.067750000,0.034355409
1.067812500,0.034335312
1.067875000,0.034374170
1.067937500,0.034500692
1.068000000,0.034731906
1.068062500,0.035067327
1.068125000,0.035569824
1.068187500,0.036271200
1.068250000,0.037179142
1.068312500,0.038242944
1.068375000,0.039406072
1.068437500,0.040541224
1.068500000,0.041508865
1.068562500,0.042183489
1.068625000,0.042532317
1.068687500,0.042545825
1.068750000,0.042261858
1.068812500,0.041737892
1.068875000,0.041072749
1.068937500,0.040304497
1.069000000,0.039438128
1.069062500,0.038452767
1.069125000,0.037373468
1.069187500,0.036210135
1.069250000,0.035014279
1.069312500,0.033877440
1.069375000,0.032943904
1.069437500,0.032287333
1.069500000,0.031908173
1.069562500,0.031713381
1.069625000,0.031583849
1.069687500,0.031327907
1.069750000,0.030778680
1.069812500,0.029835263
1.069875000,0.028542887
1.069937500,0.026973253
1.070000000,0.025225341
1.070062500,0.023370251
1.070125000,0.021500865
1.070187500,0.019616930
1.070250000,0.017695390
1.070312500,0.015705932
1.070375000,0.013722932
1.070437500,0.011796070
1.070500000,0.009977187
1.070562500,0.008274820
1.070625000,0.006734963
1.070687500,0.005314092
1.070750000,0.003953225
1.070812500,0.002592119
1.070875000,0.001289985
1.070937500,0.000091442
1.071000000,-0.000941244
1.071062500,-0.001784749
1.071125000,-0.002372934
1.071187500,-0.002770845
1.071250000,-0.003106105
1.071312500,-0.003557976
1.071375000,-0.004180508
1.071437500,-0.005019349
1.071500000,-0.006023962
1.071562500,-0.007077038
1.071625000,-0.007923620
1.071687500,-0.008387466
1.071750000,-0.008377072
1.071812500,-0.007932840
1.071875000,-0.007143949
1.071937500,-0.006218963
1.072000000,-0.005365091
1.072062500,-0.004721181
1.072125000,-0.004274808
1.072187500,-0.003962437
1.072250000,-0.003670852
1.072312500,-0.003283519
1.072375000,-0.002703605
1.072437500,-0.001936668
1.072500000,-0.001035369
1.072562500,-0.000049163
1.072625000,0.000983036
1.072687500,0.001996745
1.072750000,0.002917857
1.072812500,0.003686261
1.072875000,0.004209652
1.072937500,0.004400796
1.073000000,0.004235599
1.073062500,0.003826780
1.073125000,0.003321748
1.073187500,0.002904098
1.073250000,0.002729608
1.073312500,0.002921203
1.073375000,0.003429955
1.073437500,0.004135555
1.073500000,0.004894469
1.073562500,0.005646488
1.073625000,0.006309770
1.073687500,0.006854584
1.073750000,0.007247579
1.073812500,0.007465630
1.073875000,0.007365825
1.073937500,0.006816502
1.074000000,0.005741589
1.074062500,0.004214444
1.074125000,0.002349699
1.074187500,0.000348250
1.074250000,-0.001600115
1.074312500,-0.003350987
1.074375000,-0.004942714
1.074437500,-0.006481644
1.074500000,-0.008094699
1.074562500,-0.009827024
1.074625000,-0.011679712
1.074687500,-0.013558108
1.074750000,-0.015342278
1.074812500,-0.016928477
1.074875000,-0.018344484
1.074937500,-0.019686859
1.075000000,-0.021083867
1.075062500,-0.022608558
1.075125000,-0.024298932
1.075187500,-0.026110142
1.075250000,-0.027954949
1.075312500,-0.029725937
1.075375000,-0.031378433
1.075437500,-0.032895193
1.075500000,-0.034261286
1.075562500,-0.035414044
1.075625000,-0.036296085
1.075687500,-0.036854833
1.075750000,-0.037085015
1.075812500,-0.037021693
1.075875000,-0.036806975
1.075937500,-0.036583301
1.076000000,-0.036426149
1.076062500,-0.036258776
1.076125000,-0.035961986
1.076187500,-0.035386663
1.076250000,-0.034449533
1.076312500,-0.033147532
1.076375000,-0.031671155
1.076437500,-0.030258702
1.076500000,-0.029084442
1.076562500,-0.028110152
1.076625000,-0.027221363
1.076687500,-0.026216976
1.076750000,-0.024942968
1.076812500,-0.023326416
1.076875000,-0.021583697
1.076937500,-0.020021155
1.077000000,-0.018919006
1.077062500,-0.018323423
1.077125000,-0.018200710
1.077187500,-0.018328521
1.077250000,-0.018448384
1.077312500,-0.018311912
1.077375000,-0.017973747
1.077437500,-0.017581832
1.077500000,-0.017318891
1.077562500,-0.017205793
1.077625000,-0.017289614
1.077687500,-0.017462466
1.077750000,-0.017601265
1.077812500,-0.017579617
1.077875000,-0.017571252
1.077937500,-0.017789550
1.078000000,-0.018448384
1.078062500,-0.019568065
1.078125000,-0.021175807
1.078187500,-0.023082443
1.078250000,-0.025037091
1.078312500,-0.026755923
1.078375000,-0.028260546
1.078437500,-0.029639963
1.078500000,-0.031061055
1.078562500,-0.032597702
1.078625000,-0.034404535
1.078687500,-0.036446169
1.078750000,-0.038591005
1.078812500,-0.040599134
1.078875000,-0.042433888
1.078937500,-0.044070277
1.079000000,-0.045556214
1.079062500,-0.046903245
1.079125000,-0.048256140
1.079187500,-0.049642984
1.079250000,-0.051015429
1.079312500,-0.052202262
1.079375000,-0.053149648
1.079437500,-0.053788848
1.079500000,-0.054121532
1.079562500,-0.054170810
1.079625000,-0.054133501
1.079687500,-0.054173693
1.079750000,-0.054403909
1.079812500,-0.054783899
1.079875000,-0.055287551
1.079937500,-0.055777375
1.080000000,-0.056098148
1.080062500,-0.056078859
1.080125000,-0.055738028
1.080187500,-0.055140477
1.080250000,-0.054403909
1.080312500,-0.053597521
1.080375000,-0.052857179
1.080437500,-0.052221652
1.080500000,-0.051674299
1.080562500,-0.051117100
1.080625000,-0.050556704
1.080687500,-0.049984161
1.080750000,-0.049415316
1.080812500,-0.048825193
1.080875000,-0.048302233
1.080937500,-0.047871012
1.081000000,-0.047532827
1.081062500,-0.047208399
1.081125000,-0.046935108
1.081187500,-0.046681251
1.081250000,-0.046403330
1.081312500,-0.045982789
1.081375000,-0.045451783
1.081437500,-0.044780642
1.081500000,-0.043956097
1.081562500,-0.042921338
1.081625000,-0.041815512
1.081687500,-0.040719897
1.081750000,-0.039720498
1.081812500,-0.038820703
1.081875000,-0.038170513
1.081937500,-0.037790112
1.082000000,-0.037649762
1.082062500,-0.037605513
1.082125000,-0.037667479
1.082187500,-0.037743073
1.082250000,-0.037743889
1.082312500,-0.037531897
1.082375000,-0.037183080
1.082437500,-0.036710400
1.082500000,-0.036143772
1.082562500,-0.035444085
1.082625000,-0.034762636
1.082687500,-0.034141932
1.082750000,-0.033602413
1.082812500,-0.033070683
1.082875000,-0.032645188
1.082937500,-0.032323014
1.083000000,-0.032096423
1.083062500,-0.031894181
1.083125000,-0.031818908
1.083187500,-0.031885043
1.083250000,-0.032096423
1.083312500,-0.032388903
1.083375000,-0.032833077
1.083437500,-0.033405796
1.083500000,-0.034073036
1.083562500,-0.034753654
1.083625000,-0.035479397
1.083687500,-0.036189456
1.083750000,-0.036802646
1.083812500,-0.037201177
1.083875000,-0.037389304
1.083937500,-0.037340719
1.084000000,-0.037085015
1.084062500,-0.036687206
1.084125000,-0.036329076
1.084187500,-0.036106516
1.084250000,-0.036049645
1.084312500,-0.036098421
1.084375000,-0.036201425
1.084437500,-0.036239974
1.084500000,-0.036143772
1.084562500,-0.035933632
1.084625000,-0.035770446
1.084687500,-0.035802945
1.084750000,-0.036143772
1.084812500,-0.036811244
1.084875000,-0.037738223
1.084937500,-0.038701512
1.085000000,-0.039438128
1.085062500,-0.039740205
1.085125000,-0.039546046
1.085187500,-0.038874023
1.085250000,-0.037838012
1.085312500,-0.036602415
1.085375000,-0.035321306
1.085437500,-0.034026474
1.085500000,-0.032661170
1.085562500,-0.031133605
1.085625000,-0.029360956
1.085687500,-0.027266586
1.085750000,-0.024848843
1.085812500,-0.022206165
1.085875000,-0.019508617
1.085937500,-0.016900580
1.086000000,-0.014495159
1.086062500,-0.012359449
1.086125000,-0.010522886
1.086187500,-0.008915399
1.086250000,-0.007435828
1.086312500,-0.005991541
1.086375000,-0.004558439
1.086437500,-0.003098394
1.086500000,-0.001600115
1.086562500,-0.000067704
1.086625000,0.001449142
1.086687500,0.002966822
1.086750000,0.004517972
1.086812500,0.006135298
1.086875000,0.007779175
1.086937500,0.009424726
1.087000000,0.011012556
1.087062500,0.012465495
1.087125000,0.013654767
1.087187500,0.014541874
1.087250000,0.015154029
1.087312500,0.015592057
1.087375000,0.015942756
1.087437500,0.016353721
1.087500000,0.016942395
1.087562500,0.017772688
1.087625000,0.018771898
1.087687500,0.019872554
1.087750000,0.020989744
1.087812500,0.022055792
1.087875000,0.022963664
1.087937500,0.023682397
1.088000000,0.024189973
1.088062500,0.024459157
1.088125000,0.024404671
1.088187500,0.023997610
1.088250000,0.023248728
1.088312500,0.022220079
1.088375000,0.020998457
1.088437500,0.019729275
1.088500000,0.018542508
1.088562500,0.017498188
1.088625000,0.016586917
1.088687500,0.015762722
1.088750000,0.014965781
1.088812500,0.014137924
1.088875000,0.013290611
1.088937500,0.012478720
1.089000000,0.011765551
1.089062500,0.011154741
1.089125000,0.010644049
1.089187500,0.010180803
1.089250000,0.009694814
1.089312500,0.009095111
1.089375000,0.008400057
1.089437500,0.007662356
1.089500000,0.006965206
1.089562500,0.006343286
1.089625000,0.005883279
1.089687500,0.005598611
1.089750000,0.005459215
1.089812500,0.005360777
1.089875000,0.005293235
1.089937500,0.005231887
1.090000000,0.005176842
1.090062500,0.005099809
1.090125000,0.005080240
1.090187500,0.005159549
1.090250000,0.005365091
1.090312500,0.005654091
1.090375000,0.006071676
1.090437500,0.006608618
1.090500000,0.007247579
1.090562500,0.007916904
1.090625000,0.008658561
1.090687500,0.009471346
1.090750000,0.010353684
1.090812500,0.011249293
1.090875000,0.012208812
1.090937500,0.013231374
1.091000000,0.014306910
1.091062500,0.015366307
1.091125000,0.016444072
1.091187500,0.017536080
1.091250000,0.018636633
1.091312500,0.019685062
1.091375000,0.020721590
1.091437500,0.021751646
1.091500000,0.022778107
1.091562500,0.023745798
1.091625000,0.024702361
1.091687500,0.025663601
1.091750000,0.026637208
1.091812500,0.027555544
1.091875000,0.028442342
1.091937500,0.029276980
1.092000000,0.030025685
1.092062500,0.030583441
1.092125000,0.030964931
1.092187500,0.031177370
1.092250000,0.031249303
1.092312500,0.031157129
1.092375000,0.031001534
1.092437500,0.030856455
1.092500000,0.030778680
1.092562500,0.030884540
1.092625000,0.031030871
1.092687500,0.031061402
1.092750000,0.030872805
1.092812500,0.030631034
1.092875000,0.030429892
1.092937500,0.030427957
1.093000000,0.030684557
1.093062500,0.031209892
1.093125000,0.031659067
1.093187500,0.031727605
1.093250000,0.031343430
1.093312500,0.030910593
1.093375000,0.030877482
1.093437500,0.031628665
1.093500000,0.033131793
1.093562500,0.034945153
1.093625000,0.036146108
1.093687500,0.036034133
1.093750000,0.034637783
1.093812500,0.033000663
1.093875000,0.032503378
1.093937500,0.034202628
1.094000000,0.038026262
1.094062500,0.042639650
1.094125000,0.045796335
1.094187500,0.045702711
1.094250000,0.042261858
1.094312500,0.037629254
1.094375000,0.035250537
1.094437500,0.038120326
1.094500000,0.046779834
1.094562500,0.058286171
1.094625000,0.066679217
1.094687500,0.065246008
1.094750000,0.049509440
1.094812500,0.019573882
1.094875000,-0.019463968
1.094937500,-0.059247814
1.095000000,-0.091300674
1.095062500,-0.110198528
1.095125000,-0.115352504
1.095187500,-0.110705830
1.095250000,-0.102501482
1.095312500,-0.096398413
1.095375000,-0.095222570
1.095437500,-0.098474614
1.095500000,-0.103348598
1.095562500,-0.106697954
1.095625000,-0.106664278
1.095687500,-0.103518166
1.095750000,-0.099113002
1.095812500,-0.095693842
1.095875000,-0.094500296
1.095937500,-0.095417976
1.096000000,-0.097230509
1.096062500,-0.098529838
1.096125000,-0.098300681
1.096187500,-0.096510097
1.096250000,-0.093842037
1.096312500,-0.091228038
1.096375000,-0.089068919
1.096437500,-0.087274581
1.096500000,-0.085370831
1.096562500,-0.082955554
1.096625000,-0.079739235
1.096687500,-0.075874731
1.096750000,-0.071722798
1.096812500,-0.067675464
1.096875000,-0.063722663
1.096937500,-0.059714340
1.097000000,-0.055439275
1.097062500,-0.050882038
1.097125000,-0.046056908
1.097187500,-0.041214708
1.097250000,-0.036614396
1.097312500,-0.032447550
1.097375000,-0.028558671
1.097437500,-0.024763467
1.097500000,-0.020895619
1.097562500,-0.016886922
1.097625000,-0.012906560
1.097687500,-0.009050839
1.097750000,-0.005365091
1.097812500,-0.001749701
1.097875000,0.001874124
1.097937500,0.005815727
1.098000000,0.010353684
1.098062500,0.015629329
1.098125000,0.021356910
1.098187500,0.027184552
1.098250000,0.032661170
1.098312500,0.037419192
1.098375000,0.041074861
1.098437500,0.043641225
1.098500000,0.045367967
1.098562500,0.046680231
1.098625000,0.047785640
1.098687500,0.048905302
1.098750000,0.050074182
1.098812500,0.051207799
1.098875000,0.051919613
1.098937500,0.052001268
1.099000000,0.051391926
1.099062500,0.050273411
1.099125000,0.048767265
1.099187500,0.047176953
1.099250000,0.045744464
1.099312500,0.044615138
1.099375000,0.043581288
1.099437500,0.042447936
1.099500000,0.041038241
1.099562500,0.039341711
1.099625000,0.037343513
1.099687500,0.035233606
1.099750000,0.033225916
1.099812500,0.031492792
1.099875000,0.029943800
1.099937500,0.028422572
1.100000000,0.026731333
1.100062500,0.024763413
1.100125000,0.022456750
1.100187500,0.019915849
1.100250000,0.017318891
1.100312500,0.014850467
1.100375000,0.012576468
1.100437500,0.010477255
1.100500000,0.008471197
1.100562500,0.006480071
1.100625000,0.004477984
1.100687500,0.002487153
1.100750000,0.000564746
1.100812500,-0.001255809
1.100875000,-0.002930118
1.100937500,-0.004519448
1.101000000,-0.006118086
1.101062500,-0.007832513
1.101125000,-0.009616564
1.101187500,-0.011427651
1.101250000,-0.013177417
1.101312500,-0.014807942
1.101375000,-0.016155299
1.101437500,-0.017195385
1.101500000,-0.017977761
1.101562500,-0.018664336
1.101625000,-0.019272169
1.101687500,-0.019880185
1.101750000,-0.020519121
1.101812500,-0.021232711
1.101875000,-0.021844530
1.101937500,-0.022253675
1.102000000,-0.022401609
1.102062500,-0.022383168
1.102125000,-0.022161173
1.102187500,-0.021803616
1.102250000,-0.021366240
1.102312500,-0.020955952
1.102375000,-0.020426650
1.102437500,-0.019677447
1.102500000,-0.018636633
1.102562500,-0.017413974
1.102625000,-0.015987696
1.102687500,-0.014449550
1.102750000,-0.012895043
1.102812500,-0.011498513
1.102875000,-0.010162683
1.102937500,-0.008802489
1.103000000,-0.007341704
1.103062500,-0.005885013
1.103125000,-0.004390278
1.103187500,-0.002892290
1.103250000,-0.001411866
1.103312500,-0.000050166
1.103375000,0.001377982
1.103437500,0.003064927
1.103500000,0.005176842
1.103562500,0.007642082
1.103625000,0.010475730
1.103687500,0.013564738
1.103750000,0.016754145
1.103812500,0.019768866
1.103875000,0.022623098
1.103937500,0.025401551
1.104000000,0.028237322
1.104062500,0.031097371
1.104125000,0.034088343
1.104187500,0.037227586
1.104250000,0.040473495
1.104312500,0.043611687
1.104375000,0.046634547
1.104437500,0.049558587
1.104500000,0.052427296
1.104562500,0.055148732
1.104625000,0.057801496
1.104687500,0.060450822
1.104750000,0.063157476
1.104812500,0.065845869
1.104875000,0.068582878
1.104937500,0.071396887
1.105000000,0.074264154
1.105062500,0.076986402
1.105125000,0.079495020
1.105187500,0.081745848
1.105250000,0.083770722
1.105312500,0.085576087
1.105375000,0.087377124
1.105437500,0.089372233
1.105500000,0.091677174
1.105562500,0.094164327
1.105625000,0.096722357
1.105687500,0.099152766
1.105750000,0.101277865
1.105812500,0.102917738
1.105875000,0.104177311
1.105937500,0.105249107
1.106000000,0.106360584
1.106062500,0.107585259
1.106125000,0.109017208
1.106187500,0.110580683
1.106250000,0.112102173
1.106312500,0.113291435
1.106375000,0.114074968
1.106437500,0.114435405
1.106500000,0.114455283
1.106562500,0.114177287
1.106625000,0.113804914
1.106687500,0.113406591
1.106750000,0.112949289
1.106812500,0.112221852
1.106875000,0.111170448
1.106937500,0.109693602
1.107000000,0.107772447
1.107062500,0.105397642
1.107125000,0.102860518
1.107187500,0.100389130
1.107250000,0.098171756
1.107312500,0.096202381
1.107375000,0.094582990
1.107437500,0.093196496
1.107500000,0.091865420
1.107562500,0.090324357
1.107625000,0.088623889
1.107687500,0.086783618
1.107750000,0.084900215
1.107812500,0.083006687
1.107875000,0.081363373
1.107937500,0.080009371
1.108000000,0.078876257
1.108062500,0.077717163
1.108125000,0.076517247
1.108187500,0.075138159
1.108250000,0.073511161
1.108312500,0.071568534
1.108375000,0.069597967
1.108437500,0.067756519
1.108500000,0.066169456
1.108562500,0.064799279
1.108625000,0.063787371
1.108687500,0.063016422
1.108750000,0.062310360
1.108812500,0.061412279
1.108875000,0.060393978
1.108937500,0.059233192
1.109000000,0.057980634
1.109062500,0.056661222
1.109125000,0.055573653
1.109187500,0.054793201
1.109250000,0.054309785
1.109312500,0.053961270
1.109375000,0.053795319
1.109437500,0.053670693
1.109500000,0.053462666
1.109562500,0.053025916
1.109625000,0.052520961
1.109687500,0.051971681
1.109750000,0.051391926
1.109812500,0.050702453
1.109875000,0.050024256
1.109937500,0.049302325
1.110000000,0.048474070
1.110062500,0.047443025
1.110125000,0.046363737
1.110187500,0.045280196
1.110250000,0.044238474
1.110312500,0.043216128
1.110375000,0.042344935
1.110437500,0.041582998
1.110500000,0.040849991
1.110562500,0.040013645
1.110625000,0.039128732
1.110687500,0.038157851
1.110750000,0.037085015
1.110812500,0.035873309
1.110875000,0.034643646
1.110937500,0.033393130
1.111000000,0.032096423
1.111062500,0.030685881
1.111125000,0.029240647
1.111187500,0.027759172
1.111250000,0.026260709
1.111312500,0.024749376
1.111375000,0.023384539
1.111437500,0.022219349
1.111500000,0.021272115
1.111562500,0.020468112
1.111625000,0.019876607
1.111687500,0.019464578
1.111750000,0.019201379
1.111812500,0.018994993
1.111875000,0.018950548
1.111937500,0.019065797
1.112000000,0.019295502
1.112062500,0.019451160
1.112125000,0.019524587
1.112187500,0.019405937
1.112250000,0.019013131
1.112312500,0.018219493
1.112375000,0.017196771
1.112437500,0.016069332
1.112500000,0.014965781
1.112562500,0.013865513
1.112625000,0.012920486
1.112687500,0.012117829
1.112750000,0.011389053
1.112812500,0.010539190
1.112875000,0.009622931
1.112937500,0.008659272
1.113000000,0.007718201
1.113062500,0.006796684
1.113125000,0.006080793
1.113187500,0.005616057
1.113250000,0.005365091
1.113312500,0.005141268
1.113375000,0.004931977
1.113437500,0.004720706
1.113500000,0.004612096
1.113562500,0.004768801
1.113625000,0.005556290
1.113687500,0.007229925
1.113750000,0.009883063
1.113812500,0.013343540
1.113875000,0.017351925
1.113937500,0.021517478
1.114000000,0.025507715
1.114062500,0.029136689
1.114125000,0.032484323
1.114187500,0.035729855
1.114250000,0.039061632
1.114312500,0.042546101
1.114375000,0.046128295
1.114437500,0.049595196
1.114500000,0.052709669
1.114562500,0.055324625
1.114625000,0.057481926
1.114687500,0.059335586
1.114750000,0.061086740
1.114812500,0.062873386
1.114875000,0.064700663
1.114937500,0.066390432
1.115000000,0.067675456
1.115062500,0.068324149
1.115125000,0.068234228
1.115187500,0.067453668
1.115250000,0.066169456
1.115312500,0.064641856
1.115375000,0.063080542
1.115437500,0.061568007
1.115500000,0.060051370
1.115562500,0.058401853
1.115625000,0.056444503
1.115687500,0.054052327
1.115750000,0.051203676
1.115812500,0.048011284
1.115875000,0.044644039
1.115937500,0.041277494
1.116000000,0.038026262
1.116062500,0.034921918
1.116125000,0.031874605
1.116187500,0.028743636
1.116250000,0.025413590
1.116312500,0.021874420
1.116375000,0.018229418
1.116437500,0.014664449
1.116500000,0.011389053
1.116562500,0.008552928
1.116625000,0.006231988
1.116687500,0.004345272
1.116750000,0.002729608
1.116812500,0.001192905
1.116875000,-0.000341265
1.116937500,-0.001933224
1.117000000,-0.003576728
1.117062500,-0.005247984
1.117125000,-0.006807266
1.117187500,-0.008204939
1.117250000,-0.009412440
1.117312500,-0.010449569
1.117375000,-0.011230099
1.117437500,-0.011795203
1.117500000,-0.012236172
1.117562500,-0.012721198
1.117625000,-0.013283717
1.117687500,-0.014024313
1.117750000,-0.014965781
1.117812500,-0.016067773
1.117875000,-0.017046813
1.117937500,-0.017698463
1.118000000,-0.017883638
1.118062500,-0.017636996
1.118125000,-0.016985890
1.118187500,-0.016163049
1.118250000,-0.015436403
1.118312500,-0.015060020
1.118375000,-0.015004002
1.118437500,-0.015167988
1.118500000,-0.015342278
1.118562500,-0.015332829
1.118625000,-0.014865330
1.118687500,-0.013847068
1.118750000,-0.012330297
1.118812500,-0.010539316
1.118875000,-0.008646530
1.118937500,-0.006868695
1.119000000,-0.005365091
1.119062500,-0.004249112
1.119125000,-0.003446969
1.119187500,-0.002835523
1.119250000,-0.002258986
1.119312500,-0.001620860
1.119375000,-0.000816595
1.119437500,0.000158324
1.119500000,0.001223617
1.119562500,0.002207928
1.119625000,0.002996626
1.119687500,0.003532687
1.119750000,0.003859101
1.119812500,0.004081730
1.119875000,0.004403759
1.119937500,0.005016494
1.120000000,0.006023962
1.120062500,0.007371879
1.120125000,0.008923031
1.120187500,0.010499125
1.120250000,0.011953799
1.120312500,0.013207951
1.120375000,0.014308401
1.120437500,0.015385052
1.120500000,0.016565897
1.120562500,0.017889397
1.120625000,0.019305406
1.120687500,0.020717004
1.120750000,0.022025112
1.120812500,0.023172770
1.120875000,0.024189213
1.120937500,0.025182236
1.121000000,0.026260709
1.121062500,0.027452383
1.121125000,0.028691294
1.121187500,0.029849472
1.121250000,0.030778680
1.121312500,0.031360235
1.121375000,0.031571377
1.121437500,0.031491451
1.121500000,0.031249303
1.121562500,0.030947773
1.121625000,0.030655654
1.121687500,0.030386260
1.121750000,0.030119810
1.121812500,0.029823886
1.121875000,0.029518507
1.121937500,0.029253673
1.122000000,0.029084442
1.122062500,0.029015105
1.122125000,0.029022420
1.122187500,0.029020654
1.122250000,0.028896192
1.122312500,0.028533457
1.122375000,0.027904427
1.122437500,0.027048483
1.122500000,0.026072461
1.122562500,0.025098996
1.122625000,0.024256084
1.122687500,0.023590984
1.122750000,0.023060480
1.122812500,0.022533527
1.122875000,0.021882512
1.122937500,0.020997196
1.123000000,0.019860249
1.123062500,0.018561231
1.123125000,0.017310519
1.123187500,0.016314393
1.123250000,0.015718777
1.123312500,0.015541915
1.123375000,0.015711613
1.123437500,0.016030686
1.123500000,0.016283523
1.123562500,0.016304526
1.123625000,0.016081687
1.123687500,0.015664082
1.123750000,0.015154029
1.123812500,0.014642275
1.123875000,0.014219219
1.123937500,0.013872088
1.124000000,0.013553915
1.124062500,0.013223300
1.124125000,0.012927431
1.124187500,0.012707761
1.124250000,0.012612671
1.124312500,0.012656080
1.124375000,0.012838153
1.124437500,0.013056675
1.124500000,0.013177417
1.124562500,0.013082242
1.124625000,0.012743887
1.124687500,0.012162084
1.124750000,0.011389053
1.124812500,0.010509287
1.124875000,0.009622041
1.124937500,0.008756736
1.125000000,0.007906451
1.125062500,0.007061138
1.125125000,0.006207543
1.125187500,0.005305963
1.125250000,0.004329723
1.125312500,0.003306020
1.125375000,0.002272618
1.125437500,0.001273132
1.125500000,0.000376498
1.125562500,-0.000293067
1.125625000,-0.000671638
1.125687500,-0.000765910
1.125750000,-0.000658871
1.125812500,-0.000444772
1.125875000,-0.000323483
1.125937500,-0.000483517
1.126000000,-0.001035369
1.126062500,-0.001900677
1.126125000,-0.002976284
1.126187500,-0.004094456
1.126250000,-0.005082718
1.126312500,-0.005742922
1.126375000,-0.006068932
1.126437500,-0.006146715
1.126500000,-0.006118086
1.126562500,-0.006042694
1.126625000,-0.006053246
1.126687500,-0.006225707
1.126750000,-0.006588709
1.126812500,-0.007062388
1.126875000,-0.007667555
1.126937500,-0.008435996
1.127000000,-0.009412440
1.127062500,-0.010562832
1.127125000,-0.011923986
1.127187500,-0.013497278
1.127250000,-0.015248154
1.127312500,-0.017050324
1.127375000,-0.018854603
1.127437500,-0.020634064
1.127500000,-0.022401609
1.127562500,-0.024148470
1.127625000,-0.025953226
1.127687500,-0.027875099
1.127750000,-0.029931562
1.127812500,-0.032041188
1.127875000,-0.034158528
1.127937500,-0.036243815
1.128000000,-0.038308635
1.128062500,-0.040383644
1.128125000,-0.042596478
1.128187500,-0.045040160
1.128250000,-0.047721073
1.128312500,-0.050492737
1.128375000,-0.053171646
1.128437500,-0.055552218
1.128500000,-0.057510015
1.128562500,-0.059029844
1.128625000,-0.060274482
1.128687500,-0.061447196
1.128750000,-0.062686861
1.128812500,-0.063949108
1.128875000,-0.065080591
1.128937500,-0.065828234
1.129000000,-0.065981209
1.129062500,-0.065453924
1.129125000,-0.064403869
1.129187500,-0.063105501
1.129250000,-0.061839733
1.129312500,-0.060732093
1.129375000,-0.059789725
1.129437500,-0.058849640
1.129500000,-0.057698261
1.129562500,-0.056146666
1.129625000,-0.054231346
1.129687500,-0.052104607
1.129750000,-0.049980059
1.129812500,-0.047971930
1.129875000,-0.046187751
1.129937500,-0.044576470
1.130000000,-0.043014854
1.130062500,-0.041325063
1.130125000,-0.039529890
1.130187500,-0.037698474
1.130250000,-0.035955522
1.130312500,-0.034347549
1.130375000,-0.032989867
1.130437500,-0.031840939
1.130500000,-0.030778680
1.130562500,-0.029587410
1.130625000,-0.028255487
1.130687500,-0.026795559
1.130750000,-0.025319466
1.130812500,-0.023921881
1.130875000,-0.022868762
1.130937500,-0.022252550
1.131000000,-0.022025112
1.131062500,-0.021918103
1.131125000,-0.021804346
1.131187500,-0.021487998
1.131250000,-0.020895619
1.131312500,-0.020034829
1.131375000,-0.019268580
1.131437500,-0.018890822
1.131500000,-0.019107254
1.131562500,-0.019860422
1.131625000,-0.021127468
1.131687500,-0.022655483
1.131750000,-0.024189973
1.131812500,-0.025506610
1.131875000,-0.026750283
1.131937500,-0.028077118
1.132000000,-0.029649187
1.132062500,-0.031448219
1.132125000,-0.033483505
1.132187500,-0.035521530
1.132250000,-0.037273265
1.132312500,-0.038449895
1.132375000,-0.039082266
1.132437500,-0.039279599
1.132500000,-0.039249878
1.132562500,-0.039149109
1.132625000,-0.039186619
1.132687500,-0.039375253
1.132750000,-0.039626375
1.132812500,-0.039780691
1.132875000,-0.039833564
1.132937500,-0.039809369
1.133000000,-0.039814625
1.133062500,-0.039964829
1.133125000,-0.040431879
1.133187500,-0.041253377
1.133250000,-0.042355984
1.133312500,-0.043556605
1.133375000,-0.044685520
1.133437500,-0.045549989
1.133500000,-0.046026833
1.133562500,-0.046084851
1.133625000,-0.045836169
1.133687500,-0.045422357
1.133750000,-0.044991467
1.133812500,-0.044644114
1.133875000,-0.044432905
1.133937500,-0.044301782
1.134000000,-0.044144347
1.134062500,-0.043855164
1.134125000,-0.043386135
1.134187500,-0.042719617
1.134250000,-0.041885361
1.134312500,-0.040943444
1.134375000,-0.039965469
1.134437500,-0.038965967
1.134500000,-0.037932139
1.134562500,-0.036848586
1.134625000,-0.035714179
1.134687500,-0.034489166
1.134750000,-0.033131793
1.134812500,-0.031612732
1.134875000,-0.029946575
1.134937500,-0.028122976
1.135000000,-0.026166586
1.135062500,-0.024148272
1.135125000,-0.022195160
1.135187500,-0.020360040
1.135250000,-0.018636633
1.135312500,-0.016958844
1.135375000,-0.015265637
1.135437500,-0.013453570
1.135500000,-0.011483178
1.135562500,-0.009416218
1.135625000,-0.007442157
1.135687500,-0.005715462
1.135750000,-0.004329723
1.135812500,-0.003266252
1.135875000,-0.002440903
1.135937500,-0.001639751
1.136000000,-0.000658871
1.136062500,0.000609082
1.136125000,0.002082333
1.136187500,0.003630509
1.136250000,0.005082718
1.136312500,0.006303587
1.136375000,0.007208857
1.136437500,0.007898913
1.136500000,0.008565322
1.136562500,0.009407778
1.136625000,0.010515714
1.136687500,0.011925162
1.136750000,0.013553915
1.136812500,0.015221000
1.136875000,0.016685436
1.136937500,0.017807702
1.137000000,0.018542508
1.137062500,0.018926190
1.137125000,0.019031886
1.137187500,0.018995652
1.137250000,0.018919006
1.137312500,0.018821411
1.137375000,0.018639723
1.137437500,0.018331589
1.137500000,0.017883638
1.137562500,0.017323630
1.137625000,0.016718965
1.137687500,0.016186981
1.137750000,0.015812902
1.137812500,0.015590239
1.137875000,0.015436085
1.137937500,0.015251847
1.138000000,0.014965781
1.138062500,0.014563782
1.138125000,0.014136774
1.138187500,0.013844408
1.138250000,0.013836288
1.138312500,0.014159292
1.138375000,0.014764950
1.138437500,0.015504072
1.138500000,0.016189398
1.138562500,0.016651548
1.138625000,0.016854310
1.138687500,0.016870003
1.138750000,0.016848268
1.138812500,0.016921433
1.138875000,0.017221207
1.138937500,0.017779127
1.139000000,0.018542508
1.139062500,0.019371439
1.139125000,0.020181375
1.139187500,0.020892013
1.139250000,0.021460366
1.139312500,0.021830600
1.139375000,0.022051306
1.139437500,0.022143479
1.139500000,0.022119237
1.139562500,0.021928523
1.139625000,0.021619529
1.139687500,0.021205269
1.139750000,0.020707369
1.139812500,0.020101443
1.139875000,0.019493498
1.139937500,0.018954081
1.140000000,0.018542508
1.140062500,0.018228102
1.140125000,0.018065207
1.140187500,0.018030893
1.140250000,0.018071886
1.140312500,0.018058037
1.140375000,0.017977316
1.140437500,0.017797068
1.140500000,0.017507140
1.140562500,0.017064787
1.140625000,0.016561672
1.140687500,0.016080044
1.140750000,0.015718777
1.140812500,0.015521059
1.140875000,0.015604749
1.140937500,0.015999312
1.141000000,0.016660020
1.141062500,0.017427688
1.141125000,0.018207008
1.141187500,0.018898388
1.141250000,0.019483753
1.141312500,0.020005258
1.141375000,0.020655015
1.141437500,0.021587852
1.141500000,0.022872232
1.141562500,0.024413973
1.141625000,0.026060905
1.141687500,0.027581576
1.141750000,0.028802069
1.141812500,0.029669235
1.141875000,0.030344952
1.141937500,0.031052707
1.142000000,0.032002300
1.142062500,0.033276081
1.142125000,0.034841236
1.142187500,0.036502533
1.142250000,0.038026262
1.142312500,0.039234735
1.142375000,0.040103920
1.142437500,0.040679518
1.142500000,0.041038241
1.142562500,0.041213594
1.142625000,0.041201882
1.142687500,0.040935647
1.142750000,0.040379371
1.142812500,0.039589301
1.142875000,0.038744055
1.142937500,0.038028222
1.143000000,0.037555639
1.143062500,0.037294209
1.143125000,0.037077609
1.143187500,0.036640320
1.143250000,0.035767276
1.143312500,0.034405276
1.143375000,0.032707430
1.143437500,0.030920923
1.143500000,0.029272690
1.143562500,0.027844068
1.143625000,0.026553867
1.143687500,0.025164910
1.143750000,0.023436978
1.143812500,0.021256402
1.143875000,0.018740574
1.143937500,0.016138939
1.144000000,0.013742164
1.144062500,0.011740647
1.144125000,0.010186230
1.144187500,0.008924939
1.144250000,0.007718201
1.144312500,0.006356589
1.144375000,0.004813788
1.144437500,0.003170420
1.144500000,0.001600115
1.144562500,0.000267017
1.144625000,-0.000683865
1.144687500,-0.001269156
1.144750000,-0.001600115
1.144812500,-0.001838683
1.144875000,-0.002050966
1.144937500,-0.002307845
1.145000000,-0.002635483
1.145062500,-0.003052722
1.145125000,-0.003507047
1.145187500,-0.004019159
1.145250000,-0.004612096
1.145312500,-0.005298267
1.145375000,-0.005973752
1.145437500,-0.006558730
1.145500000,-0.006965206
1.145562500,-0.007138085
1.145625000,-0.006996615
1.145687500,-0.006568814
1.145750000,-0.005929837
1.145812500,-0.005195398
1.145875000,-0.004408298
1.145937500,-0.003655360
1.146000000,-0.003011981
1.146062500,-0.002555131
1.146125000,-0.002268228
1.146187500,-0.002149374
1.146250000,-0.002164861
1.146312500,-0.002276197
1.146375000,-0.002363517
1.146437500,-0.002363376
1.146500000,-0.002258986
1.146562500,-0.002115276
1.146625000,-0.001961539
1.146687500,-0.001848477
1.146750000,-0.001788364
1.146812500,-0.001777278
1.146875000,-0.001705861
1.146937500,-0.001495050
1.147000000,-0.001129493
1.147062500,-0.000725045
1.147125000,-0.000399266
1.147187500,-0.000290009
1.147250000,-0.000470622
1.147312500,-0.000950009
1.147375000,-0.001556445
1.147437500,-0.002079895
1.147500000,-0.002353110
1.147562500,-0.002376769
1.147625000,-0.002209307
1.147687500,-0.001998807
1.147750000,-0.001882488
1.147812500,-0.001953253
1.147875000,-0.002105349
1.147937500,-0.002146909
1.148000000,-0.001882488
1.148062500,-0.001254899
1.148125000,-0.000285065
1.148187500,0.000884937
1.148250000,0.002070737
1.148312500,0.003089937
1.148375000,0.003933025
1.148437500,0.004700587
1.148500000,0.005553340
1.148562500,0.006588751
1.148625000,0.007891392
1.148687500,0.009450995
1.148750000,0.011200804
1.148812500,0.013025034
1.148875000,0.014892307
1.148937500,0.016794913
1.149000000,0.018730756
1.149062500,0.020638371
1.149125000,0.022464259
1.149187500,0.024134360
1.149250000,0.025601838
1.149312500,0.026860161
1.149375000,0.028000463
1.149437500,0.029146584
1.149500000,0.030402184
1.149562500,0.031785194
1.149625000,0.033239946
1.149687500,0.034643117
1.149750000,0.035861399
1.149812500,0.036798973
1.149875000,0.037447549
1.149937500,0.037861921
1.150000000,0.038120385
1.150062500,0.038274877
1.150125000,0.038331207
1.150187500,0.038259201
1.150250000,0.038026262
1.150312500,0.037632182
1.150375000,0.037136115
1.150437500,0.036638513
1.150500000,0.036237895
1.150562500,0.035981748
1.150625000,0.035846528
1.150687500,0.035748027
1.150750000,0.035579026
1.150812500,0.035254322
1.150875000,0.034747306
1.150937500,0.034083918
1.151000000,0.033320040
1.151062500,0.032504160
1.151125000,0.031657219
1.151187500,0.030753102
1.151250000,0.029743314
1.151312500,0.028581448
1.151375000,0.027255448
1.151437500,0.025758736
1.151500000,0.024095848
1.151562500,0.022271907
1.151625000,0.020322226
1.151687500,0.018274026
1.151750000,0.016189398
1.151812500,0.014168511
1.151875000,0.012363575
1.151937500,0.010865514
1.152000000,0.009694814
1.152062500,0.008783839
1.152125000,0.008030768
1.152187500,0.007273867
1.152250000,0.006400459
1.152312500,0.005400075
1.152375000,0.004416763
1.152437500,0.003606098
1.152500000,0.003106105
1.152562500,0.002965595
1.152625000,0.003167844
1.152687500,0.003538736
1.152750000,0.003859101
1.152812500,0.003938898
1.152875000,0.003740469
1.152937500,0.003277219
1.153000000,0.002635483
1.153062500,0.001918130
1.153125000,0.001260207
1.153187500,0.000691179
1.153250000,0.000188249
1.153312500,-0.000301485
1.153375000,-0.000768093
1.153437500,-0.001231541
1.153500000,-0.001694239
1.153562500,-0.002157056
1.153625000,-0.002569427
1.153687500,-0.002940989
1.153750000,-0.003294354
1.153812500,-0.003660909
1.153875000,-0.004019806
1.153937500,-0.004391134
1.154000000,-0.004800345
1.154062500,-0.005284151
1.154125000,-0.005839233
1.154187500,-0.006490714
1.154250000,-0.007247579
1.154312500,-0.008088644
1.154375000,-0.008946746
1.154437500,-0.009756407
1.154500000,-0.010447809
1.154562500,-0.010950379
1.154625000,-0.011221725
1.154687500,-0.011262762
1.154750000,-0.011106680
1.154812500,-0.010789940
1.154875000,-0.010372203
1.154937500,-0.009904401
1.155000000,-0.009412440
1.155062500,-0.008875378
1.155125000,-0.008290803
1.155187500,-0.007670255
1.155250000,-0.007059331
1.155312500,-0.006515121
1.155375000,-0.006131702
1.155437500,-0.005970748
1.155500000,-0.006023962
1.155562500,-0.006179338
1.155625000,-0.006303045
1.155687500,-0.006268808
1.155750000,-0.006023962
1.155812500,-0.005599652
1.155875000,-0.005143384
1.155937500,-0.004814613
1.156000000,-0.004706220
1.156062500,-0.004766949
1.156125000,-0.004867037
1.156187500,-0.004825223
1.156250000,-0.004517972
1.156312500,-0.003938595
1.156375000,-0.003270839
1.156437500,-0.002783395
1.156500000,-0.002729608
1.156562500,-0.003219558
1.156625000,-0.004225097
1.156687500,-0.005556929
1.156750000,-0.006965206
1.156812500,-0.008227217
1.156875000,-0.009277861
1.156937500,-0.010165531
1.157000000,-0.011012556
1.157062500,-0.011915981
1.157125000,-0.012929849
1.157187500,-0.013990107
1.157250000,-0.014965781
1.157312500,-0.015710810
1.157375000,-0.016179649
1.157437500,-0.016399417
1.157500000,-0.016471772
1.157562500,-0.016509660
1.157625000,-0.016627718
1.157687500,-0.016852109
1.157750000,-0.017130643
1.157812500,-0.017346928
1.157875000,-0.017414672
1.157937500,-0.017276632
1.158000000,-0.016942395
1.158062500,-0.016475221
1.158125000,-0.016000252
1.158187500,-0.015629899
1.158250000,-0.015436403
1.158312500,-0.015419737
1.158375000,-0.015533128
1.158437500,-0.015671801
1.158500000,-0.015718777
1.158562500,-0.015581921
1.158625000,-0.015243378
1.158687500,-0.014751455
1.158750000,-0.014212786
1.158812500,-0.013753269
1.158875000,-0.013468026
1.158937500,-0.013367156
1.159000000,-0.013365666
1.159062500,-0.013312774
1.159125000,-0.013039071
1.159187500,-0.012430022
1.159250000,-0.011483178
1.159312500,-0.010324433
1.159375000,-0.009167069
1.159437500,-0.008222163
1.159500000,-0.007624077
1.159562500,-0.007381774
1.159625000,-0.007396621
1.159687500,-0.007495253
1.159750000,-0.007529953
1.159812500,-0.007442996
1.159875000,-0.007316979
1.159937500,-0.007278570
1.160000000,-0.007435828
1.160062500,-0.007793078
1.160125000,-0.008265483
1.160187500,-0.008653986
1.160250000,-0.008753570
1.160312500,-0.008429214
1.160375000,-0.007737848
1.160437500,-0.006835226
1.160500000,-0.005929837
1.160562500,-0.005164558
1.160625000,-0.004641002
1.160687500,-0.004311380
1.160750000,-0.004047350
1.160812500,-0.003676730
1.160875000,-0.003145969
1.160937500,-0.002441489
1.161000000,-0.001600115
1.161062500,-0.000637799
1.161125000,0.000365194
1.161187500,0.001373978
1.161250000,0.002353110
1.161312500,0.003285978
1.161375000,0.004061268
1.161437500,0.004605677
1.161500000,0.004894469
1.161562500,0.005009371
1.161625000,0.005018835
1.161687500,0.005026427
1.161750000,0.005082718
1.161812500,0.005173281
1.161875000,0.005148994
1.161937500,0.004864083
1.162000000,0.004235599
1.162062500,0.003316408
1.162125000,0.002247610
1.162187500,0.001241945
1.162250000,0.000470622
1.162312500,-0.000015265
1.162375000,-0.000339958
1.162437500,-0.000726367
1.162500000,-0.001411866
1.162562500,-0.002547868
1.162625000,-0.004145048
1.162687500,-0.006064503
1.162750000,-0.008094699
1.162812500,-0.010052214
1.162875000,-0.011824704
1.162937500,-0.013386744
1.163000000,-0.014777532
1.163062500,-0.016074780
1.163125000,-0.017287461
1.163187500,-0.018379141
1.163250000,-0.019295502
1.163312500,-0.020045046
1.163375000,-0.020631680
1.163437500,-0.021110840
1.163500000,-0.021554491
1.163562500,-0.022056745
1.163625000,-0.022584593
1.163687500,-0.023053221
1.163750000,-0.023342853
1.163812500,-0.023394292
1.163875000,-0.023106940
1.163937500,-0.022454096
1.164000000,-0.021460366
1.164062500,-0.020232081
1.164125000,-0.018804204
1.164187500,-0.017224411
1.164250000,-0.015530528
1.164312500,-0.013803247
1.164375000,-0.012046667
1.164437500,-0.010289432
1.164500000,-0.008565322
1.164562500,-0.006950631
1.164625000,-0.005438128
1.164687500,-0.004013884
1.164750000,-0.002635483
1.164812500,-0.001275935
1.164875000,0.000164880
1.164937500,0.001766527
1.165000000,0.003576728
1.165062500,0.005562637
1.165125000,0.007708147
1.165187500,0.009974305
1.165250000,0.012330297
1.165312500,0.014733515
1.165375000,0.017191026
1.165437500,0.019699285
1.165500000,0.022213360
1.165562500,0.024615059
1.165625000,0.026776683
1.165687500,0.028613091
1.165750000,0.030119810
1.165812500,0.031372990
1.165875000,0.032517537
1.165937500,0.033710796
1.166000000,0.035014279
1.166062500,0.036328193
1.166125000,0.037416294
1.166187500,0.038034204
1.166250000,0.038026262
1.166312500,0.037406210
1.166375000,0.036358282
1.166437500,0.035208147
1.166500000,0.034261286
1.166562500,0.033673119
1.166625000,0.033382751
1.166687500,0.033209953
1.166750000,0.032943543
1.166812500,0.032452025
1.166875000,0.031742495
1.166937500,0.030966388
1.167000000,0.030308058
1.167062500,0.029870134
1.167125000,0.029623376
1.167187500,0.029441746
1.167250000,0.029178567
1.167312500,0.028752087
1.167375000,0.028198751
1.167437500,0.027641306
1.167500000,0.027201954
1.167562500,0.026907740
1.167625000,0.026673913
1.167687500,0.026324844
1.167750000,0.025695963
1.167812500,0.024717709
1.167875000,0.023502251
1.167937500,0.022251355
1.168000000,0.021177992
1.168062500,0.020385139
1.168125000,0.019882804
1.168187500,0.019520879
1.168250000,0.019107254
1.168312500,0.018482843
1.168375000,0.017678495
1.168437500,0.016780056
1.168500000,0.015907025
1.168562500,0.015106011
1.168625000,0.014425969
1.168687500,0.013784812
1.168750000,0.013083293
1.168812500,0.012240876
1.168875000,0.011374990
1.168937500,0.010610454
1.169000000,0.010071312
1.169062500,0.009768602
1.169125000,0.009717331
1.169187500,0.009781643
1.169250000,0.009788939
1.169312500,0.009552538
1.169375000,0.009092642
1.169437500,0.008453699
1.169500000,0.007718201
1.169562500,0.006902646
1.169625000,0.006106881
1.169687500,0.005341189
1.169750000,0.004612096
1.169812500,0.003901018
1.169875000,0.003353487
1.169937500,0.003069978
1.170000000,0.003106105
1.170062500,0.003372413
1.170125000,0.003821830
1.170187500,0.004308917
1.170250000,0.004706220
1.170312500,0.004901943
1.170375000,0.005008529
1.170437500,0.005152795
1.170500000,0.005459215
1.170562500,0.005929165
1.170625000,0.006588566
1.170687500,0.007346919
1.170750000,0.008094699
1.170812500,0.008709605
1.170875000,0.009256583
1.170937500,0.009829096
1.171000000,0.010541934
1.171062500,0.011424736
1.171125000,0.012537676
1.171187500,0.013838262
1.171250000,0.015248154
1.171312500,0.016652590
1.171375000,0.018068528
1.171437500,0.019529099
1.171500000,0.021083867
1.171562500,0.022711629
1.171625000,0.024416724
1.171687500,0.026113402
1.171750000,0.027672576
1.171812500,0.028922077
1.171875000,0.029817401
1.171937500,0.030371869
1.172000000,0.030684557
1.172062500,0.030870691
1.172125000,0.031135265
1.172187500,0.031619530
1.172250000,0.032378796
1.172312500,0.033324338
1.172375000,0.034360517
1.172437500,0.035341851
1.172500000,0.036143772
1.172562500,0.036657594
1.172625000,0.036920428
1.172687500,0.037004679
1.172750000,0.036990892
1.172812500,0.036879931
1.172875000,0.036708347
1.172937500,0.036465507
1.173000000,0.036143772
1.173062500,0.035716370
1.173125000,0.035267308
1.173187500,0.034865566
1.173250000,0.034543656
1.173312500,0.034224983
1.173375000,0.033854593
1.173437500,0.033345439
1.173500000,0.032661170
1.173562500,0.031816609
1.173625000,0.030985784
1.173687500,0.030347174
1.173750000,0.030025685
1.173812500,0.029990740
1.173875000,0.030154791
1.173937500,0.030321538
1.174000000,0.030308058
1.174062500,0.030000437
1.174125000,0.029497577
1.174187500,0.028969979
1.174250000,0.028613821
1.174312500,0.028530171
1.174375000,0.028775113
1.174437500,0.029237794
1.174500000,0.029743314
1.174562500,0.030112099
1.174625000,0.030325949
1.174687500,0.030419655
1.174750000,0.030496309
1.174812500,0.030651907
1.174875000,0.031003371
1.174937500,0.031542268
1.175000000,0.032190546
1.175062500,0.032826748
1.175125000,0.033397306
1.175187500,0.033826694
1.175250000,0.034073036
1.175312500,0.034122385
1.175375000,0.034010194
1.175437500,0.033718191
1.175500000,0.033225916
1.175562500,0.032541331
1.175625000,0.031714648
1.175687500,0.030770399
1.175750000,0.029743314
1.175812500,0.028692832
1.175875000,0.027675718
1.175937500,0.026686106
1.176000000,0.025695963
1.176062500,0.024694970
1.176125000,0.023668917
1.176187500,0.022570910
1.176250000,0.021366240
1.176312500,0.020077726
1.176375000,0.018745497
1.176437500,0.017402185
1.176500000,0.016095273
1.176562500,0.014905320
1.176625000,0.013886931
1.176687500,0.013020417
1.176750000,0.012236172
1.176812500,0.011457267
1.176875000,0.010594108
1.176937500,0.009550329
1.177000000,0.008282948
1.177062500,0.006837490
1.177125000,0.005319552
1.177187500,0.003810175
1.177250000,0.002353110
1.177312500,0.000937845
1.177375000,-0.000492984
1.177437500,-0.002078479
1.177500000,-0.003953225
1.177562500,-0.006190190
1.177625000,-0.008734474
1.177687500,-0.011489297
1.177750000,-0.014306910
1.177812500,-0.017036995
1.177875000,-0.019505782
1.177937500,-0.021642923
1.178000000,-0.023436978
1.178062500,-0.024929227
1.178125000,-0.026128180
1.178187500,-0.027107650
1.178250000,-0.027954949
1.178312500,-0.028771792
1.178375000,-0.029588357
1.178437500,-0.030447094
1.178500000,-0.031343430
1.178562500,-0.032232430
1.178625000,-0.032971211
1.178687500,-0.033451036
1.178750000,-0.033602413
1.178812500,-0.033439182
1.178875000,-0.032993894
1.178937500,-0.032380648
1.179000000,-0.031719927
1.179062500,-0.031107647
1.179125000,-0.030524524
1.179187500,-0.029912179
1.179250000,-0.029178567
1.179312500,-0.028254203
1.179375000,-0.027076542
1.179437500,-0.025665654
1.179500000,-0.024095848
1.179562500,-0.022477971
1.179625000,-0.020881062
1.179687500,-0.019350158
1.179750000,-0.017883638
1.179812500,-0.016454916
1.179875000,-0.014998911
1.179937500,-0.013470174
1.180000000,-0.011859675
1.180062500,-0.010215869
1.180125000,-0.008609393
1.180187500,-0.007124667
1.180250000,-0.005835713
1.180312500,-0.004796260
1.180375000,-0.004000767
1.180437500,-0.003377486
1.180500000,-0.002823732
1.180562500,-0.002250180
1.180625000,-0.001605064
1.180687500,-0.000852078
1.180750000,-0.000000000
1.180812500,0.000895701
1.180875000,0.001749780
1.180937500,0.002522681
1.181000000,0.003200230
1.181062500,0.003782646
1.181125000,0.004269647
1.181187500,0.004715401
1.181250000,0.005176842
1.181312500,0.005683991
1.181375000,0.006206447
1.181437500,0.006717070
1.181500000,0.007153455
1.181562500,0.007424056
1.181625000,0.007432255
1.181687500,0.007184742
1.181750000,0.006776957
1.181812500,0.006366613
1.181875000,0.006114871
1.181937500,0.006173871
1.182000000,0.006588709
1.182062500,0.007260399
1.182125000,0.007982675
1.182187500,0.008573222
1.182250000,0.008941819
1.182312500,0.009130888
1.182375000,0.009317637
1.182437500,0.009755206
1.182500000,0.010636058
1.182562500,0.011979192
1.182625000,0.013613045
1.182687500,0.015244722
1.182750000,0.016565897
1.182812500,0.017362947
1.182875000,0.017615905
1.182937500,0.017484885
1.183000000,0.017224766
1.183062500,0.017058128
1.183125000,0.017116504
1.183187500,0.017395370
1.183250000,0.017789513
1.183312500,0.018148258
1.183375000,0.018383518
1.183437500,0.018472292
1.183500000,0.018448384
1.183562500,0.018345810
1.183625000,0.018219387
1.183687500,0.018092351
1.183750000,0.017977761
1.183812500,0.017874232
1.183875000,0.017829079
1.183937500,0.017867854
1.184000000,0.017977761
1.184062500,0.018070338
1.184125000,0.018065942
1.184187500,0.017882878
1.184250000,0.017507140
1.184312500,0.016999273
1.184375000,0.016532535
1.184437500,0.016268050
1.184500000,0.016283523
1.184562500,0.016495764
1.184625000,0.016734619
1.184687500,0.016758893
1.184750000,0.016377648
1.184812500,0.015517528
1.184875000,0.014322288
1.184937500,0.013042680
1.185000000,0.011953799
1.185062500,0.011218466
1.185125000,0.010911103
1.185187500,0.010935504
1.185250000,0.011106680
1.185312500,0.011204720
1.185375000,0.011164977
1.185437500,0.011003029
1.185500000,0.010824307
1.185562500,0.010732778
1.185625000,0.010863164
1.185687500,0.011232601
1.185750000,0.011765551
1.185812500,0.012301233
1.185875000,0.012747127
1.185937500,0.013034905
1.186000000,0.013177417
1.186062500,0.013228421
1.186125000,0.013333596
1.186187500,0.013569718
1.186250000,0.013930413
1.186312500,0.014289958
1.186375000,0.014541070
1.186437500,0.014560511
1.186500000,0.014306910
1.186562500,0.013821188
1.186625000,0.013315672
1.186687500,0.012993473
1.186750000,0.012989169
1.186812500,0.013270765
1.186875000,0.013737629
1.186937500,0.014177538
1.187000000,0.014401034
1.187062500,0.014306659
1.187125000,0.014032409
1.187187500,0.013817012
1.187250000,0.013930413
1.187312500,0.014521376
1.187375000,0.015644910
1.187437500,0.017142544
1.187500000,0.018730756
1.187562500,0.020067647
1.187625000,0.020952012
1.187687500,0.021283058
1.187750000,0.021083867
1.187812500,0.020428926
1.187875000,0.019496750
1.187937500,0.018444197
1.188000000,0.017413015
1.188062500,0.016490759
1.188125000,0.015799729
1.188187500,0.015390872
1.188250000,0.015248154
1.188312500,0.015251359
1.188375000,0.015317759
1.188437500,0.015355983
1.188500000,0.015342278
1.188562500,0.015305228
1.188625000,0.015407844
1.188687500,0.015780851
1.188750000,0.016471772
1.188812500,0.017359927
1.188875000,0.018288072
1.188937500,0.019024773
1.189000000,0.019389628
1.189062500,0.019295830
1.189125000,0.018888172
1.189187500,0.018396301
1.189250000,0.018071886
1.189312500,0.018050002
1.189375000,0.018406544
1.189437500,0.019043397
1.189500000,0.019766126
1.189562500,0.020323668
1.189625000,0.020628648
1.189687500,0.020685386
1.189750000,0.020613244
1.189812500,0.020543791
1.189875000,0.020665711
1.189937500,0.021031652
1.190000000,0.021554491
1.190062500,0.021991346
1.190125000,0.022173423
1.190187500,0.021981403
1.190250000,0.021460366
1.190312500,0.020779094
1.190375000,0.020300958
1.190437500,0.020305840
1.190500000,0.020895619
1.190562500,0.021878395
1.190625000,0.022971900
1.190687500,0.023799244
1.190750000,0.024095848
1.190812500,0.023775553
1.190875000,0.023117121
1.190937500,0.022510067
1.191000000,0.022307485
1.191062500,0.022593319
1.191125000,0.023300696
1.191187500,0.024113048
1.191250000,0.024660595
1.191312500,0.024635140
1.191375000,0.024104957
1.191437500,0.023349002
1.191500000,0.022778107
1.191562500,0.022681784
1.191625000,0.023298463
1.191687500,0.024558030
1.191750000,0.026166586
1.191812500,0.027656093
1.191875000,0.028743455
1.191937500,0.029267987
1.192000000,0.029272690
1.192062500,0.028886728
1.192125000,0.028439356
1.192187500,0.028160658
1.192250000,0.028143197
1.192312500,0.028254841
1.192375000,0.028392669
1.192437500,0.028405553
1.192500000,0.028237322
1.192562500,0.027897198
1.192625000,0.027672721
1.192687500,0.027826481
1.192750000,0.028519696
1.192812500,0.029648304
1.192875000,0.031079335
1.192937500,0.032555126
1.193000000,0.033884790
1.193062500,0.034968361
1.193125000,0.036027428
1.193187500,0.037290592
1.193250000,0.038873378
1.193312500,0.040583119
1.193375000,0.042171516
1.193437500,0.043291338
1.193500000,0.043767847
1.193562500,0.043672957
1.193625000,0.043516740
1.193687500,0.043844558
1.193750000,0.044991467
1.193812500,0.046793301
1.193875000,0.048818462
1.193937500,0.050396152
1.194000000,0.051015429
1.194062500,0.050524227
1.194125000,0.049394868
1.194187500,0.048305243
1.194250000,0.047815196
1.194312500,0.047974497
1.194375000,0.048490334
1.194437500,0.048734616
1.194500000,0.048191696
1.194562500,0.046729714
1.194625000,0.044935342
1.194687500,0.043683894
1.194750000,0.043767847
1.194812500,0.045401726
1.194875000,0.048270687
1.194937500,0.051462993
1.195000000,0.053933285
1.195062500,0.054892633
1.195125000,0.054333735
1.195187500,0.052811220
1.195250000,0.051203676
1.195312500,0.050221395
1.195375000,0.050286803
1.195437500,0.051217567
1.195500000,0.052427296
1.195562500,0.053157829
1.195625000,0.053035025
1.195687500,0.052019324
1.195750000,0.050450683
1.195812500,0.048787802
1.195875000,0.047618512
1.195937500,0.047215693
1.196000000,0.047532827
1.196062500,0.048179451
1.196125000,0.048853461
1.196187500,0.049242858
1.196250000,0.049227066
1.196312500,0.048836872
1.196375000,0.048413273
1.196437500,0.048237596
1.196500000,0.048474070
1.196562500,0.049014144
1.196625000,0.049744528
1.196687500,0.050353322
1.196750000,0.050544810
1.196812500,0.050092626
1.196875000,0.049160331
1.196937500,0.048025403
1.197000000,0.047062203
1.197062500,0.046524677
1.197125000,0.046658877
1.197187500,0.047362294
1.197250000,0.048285823
1.197312500,0.048904877
1.197375000,0.048894171
1.197437500,0.048096381
1.197500000,0.046685707
1.197562500,0.045064408
1.197625000,0.043890286
1.197687500,0.043571573
1.197750000,0.044144347
1.197812500,0.045182779
1.197875000,0.046158575
1.197937500,0.046527930
1.198000000,0.046120960
1.198062500,0.045230474
1.198125000,0.044648524
1.198187500,0.045059368
1.198250000,0.046685707
1.198312500,0.049008094
1.198375000,0.051049575
1.198437500,0.051619418
1.198500000,0.049980059
1.198562500,0.046240084
1.198625000,0.041523505
1.198687500,0.037347712
1.198750000,0.035014279
1.198812500,0.034989756
1.198875000,0.036851443
1.198937500,0.039392162
1.199000000,0.041320615
1.199062500,0.041862909
1.199125000,0.041191354
1.199187500,0.040060792
1.199250000,0.039344002
1.199312500,0.039432194
1.199375000,0.040087208
1.199437500,0.040412664
1.199500000,0.039438128
1.199562500,0.036667202
1.199625000,0.032522742
1.199687500,0.028045245
1.199750000,0.024472345
1.199812500,0.022621915
1.199875000,0.022644099
1.199937500,0.023845160
1.200000000,0.025131216
1.200062500,0.025510404
1.200125000,0.024642188
1.200187500,0.022759054
1.200250000,0.020519121
1.200312500,0.018591395
1.200375000,0.017457487
1.200437500,0.017093014
1.200500000,0.017130643
1.200562500,0.017074311
1.200625000,0.016673522
1.200687500,0.015860004
1.200750000,0.014777532
1.200812500,0.013618478
1.200875000,0.012620009
1.200937500,0.011812199
1.201000000,0.011106680
1.201062500,0.010349123
1.201125000,0.009537744
1.201187500,0.008672508
1.201250000,0.007812326
1.201312500,0.007013660
1.201375000,0.006387513
1.201437500,0.005943592
1.201500000,0.005647464
1.201562500,0.005422258
1.201625000,0.005292327
1.201687500,0.005241357
1.201750000,0.005270967
1.201812500,0.005363464
1.201875000,0.005579581
1.201937500,0.005886751
1.202000000,0.006212211
1.202062500,0.006435910
1.202125000,0.006542766
1.202187500,0.006511381
1.202250000,0.006400459
1.202312500,0.006330045
1.202375000,0.006512395
1.202437500,0.007071400
1.202500000,0.008000575
1.202562500,0.009117386
1.202625000,0.010168012
1.202687500,0.010838577
1.202750000,0.010918431
1.202812500,0.010387564
1.202875000,0.009468882
1.202937500,0.008478687
1.203000000,0.007718201
1.203062500,0.007344533
1.203125000,0.007346075
1.203187500,0.007524163
1.203250000,0.007624077
1.203312500,0.007456824
1.203375000,0.007004788
1.203437500,0.006373798
1.203500000,0.005741589
1.203562500,0.005262187
1.203625000,0.005012701
1.203687500,0.004953159
1.203750000,0.004988594
1.203812500,0.005040518
1.203875000,0.005103370
1.203937500,0.005222577
1.204000000,0.005459215
1.204062500,0.005836361
1.204125000,0.006306289
1.204187500,0.006754569
1.204250000,0.007059331
1.204312500,0.007154801
1.204375000,0.007063869
1.204437500,0.006872735
1.204500000,0.006682833
1.204562500,0.006548493
1.204625000,0.006450386
1.204687500,0.006286687
1.204750000,0.005929837
1.204812500,0.005283146
1.204875000,0.004348934
1.204937500,0.003203952
1.205000000,0.001976613
1.205062500,0.000785293
1.205125000,-0.000252986
1.205187500,-0.001084135
1.205250000,-0.001694239
1.205312500,-0.002114380
1.205375000,-0.002331581
1.205437500,-0.002365028
1.205500000,-0.002258986
1.205562500,-0.002114540
1.205625000,-0.002004826
1.205687500,-0.002009985
1.205750000,-0.002164861
1.205812500,-0.002464121
1.205875000,-0.002792121
1.205937500,-0.003032363
1.206000000,-0.003106105
1.206062500,-0.003043568
1.206125000,-0.002900857
1.206187500,-0.002793820
1.206250000,-0.002823732
1.206312500,-0.003057499
1.206375000,-0.003420570
1.206437500,-0.003792551
1.206500000,-0.004047350
1.206562500,-0.004141299
1.206625000,-0.004045570
1.206687500,-0.003805607
1.206750000,-0.003482603
1.206812500,-0.003144179
1.206875000,-0.002744152
1.206937500,-0.002218337
1.207000000,-0.001505991
1.207062500,-0.000618986
1.207125000,0.000426451
1.207187500,0.001562305
1.207250000,0.002729608
1.207312500,0.003894436
1.207375000,0.005126111
1.207437500,0.006508093
1.207500000,0.008094699
1.207562500,0.009842219
1.207625000,0.011634236
1.207687500,0.013279821
1.207750000,0.014589284
1.207812500,0.015441450
1.207875000,0.015846692
1.207937500,0.015935112
1.208000000,0.015907025
1.208062500,0.015961731
1.208125000,0.016230503
1.208187500,0.016757527
1.208250000,0.017507140
1.208312500,0.018402085
1.208375000,0.019339198
1.208437500,0.020227211
1.208500000,0.020989744
1.208562500,0.021581544
1.208625000,0.021955399
1.208687500,0.022114156
1.208750000,0.022119237
1.208812500,0.022106217
1.208875000,0.022196934
1.208937500,0.022484027
1.209000000,0.022966355
1.209062500,0.023547187
1.209125000,0.024003018
1.209187500,0.024108708
1.209250000,0.023719350
1.209312500,0.022855766
1.209375000,0.021650221
1.209437500,0.020329777
1.209500000,0.019107254
1.209562500,0.018106062
1.209625000,0.017295996
1.209687500,0.016550234
1.209750000,0.015718777
1.209812500,0.014712369
1.209875000,0.013536239
1.209937500,0.012270736
1.210000000,0.011012556
1.210062500,0.009808723
1.210125000,0.008636648
1.210187500,0.007404536
1.210250000,0.006023962
1.210312500,0.004468088
1.210375000,0.002834350
1.210437500,0.001266540
1.210500000,-0.000094124
1.210562500,-0.001193966
1.210625000,-0.002061007
1.210687500,-0.002852364
1.210750000,-0.003764976
1.210812500,-0.004961710
1.210875000,-0.006446201
1.210937500,-0.008118657
1.211000000,-0.009788939
1.211062500,-0.011270895
1.211125000,-0.012381800
1.211187500,-0.013084769
1.211250000,-0.013459790
1.211312500,-0.013684008
1.211375000,-0.013879417
1.211437500,-0.014147719
1.211500000,-0.014495159
1.211562500,-0.014850818
1.211625000,-0.015011852
1.211687500,-0.014805881
1.211750000,-0.014118661
1.211812500,-0.012960263
1.211875000,-0.011390806
1.211937500,-0.009598862
1.212000000,-0.007812326
1.212062500,-0.006254929
1.212125000,-0.005020769
1.212187500,-0.004143247
1.212250000,-0.003576728
1.212312500,-0.003248515
1.212375000,-0.003015178
1.212437500,-0.002773174
1.212500000,-0.002447235
1.212562500,-0.002016598
1.212625000,-0.001437887
1.212687500,-0.000720019
1.212750000,0.000094124
1.212812500,0.000907984
1.212875000,0.001663904
1.212937500,0.002306753
1.213000000,0.002823732
1.213062500,0.003228755
1.213125000,0.003626100
1.213187500,0.004124799
1.213250000,0.004800345
1.213312500,0.005629443
1.213375000,0.006557224
1.213437500,0.007478116
1.213500000,0.008282948
1.213562500,0.008875661
1.213625000,0.009250551
1.213687500,0.009465011
1.213750000,0.009600690
1.213812500,0.009701118
1.213875000,0.009780825
1.213937500,0.009823054
1.214000000,0.009788939
1.214062500,0.009631799
1.214125000,0.009346507
1.214187500,0.008990835
1.214250000,0.008659446
1.214312500,0.008440540
1.214375000,0.008406607
1.214437500,0.008604921
1.214500000,0.009035943
1.214562500,0.009643969
1.214625000,0.010358399
1.214687500,0.011113313
1.214750000,0.011859675
1.214812500,0.012563850
1.214875000,0.013224582
1.214937500,0.013859855
1.215000000,0.014495159
1.215062500,0.015151317
1.215125000,0.015845584
1.215187500,0.016594311
1.215250000,0.017413015
1.215312500,0.018315094
1.215375000,0.019297924
1.215437500,0.020334635
1.215500000,0.021366240
1.215562500,0.022307215
1.215625000,0.023060851
1.215687500,0.023544289
1.215750000,0.023719350
1.215812500,0.023610814
1.215875000,0.023287840
1.215937500,0.022832058
1.216000000,0.022307485
1.216062500,0.021744588
1.216125000,0.021128198
1.216187500,0.020414544
1.216250000,0.019577878
1.216312500,0.018651806
1.216375000,0.017723914
1.216437500,0.016902713
1.216500000,0.016283523
1.216562500,0.015911395
1.216625000,0.015751207
1.216687500,0.015679102
1.216750000,0.015530528
1.216812500,0.015160033
1.216875000,0.014489891
1.216937500,0.013519956
1.217000000,0.012330297
1.217062500,0.011050081
1.217125000,0.009807558
1.217187500,0.008668227
1.217250000,0.007624077
1.217312500,0.006607192
1.217375000,0.005536580
1.217437500,0.004340418
1.217500000,0.003011981
1.217562500,0.001626580
1.217625000,0.000330743
1.217687500,-0.000741378
1.217750000,-0.001505991
1.217812500,-0.001965010
1.217875000,-0.002196233
1.217937500,-0.002363042
1.218000000,-0.002635483
1.218062500,-0.003128858
1.218125000,-0.003850560
1.218187500,-0.004753680
1.218250000,-0.005741589
1.218312500,-0.006708839
1.218375000,-0.007555548
1.218437500,-0.008262195
1.218500000,-0.008847695
1.218562500,-0.009335591
1.218625000,-0.009704458
1.218687500,-0.009932134
1.218750000,-0.009977187
1.218812500,-0.009795334
1.218875000,-0.009361740
1.218937500,-0.008729137
1.219000000,-0.008000575
1.219062500,-0.007289113
1.219125000,-0.006696999
1.219187500,-0.006301568
1.219250000,-0.006118086
1.219312500,-0.006076018
1.219375000,-0.006088876
1.219437500,-0.006085000
1.219500000,-0.006023962
1.219562500,-0.005873895
1.219625000,-0.005688893
1.219687500,-0.005555332
1.219750000,-0.005553340
1.219812500,-0.005678331
1.219875000,-0.005937632
1.219937500,-0.006292821
1.220000000,-0.006682833
1.220062500,-0.006997107
1.220125000,-0.007233368
1.220187500,-0.007421703
1.220250000,-0.007624077
1.220312500,-0.007845341
1.220375000,-0.008159461
1.220437500,-0.008573057
1.220500000,-0.009035943
1.220562500,-0.009391217
1.220625000,-0.009584048
1.220687500,-0.009579940
1.220750000,-0.009412440
1.220812500,-0.009112974
1.220875000,-0.008863551
1.220937500,-0.008809813
1.221000000,-0.009035943
1.221062500,-0.009469500
1.221125000,-0.010077014
1.221187500,-0.010768081
1.221250000,-0.011483178
1.221312500,-0.012171625
1.221375000,-0.012968549
1.221437500,-0.014017677
1.221500000,-0.015436403
1.221562500,-0.017200524
1.221625000,-0.019279161
1.221687500,-0.021536438
1.221750000,-0.023813475
1.221812500,-0.025937418
1.221875000,-0.027892634
1.221937500,-0.029708076
1.222000000,-0.031437553
1.222062500,-0.033064499
1.222125000,-0.034598999
1.222187500,-0.035989270
1.222250000,-0.037179142
1.222312500,-0.038111228
1.222375000,-0.038861614
1.222437500,-0.039543744
1.222500000,-0.040285248
1.222562500,-0.041142229
1.222625000,-0.042158358
1.222687500,-0.043284863
1.222750000,-0.044426721
1.222812500,-0.045454949
1.222875000,-0.046331730
1.222937500,-0.047047824
1.223000000,-0.047626950
1.223062500,-0.048069317
1.223125000,-0.048406083
1.223187500,-0.048617575
1.223250000,-0.048662320
1.223312500,-0.048476551
1.223375000,-0.048066549
1.223437500,-0.047453236
1.223500000,-0.046685707
1.223562500,-0.045804966
1.223625000,-0.044890687
1.223687500,-0.043986004
1.223750000,-0.043108981
1.223812500,-0.042236969
1.223875000,-0.041369695
1.223937500,-0.040477723
1.224000000,-0.039532252
1.224062500,-0.038500369
1.224125000,-0.037412591
1.224187500,-0.036297746
1.224250000,-0.035202529
1.224312500,-0.034160484
1.224375000,-0.033242963
1.224437500,-0.032446481
1.224500000,-0.031719927
1.224562500,-0.030955657
1.224625000,-0.030102249
1.224687500,-0.029080559
1.224750000,-0.027860826
1.224812500,-0.026461108
1.224875000,-0.025035227
1.224937500,-0.023708615
1.225000000,-0.022589857
1.225062500,-0.021709925
1.225125000,-0.021113249
1.225187500,-0.020704167
1.225250000,-0.020330872
1.225312500,-0.019804806
1.225375000,-0.019083710
1.225437500,-0.018139599
1.225500000,-0.017036518
1.225562500,-0.015880939
1.225625000,-0.014905965
1.225687500,-0.014222395
1.225750000,-0.013836288
1.225812500,-0.013613413
1.225875000,-0.013440811
1.225937500,-0.013120649
1.226000000,-0.012518546
1.226062500,-0.011598270
1.226125000,-0.010530039
1.226187500,-0.009473803
1.226250000,-0.008565322
1.226312500,-0.007847340
1.226375000,-0.007326951
1.226437500,-0.006883745
1.226500000,-0.006400459
1.226562500,-0.005837693
1.226625000,-0.005284003
1.226687500,-0.004823916
1.226750000,-0.004517972
1.226812500,-0.004368357
1.226875000,-0.004296859
1.226937500,-0.004137557
1.227000000,-0.003764976
1.227062500,-0.003208192
1.227125000,-0.002623049
1.227187500,-0.002213496
1.227250000,-0.002164861
1.227312500,-0.002596604
1.227375000,-0.003440858
1.227437500,-0.004479192
1.227500000,-0.005459215
1.227562500,-0.006249967
1.227625000,-0.006796664
1.227687500,-0.007135414
1.227750000,-0.007341704
1.227812500,-0.007511447
1.227875000,-0.007600949
1.227937500,-0.007489572
1.228000000,-0.007059331
1.228062500,-0.006332722
1.228125000,-0.005372196
1.228187500,-0.004312873
1.228250000,-0.003294354
1.228312500,-0.002448269
1.228375000,-0.001706140
1.228437500,-0.000895353
1.228500000,0.000188249
1.228562500,0.001623559
1.228625000,0.003467206
1.228687500,0.005664349
1.228750000,0.008094699
1.228812500,0.010562002
1.228875000,0.013012427
1.228937500,0.015443236
1.229000000,0.017883638
1.229062500,0.020279359
1.229125000,0.022646492
1.229187500,0.024962628
1.229250000,0.027201954
1.229312500,0.029286757
1.229375000,0.031276498
1.229437500,0.033234153
1.229500000,0.035202529
1.229562500,0.037101660
1.229625000,0.038888801
1.229687500,0.040476348
1.229750000,0.041791238
1.229812500,0.042752102
1.229875000,0.043449845
1.229937500,0.044021238
1.230000000,0.044614971
1.230062500,0.045278721
1.230125000,0.046062723
1.230187500,0.046934046
1.230250000,0.047815196
1.230312500,0.048572943
1.230375000,0.049189534
1.230437500,0.049697552
1.230500000,0.050168309
1.230562500,0.050621051
1.230625000,0.051123902
1.230687500,0.051699571
1.230750000,0.052333172
1.230812500,0.052928489
1.230875000,0.053467494
1.230937500,0.053930562
1.231000000,0.054309785
1.231062500,0.054549929
1.231125000,0.054691952
1.231187500,0.054779507
1.231250000,0.054874528
1.231312500,0.054991797
1.231375000,0.055212632
1.231437500,0.055541642
1.231500000,0.055909898
1.231562500,0.056129199
1.231625000,0.056087188
1.231687500,0.055673383
1.231750000,0.054874528
1.231812500,0.053746141
1.231875000,0.052538175
1.231937500,0.051459514
1.232000000,0.050638933
1.232062500,0.050019663
1.232125000,0.049532883
1.232187500,0.048980553
1.232250000,0.048191696
1.232312500,0.047058541
1.232375000,0.045752458
1.232437500,0.044484600
1.232500000,0.043485478
1.232562500,0.042858087
1.232625000,0.042699572
1.232687500,0.042886645
1.232750000,0.043203104
1.232812500,0.043383751
1.232875000,0.043382041
1.232937500,0.043194916
1.233000000,0.042920731
1.233062500,0.042655706
1.233125000,0.042586613
1.233187500,0.042715982
1.233250000,0.042920731
1.233312500,0.042951897
1.233375000,0.042676702
1.233437500,0.041950826
1.233500000,0.040755868
1.233562500,0.039176088
1.233625000,0.037519239
1.233687500,0.036018979
1.233750000,0.034826029
1.233812500,0.033918537
1.233875000,0.033264663
1.233937500,0.032662541
1.234000000,0.031908173
1.234062500,0.030842984
1.234125000,0.029574711
1.234187500,0.028238071
1.234250000,0.027013704
1.234312500,0.026002308
1.234375000,0.025362263
1.234437500,0.025052292
1.234500000,0.024942968
1.234562500,0.024828909
1.234625000,0.024683697
1.234687500,0.024465172
1.234750000,0.024189973
1.234812500,0.023848804
1.234875000,0.023571109
1.234937500,0.023359405
1.235000000,0.023154603
1.235062500,0.022799427
1.235125000,0.022274043
1.235187500,0.021516446
1.235250000,0.020519121
1.235312500,0.019278979
1.235375000,0.017979488
1.235437500,0.016735381
1.235500000,0.015624652
1.235562500,0.014610519
1.235625000,0.013750673
1.235687500,0.013003082
1.235750000,0.012330297
1.235812500,0.011664820
1.235875000,0.011113820
1.235937500,0.010709736
1.236000000,0.010447809
1.236062500,0.010217902
1.236125000,0.010027434
1.236187500,0.009839927
1.236250000,0.009694814
1.236312500,0.009673066
1.236375000,0.010043871
1.236437500,0.010980721
1.236500000,0.012518546
1.236562500,0.014444310
1.236625000,0.016506486
1.236687500,0.018340746
1.236750000,0.019672001
1.236812500,0.020380147
1.236875000,0.020693757
1.236937500,0.020943873
1.237000000,0.021460366
1.237062500,0.022371614
1.237125000,0.023691462
1.237187500,0.025187807
1.237250000,0.026543085
1.237312500,0.027448939
1.237375000,0.027868861
1.237437500,0.027902940
1.237500000,0.027766701
1.237562500,0.027631875
1.237625000,0.027696488
1.237687500,0.027987428
1.237750000,0.028425572
1.237812500,0.028837055
1.237875000,0.029182479
1.237937500,0.029442221
1.238000000,0.029649187
1.238062500,0.029801484
1.238125000,0.029973432
1.238187500,0.030158574
1.238250000,0.030308058
1.238312500,0.030309211
1.238375000,0.030170882
1.238437500,0.029923776
1.238500000,0.029649187
1.238562500,0.029405672
1.238625000,0.029321488
1.238687500,0.029443832
1.238750000,0.029743314
1.238812500,0.030077865
1.238875000,0.030353781
1.238937500,0.030473154
1.239000000,0.030402184
1.239062500,0.030141745
1.239125000,0.029845396
1.239187500,0.029651359
1.239250000,0.029649187
1.239312500,0.029785937
1.239375000,0.030014744
1.239437500,0.030197630
1.239500000,0.030213933
1.239562500,0.029975886
1.239625000,0.029609371
1.239687500,0.029282639
1.239750000,0.029178567
1.239812500,0.029369624
1.239875000,0.029913129
1.239937500,0.030696645
1.240000000,0.031531677
1.240062500,0.032190893
1.240125000,0.032608576
1.240187500,0.032771572
1.240250000,0.032755297
1.240312500,0.032648992
1.240375000,0.032623101
1.240437500,0.032751374
1.240500000,0.033037666
1.240562500,0.033392772
1.240625000,0.033764578
1.240687500,0.034031235
1.240750000,0.034073036
1.240812500,0.033776145
1.240875000,0.033161316
1.240937500,0.032277204
1.241000000,0.031249303
1.241062500,0.030241907
1.241125000,0.029489938
1.241187500,0.029127065
1.241250000,0.029178567
1.241312500,0.029536912
1.241375000,0.030057885
1.241437500,0.030527024
1.241500000,0.030778680
1.241562500,0.030745341
1.241625000,0.030525466
1.241687500,0.030244742
1.241750000,0.030025685
1.241812500,0.029919688
1.241875000,0.029911652
1.241937500,0.029852388
1.242000000,0.029555064
1.242062500,0.028875513
1.242125000,0.027798019
1.242187500,0.026378069
1.242250000,0.024754720
1.242312500,0.023104915
1.242375000,0.021602144
1.242437500,0.020308146
1.242500000,0.019201379
1.242562500,0.018211594
1.242625000,0.017281627
1.242687500,0.016335655
1.242750000,0.015342278
1.242812500,0.014336536
1.242875000,0.013391002
1.242937500,0.012534184
1.243000000,0.011765551
1.243062500,0.011077080
1.243125000,0.010419658
1.243187500,0.009682169
1.243250000,0.008753570
1.243312500,0.007592085
1.243375000,0.006207926
1.243437500,0.004645282
1.243500000,0.003011981
1.243562500,0.001492052
1.243625000,0.000241556
1.243687500,-0.000681298
1.243750000,-0.001317742
1.243812500,-0.001759017
1.243875000,-0.002180046
1.243937500,-0.002776301
1.244000000,-0.003670852
1.244062500,-0.004828548
1.244125000,-0.006141912
1.244187500,-0.007485664
1.244250000,-0.008753570
1.244312500,-0.009851822
1.244375000,-0.010795841
1.244437500,-0.011665319
1.244500000,-0.012518546
1.244562500,-0.013295824
1.244625000,-0.013906000
1.244687500,-0.014275845
1.244750000,-0.014401034
1.244812500,-0.014350186
1.244875000,-0.014354884
1.244937500,-0.014724844
1.245000000,-0.015718777
1.245062500,-0.017391065
1.245125000,-0.019650213
1.245187500,-0.022263724
1.245250000,-0.024942968
1.245312500,-0.027403241
1.245375000,-0.029516557
1.245437500,-0.031280272
1.245500000,-0.032755297
1.245562500,-0.033962689
1.245625000,-0.034914978
1.245687500,-0.035605043
1.245750000,-0.036049645
1.245812500,-0.036307938
1.245875000,-0.036533758
1.245937500,-0.036908243
1.246000000,-0.037555639
1.246062500,-0.038460519
1.246125000,-0.039497245
1.246187500,-0.040472187
1.246250000,-0.041226488
1.246312500,-0.041713603
1.246375000,-0.042044830
1.246437500,-0.042417958
1.246500000,-0.043014854
1.246562500,-0.043892786
1.246625000,-0.044949241
1.246687500,-0.045940913
1.246750000,-0.046591584
1.246812500,-0.046716992
1.246875000,-0.046298191
1.246937500,-0.045480374
1.247000000,-0.044520844
1.247062500,-0.043708321
1.247125000,-0.043215912
1.247187500,-0.043057702
1.247250000,-0.043108981
1.247312500,-0.043200817
1.247375000,-0.043122508
1.247437500,-0.042709451
1.247500000,-0.041885361
1.247562500,-0.040702462
1.247625000,-0.039225813
1.247687500,-0.037528228
1.247750000,-0.035673149
1.247812500,-0.033745043
1.247875000,-0.031780653
1.247937500,-0.029785041
1.248000000,-0.027766701
1.248062500,-0.025781816
1.248125000,-0.023874002
1.248187500,-0.022036973
1.248250000,-0.020236747
1.248312500,-0.018451862
1.248375000,-0.016640274
1.248437500,-0.014733762
1.248500000,-0.012706795
1.248562500,-0.010634338
1.248625000,-0.008649287
1.248687500,-0.006865242
1.248750000,-0.005365091
1.248812500,-0.004188989
1.248875000,-0.003271926
1.248937500,-0.002402808
1.249000000,-0.001317742
1.249062500,0.000193017
1.249125000,0.002249991
1.249187500,0.004905719
1.249250000,0.008094699
1.249312500,0.011627285
1.249375000,0.015250342
1.249437500,0.018768320
1.249500000,0.022025112
1.249562500,0.024892265
1.249625000,0.027287371
1.249687500,0.029248774
1.249750000,0.030872805
1.249812500,0.032261409
1.249875000,0.033482842
1.249937500,0.034615271
1.250000000,0.035673149
1.250062500,0.036593478
1.250125000,0.037247226
1.250187500,0.037587982
1.250250000,0.037649762
1.250312500,0.037546042
1.250375000,0.037412822
1.250437500,0.037419468
1.250500000,0.037649762
1.250562500,0.038048748
1.250625000,0.038422324
1.250687500,0.038579971
1.250750000,0.038402759
1.250812500,0.037909877
1.250875000,0.037248474
1.250937500,0.036676243
1.251000000,0.036426149
1.251062500,0.036599852
1.251125000,0.037112448
1.251187500,0.037761603
1.251250000,0.038308635
1.251312500,0.038583308
1.251375000,0.038533669
1.251437500,0.038238809
1.251500000,0.037838012
1.251562500,0.037450276
1.251625000,0.037107915
1.251687500,0.036763422
1.251750000,0.036332019
1.251812500,0.035747040
1.251875000,0.035016924
1.251937500,0.034189519
1.252000000,0.033320040
1.252062500,0.032406010
1.252125000,0.031427838
1.252187500,0.030287106
1.252250000,0.028896192
1.252312500,0.027218843
1.252375000,0.025389157
1.252437500,0.023569122
1.252500000,0.021930987
1.252562500,0.020564733
1.252625000,0.019530639
1.252687500,0.018724848
1.252750000,0.017977761
1.252812500,0.017107598
1.252875000,0.016073322
1.252937500,0.014867005
1.253000000,0.013553915
1.253062500,0.012219651
1.253125000,0.011007537
1.253187500,0.009955104
1.253250000,0.009035943
1.253312500,0.008161716
1.253375000,0.007295369
1.253437500,0.006351014
1.253500000,0.005270967
1.253562500,0.004027473
1.253625000,0.002712311
1.253687500,0.001401162
1.253750000,0.000188249
1.253812500,-0.000850348
1.253875000,-0.001577805
1.253937500,-0.001951539
1.254000000,-0.001976613
1.254062500,-0.001721974
1.254125000,-0.001202357
1.254187500,-0.000504791
1.254250000,0.000282373
1.254312500,0.001062413
1.254375000,0.001842584
1.254437500,0.002593286
1.254500000,0.003294354
1.254562500,0.003909340
1.254625000,0.004468861
1.254687500,0.004939334
1.254750000,0.005270967
1.254812500,0.005391201
1.254875000,0.005300263
1.254937500,0.004975636
1.255000000,0.004423847
1.255062500,0.003670433
1.255125000,0.002819555
1.255187500,0.001950308
1.255250000,0.001129493
1.255312500,0.000384584
1.255375000,-0.000236839
1.255437500,-0.000737224
1.255500000,-0.001129493
1.255562500,-0.001441200
1.255625000,-0.001637770
1.255687500,-0.001697407
1.255750000,-0.001600115
1.255812500,-0.001358704
1.255875000,-0.000969276
1.255937500,-0.000468202
1.256000000,0.000094124
1.256062500,0.000652847
1.256125000,0.001195816
1.256187500,0.001724403
1.256250000,0.002258986
1.256312500,0.002805125
1.256375000,0.003388402
1.256437500,0.004003269
1.256500000,0.004612096
1.256562500,0.005125176
1.256625000,0.005482376
1.256687500,0.005632153
1.256750000,0.005553340
1.256812500,0.005232735
1.256875000,0.004752824
1.256937500,0.004222707
1.257000000,0.003764976
1.257062500,0.003446687
1.257125000,0.003350757
1.257187500,0.003479049
1.257250000,0.003764976
1.257312500,0.004051297
1.257375000,0.004258879
1.257437500,0.004340172
1.257500000,0.004329723
1.257562500,0.004293384
1.257625000,0.004425386
1.257687500,0.004883613
1.257750000,0.005741589
1.257812500,0.006899154
1.257875000,0.008214816
1.257937500,0.009467598
1.258000000,0.010447809
1.258062500,0.010986196
1.258125000,0.011100308
1.258187500,0.010917431
1.258250000,0.010636058
1.258312500,0.010418420
1.258375000,0.010425518
1.258437500,0.010723208
1.258500000,0.011294928
1.258562500,0.012038985
1.258625000,0.012899816
1.258687500,0.013842190
1.258750000,0.014871657
1.258812500,0.015982071
1.258875000,0.017223755
1.258937500,0.018597607
1.259000000,0.020048497
1.259062500,0.021432690
1.259125000,0.022655327
1.259187500,0.023638463
1.259250000,0.024378221
1.259312500,0.024927335
1.259375000,0.025451872
1.259437500,0.026111474
1.259500000,0.027013704
1.259562500,0.028149115
1.259625000,0.029458178
1.259687500,0.030815249
1.259750000,0.032096423
1.259812500,0.033204485
1.259875000,0.034139294
1.259937500,0.034925949
1.260000000,0.035579026
1.260062500,0.036045492
1.260125000,0.036256783
1.260187500,0.036118615
1.260250000,0.035579026
1.260312500,0.034656350
1.260375000,0.033501033
1.260437500,0.032306649
1.260500000,0.031249303
1.260562500,0.030397715
1.260625000,0.029744690
1.260687500,0.029168125
1.260750000,0.028519696
1.260812500,0.027689507
1.260875000,0.026731383
1.260937500,0.025803048
1.261000000,0.025131216
1.261062500,0.024903430
1.261125000,0.025227157
1.261187500,0.026015904
1.261250000,0.027013704
1.261312500,0.027849453
1.261375000,0.028201303
1.261437500,0.027841253
1.261500000,0.026731333
1.261562500,0.025017664
1.261625000,0.023037720
1.261687500,0.021134982
1.261750000,0.019577878
1.261812500,0.018465042
1.261875000,0.017781783
1.261937500,0.017348139
1.262000000,0.016942395
1.262062500,0.016370595
1.262125000,0.015631540
1.262187500,0.014801074
1.262250000,0.014024537
1.262312500,0.013405069
1.262375000,0.013066757
1.262437500,0.012971818
1.262500000,0.012989169
1.262562500,0.012912386
1.262625000,0.012684747
1.262687500,0.012279111
1.262750000,0.011765551
1.262812500,0.011237103
1.262875000,0.010906808
1.262937500,0.010867717
1.263000000,0.011106680
1.263062500,0.011464583
1.263125000,0.011804752
1.263187500,0.011924354
1.263250000,0.011671427
1.263312500,0.010968480
1.263375000,0.009938400
1.263437500,0.008753370
1.263500000,0.007624077
1.263562500,0.006712572
1.263625000,0.006156778
1.263687500,0.005937702
1.263750000,0.005929837
1.263812500,0.005935308
1.263875000,0.005833133
1.263937500,0.005539445
1.264000000,0.005082718
1.264062500,0.004584928
1.264125000,0.004287125
1.264187500,0.004382466
1.264250000,0.004988594
1.264312500,0.006098909
1.264375000,0.007635388
1.264437500,0.009408224
1.264500000,0.011200804
1.264562500,0.012823926
1.264625000,0.014202951
1.264687500,0.015332648
1.264750000,0.016283523
1.264812500,0.017153842
1.264875000,0.018052731
1.264937500,0.019005492
1.265000000,0.019954374
1.265062500,0.020766294
1.265125000,0.021310814
1.265187500,0.021465376
1.265250000,0.021177992
1.265312500,0.020474553
1.265375000,0.019482367
1.265437500,0.018333483
1.265500000,0.017130643
1.265562500,0.015903484
1.265625000,0.014655210
1.265687500,0.013345252
1.265750000,0.011953799
1.265812500,0.010504005
1.265875000,0.009106580
1.265937500,0.007871062
1.266000000,0.006871082
1.266062500,0.006093319
1.266125000,0.005479667
1.266187500,0.004920973
1.266250000,0.004329723
1.266312500,0.003677702
1.266375000,0.003043597
1.266437500,0.002539970
1.266500000,0.002258986
1.266562500,0.002204357
1.266625000,0.002302175
1.266687500,0.002401823
1.266750000,0.002353110
1.266812500,0.002072353
1.266875000,0.001594746
1.266937500,0.001040281
1.267000000,0.000564746
1.267062500,0.000286565
1.267125000,0.000256299
1.267187500,0.000417228
1.267250000,0.000658871
1.267312500,0.000877831
1.267375000,0.001047943
1.267437500,0.001197613
1.267500000,0.001411866
1.267562500,0.001791767
1.267625000,0.002402690
1.267687500,0.003198551
1.267750000,0.004047350
1.267812500,0.004784229
1.267875000,0.005271720
1.267937500,0.005424660
1.268000000,0.005270967
1.268062500,0.004964925
1.268125000,0.004715609
1.268187500,0.004695595
1.268250000,0.004988594
1.268312500,0.005579073
1.268375000,0.006320028
1.268437500,0.007000701
1.268500000,0.007435828
1.268562500,0.007564991
1.268625000,0.007407129
1.268687500,0.007069105
1.268750000,0.006682833
1.268812500,0.006371382
1.268875000,0.006120570
1.268937500,0.005831590
1.269000000,0.005365091
1.269062500,0.004646372
1.269125000,0.003638274
1.269187500,0.002415076
1.269250000,0.001129493
1.269312500,-0.000015480
1.269375000,-0.000916273
1.269437500,-0.001566695
1.269500000,-0.002070737
1.269562500,-0.002574499
1.269625000,-0.003280101
1.269687500,-0.004324937
1.269750000,-0.005741589
1.269812500,-0.007417886
1.269875000,-0.009197405
1.269937500,-0.010887759
1.270000000,-0.012330297
1.270062500,-0.013420063
1.270125000,-0.014190724
1.270187500,-0.014751708
1.270250000,-0.015248154
1.270312500,-0.015785102
1.270375000,-0.016438644
1.270437500,-0.017215859
1.270500000,-0.018071886
1.270562500,-0.018927479
1.270625000,-0.019739619
1.270687500,-0.020508409
1.270750000,-0.021272115
1.270812500,-0.022071710
1.270875000,-0.022942450
1.270937500,-0.023883762
1.271000000,-0.024848843
1.271062500,-0.025751244
1.271125000,-0.026488816
1.271187500,-0.026985001
1.271250000,-0.027201954
1.271312500,-0.027149448
1.271375000,-0.026871378
1.271437500,-0.026450399
1.271500000,-0.025978338
1.271562500,-0.025536733
1.271625000,-0.025159519
1.271687500,-0.024847666
1.271750000,-0.024566470
1.271812500,-0.024264332
1.271875000,-0.023889637
1.271937500,-0.023419980
1.272000000,-0.022872232
1.272062500,-0.022298597
1.272125000,-0.021772536
1.272187500,-0.021357158
1.272250000,-0.021083867
1.272312500,-0.020934373
1.272375000,-0.020855339
1.272437500,-0.020751534
1.272500000,-0.020519121
1.272562500,-0.020068314
1.272625000,-0.019378914
1.272687500,-0.018469846
1.272750000,-0.017413015
1.272812500,-0.016303135
1.272875000,-0.015263223
1.272937500,-0.014350347
1.273000000,-0.013553915
1.273062500,-0.012788031
1.273125000,-0.011973594
1.273187500,-0.011017419
1.273250000,-0.009883063
1.273312500,-0.008597469
1.273375000,-0.007298225
1.273437500,-0.006102661
1.273500000,-0.005082718
1.273562500,-0.004208570
1.273625000,-0.003439995
1.273687500,-0.002662764
1.273750000,-0.001788364
1.273812500,-0.000780230
1.273875000,0.000231182
1.273937500,0.001101623
1.274000000,0.001694239
1.274062500,0.001971795
1.274125000,0.001909160
1.274187500,0.001611136
1.274250000,0.001223617
1.274312500,0.000913091
1.274375000,0.000687075
1.274437500,0.000527274
1.274500000,0.000376498
1.274562500,0.000226878
1.274625000,0.000011750
1.274687500,-0.000241581
1.274750000,-0.000470622
1.274812500,-0.000567001
1.274875000,-0.000563303
1.274937500,-0.000503913
1.275000000,-0.000470622
1.275062500,-0.000497110
1.275125000,-0.000688345
1.275187500,-0.001046080
1.275250000,-0.001505991
1.275312500,-0.001911339
1.275375000,-0.002214659
1.275437500,-0.002380689
1.275500000,-0.002447235
1.275562500,-0.002468233
1.275625000,-0.002631791
1.275687500,-0.003074638
1.275750000,-0.003859101
1.275812500,-0.004894394
1.275875000,-0.006084995
1.275937500,-0.007263585
1.276000000,-0.008282948
1.276062500,-0.009033663
1.276125000,-0.009586566
1.276187500,-0.010089311
1.276250000,-0.010730183
1.276312500,-0.011634037
1.276375000,-0.012893913
1.276437500,-0.014483278
1.276500000,-0.016283523
1.276562500,-0.018106267
1.276625000,-0.019803217
1.276687500,-0.021275315
1.276750000,-0.022495734
1.276812500,-0.023488415
1.276875000,-0.024331355
1.276937500,-0.025107961
1.277000000,-0.025884213
1.277062500,-0.026690584
1.277125000,-0.027527582
1.277187500,-0.028369443
1.277250000,-0.029178567
1.277312500,-0.029924337
1.277375000,-0.030580990
1.277437500,-0.031143012
1.277500000,-0.031625804
1.277562500,-0.032076597
1.277625000,-0.032517336
1.277687500,-0.032963756
1.277750000,-0.033414163
1.277812500,-0.033877727
1.277875000,-0.034295533
1.277937500,-0.034601904
1.278000000,-0.034731906
1.278062500,-0.034679472
1.278125000,-0.034396794
1.278187500,-0.033873707
1.278250000,-0.033131793
1.278312500,-0.032269981
1.278375000,-0.031322472
1.278437500,-0.030321032
1.278500000,-0.029272690
1.278562500,-0.028212044
1.278625000,-0.027071595
1.278687500,-0.025779992
1.278750000,-0.024284096
1.278812500,-0.022629473
1.278875000,-0.020826977
1.278937500,-0.018915914
1.279000000,-0.016942395
1.279062500,-0.015000732
1.279125000,-0.013095160
1.279187500,-0.011206898
1.279250000,-0.009318316
1.279312500,-0.007488434
1.279375000,-0.005734457
1.279437500,-0.004059500
1.279500000,-0.002447235
1.279562500,-0.000909356
1.279625000,0.000630582
1.279687500,0.002283013
1.279750000,0.004141474
1.279812500,0.006197191
1.279875000,0.008435007
1.279937500,0.010832892
1.280000000,0.013365666
1.280062500,0.015970826
1.280125000,0.018638302
1.280187500,0.021384137
1.280250000,0.024189973
1.280312500,0.026935304
1.280375000,0.029478407
1.280437500,0.031715095
1.280500000,0.033602413
1.280562500,0.035148241
1.280625000,0.036468856
1.280687500,0.037754323
1.280750000,0.039155755
1.280812500,0.040679809
1.280875000,0.042222165
1.280937500,0.043640565
1.281000000,0.044803217
1.281062500,0.045625031
1.281125000,0.046144057
1.281187500,0.046508685
1.281250000,0.046873957
1.281312500,0.047294073
1.281375000,0.047741096
1.281437500,0.048151553
1.281500000,0.048474070
1.281562500,0.048700005
1.281625000,0.048916221
1.281687500,0.049254414
1.281750000,0.049791813
1.281812500,0.050463650
1.281875000,0.051098250
1.281937500,0.051486127
1.282000000,0.051486049
1.282062500,0.051093396
1.282125000,0.050473206
1.282187500,0.049857497
1.282250000,0.049415316
1.282312500,0.049140207
1.282375000,0.048871279
1.282437500,0.048361555
1.282500000,0.047438700
1.282562500,0.046117682
1.282625000,0.044656567
1.282687500,0.043402888
1.282750000,0.042638354
1.282812500,0.042414576
1.282875000,0.042556304
1.282937500,0.042668775
1.283000000,0.042355984
1.283062500,0.041396018
1.283125000,0.039906550
1.283187500,0.038187869
1.283250000,0.036614396
1.283312500,0.035444885
1.283375000,0.034775443
1.283437500,0.034419775
1.283500000,0.034073036
1.283562500,0.033461560
1.283625000,0.032524645
1.283687500,0.031303469
1.283750000,0.029931562
1.283812500,0.028530655
1.283875000,0.027187629
1.283937500,0.025817489
1.284000000,0.024284096
1.284062500,0.022496106
1.284125000,0.020522228
1.284187500,0.018465945
1.284250000,0.016471772
1.284312500,0.014657378
1.284375000,0.013114811
1.284437500,0.011780139
1.284500000,0.010541934
1.284562500,0.009307352
1.284625000,0.008104919
1.284687500,0.006942034
1.284750000,0.005835713
1.284812500,0.004777251
1.284875000,0.003788611
1.284937500,0.002806029
1.285000000,0.001788364
1.285062500,0.000756402
1.285125000,-0.000144914
1.285187500,-0.000819855
1.285250000,-0.001223617
1.285312500,-0.001404337
1.285375000,-0.001455300
1.285437500,-0.001583171
1.285500000,-0.001976613
1.285562500,-0.002730587
1.285625000,-0.003767030
1.285687500,-0.004973235
1.285750000,-0.006212211
1.285812500,-0.007387595
1.285875000,-0.008435548
1.285937500,-0.009421316
1.286000000,-0.010447809
1.286062500,-0.011598073
1.286125000,-0.012831716
1.286187500,-0.014083194
1.286250000,-0.015248154
1.286312500,-0.016235553
1.286375000,-0.016960591
1.286437500,-0.017451068
1.286500000,-0.017789513
1.286562500,-0.018068219
1.286625000,-0.018312588
1.286687500,-0.018521113
1.286750000,-0.018636633
1.286812500,-0.018571729
1.286875000,-0.018232554
1.286937500,-0.017604733
1.287000000,-0.016754145
1.287062500,-0.015818018
1.287125000,-0.014947418
1.287187500,-0.014290023
1.287250000,-0.013930413
1.287312500,-0.013879157
1.287375000,-0.014029970
1.287437500,-0.014245150
1.287500000,-0.014401034
1.287562500,-0.014465407
1.287625000,-0.014429453
1.287687500,-0.014352076
1.287750000,-0.014306910
1.287812500,-0.014370300
1.287875000,-0.014497519
1.287937500,-0.014584949
1.288000000,-0.014495159
1.288062500,-0.014150783
1.288125000,-0.013461566
1.288187500,-0.012423048
1.288250000,-0.011106680
1.288312500,-0.009691559
1.288375000,-0.008306872
1.288437500,-0.007081014
1.288500000,-0.006118086
1.288562500,-0.005549376
1.288625000,-0.005373055
1.288687500,-0.005534712
1.288750000,-0.005929837
1.288812500,-0.006489621
1.288875000,-0.007042916
1.288937500,-0.007428840
1.289000000,-0.007529953
1.289062500,-0.007374358
1.289125000,-0.006960435
1.289187500,-0.006332416
1.289250000,-0.005553340
1.289312500,-0.004756840
1.289375000,-0.003899974
1.289437500,-0.002851921
1.289500000,-0.001411866
1.289562500,0.000530138
1.289625000,0.003151933
1.289687500,0.006481738
1.289750000,0.010353684
1.289812500,0.014312065
1.289875000,0.017964451
1.289937500,0.020965168
1.290000000,0.023154603
1.290062500,0.024509126
1.290125000,0.025373470
1.290187500,0.026180331
1.290250000,0.027296079
1.290312500,0.028778009
1.290375000,0.030597698
1.290437500,0.032559887
1.290500000,0.034449533
1.290562500,0.036051605
1.290625000,0.037475452
1.290687500,0.038958844
1.290750000,0.040755868
1.290812500,0.042884368
1.290875000,0.045332253
1.290937500,0.047907658
1.291000000,0.050356556
1.291062500,0.052377779
1.291125000,0.053974707
1.291187500,0.055292517
1.291250000,0.056568768
1.291312500,0.057934307
1.291375000,0.059549283
1.291437500,0.061436825
1.291500000,0.063533977
1.291562500,0.065680869
1.291625000,0.067847416
1.291687500,0.070040964
1.291750000,0.072287545
1.291812500,0.074525215
1.291875000,0.076715574
1.291937500,0.078764595
1.292000000,0.080570497
1.292062500,0.082027897
1.292125000,0.083153561
1.292187500,0.084016547
1.292250000,0.084711969
1.292312500,0.085279323
1.292375000,0.085756622
1.292437500,0.086096384
1.292500000,0.086217962
1.292562500,0.086032100
1.292625000,0.085579492
1.292687500,0.084954500
1.292750000,0.084335469
1.292812500,0.083923101
1.292875000,0.083947532
1.292937500,0.084488213
1.293000000,0.085464962
1.293062500,0.086624227
1.293125000,0.087672532
1.293187500,0.088253945
1.293250000,0.088100448
1.293312500,0.087093562
1.293375000,0.085343868
1.293437500,0.083013453
1.293500000,0.080288120
1.293562500,0.077292025
1.293625000,0.074165709
1.293687500,0.070924357
1.293750000,0.067581318
1.293812500,0.064172797
1.293875000,0.060899317
1.293937500,0.057879485
1.294000000,0.055156901
1.294062500,0.052610826
1.294125000,0.050140504
1.294187500,0.047486387
1.294250000,0.044426721
1.294312500,0.040822633
1.294375000,0.036901060
1.294437500,0.032920439
1.294500000,0.029178567
1.294562500,0.025829276
1.294625000,0.023077246
1.294687500,0.020819657
1.294750000,0.018824881
1.294812500,0.016770627
1.294875000,0.014634106
1.294937500,0.012396723
1.295000000,0.010165436
1.295062500,0.008049021
1.295125000,0.006338152
1.295187500,0.005074200
1.295250000,0.004141474
1.295312500,0.003240597
1.295375000,0.002237212
1.295437500,0.000927165
1.295500000,-0.000752995
1.295562500,-0.002755104
1.295625000,-0.004664946
1.295687500,-0.006153207
1.295750000,-0.006965206
1.295812500,-0.007084241
1.295875000,-0.006453876
1.295937500,-0.005310574
1.296000000,-0.003953225
1.296062500,-0.002692318
1.296125000,-0.001500617
1.296187500,-0.000334192
1.296250000,0.000941244
1.296312500,0.002427419
1.296375000,0.004326405
1.296437500,0.006629756
1.296500000,0.009224192
1.296562500,0.011903634
1.296625000,0.014588803
1.296687500,0.017147459
1.296750000,0.019483753
1.296812500,0.021501273
1.296875000,0.023216033
1.296937500,0.024571752
1.297000000,0.025507715
1.297062500,0.025958814
1.297125000,0.025960451
1.297187500,0.025539925
1.297250000,0.024754720
1.297312500,0.023671500
1.297375000,0.022426309
1.297437500,0.021141937
1.297500000,0.019954374
1.297562500,0.018996222
1.297625000,0.018425897
1.297687500,0.018352497
1.297750000,0.018824881
1.297812500,0.019810444
1.297875000,0.021210860
1.297937500,0.022861296
1.298000000,0.024566470
1.298062500,0.026133200
1.298125000,0.027386820
1.298187500,0.028186273
1.298250000,0.028425572
1.298312500,0.028044293
1.298375000,0.027012400
1.298437500,0.025374344
1.298500000,0.023248728
1.298562500,0.020826297
1.298625000,0.018333931
1.298687500,0.016005443
1.298750000,0.014024537
1.298812500,0.012478421
1.298875000,0.011359780
1.298937500,0.010572587
1.299000000,0.009977187
1.299062500,0.009428036
1.299125000,0.008850032
1.299187500,0.008211005
1.299250000,0.007529953
1.299312500,0.006841148
1.299375000,0.006234335
1.299437500,0.005761330
1.299500000,0.005459215
1.299562500,0.005329466
1.299625000,0.005411576
1.299687500,0.005670120
1.299750000,0.006023962
1.299812500,0.006335953
1.299875000,0.006501623
1.299937500,0.006392019
1.300000000,0.005929837
1.300062500,0.005113000
1.300125000,0.004056998
1.300187500,0.002901061
1.300250000,0.001788364
1.300312500,0.000816504
1.300375000,0.000048233
1.300437500,-0.000546352
1.300500000,-0.001035369
1.300562500,-0.001493094
1.300625000,-0.001907148
1.300687500,-0.002248582
1.300750000,-0.002447235
1.300812500,-0.002437429
1.300875000,-0.002106050
1.300937500,-0.001434381
1.301000000,-0.000470622
1.301062500,0.000661673
1.301125000,0.001856209
1.301187500,0.002963770
1.301250000,0.003859101
1.301312500,0.004462474
1.301375000,0.004784185
1.301437500,0.004869683
1.301500000,0.004800345
1.301562500,0.004667414
1.301625000,0.004572253
1.301687500,0.004576521
1.301750000,0.004706220
1.301812500,0.004942408
1.301875000,0.005244291
1.301937500,0.005519923
1.302000000,0.005647464
1.302062500,0.005491610
1.302125000,0.004968854
1.302187500,0.004056070
1.302250000,0.002823732
1.302312500,0.001422247
1.302375000,0.000070572
1.302437500,-0.001038106
1.302500000,-0.001788364
1.302562500,-0.002178213
1.302625000,-0.002289941
1.302687500,-0.002253876
1.302750000,-0.002164861
1.302812500,-0.002023990
1.302875000,-0.001735789
1.302937500,-0.001158989
1.303000000,-0.000188249
1.303062500,0.001173151
1.303125000,0.002769118
1.303187500,0.004330400
1.303250000,0.005553340
1.303312500,0.006200625
1.303375000,0.006167579
1.303437500,0.005513647
1.303500000,0.004423847
1.303562500,0.003133053
1.303625000,0.001869677
1.303687500,0.000796972
1.303750000,-0.000000000
1.303812500,-0.000512637
1.303875000,-0.000744427
1.303937500,-0.000720804
1.304000000,-0.000470622
1.304062500,-0.000040620
1.304125000,0.000542020
1.304187500,0.001231374
1.304250000,0.001976613
1.304312500,0.002709696
1.304375000,0.003403409
1.304437500,0.004020773
1.304500000,0.004517972
1.304562500,0.004812922
1.304625000,0.004869981
1.304687500,0.004649785
1.304750000,0.004141474
1.304812500,0.003342498
1.304875000,0.002352978
1.304937500,0.001291925
1.305000000,0.000282373
1.305062500,-0.000613466
1.305125000,-0.001324104
1.305187500,-0.001833423
1.305250000,-0.002164861
1.305312500,-0.002399658
1.305375000,-0.002559418
1.305437500,-0.002647635
1.305500000,-0.002635483
1.305562500,-0.002508496
1.305625000,-0.002178338
1.305687500,-0.001574910
1.305750000,-0.000658871
1.305812500,0.000508456
1.305875000,0.001896721
1.305937500,0.003404320
1.306000000,0.004894469
1.306062500,0.006171531
1.306125000,0.007148123
1.306187500,0.007778060
1.306250000,0.008094699
1.306312500,0.008164237
1.306375000,0.008170293
1.306437500,0.008290586
1.306500000,0.008659446
1.306562500,0.009295942
1.306625000,0.010202692
1.306687500,0.011327161
1.306750000,0.012612671
1.306812500,0.013987798
1.306875000,0.015476383
1.306937500,0.017094566
1.307000000,0.018824881
1.307062500,0.020540422
1.307125000,0.022151884
1.307187500,0.023546800
1.307250000,0.024660595
1.307312500,0.025453625
1.307375000,0.026048519
1.307437500,0.026571827
1.307500000,0.027107829
1.307562500,0.027603237
1.307625000,0.028011093
1.307687500,0.028257022
1.307750000,0.028331446
1.307812500,0.028297100
1.307875000,0.028383143
1.307937500,0.028840296
1.308000000,0.029837437
1.308062500,0.031333134
1.308125000,0.033131137
1.308187500,0.034887597
1.308250000,0.036237895
1.308312500,0.036900971
1.308375000,0.036828898
1.308437500,0.036170110
1.308500000,0.035202529
1.308562500,0.034187332
1.308625000,0.033339199
1.308687500,0.032705035
1.308750000,0.032190546
1.308812500,0.031606354
1.308875000,0.030844213
1.308937500,0.029894240
1.309000000,0.028896192
1.309062500,0.028086767
1.309125000,0.027771097
1.309187500,0.028154679
1.309250000,0.029272690
1.309312500,0.030948713
1.309375000,0.032899152
1.309437500,0.034780834
1.309500000,0.036332019
1.309562500,0.037438072
1.309625000,0.038186889
1.309687500,0.038721155
1.309750000,0.039155755
1.309812500,0.039480031
1.309875000,0.039601412
1.309937500,0.039324269
1.310000000,0.038496882
1.310062500,0.037099894
1.310125000,0.035326011
1.310187500,0.033425890
1.310250000,0.031625804
1.310312500,0.030012673
1.310375000,0.028556917
1.310437500,0.027079238
1.310500000,0.025413590
1.310562500,0.023517877
1.310625000,0.021595579
1.310687500,0.019936455
1.310750000,0.018824881
1.310812500,0.018371517
1.310875000,0.018545227
1.310937500,0.019048458
1.311000000,0.019483753
1.311062500,0.019471776
1.311125000,0.018909745
1.311187500,0.017844539
1.311250000,0.016471772
1.311312500,0.014987721
1.311375000,0.013636150
1.311437500,0.012484953
1.311500000,0.011483178
1.311562500,0.010471095
1.311625000,0.009408158
1.311687500,0.008260220
1.311750000,0.007059331
1.311812500,0.005831378
1.311875000,0.004719623
1.311937500,0.003779849
1.312000000,0.003011981
1.312062500,0.002312551
1.312125000,0.001678678
1.312187500,0.001046346
1.312250000,0.000376498
1.312312500,-0.000382628
1.312375000,-0.001116830
1.312437500,-0.001761155
1.312500000,-0.002258986
1.312562500,-0.002627693
1.312625000,-0.002789246
1.312687500,-0.002754322
1.312750000,-0.002541359
1.312812500,-0.002202528
1.312875000,-0.001642478
1.312937500,-0.000800951
1.313000000,0.000376498
1.313062500,0.001861452
1.313125000,0.003683505
1.313187500,0.005768666
1.313250000,0.008000575
1.313312500,0.010206864
1.313375000,0.012325680
1.313437500,0.014295860
1.313500000,0.016095273
1.313562500,0.017690983
1.313625000,0.019148296
1.313687500,0.020493869
1.313750000,0.021742739
1.313812500,0.022865210
1.313875000,0.023890153
1.313937500,0.024807572
1.314000000,0.025601838
1.314062500,0.026233241
1.314125000,0.026720040
1.314187500,0.027068814
1.314250000,0.027296079
1.314312500,0.027408067
1.314375000,0.027441602
1.314437500,0.027406970
1.314500000,0.027296079
1.314562500,0.027073856
1.314625000,0.026728967
1.314687500,0.026259635
1.314750000,0.025695963
1.314812500,0.025094405
1.314875000,0.024564749
1.314937500,0.024227748
1.315000000,0.024189973
1.315062500,0.024501380
1.315125000,0.025157552
1.315187500,0.026076160
1.315250000,0.027107829
1.315312500,0.028059041
1.315375000,0.028753886
1.315437500,0.029074337
1.315500000,0.028990317
1.315562500,0.028557749
1.315625000,0.027896093
1.315687500,0.027132757
1.315750000,0.026354834
1.315812500,0.025578359
1.315875000,0.024767734
1.315937500,0.023850296
1.316000000,0.022778107
1.316062500,0.021560097
1.316125000,0.020292435
1.316187500,0.019074300
1.316250000,0.017977761
1.316312500,0.017000655
1.316375000,0.016103968
1.316437500,0.015175332
1.316500000,0.014118661
1.316562500,0.012902761
1.316625000,0.011635114
1.316687500,0.010454183
1.316750000,0.009506566
1.316812500,0.008876890
1.316875000,0.008607352
1.316937500,0.008611523
1.317000000,0.008753570
1.317062500,0.008898021
1.317125000,0.009011338
1.317187500,0.009081018
1.317250000,0.009130068
1.317312500,0.009175500
1.317375000,0.009237183
1.317437500,0.009252594
1.317500000,0.009130068
1.317562500,0.008793896
1.317625000,0.008221734
1.317687500,0.007410499
1.317750000,0.006400459
1.317812500,0.005275497
1.317875000,0.004124661
1.317937500,0.002987284
1.318000000,0.001882488
1.318062500,0.000850922
1.318125000,-0.000077671
1.318187500,-0.000898875
1.318250000,-0.001600115
1.318312500,-0.002121773
1.318375000,-0.002435702
1.318437500,-0.002559833
1.318500000,-0.002541359
1.318562500,-0.002403660
1.318625000,-0.002224723
1.318687500,-0.002093884
1.318750000,-0.002070737
1.318812500,-0.002114527
1.318875000,-0.002198978
1.318937500,-0.002288286
1.319000000,-0.002353110
1.319062500,-0.002325968
1.319125000,-0.002239540
1.319187500,-0.002142108
1.319250000,-0.002070737
1.319312500,-0.001969763
1.319375000,-0.001857369
1.319437500,-0.001767874
1.319500000,-0.001788364
1.319562500,-0.001999741
1.319625000,-0.002596456
1.319687500,-0.003733074
1.319750000,-0.005459215
1.319812500,-0.007621024
1.319875000,-0.010024217
1.319937500,-0.012434752
1.320000000,-0.014683408
1.320062500,-0.016680302
1.320125000,-0.018551033
1.320187500,-0.020496046
1.320250000,-0.022683984
1.320312500,-0.025097119
1.320375000,-0.027640291
1.320437500,-0.030106274
1.320500000,-0.032284670
1.320562500,-0.034002870
1.320625000,-0.035320874
1.320687500,-0.036406722
1.320750000,-0.037461512
1.320812500,-0.038566291
1.320875000,-0.039755836
1.320937500,-0.040937494
1.321000000,-0.041979488
1.321062500,-0.042755309
1.321125000,-0.043318372
1.321187500,-0.043813169
1.321250000,-0.044426721
1.321312500,-0.045264196
1.321375000,-0.046372030
1.321437500,-0.047657814
1.321500000,-0.048944689
1.321562500,-0.050016541
1.321625000,-0.050759614
1.321687500,-0.051140167
1.321750000,-0.051203676
1.321812500,-0.051012050
1.321875000,-0.050654501
1.321937500,-0.050179526
1.322000000,-0.049603563
1.322062500,-0.048916388
1.322125000,-0.048132986
1.322187500,-0.047280427
1.322250000,-0.046403330
1.322312500,-0.045548454
1.322375000,-0.044784758
1.322437500,-0.044172242
1.322500000,-0.043767847
1.322562500,-0.043605588
1.322625000,-0.043711569
1.322687500,-0.044028603
1.322750000,-0.044426721
1.322812500,-0.044713553
1.322875000,-0.044713695
1.322937500,-0.044263143
1.323000000,-0.043297227
1.323062500,-0.041872896
1.323125000,-0.040200926
1.323187500,-0.038487200
1.323250000,-0.036896769
1.323312500,-0.035487674
1.323375000,-0.034255553
1.323437500,-0.033054832
1.323500000,-0.031719927
1.323562500,-0.030139402
1.323625000,-0.028365362
1.323687500,-0.026490921
1.323750000,-0.024660595
1.323812500,-0.023005370
1.323875000,-0.021646518
1.323937500,-0.020545630
1.324000000,-0.019577878
1.324062500,-0.018577866
1.324125000,-0.017464196
1.324187500,-0.016142705
1.324250000,-0.014589284
1.324312500,-0.012842515
1.324375000,-0.011064019
1.324437500,-0.009358045
1.324500000,-0.007812326
1.324562500,-0.006474797
1.324625000,-0.005424554
1.324687500,-0.004616760
1.324750000,-0.003953225
1.324812500,-0.003298453
1.324875000,-0.002580856
1.324937500,-0.001689392
1.325000000,-0.000564746
1.325062500,0.000784802
1.325125000,0.002213977
1.325187500,0.003595453
1.325250000,0.004800345
1.325312500,0.005742946
1.325375000,0.006329664
1.325437500,0.006605619
1.325500000,0.006682833
1.325562500,0.006719766
1.325625000,0.006793970
1.325687500,0.007012929
1.325750000,0.007435828
1.325812500,0.008081482
1.325875000,0.008846872
1.325937500,0.009659070
1.326000000,0.010447809
1.326062500,0.011177332
1.326125000,0.011775102
1.326187500,0.012245253
1.326250000,0.012612671
1.326312500,0.012915511
1.326375000,0.013123477
1.326437500,0.013221017
1.326500000,0.013177417
1.326562500,0.012975615
1.326625000,0.012568856
1.326687500,0.011982657
1.326750000,0.011294928
1.326812500,0.010643402
1.326875000,0.010123863
1.326937500,0.009828378
1.327000000,0.009788939
1.327062500,0.009984288
1.327125000,0.010282854
1.327187500,0.010541164
1.327250000,0.010636058
1.327312500,0.010528437
1.327375000,0.010209866
1.327437500,0.009744754
1.327500000,0.009224192
1.327562500,0.008747050
1.327625000,0.008325242
1.327687500,0.007916980
1.327750000,0.007435828
1.327812500,0.006805166
1.327875000,0.005951922
1.327937500,0.004858909
1.328000000,0.003576728
1.328062500,0.002234549
1.328125000,0.000962520
1.328187500,-0.000122207
1.328250000,-0.000941244
1.328312500,-0.001438637
1.328375000,-0.001654419
1.328437500,-0.001673361
1.328500000,-0.001600115
1.328562500,-0.001499468
1.328625000,-0.001463825
1.328687500,-0.001571417
1.328750000,-0.001882488
1.328812500,-0.002398802
1.328875000,-0.003149482
1.328937500,-0.004145778
1.329000000,-0.005365091
1.329062500,-0.006702863
1.329125000,-0.008075938
1.329187500,-0.009405317
1.329250000,-0.010636058
1.329312500,-0.011708554
1.329375000,-0.012655436
1.329437500,-0.013535828
1.329500000,-0.014401034
1.329562500,-0.015220896
1.329625000,-0.015978059
1.329687500,-0.016629210
1.329750000,-0.017130643
1.329812500,-0.017413130
1.329875000,-0.017502613
1.329937500,-0.017452484
1.330000000,-0.017318891
1.330062500,-0.017088983
1.330125000,-0.016802181
1.330187500,-0.016505947
1.330250000,-0.016283523
1.330312500,-0.016209848
1.330375000,-0.016458904
1.330437500,-0.017181417
1.330500000,-0.018448384
1.330562500,-0.020158373
1.330625000,-0.022153962
1.330687500,-0.024199972
1.330750000,-0.026072461
1.330812500,-0.027592011
1.330875000,-0.028762156
1.330937500,-0.029681401
1.331000000,-0.030496309
1.331062500,-0.031295791
1.331125000,-0.032149252
1.331187500,-0.033035684
1.331250000,-0.033884790
1.331312500,-0.034593731
1.331375000,-0.035136942
1.331437500,-0.035518974
1.331500000,-0.035767276
1.331562500,-0.035882596
1.331625000,-0.035893790
1.331687500,-0.035812948
1.331750000,-0.035673149
1.331812500,-0.035522945
1.331875000,-0.035490450
1.331937500,-0.035679799
1.332000000,-0.036143772
1.332062500,-0.036832776
1.332125000,-0.037659794
1.332187500,-0.038475256
1.332250000,-0.039155755
1.332312500,-0.039645925
1.332375000,-0.040016863
1.332437500,-0.040362410
1.332500000,-0.040755868
1.332562500,-0.041187197
1.332625000,-0.041565668
1.332687500,-0.041703999
1.332750000,-0.041414738
1.332812500,-0.040594693
1.332875000,-0.039274480
1.332937500,-0.037574824
1.333000000,-0.035673149
1.333062500,-0.033746649
1.333125000,-0.031924628
1.333187500,-0.030246211
1.333250000,-0.028707944
1.333312500,-0.027307700
1.333375000,-0.026077537
1.333437500,-0.025016509
1.333500000,-0.024095848
1.333562500,-0.023245938
1.333625000,-0.022389283
1.333687500,-0.021407731
1.333750000,-0.020236747
1.333812500,-0.018910564
1.333875000,-0.017591579
1.333937500,-0.016430305
1.334000000,-0.015530528
1.334062500,-0.014893021
1.334125000,-0.014439100
1.334187500,-0.013965046
1.334250000,-0.013271542
1.334312500,-0.012256680
1.334375000,-0.010969987
1.334437500,-0.009509893
1.334500000,-0.008000575
1.334562500,-0.006540589
1.334625000,-0.005160820
1.334687500,-0.003771186
1.334750000,-0.002258986
1.334812500,-0.000579279
1.334875000,0.001206422
1.334937500,0.003007689
1.335000000,0.004706220
1.335062500,0.006190913
1.335125000,0.007402290
1.335187500,0.008407968
1.335250000,0.009318316
1.335312500,0.010205183
1.335375000,0.011065971
1.335437500,0.011885894
1.335500000,0.012612671
1.335562500,0.013161579
1.335625000,0.013482569
1.335687500,0.013617610
1.335750000,0.013648040
1.335812500,0.013620907
1.335875000,0.013578525
1.335937500,0.013555251
1.336000000,0.013553915
1.336062500,0.013517315
1.336125000,0.013424011
1.336187500,0.013295082
1.336250000,0.013177417
1.336312500,0.013092597
1.336375000,0.013112421
1.336437500,0.013330480
1.336500000,0.013836288
1.336562500,0.014650405
1.336625000,0.015804783
1.336687500,0.017285082
1.336750000,0.019013131
1.336812500,0.020798756
1.336875000,0.022491165
1.336937500,0.023960287
1.337000000,0.025131216
1.337062500,0.025938496
1.337125000,0.026471186
1.337187500,0.026852557
1.337250000,0.027201954
1.337312500,0.027525462
1.337375000,0.027875163
1.337437500,0.028244829
1.337500000,0.028613821
1.337562500,0.028899174
1.337625000,0.029175863
1.337687500,0.029523376
1.337750000,0.030025685
1.337812500,0.030654300
1.337875000,0.031469032
1.337937500,0.032442570
1.338000000,0.033508290
1.338062500,0.034496646
1.338125000,0.035401288
1.338187500,0.036201496
1.338250000,0.036896769
1.338312500,0.037403010
1.338375000,0.037784163
1.338437500,0.038052749
1.338500000,0.038214508
1.338562500,0.038185108
1.338625000,0.038060304
1.338687500,0.037915431
1.338750000,0.037838012
1.338812500,0.037814382
1.338875000,0.037983041
1.338937500,0.038416333
1.339000000,0.039155755
1.339062500,0.040108547
1.339125000,0.041311197
1.339187500,0.042716671
1.339250000,0.044238474
1.339312500,0.045662347
1.339375000,0.046949930
1.339437500,0.048044410
1.339500000,0.048944689
1.339562500,0.049610093
1.339625000,0.050217703
1.339687500,0.050882816
1.339750000,0.051674299
1.339812500,0.052497130
1.339875000,0.053374819
1.339937500,0.054245178
1.340000000,0.055062778
1.340062500,0.055740122
1.340125000,0.056405265
1.340187500,0.057137687
1.340250000,0.057980634
1.340312500,0.058824442
1.340375000,0.059650708
1.340437500,0.060342811
1.340500000,0.060804367
1.340562500,0.060937803
1.340625000,0.060906503
1.340687500,0.060889609
1.340750000,0.061086740
1.340812500,0.061576154
1.340875000,0.062473606
1.340937500,0.063693076
1.341000000,0.065039963
1.341062500,0.066215858
1.341125000,0.067102998
1.341187500,0.067612156
1.341250000,0.067769580
1.341312500,0.067637302
1.341375000,0.067453213
1.341437500,0.067355558
1.341500000,0.067393072
1.341562500,0.067454189
1.341625000,0.067485057
1.341687500,0.067342371
1.341750000,0.066922449
1.341812500,0.066152051
1.341875000,0.065191455
1.341937500,0.064180978
1.342000000,0.063251607
1.342062500,0.062413346
1.342125000,0.061726470
1.342187500,0.061083250
1.342250000,0.060333744
1.342312500,0.059301641
1.342375000,0.058032181
1.342437500,0.056579322
1.342500000,0.055062778
1.342562500,0.053567976
1.342625000,0.052288998
1.342687500,0.051245399
1.342750000,0.050356556
1.342812500,0.049415927
1.342875000,0.048358381
1.342937500,0.047058877
1.343000000,0.045462091
1.343062500,0.043543890
1.343125000,0.041519217
1.343187500,0.039540071
1.343250000,0.037743889
1.343312500,0.036164138
1.343375000,0.034932472
1.343437500,0.034014069
1.343500000,0.033320040
1.343562500,0.032681853
1.343625000,0.032114685
1.343687500,0.031555276
1.343750000,0.030966930
1.343812500,0.030276410
1.343875000,0.029610952
1.343937500,0.028991047
1.344000000,0.028425572
1.344062500,0.027847795
1.344125000,0.027369192
1.344187500,0.026977494
1.344250000,0.026637208
1.344312500,0.026228800
1.344375000,0.025803575
1.344437500,0.025299260
1.344500000,0.024660595
1.344562500,0.023802426
1.344625000,0.022862781
1.344687500,0.021921797
1.344750000,0.021083867
1.344812500,0.020393118
1.344875000,0.020041406
1.344937500,0.020065276
1.345000000,0.020424996
1.345062500,0.020951815
1.345125000,0.021599637
1.345187500,0.022219867
1.345250000,0.022683984
1.345312500,0.022857731
1.345375000,0.022826171
1.345437500,0.022646124
1.345500000,0.022401609
1.345562500,0.022122178
1.345625000,0.021954678
1.345687500,0.021927753
1.345750000,0.022025112
1.345812500,0.022149645
1.345875000,0.022338161
1.345937500,0.022577317
1.346000000,0.022872232
1.346062500,0.023184180
1.346125000,0.023610726
1.346187500,0.024171229
1.346250000,0.024848843
1.346312500,0.025521364
1.346375000,0.026178150
1.346437500,0.026734333
1.346500000,0.027107829
1.346562500,0.027174570
1.346625000,0.026995363
1.346687500,0.026626416
1.346750000,0.026166586
1.346812500,0.025666228
1.346875000,0.025318556
1.346937500,0.025223626
1.347000000,0.025413590
1.347062500,0.025768876
1.347125000,0.026264694
1.347187500,0.026802067
1.347250000,0.027296079
1.347312500,0.027627153
1.347375000,0.027850434
1.347437500,0.027988812
1.347500000,0.028049074
1.347562500,0.027939212
1.347625000,0.027679313
1.347687500,0.027261594
1.347750000,0.026731333
1.347812500,0.026138864
1.347875000,0.025704237
1.347937500,0.025590302
1.348000000,0.025884213
1.348062500,0.026499636
1.348125000,0.027369333
1.348187500,0.028335631
1.348250000,0.029272690
1.348312500,0.030090753
1.348375000,0.030917687
1.348437500,0.031893637
1.348500000,0.033131793
1.348562500,0.034593776
1.348625000,0.036212016
1.348687500,0.037776373
1.348750000,0.039061632
1.348812500,0.039880097
1.348875000,0.040300820
1.348937500,0.040502753
1.349000000,0.040755868
1.349062500,0.041271597
1.349125000,0.042253971
1.349187500,0.043683536
1.349250000,0.045367967
1.349312500,0.046964064
1.349375000,0.048222557
1.349437500,0.048935208
1.349500000,0.049038816
1.349562500,0.048582528
1.349625000,0.047807660
1.349687500,0.046933509
1.349750000,0.046120960
1.349812500,0.045394000
1.349875000,0.044746161
1.349937500,0.044056743
1.350000000,0.043203104
1.350062500,0.042103115
1.350125000,0.040852193
1.350187500,0.039591212
1.350250000,0.038496882
1.350312500,0.037685163
1.350375000,0.037249312
1.350437500,0.037112053
1.350500000,0.037085015
1.350562500,0.036905874
1.350625000,0.036411002
1.350687500,0.035491444
1.350750000,0.034167159
1.350812500,0.032553911
1.350875000,0.030912664
1.350937500,0.029456865
1.351000000,0.028331446
1.351062500,0.027556272
1.351125000,0.027120445
1.351187500,0.026893860
1.351250000,0.026731333
1.351312500,0.026500918
1.351375000,0.026223699
1.351437500,0.025914043
1.351500000,0.025601838
1.351562500,0.025267083
1.351625000,0.024941564
1.351687500,0.024550846
1.351750000,0.024001725
1.351812500,0.023185395
1.351875000,0.022147542
1.351937500,0.020902775
1.352000000,0.019483753
1.352062500,0.017887790
1.352125000,0.016232196
1.352187500,0.014570795
1.352250000,0.012989169
1.352312500,0.011575034
1.352375000,0.010551829
1.352437500,0.010022675
1.352500000,0.009977187
1.352562500,0.010232323
1.352625000,0.010613772
1.352687500,0.010866069
1.352750000,0.010824307
1.352812500,0.010455399
1.352875000,0.009971546
1.352937500,0.009579852
1.353000000,0.009412440
1.353062500,0.009411017
1.353125000,0.009437497
1.353187500,0.009222240
1.353250000,0.008565322
1.353312500,0.007437708
1.353375000,0.006110677
1.353437500,0.004935579
1.353500000,0.004235599
1.353562500,0.004144974
1.353625000,0.004624895
1.353687500,0.005414560
1.353750000,0.006212211
1.353812500,0.006806918
1.353875000,0.007235033
1.353937500,0.007639174
1.354000000,0.008188824
1.354062500,0.008940054
1.354125000,0.009844186
1.354187500,0.010696752
1.354250000,0.011294928
1.354312500,0.011545055
1.354375000,0.011598435
1.354437500,0.011692027
1.354500000,0.012047924
1.354562500,0.012712805
1.354625000,0.013593329
1.354687500,0.014411011
1.354750000,0.014871657
1.354812500,0.014784354
1.354875000,0.014219204
1.354937500,0.013382747
1.355000000,0.012518546
1.355062500,0.011748254
1.355125000,0.011104221
1.355187500,0.010486419
1.355250000,0.009788939
1.355312500,0.008966800
1.355375000,0.008163729
1.355437500,0.007554862
1.355500000,0.007247579
1.355562500,0.007154738
1.355625000,0.007083580
1.355687500,0.006762777
1.355750000,0.006023962
1.355812500,0.004895955
1.355875000,0.003698995
1.355937500,0.002841465
1.356000000,0.002635483
1.356062500,0.003098112
1.356125000,0.003980458
1.356187500,0.004820883
1.356250000,0.005176842
1.356312500,0.004810372
1.356375000,0.003890389
1.356437500,0.002859864
1.356500000,0.002258986
1.356562500,0.002455741
1.356625000,0.003585160
1.356687500,0.005443495
1.356750000,0.007624077
1.356812500,0.009662317
1.356875000,0.011311761
1.356937500,0.012510199
1.357000000,0.013365666
1.357062500,0.014015925
1.357125000,0.014644503
1.357187500,0.015332283
1.357250000,0.016095273
1.357312500,0.016886173
1.357375000,0.017745895
1.357437500,0.018684098
1.357500000,0.019672001
1.357562500,0.020575851
1.357625000,0.021275459
1.357687500,0.021624325
1.357750000,0.021554491
1.357812500,0.021101665
1.357875000,0.020477260
1.357937500,0.019914009
1.358000000,0.019577878
1.358062500,0.019470751
1.358125000,0.019486850
1.358187500,0.019440409
1.358250000,0.019201379
1.358312500,0.018777303
1.358375000,0.018361861
1.358437500,0.018215606
1.358500000,0.018542508
1.358562500,0.019371681
1.358625000,0.020538062
1.358687500,0.021740260
1.358750000,0.022683984
1.358812500,0.023216741
1.358875000,0.023392241
1.358937500,0.023415800
1.359000000,0.023531102
1.359062500,0.023894740
1.359125000,0.024486294
1.359187500,0.025131572
1.359250000,0.025601838
1.359312500,0.025741100
1.359375000,0.025544159
1.359437500,0.025145981
1.359500000,0.024754720
1.359562500,0.024546731
1.359625000,0.024587385
1.359687500,0.024782307
1.359750000,0.024942968
1.359812500,0.024882060
1.359875000,0.024489274
1.359937500,0.023737110
1.360000000,0.022683984
1.360062500,0.021440519
1.360125000,0.020109944
1.360187500,0.018733602
1.360250000,0.017318891
1.360312500,0.015881678
1.360375000,0.014449965
1.360437500,0.013040527
1.360500000,0.011671427
1.360562500,0.010369033
1.360625000,0.009131002
1.360687500,0.007916105
1.360750000,0.006682833
1.360812500,0.005429629
1.360875000,0.004181521
1.360937500,0.002960854
1.361000000,0.001788364
1.361062500,0.000688806
1.361125000,-0.000344249
1.361187500,-0.001348988
1.361250000,-0.002353110
1.361312500,-0.003332883
1.361375000,-0.004226931
1.361437500,-0.004981352
1.361500000,-0.005553340
1.361562500,-0.005915741
1.361625000,-0.006087843
1.361687500,-0.006154121
1.361750000,-0.006212211
1.361812500,-0.006325162
1.361875000,-0.006523559
1.361937500,-0.006849075
1.362000000,-0.007341704
1.362062500,-0.008026451
1.362125000,-0.008923604
1.362187500,-0.010055094
1.362250000,-0.011389053
1.362312500,-0.012809837
1.362375000,-0.014159503
1.362437500,-0.015328260
1.362500000,-0.016283523
1.362562500,-0.017070983
1.362625000,-0.017806171
1.362687500,-0.018625820
1.362750000,-0.019577878
1.362812500,-0.020550217
1.362875000,-0.021327483
1.362937500,-0.021697411
1.363000000,-0.021554491
1.363062500,-0.020952428
1.363125000,-0.020151945
1.363187500,-0.019504849
1.363250000,-0.019295502
1.363312500,-0.019583577
1.363375000,-0.020233447
1.363437500,-0.020956932
1.363500000,-0.021460366
1.363562500,-0.021561623
1.363625000,-0.021318119
1.363687500,-0.020947153
1.363750000,-0.020707369
1.363812500,-0.020739401
1.363875000,-0.021048432
1.363937500,-0.021481451
1.364000000,-0.021836862
1.364062500,-0.021963678
1.364125000,-0.021882506
1.364187500,-0.021722771
1.364250000,-0.021648614
1.364312500,-0.021744739
1.364375000,-0.021995317
1.364437500,-0.022266811
1.364500000,-0.022401609
1.364562500,-0.022305168
1.364625000,-0.022024028
1.364687500,-0.021691626
1.364750000,-0.021460366
1.364812500,-0.021406546
1.364875000,-0.021510735
1.364937500,-0.021640891
1.365000000,-0.021648614
1.365062500,-0.021459905
1.365125000,-0.021145852
1.365187500,-0.020863164
1.365250000,-0.020801496
1.365312500,-0.021091335
1.365375000,-0.021755969
1.365437500,-0.022649601
1.365500000,-0.023531102
1.365562500,-0.024151569
1.365625000,-0.024354912
1.365687500,-0.024070676
1.365750000,-0.023342853
1.365812500,-0.022302305
1.365875000,-0.021124328
1.365937500,-0.019938676
1.366000000,-0.018824881
1.366062500,-0.017815340
1.366125000,-0.016915709
1.366187500,-0.016078491
1.366250000,-0.015248154
1.366312500,-0.014384945
1.366375000,-0.013473895
1.366437500,-0.012483367
1.366500000,-0.011389053
1.366562500,-0.010184078
1.366625000,-0.008906009
1.366687500,-0.007591892
1.366750000,-0.006306335
1.366812500,-0.005134583
1.366875000,-0.004174594
1.366937500,-0.003451076
1.367000000,-0.002917857
1.367062500,-0.002460826
1.367125000,-0.001947476
1.367187500,-0.001221598
1.367250000,-0.000188249
1.367312500,0.001139949
1.367375000,0.002626074
1.367437500,0.004094210
1.367500000,0.005365091
1.367562500,0.006311098
1.367625000,0.006886872
1.367687500,0.007178647
1.367750000,0.007341704
1.367812500,0.007530016
1.367875000,0.007834518
1.367937500,0.008289311
1.368000000,0.008847695
1.368062500,0.009408747
1.368125000,0.009854357
1.368187500,0.010152962
1.368250000,0.010353684
1.368312500,0.010567084
1.368375000,0.010886784
1.368437500,0.011387859
1.368500000,0.012047924
1.368562500,0.012736325
1.368625000,0.013228957
1.368687500,0.013341492
1.368750000,0.012989169
1.368812500,0.012235214
1.368875000,0.011252971
1.368937500,0.010300424
1.369000000,0.009600690
1.369062500,0.009261034
1.369125000,0.009220243
1.369187500,0.009327271
1.369250000,0.009412440
1.369312500,0.009379045
1.369375000,0.009227548
1.369437500,0.009066232
1.369500000,0.009035943
1.369562500,0.009234771
1.369625000,0.009653687
1.369687500,0.010196915
1.369750000,0.010730183
1.369812500,0.011153018
1.369875000,0.011439035
1.369937500,0.011643479
1.370000000,0.011859675
1.370062500,0.012157300
1.370125000,0.012539654
1.370187500,0.012923070
1.370250000,0.013177417
1.370312500,0.013182300
1.370375000,0.012883012
1.370437500,0.012291703
1.370500000,0.011483178
1.370562500,0.010559268
1.370625000,0.009623623
1.370687500,0.008733022
1.370750000,0.007906451
1.370812500,0.007135468
1.370875000,0.006425706
1.370937500,0.005772737
1.371000000,0.005176842
1.371062500,0.004623009
1.371125000,0.004125413
1.371187500,0.003663183
1.371250000,0.003200230
1.371312500,0.002669537
1.371375000,0.002068839
1.371437500,0.001392056
1.371500000,0.000658871
1.371562500,-0.000116549
1.371625000,-0.000841958
1.371687500,-0.001446887
1.371750000,-0.001882488
1.371812500,-0.002172128
1.371875000,-0.002305094
1.371937500,-0.002318417
1.372000000,-0.002258986
1.372062500,-0.002210937
1.372125000,-0.002163667
1.372187500,-0.002117149
1.372250000,-0.002070737
1.372312500,-0.002086755
1.372375000,-0.002139104
1.372437500,-0.002230273
1.372500000,-0.002353110
1.372562500,-0.002545814
1.372625000,-0.002721636
1.372687500,-0.002825579
1.372750000,-0.002823732
1.372812500,-0.002786359
1.372875000,-0.002686636
1.372937500,-0.002541856
1.373000000,-0.002353110
1.373062500,-0.002158743
1.373125000,-0.001827711
1.373187500,-0.001238802
1.373250000,-0.000282373
1.373312500,0.001026792
1.373375000,0.002726471
1.373437500,0.004748441
1.373500000,0.006965206
1.373562500,0.009151974
1.373625000,0.011217084
1.373687500,0.013093827
1.373750000,0.014777532
1.373812500,0.016243359
1.373875000,0.017599957
1.373937500,0.018920623
1.374000000,0.020236747
1.374062500,0.021462660
1.374125000,0.022592092
1.374187500,0.023614319
1.374250000,0.024566470
1.374312500,0.025475731
1.374375000,0.026503755
1.374437500,0.027781615
1.374500000,0.029366815
1.374562500,0.031142721
1.374625000,0.033003435
1.374687500,0.034799535
1.374750000,0.036426149
1.374812500,0.037805781
1.374875000,0.039060816
1.374937500,0.040347971
1.375000000,0.041791238
1.375062500,0.043342322
1.375125000,0.044942264
1.375187500,0.046446744
1.375250000,0.047721073
1.375312500,0.048643105
1.375375000,0.049302462
1.375437500,0.049853537
1.375500000,0.050450683
1.375562500,0.051094752
1.375625000,0.051772922
1.375687500,0.052361250
1.375750000,0.052709669
1.375812500,0.052650843
1.375875000,0.052239042
1.375937500,0.051624149
1.376000000,0.051015429
1.376062500,0.050522294
1.376125000,0.050285593
1.376187500,0.050297379
1.376250000,0.050450683
1.376312500,0.050518662
1.376375000,0.050442990
1.376437500,0.050207116
1.376500000,0.049885936
1.376562500,0.049526874
1.376625000,0.049334116
1.376687500,0.049397096
1.376750000,0.049697686
1.376812500,0.050024085
1.376875000,0.050286956
1.376937500,0.050371788
1.377000000,0.050262433
1.377062500,0.049964562
1.377125000,0.049760062
1.377187500,0.049858496
1.377250000,0.050356556
1.377312500,0.051070824
1.377375000,0.051868916
1.377437500,0.052482001
1.377500000,0.052709669
1.377562500,0.052417032
1.377625000,0.051874146
1.377687500,0.051379640
1.377750000,0.051203676
1.377812500,0.051357999
1.377875000,0.051871628
1.377937500,0.052530080
1.378000000,0.053086169
1.378062500,0.053286672
1.378125000,0.053252757
1.378187500,0.053132117
1.378250000,0.053086169
1.378312500,0.053089887
1.378375000,0.053195581
1.378437500,0.053267494
1.378500000,0.053180292
1.378562500,0.052833129
1.378625000,0.052480865
1.378687500,0.052371733
1.378750000,0.052709669
1.378812500,0.053448625
1.378875000,0.054548010
1.378937500,0.055740550
1.379000000,0.056757014
1.379062500,0.057370976
1.379125000,0.057768997
1.379187500,0.058198318
1.379250000,0.058921877
1.379312500,0.059976552
1.379375000,0.061407246
1.379437500,0.062980033
1.379500000,0.064381093
1.379562500,0.065256797
1.379625000,0.065629162
1.379687500,0.065590695
1.379750000,0.065322340
1.379812500,0.064887442
1.379875000,0.064486459
1.379937500,0.064119942
1.380000000,0.063722223
1.380062500,0.063118480
1.380125000,0.062422756
1.380187500,0.061694857
1.380250000,0.060992617
1.380312500,0.060206801
1.380375000,0.059409566
1.380437500,0.058531076
1.380500000,0.057510015
1.380562500,0.056222856
1.380625000,0.054888934
1.380687500,0.053671390
1.380750000,0.052709669
1.380812500,0.051927198
1.380875000,0.051414881
1.380937500,0.051082894
1.381000000,0.050827179
1.381062500,0.050462224
1.381125000,0.050167967
1.381187500,0.050085571
1.381250000,0.050356556
1.381312500,0.050914995
1.381375000,0.051856339
1.381437500,0.053054422
1.381500000,0.054309785
1.381562500,0.055281077
1.381625000,0.055982862
1.381687500,0.056415252
1.381750000,0.056662891
1.381812500,0.056712233
1.381875000,0.056839302
1.381937500,0.057155140
1.382000000,0.057698261
1.382062500,0.058293778
1.382125000,0.059044588
1.382187500,0.059920527
1.382250000,0.060898494
1.382312500,0.061817754
1.382375000,0.062844664
1.382437500,0.064011320
1.382500000,0.065322340
1.382562500,0.066598296
1.382625000,0.067944340
1.382687500,0.069322459
1.382750000,0.070687436
1.382812500,0.071860276
1.382875000,0.072986402
1.382937500,0.074114852
1.383000000,0.075299524
1.383062500,0.076440312
1.383125000,0.077681385
1.383187500,0.078994535
1.383250000,0.080288120
1.383312500,0.081304595
1.383375000,0.082060225
1.383437500,0.082521759
1.383500000,0.082735352
1.383562500,0.082702778
1.383625000,0.082711630
1.383687500,0.082920477
1.383750000,0.083394229
1.383812500,0.083969556
1.383875000,0.084617816
1.383937500,0.085183769
1.384000000,0.085559092
1.384062500,0.085636310
1.384125000,0.085649975
1.384187500,0.085791230
1.384250000,0.086217962
1.384312500,0.086877003
1.384375000,0.087809376
1.384437500,0.088848062
1.384500000,0.089794680
1.384562500,0.090407178
1.384625000,0.090766758
1.384687500,0.090939417
1.384750000,0.091018304
1.384812500,0.090969294
1.384875000,0.090895079
1.384937500,0.090723522
1.385000000,0.090359427
1.385062500,0.089661434
1.385125000,0.088773489
1.385187500,0.087783948
1.385250000,0.086782701
1.385312500,0.085730299
1.385375000,0.084732831
1.385437500,0.083726622
1.385500000,0.082641229
1.385562500,0.081368670
1.385625000,0.080085598
1.385687500,0.078867614
1.385750000,0.077746756
1.385812500,0.076580174
1.385875000,0.075371459
1.385937500,0.073952243
1.386000000,0.072193421
1.386062500,0.070000835
1.386125000,0.067654341
1.386187500,0.065390661
1.386250000,0.063439853
1.386312500,0.061857939
1.386375000,0.060792990
1.386437500,0.060128383
1.386500000,0.059674874
1.386562500,0.059166107
1.386625000,0.058643237
1.386687500,0.058067754
1.386750000,0.057415888
1.386812500,0.056556374
1.386875000,0.055556171
1.386937500,0.054325193
1.387000000,0.052803792
1.387062500,0.050947569
1.387125000,0.049024999
1.387187500,0.047211610
1.387250000,0.045650337
1.387312500,0.044337641
1.387375000,0.043340363
1.387437500,0.042492110
1.387500000,0.041602992
1.387562500,0.040518668
1.387625000,0.039371755
1.387687500,0.038270470
1.387750000,0.037367389
1.387812500,0.036772270
1.387875000,0.036642708
1.387937500,0.036899053
1.388000000,0.037367389
1.388062500,0.037835676
1.388125000,0.038224410
1.388187500,0.038384382
1.388250000,0.038214508
1.388312500,0.037674990
1.388375000,0.036868528
1.388437500,0.035849396
1.388500000,0.034731906
1.388562500,0.033707768
1.388625000,0.033064771
1.388687500,0.032954428
1.388750000,0.033414163
1.388812500,0.034356005
1.388875000,0.035597060
1.388937500,0.036783308
1.389000000,0.037555639
1.389062500,0.037674580
1.389125000,0.037066661
1.389187500,0.035716686
1.389250000,0.033696536
1.389312500,0.031148607
1.389375000,0.028241517
1.389437500,0.025053328
1.389500000,0.021648614
1.389562500,0.018133817
1.389625000,0.014648666
1.389687500,0.011261069
1.389750000,0.008000575
1.389812500,0.004875686
1.389875000,0.001867802
1.389937500,-0.001114705
1.390000000,-0.004141474
1.390062500,-0.007193134
1.390125000,-0.010161054
1.390187500,-0.012941424
1.390250000,-0.015436403
1.390312500,-0.017579783
1.390375000,-0.019372869
1.390437500,-0.020949697
1.390500000,-0.022495734
1.390562500,-0.024163490
1.390625000,-0.025998030
1.390687500,-0.027969411
1.390750000,-0.029931562
1.390812500,-0.031663738
1.390875000,-0.032929763
1.390937500,-0.033663716
1.391000000,-0.033978913
1.391062500,-0.034144346
1.391125000,-0.034462597
1.391187500,-0.035220463
1.391250000,-0.036520272
1.391312500,-0.038221218
1.391375000,-0.039939828
1.391437500,-0.041283738
1.391500000,-0.041979488
1.391562500,-0.042002663
1.391625000,-0.041510802
1.391687500,-0.040859852
1.391750000,-0.040379371
1.391812500,-0.040229265
1.391875000,-0.040263493
1.391937500,-0.040217131
1.392000000,-0.039814625
1.392062500,-0.038936265
1.392125000,-0.037623763
1.392187500,-0.036125135
1.392250000,-0.034731906
1.392312500,-0.033639811
1.392375000,-0.032830384
1.392437500,-0.032136753
1.392500000,-0.031343430
1.392562500,-0.030322442
1.392625000,-0.029092561
1.392687500,-0.027802540
1.392750000,-0.026637208
1.392812500,-0.025707701
1.392875000,-0.024978962
1.392937500,-0.024264473
1.393000000,-0.023342853
1.393062500,-0.022090834
1.393125000,-0.020557160
1.393187500,-0.018916858
1.393250000,-0.017413015
1.393312500,-0.016245665
1.393375000,-0.015496776
1.393437500,-0.015032156
1.393500000,-0.014589284
1.393562500,-0.013887812
1.393625000,-0.012774452
1.393687500,-0.011209519
1.393750000,-0.009318316
1.393812500,-0.007342187
1.393875000,-0.005579012
1.393937500,-0.004193161
1.394000000,-0.003200230
1.394062500,-0.002474315
1.394125000,-0.001838426
1.394187500,-0.001059912
1.394250000,0.000000000
1.394312500,0.001309566
1.394375000,0.002668298
1.394437500,0.003859972
1.394500000,0.004706220
1.394562500,0.005123168
1.394625000,0.005162423
1.394687500,0.005037033
1.394750000,0.004988594
1.394812500,0.005161248
1.394875000,0.005587236
1.394937500,0.006240627
1.395000000,0.007059331
1.395062500,0.007967003
1.395125000,0.008964982
1.395187500,0.010122938
1.395250000,0.011483178
1.395312500,0.012947470
1.395375000,0.014341030
1.395437500,0.015451281
1.395500000,0.016095273
1.395562500,0.016156433
1.395625000,0.015718149
1.395687500,0.015011145
1.395750000,0.014306910
1.395812500,0.013763596
1.395875000,0.013466063
1.395937500,0.013391518
1.396000000,0.013459790
1.396062500,0.013559473
1.396125000,0.013702377
1.396187500,0.013977157
1.396250000,0.014495159
1.396312500,0.015272700
1.396375000,0.016323579
1.396437500,0.017595608
1.396500000,0.019013131
1.396562500,0.020459663
1.396625000,0.021946754
1.396687500,0.023500556
1.396750000,0.025131216
1.396812500,0.026730146
1.396875000,0.028232152
1.396937500,0.029538311
1.397000000,0.030590432
1.397062500,0.031351440
1.397125000,0.031982336
1.397187500,0.032675266
1.397250000,0.033602413
1.397312500,0.034783490
1.397375000,0.036206588
1.397437500,0.037728053
1.397500000,0.039155755
1.397562500,0.040269230
1.397625000,0.041033655
1.397687500,0.041498661
1.397750000,0.041791238
1.397812500,0.041992523
1.397875000,0.042238649
1.397937500,0.042543191
1.398000000,0.042826608
1.398062500,0.042893633
1.398125000,0.042678948
1.398187500,0.042157348
1.398250000,0.041414738
1.398312500,0.040577479
1.398375000,0.039925914
1.398437500,0.039670043
1.398500000,0.039908748
1.398562500,0.040537678
1.398625000,0.041432377
1.398687500,0.042380761
1.398750000,0.043203104
1.398812500,0.043769978
1.398875000,0.044166055
1.398937500,0.044526201
1.399000000,0.044991467
1.399062500,0.045583766
1.399125000,0.046306256
1.399187500,0.047019035
1.399250000,0.047532827
1.399312500,0.047638055
1.399375000,0.047316577
1.399437500,0.046612080
1.399500000,0.045650337
1.399562500,0.044544347
1.399625000,0.043479912
1.399687500,0.042528104
1.399750000,0.041697115
1.399812500,0.040928844
1.399875000,0.040264513
1.399937500,0.039720822
1.400000000,0.039344002
1.400062500,0.039156888
1.400125000,0.039252408
1.400187500,0.039600469
1.400250000,0.040096994
1.400312500,0.040557668
1.400375000,0.040886410
1.400437500,0.040965069
1.400500000,0.040755868
1.400562500,0.040291980
1.400625000,0.039762042
1.400687500,0.039296873
1.400750000,0.038967505
1.400812500,0.038729016
1.400875000,0.038518038
1.400937500,0.038152412
1.401000000,0.037461512
1.401062500,0.036346611
1.401125000,0.034906711
1.401187500,0.033295020
1.401250000,0.031719927
1.401312500,0.030362919
1.401375000,0.029389376
1.401437500,0.028784730
1.401500000,0.028425572
1.401562500,0.028124275
1.401625000,0.027753800
1.401687500,0.027163118
1.401750000,0.026260709
1.401812500,0.025014732
1.401875000,0.023519095
1.401937500,0.021836706
1.402000000,0.020048497
1.402062500,0.018237509
1.402125000,0.016558511
1.402187500,0.015081302
1.402250000,0.013836288
1.402312500,0.012808342
1.402375000,0.011994182
1.402437500,0.011303197
1.402500000,0.010636058
1.402562500,0.009916983
1.402625000,0.009144117
1.402687500,0.008289996
1.402750000,0.007341704
1.402812500,0.006303685
1.402875000,0.005226398
1.402937500,0.004119539
1.403000000,0.003011981
1.403062500,0.001966489
1.403125000,0.001090633
1.403187500,0.000413296
1.403250000,-0.000094124
1.403312500,-0.000509421
1.403375000,-0.000930389
1.403437500,-0.001509404
1.403500000,-0.002353110
1.403562500,-0.003461926
1.403625000,-0.004731952
1.403687500,-0.006058019
1.403750000,-0.007341704
1.403812500,-0.008500957
1.403875000,-0.009494619
1.403937500,-0.010335826
1.404000000,-0.011012556
1.404062500,-0.011431349
1.404125000,-0.011469186
1.404187500,-0.011064338
1.404250000,-0.010259560
1.404312500,-0.009209836
1.404375000,-0.008202424
1.404437500,-0.007586264
1.404500000,-0.007624077
1.404562500,-0.008357334
1.404625000,-0.009638590
1.404687500,-0.011190110
1.404750000,-0.012706795
1.404812500,-0.013937276
1.404875000,-0.014830410
1.404937500,-0.015492146
1.405000000,-0.016095273
1.405062500,-0.016729871
1.405125000,-0.017440686
1.405187500,-0.018172674
1.405250000,-0.018824881
1.405312500,-0.019281875
1.405375000,-0.019569609
1.405437500,-0.019803433
1.405500000,-0.020142624
1.405562500,-0.020676648
1.405625000,-0.021464378
1.405687500,-0.022456504
1.405750000,-0.023531102
1.405812500,-0.024509141
1.405875000,-0.025309647
1.405937500,-0.025910607
1.406000000,-0.026354834
1.406062500,-0.026680816
1.406125000,-0.026982330
1.406187500,-0.027309215
1.406250000,-0.027672576
1.406312500,-0.028018964
1.406375000,-0.028352408
1.406437500,-0.028670603
1.406500000,-0.028990317
1.406562500,-0.029305752
1.406625000,-0.029660167
1.406687500,-0.030042224
1.406750000,-0.030402184
1.406812500,-0.030642340
1.406875000,-0.030727051
1.406937500,-0.030652834
1.407000000,-0.030496309
1.407062500,-0.030395566
1.407125000,-0.030557416
1.407187500,-0.031139299
1.407250000,-0.032190546
1.407312500,-0.033593781
1.407375000,-0.035124496
1.407437500,-0.036455005
1.407500000,-0.037273265
1.407562500,-0.037369017
1.407625000,-0.036745183
1.407687500,-0.035555534
1.407750000,-0.034073036
1.407812500,-0.032586068
1.407875000,-0.031364448
1.407937500,-0.030520990
1.408000000,-0.030025685
1.408062500,-0.029727353
1.408125000,-0.029487167
1.408187500,-0.029167237
1.408250000,-0.028707944
1.408312500,-0.028121471
1.408375000,-0.027524030
1.408437500,-0.026991544
1.408500000,-0.026543085
1.408562500,-0.026106915
1.408625000,-0.025609879
1.408687500,-0.024931774
1.408750000,-0.024001725
1.408812500,-0.022821203
1.408875000,-0.021531342
1.408937500,-0.020262476
1.409000000,-0.019107254
1.409062500,-0.018051699
1.409125000,-0.017061913
1.409187500,-0.016008137
1.409250000,-0.014777532
1.409312500,-0.013311602
1.409375000,-0.011743002
1.409437500,-0.010231844
1.409500000,-0.008941819
1.409562500,-0.007930321
1.409625000,-0.007239193
1.409687500,-0.006753580
1.409750000,-0.006306335
1.409812500,-0.005708897
1.409875000,-0.004987086
1.409937500,-0.004223355
1.410000000,-0.003576728
1.410062500,-0.003153124
1.410125000,-0.003131428
1.410187500,-0.003505193
1.410250000,-0.004141474
1.410312500,-0.004766104
1.410375000,-0.005229560
1.410437500,-0.005381681
1.410500000,-0.005176842
1.410562500,-0.004624946
1.410625000,-0.003940564
1.410687500,-0.003298636
1.410750000,-0.002823732
1.410812500,-0.002493733
1.410875000,-0.002328261
1.410937500,-0.002244330
1.411000000,-0.002164861
1.411062500,-0.002014173
1.411125000,-0.001911656
1.411187500,-0.001982119
1.411250000,-0.002353110
1.411312500,-0.003044316
1.411375000,-0.004100545
1.411437500,-0.005427505
1.411500000,-0.006871082
1.411562500,-0.008225773
1.411625000,-0.009444336
1.411687500,-0.010531064
1.411750000,-0.011577302
1.411812500,-0.012684983
1.411875000,-0.014038086
1.411937500,-0.015735926
1.412000000,-0.017789513
1.412062500,-0.020089520
1.412125000,-0.022515215
1.412187500,-0.024902910
1.412250000,-0.027107829
1.412312500,-0.029008288
1.412375000,-0.030574674
1.412437500,-0.031794142
1.412500000,-0.032661170
1.412562500,-0.033147953
1.412625000,-0.033269443
1.412687500,-0.033070173
1.412750000,-0.032661170
1.412812500,-0.032205705
1.412875000,-0.031919271
1.412937500,-0.031962693
1.413000000,-0.032378796
1.413062500,-0.033047870
1.413125000,-0.033748139
1.413187500,-0.034214478
1.413250000,-0.034261286
1.413312500,-0.033861883
1.413375000,-0.033178173
1.413437500,-0.032474209
1.413500000,-0.032002300
1.413562500,-0.031883907
1.413625000,-0.032083698
1.413687500,-0.032419816
1.413750000,-0.032661170
1.413812500,-0.032616675
1.413875000,-0.032241080
1.413937500,-0.031593613
1.414000000,-0.030778680
1.414062500,-0.029843584
1.414125000,-0.028789915
1.414187500,-0.027532460
1.414250000,-0.025978338
1.414312500,-0.024083823
1.414375000,-0.021972924
1.414437500,-0.019855086
1.414500000,-0.017977761
1.414562500,-0.016503651
1.414625000,-0.015543316
1.414687500,-0.015028528
1.414750000,-0.014777532
1.414812500,-0.014524739
1.414875000,-0.014140328
1.414937500,-0.013533096
1.415000000,-0.012706795
1.415062500,-0.011688332
1.415125000,-0.010641335
1.415187500,-0.009651382
1.415250000,-0.008753570
1.415312500,-0.007885997
1.415375000,-0.007069814
1.415437500,-0.006266581
1.415500000,-0.005459215
1.415562500,-0.004622977
1.415625000,-0.003887926
1.415687500,-0.003351488
1.415750000,-0.003106105
1.415812500,-0.003170543
1.415875000,-0.003626300
1.415937500,-0.004444975
1.416000000,-0.005553340
1.416062500,-0.006814988
1.416125000,-0.008175681
1.416187500,-0.009520703
1.416250000,-0.010730183
1.416312500,-0.011655255
1.416375000,-0.012269501
1.416437500,-0.012543418
1.416500000,-0.012518546
1.416562500,-0.012282887
1.416625000,-0.012076301
1.416687500,-0.012102223
1.416750000,-0.012518546
1.416812500,-0.013365439
1.416875000,-0.014643934
1.416937500,-0.016214838
1.417000000,-0.017883638
1.417062500,-0.019445693
1.417125000,-0.020787619
1.417187500,-0.021837989
1.417250000,-0.022589857
1.417312500,-0.023072990
1.417375000,-0.023368724
1.417437500,-0.023536170
1.417500000,-0.023625227
1.417562500,-0.023677258
1.417625000,-0.023742961
1.417687500,-0.023847524
1.417750000,-0.024001725
1.417812500,-0.024207054
1.417875000,-0.024418527
1.417937500,-0.024545489
1.418000000,-0.024472345
1.418062500,-0.024115201
1.418125000,-0.023391811
1.418187500,-0.022291800
1.418250000,-0.020895619
1.418312500,-0.019404516
1.418375000,-0.018004695
1.418437500,-0.016868737
1.418500000,-0.016095273
1.418562500,-0.015723078
1.418625000,-0.015640171
1.418687500,-0.015688226
1.418750000,-0.015718777
1.418812500,-0.015681904
1.418875000,-0.015537126
1.418937500,-0.015273930
1.419000000,-0.014871657
1.419062500,-0.014315349
1.419125000,-0.013499872
1.419187500,-0.012318401
1.419250000,-0.010730183
1.419312500,-0.008856983
1.419375000,-0.006883445
1.419437500,-0.005051579
1.419500000,-0.003576728
1.419562500,-0.002601984
1.419625000,-0.002073393
1.419687500,-0.001774908
1.419750000,-0.001411866
1.419812500,-0.000737107
1.419875000,0.000405372
1.419937500,0.002057719
1.420000000,0.004141474
1.420062500,0.006495942
1.420125000,0.008940272
1.420187500,0.011368707
1.420250000,0.013742164
1.420312500,0.016068665
1.420375000,0.018346611
1.420437500,0.020590130
1.420500000,0.022778107
1.420562500,0.024853889
1.420625000,0.026708283
1.420687500,0.028280795
1.420750000,0.029555064
1.420812500,0.030575898
1.420875000,0.031388801
1.420937500,0.032087766
1.421000000,0.032755297
1.421062500,0.033454627
1.421125000,0.034151323
1.421187500,0.034808494
1.421250000,0.035390779
1.421312500,0.035920806
1.421375000,0.036378969
1.421437500,0.036792118
1.421500000,0.037179142
1.421562500,0.037568528
1.421625000,0.037864868
1.421687500,0.037980635
1.421750000,0.037838012
1.421812500,0.037437405
1.421875000,0.036744088
1.421937500,0.035774842
1.422000000,0.034543656
1.422062500,0.033078901
1.422125000,0.031306107
1.422187500,0.029163966
1.422250000,0.026637208
1.422312500,0.023847727
1.422375000,0.020928670
1.422437500,0.018087259
1.422500000,0.015530528
1.422562500,0.013424324
1.422625000,0.011818212
1.422687500,0.010654040
1.422750000,0.009788939
1.422812500,0.009053206
1.422875000,0.008274710
1.422937500,0.007316419
1.423000000,0.006118086
1.423062500,0.004713397
1.423125000,0.003178067
1.423187500,0.001550158
1.423250000,-0.000188249
1.423312500,-0.002096703
1.423375000,-0.004264111
1.423437500,-0.006774178
1.423500000,-0.009600690
1.423562500,-0.012552626
1.423625000,-0.015358523
1.423687500,-0.017815113
1.423750000,-0.019860249
1.423812500,-0.021572804
1.423875000,-0.023139883
1.423937500,-0.024739562
1.424000000,-0.026354834
1.424062500,-0.027698100
1.424125000,-0.028383544
1.424187500,-0.028216867
1.424250000,-0.027390203
1.424312500,-0.026499443
1.424375000,-0.026389530
1.424437500,-0.027777869
1.424500000,-0.030778680
1.424562500,-0.034636691
1.424625000,-0.037946433
1.424687500,-0.039189991
1.424750000,-0.037367389
1.424812500,-0.032445401
1.424875000,-0.025537651
1.424937500,-0.018495826
1.425000000,-0.013177417
1.425062500,-0.010676911
1.425125000,-0.011078387
1.425187500,-0.013494634
1.425250000,-0.016565897
1.425312500,-0.019030692
1.425375000,-0.020356802
1.425437500,-0.020750480
1.425500000,-0.020895619
1.425562500,-0.021427704
1.425625000,-0.022735814
1.425687500,-0.024714934
1.425750000,-0.026919581
1.425812500,-0.028778968
1.425875000,-0.030072091
1.425937500,-0.030885093
1.426000000,-0.031531677
1.426062500,-0.032250345
1.426125000,-0.033249151
1.426187500,-0.034464005
1.426250000,-0.035673149
1.426312500,-0.036553357
1.426375000,-0.037090965
1.426437500,-0.037389334
1.426500000,-0.037649762
1.426562500,-0.037943255
1.426625000,-0.038425229
1.426687500,-0.039056323
1.426750000,-0.039720498
1.426812500,-0.040197551
1.426875000,-0.040566195
1.426937500,-0.040926903
1.427000000,-0.041414738
1.427062500,-0.042000145
1.427125000,-0.042806581
1.427187500,-0.043799967
1.427250000,-0.044897340
1.427312500,-0.045879945
1.427375000,-0.046825655
1.427437500,-0.047768541
1.427500000,-0.048756443
1.427562500,-0.049690668
1.427625000,-0.050667007
1.427687500,-0.051704198
1.427750000,-0.052803792
1.427812500,-0.053819139
1.427875000,-0.054831479
1.427937500,-0.055849563
1.428000000,-0.056851145
1.428062500,-0.057637103
1.428125000,-0.058238324
1.428187500,-0.058648478
1.428250000,-0.058921877
1.428312500,-0.059040405
1.428375000,-0.059281006
1.428437500,-0.059833921
1.428500000,-0.060804367
1.428562500,-0.062029444
1.428625000,-0.063475564
1.428687500,-0.064969264
1.428750000,-0.066357709
1.428812500,-0.067443378
1.428875000,-0.068404704
1.428937500,-0.069423608
1.429000000,-0.070687436
1.429062500,-0.072166249
1.429125000,-0.073963337
1.429187500,-0.075975224
1.429250000,-0.078029141
1.429312500,-0.079823181
1.429375000,-0.081381463
1.429437500,-0.082729980
1.429500000,-0.083958976
1.429562500,-0.085043751
1.429625000,-0.086181179
1.429687500,-0.087422162
1.429750000,-0.088759318
1.429812500,-0.090020962
1.429875000,-0.091274016
1.429937500,-0.092493758
1.430000000,-0.093653791
1.430062500,-0.094597518
1.430125000,-0.095409103
1.430187500,-0.096071392
1.430250000,-0.096571647
1.430312500,-0.096797645
1.430375000,-0.096893579
1.430437500,-0.096904434
1.430500000,-0.096854016
1.430562500,-0.096624956
1.430625000,-0.096297860
1.430687500,-0.095825434
1.430750000,-0.095159777
1.430812500,-0.094189912
1.430875000,-0.093071930
1.430937500,-0.091908224
1.431000000,-0.090830058
1.431062500,-0.089886181
1.431125000,-0.089285620
1.431187500,-0.089057468
1.431250000,-0.089135818
1.431312500,-0.089302883
1.431375000,-0.089492798
1.431437500,-0.089538269
1.431500000,-0.089324065
1.431562500,-0.088754378
1.431625000,-0.087992936
1.431687500,-0.087124959
1.431750000,-0.086217962
1.431812500,-0.085237749
1.431875000,-0.084282883
1.431937500,-0.083304755
1.432000000,-0.082264729
1.432062500,-0.081125453
1.432125000,-0.080062643
1.432187500,-0.079126090
1.432250000,-0.078311510
1.432312500,-0.077501364
1.432375000,-0.076671623
1.432437500,-0.075640455
1.432500000,-0.074264154
1.432562500,-0.072482504
1.432625000,-0.070496239
1.432687500,-0.068442859
1.432750000,-0.066451833
1.432812500,-0.064580403
1.432875000,-0.062897727
1.432937500,-0.061238553
1.433000000,-0.059392504
1.433062500,-0.057210654
1.433125000,-0.054747578
1.433187500,-0.052045681
1.433250000,-0.049227066
1.433312500,-0.046469510
1.433375000,-0.043985985
1.433437500,-0.041772082
1.433500000,-0.039720498
1.433562500,-0.037712660
1.433625000,-0.035690453
1.433687500,-0.033543300
1.433750000,-0.031249303
1.433812500,-0.028926048
1.433875000,-0.026770009
1.433937500,-0.024831075
1.434000000,-0.023060480
1.434062500,-0.021359440
1.434125000,-0.019604890
1.434187500,-0.017577762
1.434250000,-0.015154029
1.434312500,-0.012420514
1.434375000,-0.009630457
1.434437500,-0.006983076
1.434500000,-0.004612096
1.434562500,-0.002564202
1.434625000,-0.000749413
1.434687500,0.001132366
1.434750000,0.003388479
1.434812500,0.006157015
1.434875000,0.009389055
1.434937500,0.012979284
1.435000000,0.016754145
1.435062500,0.020499675
1.435125000,0.024069712
1.435187500,0.027498681
1.435250000,0.030872805
1.435312500,0.034197122
1.435375000,0.037402447
1.435437500,0.040429872
1.435500000,0.043203104
1.435562500,0.045622058
1.435625000,0.047683962
1.435687500,0.049541015
1.435750000,0.051391926
1.435812500,0.053334441
1.435875000,0.055403225
1.435937500,0.057561405
1.436000000,0.059674874
1.436062500,0.061493896
1.436125000,0.062862262
1.436187500,0.063759424
1.436250000,0.064286970
1.436312500,0.064560644
1.436375000,0.064785905
1.436437500,0.065141417
1.436500000,0.065698840
1.436562500,0.066330500
1.436625000,0.066887870
1.436687500,0.067212775
1.436750000,0.067204826
1.436812500,0.066801809
1.436875000,0.066151731
1.436937500,0.065486439
1.437000000,0.065039963
1.437062500,0.064881057
1.437125000,0.065047994
1.437187500,0.065422267
1.437250000,0.065792963
1.437312500,0.065854803
1.437375000,0.065513797
1.437437500,0.064784400
1.437500000,0.063816346
1.437562500,0.062746644
1.437625000,0.061881635
1.437687500,0.061404340
1.437750000,0.061369114
1.437812500,0.061594758
1.437875000,0.062004253
1.437937500,0.062436119
1.438000000,0.062780984
1.438062500,0.062918007
1.438125000,0.063024499
1.438187500,0.063229702
1.438250000,0.063628100
1.438312500,0.064121336
1.438375000,0.064718448
1.438437500,0.065247349
1.438500000,0.065510593
1.438562500,0.065262489
1.438625000,0.064581037
1.438687500,0.063546263
1.438750000,0.062310360
1.438812500,0.060958736
1.438875000,0.059755176
1.438937500,0.058787640
1.439000000,0.058074761
1.439062500,0.057515357
1.439125000,0.057193108
1.439187500,0.057078317
1.439250000,0.057133518
1.439312500,0.057239696
1.439375000,0.057469744
1.439437500,0.057787273
1.439500000,0.058168884
1.439562500,0.058547467
1.439625000,0.059076667
1.439687500,0.059798412
1.439750000,0.060710244
1.439812500,0.061675187
1.439875000,0.062687434
1.439937500,0.063602284
1.440000000,0.064286970
1.440062500,0.064600065
1.440125000,0.064653076
1.440187500,0.064499579
1.440250000,0.064192846
1.440312500,0.063696742
1.440375000,0.063098408
1.440437500,0.062362492
1.440500000,0.061463237
1.440562500,0.060369939
1.440625000,0.059246600
1.440687500,0.058162093
1.440750000,0.057133518
1.440812500,0.056054261
1.440875000,0.054887481
1.440937500,0.053469166
1.441000000,0.051674299
1.441062500,0.049441546
1.441125000,0.046975695
1.441187500,0.044459090
1.441250000,0.042073611
1.441312500,0.039889630
1.441375000,0.038044542
1.441437500,0.036503244
1.441500000,0.035202529
1.441562500,0.034051199
1.441625000,0.033177845
1.441687500,0.032643113
1.441750000,0.032472920
1.441812500,0.032541130
1.441875000,0.032807469
1.441937500,0.033071376
1.442000000,0.033131793
1.442062500,0.032783579
1.442125000,0.032141160
1.442187500,0.031324979
1.442250000,0.030496309
1.442312500,0.029694764
1.442375000,0.029070286
1.442437500,0.028547108
1.442500000,0.027954949
1.442562500,0.027011147
1.442625000,0.025711248
1.442687500,0.024046930
1.442750000,0.022119237
1.442812500,0.020016793
1.442875000,0.018050577
1.442937500,0.016357917
1.443000000,0.014965781
1.443062500,0.013715656
1.443125000,0.012600065
1.443187500,0.011519595
1.443250000,0.010447809
1.443312500,0.009395918
1.443375000,0.008651994
1.443437500,0.008442094
1.443500000,0.008941819
1.443562500,0.010147223
1.443625000,0.012061003
1.443687500,0.014459177
1.443750000,0.017036518
1.443812500,0.019458024
1.443875000,0.021609727
1.443937500,0.023461746
1.444000000,0.025131216
1.444062500,0.026794285
1.444125000,0.028711442
1.444187500,0.030976173
1.444250000,0.033508290
1.444312500,0.036044128
1.444375000,0.038322888
1.444437500,0.040083542
1.444500000,0.041226488
1.444562500,0.041839123
1.444625000,0.042242751
1.444687500,0.042734120
1.444750000,0.043485478
1.444812500,0.044434145
1.444875000,0.045389928
1.444937500,0.046032492
1.445000000,0.046120960
1.445062500,0.045604490
1.445125000,0.044724017
1.445187500,0.043801460
1.445250000,0.043108981
1.445312500,0.042705853
1.445375000,0.042466830
1.445437500,0.042075392
1.445500000,0.041226488
1.445562500,0.039777104
1.445625000,0.037877735
1.445687500,0.035836693
1.445750000,0.033978913
1.445812500,0.032460436
1.445875000,0.031223876
1.445937500,0.029990144
1.446000000,0.028425572
1.446062500,0.026315199
1.446125000,0.023698671
1.446187500,0.020829940
1.446250000,0.018071886
1.446312500,0.015727405
1.446375000,0.013945278
1.446437500,0.012637814
1.446500000,0.011577302
1.446562500,0.010515907
1.446625000,0.009358658
1.446687500,0.008127538
1.446750000,0.006965206
1.446812500,0.006028793
1.446875000,0.005495553
1.446937500,0.005374578
1.447000000,0.005553340
1.447062500,0.005808838
1.447125000,0.006027232
1.447187500,0.006082650
1.447250000,0.005929837
1.447312500,0.005545066
1.447375000,0.005115896
1.447437500,0.004771414
1.447500000,0.004612096
1.447562500,0.004602330
1.447625000,0.004835951
1.447687500,0.005272282
1.447750000,0.005835713
1.447812500,0.006349302
1.447875000,0.006837509
1.447937500,0.007249630
1.448000000,0.007529953
1.448062500,0.007525804
1.448125000,0.007263546
1.448187500,0.006702688
1.448250000,0.005835713
1.448312500,0.004626685
1.448375000,0.003264674
1.448437500,0.001898347
1.448500000,0.000658871
1.448562500,-0.000453449
1.448625000,-0.001333078
1.448687500,-0.001969155
1.448750000,-0.002353110
1.448812500,-0.002523996
1.448875000,-0.002356699
1.448937500,-0.001774435
1.449000000,-0.000752995
1.449062500,0.000582173
1.449125000,0.002160838
1.449187500,0.003868374
1.449250000,0.005647464
1.449312500,0.007473429
1.449375000,0.009547419
1.449437500,0.012085090
1.449500000,0.015248154
1.449562500,0.018985039
1.449625000,0.023211243
1.449687500,0.027699299
1.449750000,0.032190546
1.449812500,0.036391564
1.449875000,0.040246017
1.449937500,0.043741800
1.450000000,0.046873957
1.450062500,0.049485996
1.450125000,0.051500492
1.450187500,0.052786596
1.450250000,0.053274415
1.450312500,0.052937709
1.450375000,0.052055292
1.450437500,0.050982337
1.450500000,0.050074182
1.450562500,0.049486961
1.450625000,0.049341384
1.450687500,0.049562111
1.450750000,0.049980059
1.450812500,0.050340287
1.450875000,0.050578479
1.450937500,0.050673157
1.451000000,0.050638933
1.451062500,0.050396651
1.451125000,0.049975827
1.451187500,0.049382024
1.451250000,0.048662320
1.451312500,0.047846947
1.451375000,0.047175929
1.451437500,0.046888299
1.451500000,0.047156330
1.451562500,0.047918800
1.451625000,0.049090177
1.451687500,0.050451450
1.451750000,0.051768426
1.451812500,0.052801330
1.451875000,0.053602412
1.451937500,0.054338537
1.452000000,0.055251025
1.452062500,0.056463722
1.452125000,0.058124673
1.452187500,0.060173836
1.452250000,0.062404484
1.452312500,0.064453624
1.452375000,0.066117503
1.452437500,0.067212097
1.452500000,0.067675456
1.452562500,0.067500085
1.452625000,0.066904888
1.452687500,0.066044800
1.452750000,0.065039963
1.452812500,0.063899115
1.452875000,0.062732600
1.452937500,0.061540153
1.453000000,0.060333744
1.453062500,0.059115790
1.453125000,0.058107972
1.453187500,0.057487056
1.453250000,0.057415888
1.453312500,0.057915349
1.453375000,0.059077833
1.453437500,0.060779527
1.453500000,0.062780984
1.453562500,0.064693138
1.453625000,0.066338032
1.453687500,0.067518696
1.453750000,0.068146072
1.453812500,0.068156280
1.453875000,0.067778319
1.453937500,0.067189872
1.454000000,0.066545956
1.454062500,0.065847017
1.454125000,0.065206334
1.454187500,0.064568304
1.454250000,0.063816346
1.454312500,0.062727220
1.454375000,0.061278798
1.454437500,0.059393302
1.454500000,0.057039391
1.454562500,0.054163359
1.454625000,0.050929304
1.454687500,0.047430515
1.454750000,0.043767847
1.454812500,0.039975189
1.454875000,0.036284253
1.454937500,0.032829121
1.455000000,0.029743314
1.455062500,0.027076373
1.455125000,0.025069237
1.455187500,0.023813004
1.455250000,0.023342853
1.455312500,0.023554107
1.455375000,0.024513401
1.455437500,0.026141766
1.455500000,0.028331446
1.455562500,0.030871730
1.455625000,0.033746310
1.455687500,0.036814347
1.455750000,0.039908748
1.455812500,0.042763378
1.455875000,0.045324650
1.455937500,0.047471117
1.456000000,0.049132939
1.456062500,0.050220266
1.456125000,0.050918076
1.456187500,0.051337589
1.456250000,0.051580172
1.456312500,0.051608764
1.456375000,0.051541157
1.456437500,0.051297244
1.456500000,0.050733056
1.456562500,0.049599048
1.456625000,0.047931168
1.456687500,0.045752306
1.456750000,0.043203104
1.456812500,0.040426109
1.456875000,0.037846364
1.456937500,0.035738561
1.457000000,0.034261286
1.457062500,0.033323038
1.457125000,0.032946184
1.457187500,0.032988686
1.457250000,0.033320040
1.457312500,0.033777773
1.457375000,0.034488000
1.457437500,0.035520300
1.457500000,0.036896769
1.457562500,0.038441811
1.457625000,0.040065259
1.457687500,0.041557442
1.457750000,0.042732481
1.457812500,0.043416429
1.457875000,0.043722846
1.457937500,0.043810584
1.458000000,0.043861974
1.458062500,0.043921974
1.458125000,0.044086564
1.458187500,0.044292297
1.458250000,0.044426721
1.458312500,0.044318315
1.458375000,0.044057384
1.458437500,0.043754872
1.458500000,0.043579601
1.458562500,0.043602020
1.458625000,0.044015069
1.458687500,0.044803716
1.458750000,0.045838587
1.458812500,0.046839856
1.458875000,0.047756501
1.458937500,0.048532654
1.459000000,0.049227066
1.459062500,0.049898028
1.459125000,0.050833344
1.459187500,0.052155580
1.459250000,0.053839162
1.459312500,0.055613492
1.459375000,0.057296518
1.459437500,0.058633383
1.459500000,0.059486628
1.459562500,0.059830073
1.459625000,0.059954997
1.459687500,0.060148586
1.459750000,0.060616117
1.459812500,0.061308764
1.459875000,0.062088683
1.459937500,0.062605403
1.460000000,0.062498607
1.460062500,0.061505593
1.460125000,0.059712552
1.460187500,0.057373080
1.460250000,0.054874528
1.460312500,0.052562263
1.460375000,0.050774023
1.460437500,0.049595509
1.460500000,0.048944689
1.460562500,0.048617769
1.460625000,0.048509706
1.460687500,0.048506260
1.460750000,0.048568193
1.460812500,0.048685730
1.460875000,0.048956480
1.460937500,0.049376361
1.461000000,0.049885936
1.461062500,0.050362941
1.461125000,0.050781716
1.461187500,0.051090643
1.461250000,0.051297802
1.461312500,0.051432163
1.461375000,0.051639013
1.461437500,0.051937092
1.461500000,0.052239046
1.461562500,0.052314918
1.461625000,0.052014086
1.461687500,0.051156729
1.461750000,0.049697686
1.461812500,0.047721770
1.461875000,0.045574803
1.461937500,0.043522544
1.462000000,0.041697115
1.462062500,0.039977979
1.462125000,0.038201507
1.462187500,0.036051475
1.462250000,0.033320040
1.462312500,0.030008608
1.462375000,0.026505299
1.462437500,0.023246884
1.462500000,0.020613244
1.462562500,0.018727459
1.462625000,0.017534016
1.462687500,0.016648866
1.462750000,0.015624652
1.462812500,0.014132499
1.462875000,0.012214590
1.462937500,0.010087477
1.463000000,0.008094699
1.463062500,0.006520127
1.463125000,0.005569753
1.463187500,0.005165838
1.463250000,0.005082718
1.463312500,0.005055261
1.463375000,0.005018224
1.463437500,0.004984537
1.463500000,0.005082718
1.463562500,0.005445540
1.463625000,0.006248064
1.463687500,0.007464620
1.463750000,0.008941819
1.463812500,0.010426887
1.463875000,0.011786272
1.463937500,0.012876935
1.464000000,0.013648040
1.464062500,0.014107304
1.464125000,0.014404360
1.464187500,0.014596230
1.464250000,0.014683408
1.464312500,0.014587124
1.464375000,0.014269523
1.464437500,0.013609533
1.464500000,0.012518546
1.464562500,0.010980682
1.464625000,0.009133541
1.464687500,0.007134547
1.464750000,0.005176842
1.464812500,0.003444959
1.464875000,0.002099254
1.464937500,0.001162618
1.465000000,0.000564746
1.465062500,0.000187932
1.465125000,-0.000074974
1.465187500,-0.000316594
1.465250000,-0.000564746
1.465312500,-0.000774538
1.465375000,-0.000859894
1.465437500,-0.000762977
1.465500000,-0.000470622
1.465562500,-0.000009016
1.465625000,0.000551038
1.465687500,0.001132236
1.465750000,0.001694239
1.465812500,0.002269507
1.465875000,0.002902491
1.465937500,0.003627684
1.466000000,0.004423847
1.466062500,0.005212591
1.466125000,0.005816191
1.466187500,0.006039320
1.466250000,0.005741589
1.466312500,0.004920842
1.466375000,0.003675404
1.466437500,0.002187985
1.466500000,0.000658871
1.466562500,-0.000743029
1.466625000,-0.001980287
1.466687500,-0.003131718
1.466750000,-0.004329723
1.466812500,-0.005656936
1.466875000,-0.007140237
1.466937500,-0.008719634
1.467000000,-0.010259560
1.467062500,-0.011574634
1.467125000,-0.012532989
1.467187500,-0.013087051
1.467250000,-0.013271542
1.467312500,-0.013156509
1.467375000,-0.012861501
1.467437500,-0.012496633
1.467500000,-0.012142048
1.467562500,-0.011836196
1.467625000,-0.011591356
1.467687500,-0.011407861
1.467750000,-0.011294928
1.467812500,-0.011278400
1.467875000,-0.011412952
1.467937500,-0.011753397
1.468000000,-0.012330297
1.468062500,-0.013125843
1.468125000,-0.014078191
1.468187500,-0.015096257
1.468250000,-0.016095273
1.468312500,-0.017023735
1.468375000,-0.017873798
1.468437500,-0.018660843
1.468500000,-0.019389628
1.468562500,-0.020033626
1.468625000,-0.020552659
1.468687500,-0.020942608
1.468750000,-0.021272115
1.468812500,-0.021679271
1.468875000,-0.022321966
1.468937500,-0.023282669
1.469000000,-0.024472345
1.469062500,-0.025599053
1.469125000,-0.026299220
1.469187500,-0.026283627
1.469250000,-0.025507715
1.469312500,-0.024214229
1.469375000,-0.022894401
1.469437500,-0.022009384
1.469500000,-0.021742739
1.469562500,-0.021828432
1.469625000,-0.021686783
1.469687500,-0.020616719
1.469750000,-0.018166009
1.469812500,-0.014369922
1.469875000,-0.009881670
1.469937500,-0.005665863
1.470000000,-0.002635483
1.470062500,-0.001250798
1.470125000,-0.001421529
1.470187500,-0.002511617
1.470250000,-0.003670852
1.470312500,-0.004186607
1.470375000,-0.003830383
1.470437500,-0.002826010
1.470500000,-0.001694239
1.470562500,-0.000938168
1.470625000,-0.000874107
1.470687500,-0.001451636
1.470750000,-0.002353110
1.470812500,-0.003158286
1.470875000,-0.003632128
1.470937500,-0.003742380
1.471000000,-0.003670852
1.471062500,-0.003671966
1.471125000,-0.004031678
1.471187500,-0.004863817
1.471250000,-0.006118086
1.471312500,-0.007594520
1.471375000,-0.009122738
1.471437500,-0.010521078
1.471500000,-0.011671427
1.471562500,-0.012496286
1.471625000,-0.013057984
1.471687500,-0.013416125
1.471750000,-0.013648040
1.471812500,-0.013801847
1.471875000,-0.013996813
1.471937500,-0.014284856
1.472000000,-0.014683408
1.472062500,-0.015146465
1.472125000,-0.015672341
1.472187500,-0.016201070
1.472250000,-0.016660020
1.472312500,-0.016950658
1.472375000,-0.017054435
1.472437500,-0.016950984
1.472500000,-0.016660020
1.472562500,-0.016227942
1.472625000,-0.015766595
1.472687500,-0.015383554
1.472750000,-0.015154029
1.472812500,-0.015076200
1.472875000,-0.015118572
1.472937500,-0.015202006
1.473000000,-0.015248154
1.473062500,-0.015203781
1.473125000,-0.015087451
1.473187500,-0.014954481
1.473250000,-0.014871657
1.473312500,-0.014874795
1.473375000,-0.014969814
1.473437500,-0.015114934
1.473500000,-0.015248154
1.473562500,-0.015312211
1.473625000,-0.015296976
1.473687500,-0.015226751
1.473750000,-0.015154029
1.473812500,-0.015128691
1.473875000,-0.015193711
1.473937500,-0.015342795
1.474000000,-0.015530528
1.474062500,-0.015681878
1.474125000,-0.015750149
1.474187500,-0.015698416
1.474250000,-0.015530528
1.474312500,-0.015282623
1.474375000,-0.015033615
1.474437500,-0.014830262
1.474500000,-0.014683408
1.474562500,-0.014557634
1.474625000,-0.014419350
1.474687500,-0.014216792
1.474750000,-0.013930413
1.474812500,-0.013584668
1.474875000,-0.013263432
1.474937500,-0.013026973
1.475000000,-0.012895043
1.475062500,-0.012823511
1.475125000,-0.012728386
1.475187500,-0.012475500
1.475250000,-0.011953799
1.475312500,-0.011127013
1.475375000,-0.010062030
1.475437500,-0.008877697
1.475500000,-0.007718201
1.475562500,-0.006706538
1.475625000,-0.005910350
1.475687500,-0.005301957
1.475750000,-0.004800345
1.475812500,-0.004328670
1.475875000,-0.003839529
1.475937500,-0.003323632
1.476000000,-0.002823732
1.476062500,-0.002429235
1.476125000,-0.002202192
1.476187500,-0.002137465
1.476250000,-0.002164861
1.476312500,-0.002191162
1.476375000,-0.002102236
1.476437500,-0.001812794
1.476500000,-0.001317742
1.476562500,-0.000725149
1.476625000,-0.000176962
1.476687500,0.000207238
1.476750000,0.000376498
1.476812500,0.000353704
1.476875000,0.000265911
1.476937500,0.000289551
1.477000000,0.000564746
1.477062500,0.001109731
1.477125000,0.001859794
1.477187500,0.002693113
1.477250000,0.003482603
1.477312500,0.004125388
1.477375000,0.004627021
1.477437500,0.005070435
1.477500000,0.005553340
1.477562500,0.006096566
1.477625000,0.006683590
1.477687500,0.007249065
1.477750000,0.007718201
1.477812500,0.008026666
1.477875000,0.008237876
1.477937500,0.008508625
1.478000000,0.009035943
1.478062500,0.009945778
1.478125000,0.011303854
1.478187500,0.013040651
1.478250000,0.014965781
1.478312500,0.016791159
1.478375000,0.018301127
1.478437500,0.019379022
1.478500000,0.020048497
1.478562500,0.020421425
1.478625000,0.020718785
1.478687500,0.021130029
1.478750000,0.021742739
1.478812500,0.022471597
1.478875000,0.023181880
1.478937500,0.023699975
1.479000000,0.023907598
1.479062500,0.023762172
1.479125000,0.023411263
1.479187500,0.023074649
1.479250000,0.022966355
1.479312500,0.023168070
1.479375000,0.023680413
1.479437500,0.024367960
1.479500000,0.025037091
1.479562500,0.025490405
1.479625000,0.025692368
1.479687500,0.025730480
1.479750000,0.025790086
1.479812500,0.026037211
1.479875000,0.026626373
1.479937500,0.027563360
1.480000000,0.028707944
1.480062500,0.029779879
1.480125000,0.030553447
1.480187500,0.030863671
1.480250000,0.030684557
1.480312500,0.030091695
1.480375000,0.029337220
1.480437500,0.028663956
1.480500000,0.028237322
1.480562500,0.028043291
1.480625000,0.028019655
1.480687500,0.028007353
1.480750000,0.027860826
1.480812500,0.027476493
1.480875000,0.026970215
1.480937500,0.026526093
1.481000000,0.026354834
1.481062500,0.026551545
1.481125000,0.027192026
1.481187500,0.028169500
1.481250000,0.029272690
1.481312500,0.030204583
1.481375000,0.030825334
1.481437500,0.031044921
1.481500000,0.030872805
1.481562500,0.030338718
1.481625000,0.029615086
1.481687500,0.028821707
1.481750000,0.028049074
1.481812500,0.027306611
1.481875000,0.026683377
1.481937500,0.026206085
1.482000000,0.025884213
1.482062500,0.025661768
1.482125000,0.025579782
1.482187500,0.025626417
1.482250000,0.025790086
1.482312500,0.026015691
1.482375000,0.026366662
1.482437500,0.026856989
1.482500000,0.027484328
1.482562500,0.028165231
1.482625000,0.028909225
1.482687500,0.029649606
1.482750000,0.030308058
1.482812500,0.030759079
1.482875000,0.031025551
1.482937500,0.031111933
1.483000000,0.031061055
1.483062500,0.030898286
1.483125000,0.030775631
1.483187500,0.030781869
1.483250000,0.030966930
1.483312500,0.031284433
1.483375000,0.031740986
1.483437500,0.032260209
1.483500000,0.032755297
1.483562500,0.033112057
1.483625000,0.033337716
1.483687500,0.033412166
1.483750000,0.033320040
1.483812500,0.033000562
1.483875000,0.032501131
1.483937500,0.031837676
1.484000000,0.031061055
1.484062500,0.030215690
1.484125000,0.029480550
1.484187500,0.028962905
1.484250000,0.028707944
1.484312500,0.028630316
1.484375000,0.028689763
1.484437500,0.028773524
1.484500000,0.028802069
1.484562500,0.028723445
1.484625000,0.028669666
1.484687500,0.028760633
1.484750000,0.029084442
1.484812500,0.029597418
1.484875000,0.030255402
1.484937500,0.030895043
1.485000000,0.031343430
1.485062500,0.031442914
1.485125000,0.031231957
1.485187500,0.030785572
1.485250000,0.030213933
1.485312500,0.029561153
1.485375000,0.028914621
1.485437500,0.028243905
1.485500000,0.027484328
1.485562500,0.026544528
1.485625000,0.025496250
1.485687500,0.024421116
1.485750000,0.023436978
1.485812500,0.022613829
1.485875000,0.022079114
1.485937500,0.021839060
1.486000000,0.021836862
1.486062500,0.021947222
1.486125000,0.022147497
1.486187500,0.022393983
1.486250000,0.022683984
1.486312500,0.023014635
1.486375000,0.023481954
1.486437500,0.024103468
1.486500000,0.024848843
1.486562500,0.025615210
1.486625000,0.026345057
1.486687500,0.026931049
1.486750000,0.027296079
1.486812500,0.027398268
1.486875000,0.027314629
1.486937500,0.027106144
1.487000000,0.026825456
1.487062500,0.026477275
1.487125000,0.026086569
1.487187500,0.025615098
1.487250000,0.025037091
1.487312500,0.024355115
1.487375000,0.023680672
1.487437500,0.023102112
1.487500000,0.022683984
1.487562500,0.022416996
1.487625000,0.022301199
1.487687500,0.022256453
1.487750000,0.022213360
1.487812500,0.022131635
1.487875000,0.022086965
1.487937500,0.022117341
1.488000000,0.022213360
1.488062500,0.022270340
1.488125000,0.022179035
1.488187500,0.021781385
1.488250000,0.020989744
1.488312500,0.019833000
1.488375000,0.018510720
1.488437500,0.017240446
1.488500000,0.016189398
1.488562500,0.015384986
1.488625000,0.014748857
1.488687500,0.014077520
1.488750000,0.013177417
1.488812500,0.011955825
1.488875000,0.010514462
1.488937500,0.009035193
1.489000000,0.007718201
1.489062500,0.006672588
1.489125000,0.005919782
1.489187500,0.005324183
1.489250000,0.004706220
1.489312500,0.003927617
1.489375000,0.003028112
1.489437500,0.002128766
1.489500000,0.001411866
1.489562500,0.001018640
1.489625000,0.001054057
1.489687500,0.001457521
1.489750000,0.002070737
1.489812500,0.002688267
1.489875000,0.003204796
1.489937500,0.003557704
1.490000000,0.003764976
1.490062500,0.003875790
1.490125000,0.003997184
1.490187500,0.004158902
1.490250000,0.004329723
1.490312500,0.004413720
1.490375000,0.004353448
1.490437500,0.004079981
1.490500000,0.003576728
1.490562500,0.002877411
1.490625000,0.002116035
1.490687500,0.001408783
1.490750000,0.000847120
1.490812500,0.000459428
1.490875000,0.000254270
1.490937500,0.000161282
1.491000000,0.000094124
1.491062500,-0.000018396
1.491125000,-0.000170480
1.491187500,-0.000336866
1.491250000,-0.000470622
1.491312500,-0.000533274
1.491375000,-0.000485576
1.491437500,-0.000333005
1.491500000,-0.000094124
1.491562500,0.000217395
1.491625000,0.000615224
1.491687500,0.001108713
1.491750000,0.001694239
1.491812500,0.002338814
1.491875000,0.002989341
1.491937500,0.003575911
1.492000000,0.004047350
1.492062500,0.004397681
1.492125000,0.004664284
1.492187500,0.004907472
1.492250000,0.005176842
1.492312500,0.005483476
1.492375000,0.005789608
1.492437500,0.006023937
1.492500000,0.006118086
1.492562500,0.006039849
1.492625000,0.005807714
1.492687500,0.005470523
1.492750000,0.005082718
1.492812500,0.004676895
1.492875000,0.004250918
1.492937500,0.003770023
1.493000000,0.003200230
1.493062500,0.002538458
1.493125000,0.001836741
1.493187500,0.001179953
1.493250000,0.000658871
1.493312500,0.000325860
1.493375000,0.000185218
1.493437500,0.000174398
1.493500000,0.000188249
1.493562500,0.000109433
1.493625000,-0.000121837
1.493687500,-0.000498151
1.493750000,-0.000941244
1.493812500,-0.001341416
1.493875000,-0.001572817
1.493937500,-0.001562005
1.494000000,-0.001317742
1.494062500,-0.000946507
1.494125000,-0.000591267
1.494187500,-0.000400697
1.494250000,-0.000470622
1.494312500,-0.000819315
1.494375000,-0.001351646
1.494437500,-0.001915850
1.494500000,-0.002353110
1.494562500,-0.002565522
1.494625000,-0.002520490
1.494687500,-0.002282864
1.494750000,-0.001976613
1.494812500,-0.001748708
1.494875000,-0.001681388
1.494937500,-0.001801816
1.495000000,-0.002070737
1.495062500,-0.002417048
1.495125000,-0.002720916
1.495187500,-0.002882022
1.495250000,-0.002823732
1.495312500,-0.002516381
1.495375000,-0.001928294
1.495437500,-0.001072910
1.495500000,0.000000000
1.495562500,0.001187919
1.495625000,0.002407029
1.495687500,0.003568815
1.495750000,0.004612096
1.495812500,0.005494942
1.495875000,0.006248141
1.495937500,0.006914920
1.496000000,0.007529953
1.496062500,0.008078584
1.496125000,0.008547060
1.496187500,0.008903782
1.496250000,0.009130068
1.496312500,0.009216675
1.496375000,0.009214179
1.496437500,0.009175707
1.496500000,0.009130068
1.496562500,0.009041053
1.496625000,0.008865534
1.496687500,0.008553563
1.496750000,0.008094699
1.496812500,0.007523194
1.496875000,0.006971580
1.496937500,0.006590654
1.497000000,0.006494584
1.497062500,0.006686232
1.497125000,0.007105043
1.497187500,0.007620291
1.497250000,0.008094699
1.497312500,0.008418495
1.497375000,0.008605262
1.497437500,0.008740866
1.497500000,0.008941819
1.497562500,0.009272558
1.497625000,0.009777881
1.497687500,0.010438320
1.497750000,0.011200804
1.497812500,0.011987229
1.497875000,0.012774060
1.497937500,0.013552174
1.498000000,0.014306910
1.498062500,0.014965551
1.498125000,0.015474219
1.498187500,0.015767431
1.498250000,0.015812902
1.498312500,0.015607839
1.498375000,0.015271724
1.498437500,0.014949692
1.498500000,0.014777532
1.498562500,0.014792928
1.498625000,0.015016455
1.498687500,0.015367264
1.498750000,0.015718777
1.498812500,0.015908087
1.498875000,0.015913520
1.498937500,0.015778292
1.499000000,0.015624652
1.499062500,0.015559519
1.499125000,0.015753854
1.499187500,0.016266415
1.499250000,0.017036518
1.499312500,0.017846610
1.499375000,0.018533653
1.499437500,0.018959874
1.499500000,0.019107254
1.499562500,0.019042326
1.499625000,0.019003337
1.499687500,0.019188682
1.499750000,0.019672001
1.499812500,0.020295689
1.499875000,0.020856028
1.499937500,0.021101331
1.500000000,0.020895619
1.500062500,0.020249916
1.500125000,0.019482587
1.500187500,0.018972009
1.500250000,0.019013131
1.500312500,0.019611239
1.500375000,0.020623175
1.500437500,0.021701345
1.500500000,0.022495734
1.500562500,0.022755496
1.500625000,0.022603393
1.500687500,0.022334676
1.500750000,0.022307485
1.500812500,0.022706093
1.500875000,0.023621146
1.500937500,0.024894370
1.501000000,0.026260709
1.501062500,0.027425034
1.501125000,0.028361550
1.501187500,0.029167915
1.501250000,0.030025685
1.501312500,0.031018041
1.501375000,0.032226436
1.501437500,0.033555623
1.501500000,0.034826029
1.501562500,0.035800334
1.501625000,0.036434863
1.501687500,0.036744114
1.501750000,0.036802646
1.501812500,0.036633831
1.501875000,0.036347125
1.501937500,0.036000337
1.502000000,0.035673149
1.502062500,0.035438590
1.502125000,0.035514381
1.502187500,0.036050007
1.502250000,0.037085015
1.502312500,0.038443487
1.502375000,0.039930895
1.502437500,0.041270178
1.502500000,0.042261858
1.502562500,0.042811185
1.502625000,0.043104906
1.502687500,0.043366328
1.502750000,0.043767847
1.502812500,0.044273160
1.502875000,0.044794362
1.502937500,0.045119572
1.503000000,0.045085590
1.503062500,0.044632606
1.503125000,0.044003148
1.503187500,0.043501511
1.503250000,0.043391351
1.503312500,0.043711178
1.503375000,0.044370860
1.503437500,0.045065906
1.503500000,0.045462091
1.503562500,0.045306377
1.503625000,0.044661697
1.503687500,0.043738518
1.503750000,0.042826608
1.503812500,0.042106520
1.503875000,0.041689143
1.503937500,0.041445103
1.504000000,0.041132364
1.504062500,0.040485393
1.504125000,0.039470468
1.504187500,0.038169786
1.504250000,0.036802646
1.504312500,0.035601929
1.504375000,0.034841411
1.504437500,0.034604739
1.504500000,0.034826029
1.504562500,0.035300903
1.504625000,0.035872586
1.504687500,0.036351252
1.504750000,0.036614396
1.504812500,0.036600009
1.504875000,0.036416046
1.504937500,0.036163814
1.505000000,0.035955522
1.505062500,0.035847958
1.505125000,0.035936929
1.505187500,0.036172658
1.505250000,0.036426149
1.505312500,0.036494855
1.505375000,0.036272071
1.505437500,0.035634216
1.505500000,0.034543656
1.505562500,0.033045340
1.505625000,0.031349655
1.505687500,0.029632993
1.505750000,0.028049074
1.505812500,0.026679682
1.505875000,0.025605872
1.505937500,0.024776561
1.506000000,0.024095848
1.506062500,0.023454091
1.506125000,0.022824045
1.506187500,0.022141479
1.506250000,0.021366240
1.506312500,0.020478480
1.506375000,0.019528065
1.506437500,0.018508736
1.506500000,0.017413015
1.506562500,0.016240366
1.506625000,0.015059966
1.506687500,0.013900452
1.506750000,0.012800919
1.506812500,0.011806688
1.506875000,0.010996247
1.506937500,0.010368315
1.507000000,0.009883063
1.507062500,0.009480630
1.507125000,0.009136161
1.507187500,0.008802310
1.507250000,0.008471197
1.507312500,0.008182319
1.507375000,0.008011975
1.507437500,0.007948697
1.507500000,0.007906451
1.507562500,0.007745821
1.507625000,0.007320124
1.507687500,0.006478144
1.507750000,0.005176842
1.507812500,0.003535959
1.507875000,0.001808797
1.507937500,0.000232033
1.508000000,-0.001035369
1.508062500,-0.001964604
1.508125000,-0.002670625
1.508187500,-0.003408961
1.508250000,-0.004423847
1.508312500,-0.005812913
1.508375000,-0.007490762
1.508437500,-0.009250928
1.508500000,-0.010824307
1.508562500,-0.011965306
1.508625000,-0.012561349
1.508687500,-0.012683404
1.508750000,-0.012518546
1.508812500,-0.012263827
1.508875000,-0.012073215
1.508937500,-0.012033069
1.509000000,-0.012142048
1.509062500,-0.012323797
1.509125000,-0.012511116
1.509187500,-0.012690532
1.509250000,-0.012895043
1.509312500,-0.013160977
1.509375000,-0.013549164
1.509437500,-0.014111991
1.509500000,-0.014871657
1.509562500,-0.015790038
1.509625000,-0.016839767
1.509687500,-0.017989032
1.509750000,-0.019201379
1.509812500,-0.020402443
1.509875000,-0.021551691
1.509937500,-0.022608310
1.510000000,-0.023531102
1.510062500,-0.024250126
1.510125000,-0.024747385
1.510187500,-0.025029702
1.510250000,-0.025131216
1.510312500,-0.025076769
1.510375000,-0.024947528
1.510437500,-0.024821261
1.510500000,-0.024754720
1.510562500,-0.024732476
1.510625000,-0.024753129
1.510687500,-0.024776597
1.510750000,-0.024754720
1.510812500,-0.024612945
1.510875000,-0.024370126
1.510937500,-0.024057131
1.511000000,-0.023719350
1.511062500,-0.023354134
1.511125000,-0.023021137
1.511187500,-0.022734571
1.511250000,-0.022495734
1.511312500,-0.022259442
1.511375000,-0.022071717
1.511437500,-0.021955712
1.511500000,-0.021930987
1.511562500,-0.021961592
1.511625000,-0.022081379
1.511687500,-0.022290163
1.511750000,-0.022589857
1.511812500,-0.022945825
1.511875000,-0.023408948
1.511937500,-0.023988226
1.512000000,-0.024660595
1.512062500,-0.025320115
1.512125000,-0.025917666
1.512187500,-0.026372962
1.512250000,-0.026637208
1.512312500,-0.026669372
1.512375000,-0.026567388
1.512437500,-0.026411183
1.512500000,-0.026260709
1.512562500,-0.026087252
1.512625000,-0.025910657
1.512687500,-0.025691254
1.512750000,-0.025413590
1.512812500,-0.025080046
1.512875000,-0.024835441
1.512937500,-0.024796104
1.513000000,-0.025037091
1.513062500,-0.025521601
1.513125000,-0.026193444
1.513187500,-0.026897825
1.513250000,-0.027484328
1.513312500,-0.027850119
1.513375000,-0.028042277
1.513437500,-0.028139755
1.513500000,-0.028237322
1.513562500,-0.028380295
1.513625000,-0.028589847
1.513687500,-0.028792115
1.513750000,-0.028896192
1.513812500,-0.028846959
1.513875000,-0.028679764
1.513937500,-0.028452467
1.514000000,-0.028237322
1.514062500,-0.028090460
1.514125000,-0.028023252
1.514187500,-0.027972270
1.514250000,-0.027860826
1.514312500,-0.027656769
1.514375000,-0.027387854
1.514437500,-0.027095312
1.514500000,-0.026825456
1.514562500,-0.026607303
1.514625000,-0.026431819
1.514687500,-0.026219426
1.514750000,-0.025884213
1.514812500,-0.025385391
1.514875000,-0.024754588
1.514937500,-0.024029113
1.515000000,-0.023248728
1.515062500,-0.022428190
1.515125000,-0.021555077
1.515187500,-0.020542042
1.515250000,-0.019295502
1.515312500,-0.017767807
1.515375000,-0.015998997
1.515437500,-0.014058124
1.515500000,-0.012047924
1.515562500,-0.010080289
1.515625000,-0.008254117
1.515687500,-0.006593189
1.515750000,-0.005082718
1.515812500,-0.003695134
1.515875000,-0.002407594
1.515937500,-0.001145130
1.516000000,0.000188249
1.516062500,0.001684763
1.516125000,0.003413783
1.516187500,0.005433026
1.516250000,0.007718201
1.516312500,0.010126526
1.516375000,0.012427425
1.516437500,0.014407033
1.516500000,0.015907025
1.516562500,0.016858991
1.516625000,0.017308697
1.516687500,0.017427552
1.516750000,0.017413015
1.516812500,0.017398516
1.516875000,0.017415211
1.516937500,0.017442148
1.517000000,0.017413015
1.517062500,0.017250439
1.517125000,0.016903205
1.517187500,0.016402863
1.517250000,0.015812902
1.517312500,0.015182515
1.517375000,0.014533993
1.517437500,0.013910996
1.517500000,0.013365666
1.517562500,0.012952060
1.517625000,0.012729052
1.517687500,0.012766775
1.517750000,0.013083293
1.517812500,0.013605391
1.517875000,0.014190280
1.517937500,0.014703102
1.518000000,0.015059905
1.518062500,0.015259696
1.518125000,0.015403283
1.518187500,0.015661618
1.518250000,0.016189398
1.518312500,0.017042283
1.518375000,0.018159891
1.518437500,0.019384095
1.518500000,0.020519121
1.518562500,0.021397175
1.518625000,0.021954766
1.518687500,0.022225343
1.518750000,0.022307485
1.518812500,0.022293290
1.518875000,0.022263398
1.518937500,0.022221046
1.519000000,0.022119237
1.519062500,0.021874690
1.519125000,0.021480994
1.519187500,0.020948803
1.519250000,0.020330872
1.519312500,0.019677863
1.519375000,0.019106375
1.519437500,0.018684031
1.519500000,0.018448384
1.519562500,0.018376963
1.519625000,0.018483309
1.519687500,0.018720426
1.519750000,0.019013131
1.519812500,0.019241342
1.519875000,0.019342879
1.519937500,0.019246558
1.520000000,0.018919006
1.520062500,0.018352907
1.520125000,0.017630395
1.520187500,0.016826104
1.520250000,0.016001150
1.520312500,0.015166174
1.520375000,0.014332178
1.520437500,0.013462122
1.520500000,0.012518546
1.520562500,0.011477017
1.520625000,0.010392915
1.520687500,0.009332675
1.520750000,0.008377072
1.520812500,0.007583881
1.520875000,0.007022039
1.520937500,0.006698187
1.521000000,0.006588709
1.521062500,0.006642429
1.521125000,0.006859814
1.521187500,0.007221422
1.521250000,0.007718201
1.521312500,0.008331504
1.521375000,0.009087024
1.521437500,0.009962519
1.521500000,0.010918431
1.521562500,0.011889720
1.521625000,0.012851492
1.521687500,0.013741099
1.521750000,0.014495159
1.521812500,0.015048209
1.521875000,0.015393282
1.521937500,0.015517636
1.522000000,0.015436403
1.522062500,0.015185156
1.522125000,0.014842682
1.522187500,0.014451404
1.522250000,0.014024537
1.522312500,0.013536466
1.522375000,0.012966292
1.522437500,0.012261149
1.522500000,0.011389053
1.522562500,0.010355152
1.522625000,0.009245104
1.522687500,0.008147762
1.522750000,0.007153455
1.522812500,0.006321930
1.522875000,0.005701424
1.522937500,0.005273356
1.523000000,0.004988594
1.523062500,0.004782777
1.523125000,0.004633264
1.523187500,0.004517035
1.523250000,0.004423847
1.523312500,0.004336166
1.523375000,0.004257810
1.523437500,0.004169461
1.523500000,0.004047350
1.523562500,0.003859681
1.523625000,0.003623789
1.523687500,0.003362122
1.523750000,0.003106105
1.523812500,0.002865870
1.523875000,0.002669824
1.523937500,0.002508847
1.524000000,0.002353110
1.524062500,0.002140650
1.524125000,0.001853474
1.524187500,0.001460239
1.524250000,0.000941244
1.524312500,0.000273533
1.524375000,-0.000492729
1.524437500,-0.001302385
1.524500000,-0.002070737
1.524562500,-0.002714570
1.524625000,-0.003109852
1.524687500,-0.003202823
1.524750000,-0.003011981
1.524812500,-0.002648300
1.524875000,-0.002219389
1.524937500,-0.001848792
1.525000000,-0.001600115
1.525062500,-0.001469324
1.525125000,-0.001329850
1.525187500,-0.001055017
1.525250000,-0.000564746
1.525312500,0.000106496
1.525375000,0.000889519
1.525437500,0.001665788
1.525500000,0.002353110
1.525562500,0.002929487
1.525625000,0.003509750
1.525687500,0.004229584
1.525750000,0.005176842
1.525812500,0.006300287
1.525875000,0.007476367
1.525937500,0.008506455
1.526000000,0.009224192
1.526062500,0.009551606
1.526125000,0.009603660
1.526187500,0.009582931
1.526250000,0.009694814
1.526312500,0.010016163
1.526375000,0.010531202
1.526437500,0.011086525
1.526500000,0.011483178
1.526562500,0.011541145
1.526625000,0.011254916
1.526687500,0.010734980
1.526750000,0.010165436
1.526812500,0.009687281
1.526875000,0.009415198
1.526937500,0.009349904
1.527000000,0.009412440
1.527062500,0.009468201
1.527125000,0.009473342
1.527187500,0.009454114
1.527250000,0.009506566
1.527312500,0.009714829
1.527375000,0.010203034
1.527437500,0.011023505
1.527500000,0.012142048
1.527562500,0.013399661
1.527625000,0.014666821
1.527687500,0.015812604
1.527750000,0.016754145
1.527812500,0.017419711
1.527875000,0.017875297
1.527937500,0.018197937
1.528000000,0.018448384
1.528062500,0.018585138
1.528125000,0.018626165
1.528187500,0.018568926
1.528250000,0.018448384
1.528312500,0.018292859
1.528375000,0.018280283
1.528437500,0.018558417
1.528500000,0.019201379
1.528562500,0.020094706
1.528625000,0.021128301
1.528687500,0.022108527
1.528750000,0.022872232
1.528812500,0.023285624
1.528875000,0.023451574
1.528937500,0.023517521
1.529000000,0.023625227
1.529062500,0.023768634
1.529125000,0.023967765
1.529187500,0.024154829
1.529250000,0.024284096
1.529312500,0.024327837
1.529375000,0.024479510
1.529437500,0.024946934
1.529500000,0.025884213
1.529562500,0.027234875
1.529625000,0.028890288
1.529687500,0.030597212
1.529750000,0.032096423
1.529812500,0.033170432
1.529875000,0.033881467
1.529937500,0.034413822
1.530000000,0.035014279
1.530062500,0.035816882
1.530125000,0.036932219
1.530187500,0.038290039
1.530250000,0.039720498
1.530312500,0.040980522
1.530375000,0.042001609
1.530437500,0.042778634
1.530500000,0.043391351
1.530562500,0.043893911
1.530625000,0.044433560
1.530687500,0.045057274
1.530750000,0.045744464
1.530812500,0.046369441
1.530875000,0.046912353
1.530937500,0.047333688
1.531000000,0.047626950
1.531062500,0.047755703
1.531125000,0.047815025
1.531187500,0.047855683
1.531250000,0.047909327
1.531312500,0.047924120
1.531375000,0.047948126
1.531437500,0.047975693
1.531500000,0.048003450
1.531562500,0.047979392
1.531625000,0.047970407
1.531687500,0.047984969
1.531750000,0.048003450
1.531812500,0.047921658
1.531875000,0.047730852
1.531937500,0.047385070
1.532000000,0.046873957
1.532062500,0.046181191
1.532125000,0.045445126
1.532187500,0.044753142
1.532250000,0.044144347
1.532312500,0.043530211
1.532375000,0.042882092
1.532437500,0.042099930
1.532500000,0.041132364
1.532562500,0.039972525
1.532625000,0.038834807
1.532687500,0.037915125
1.532750000,0.037367389
1.532812500,0.037184272
1.532875000,0.037352815
1.532937500,0.037697785
1.533000000,0.038026262
1.533062500,0.038160469
1.533125000,0.038157951
1.533187500,0.038085829
1.533250000,0.038026262
1.533312500,0.037967641
1.533375000,0.037946992
1.533437500,0.037871379
1.533500000,0.037649762
1.533562500,0.037216324
1.533625000,0.036700763
1.533687500,0.036197003
1.533750000,0.035767276
1.533812500,0.035363119
1.533875000,0.034958426
1.533937500,0.034426399
1.534000000,0.033696536
1.534062500,0.032800060
1.534125000,0.031982046
1.534187500,0.031453576
1.534250000,0.031343430
1.534312500,0.031594515
1.534375000,0.032058336
1.534437500,0.032415297
1.534500000,0.032378796
1.534562500,0.031807482
1.534625000,0.030857125
1.534687500,0.029767876
1.534750000,0.028802069
1.534812500,0.028103631
1.534875000,0.027714347
1.534937500,0.027458688
1.535000000,0.027107829
1.535062500,0.026504470
1.535125000,0.025693981
1.535187500,0.024801202
1.535250000,0.024001725
1.535312500,0.023423083
1.535375000,0.023105074
1.535437500,0.022901325
1.535500000,0.022589857
1.535562500,0.021983085
1.535625000,0.021021204
1.535687500,0.019715777
1.535750000,0.018166009
1.535812500,0.016517028
1.535875000,0.014907003
1.535937500,0.013363923
1.536000000,0.011859675
1.536062500,0.010366594
1.536125000,0.008888055
1.536187500,0.007407661
1.536250000,0.005929837
1.536312500,0.004491282
1.536375000,0.003137907
1.536437500,0.001863155
1.536500000,0.000658871
1.536562500,-0.000447305
1.536625000,-0.001381915
1.536687500,-0.002094529
1.536750000,-0.002541359
1.536812500,-0.002694649
1.536875000,-0.002578925
1.536937500,-0.002334399
1.537000000,-0.002164861
1.537062500,-0.002270642
1.537125000,-0.002799736
1.537187500,-0.003843199
1.537250000,-0.005365091
1.537312500,-0.007177967
1.537375000,-0.009026538
1.537437500,-0.010694015
1.537500000,-0.012047924
1.537562500,-0.013051312
1.537625000,-0.013808507
1.537687500,-0.014532411
1.537750000,-0.015436403
1.537812500,-0.016613957
1.537875000,-0.018052574
1.537937500,-0.019637082
1.538000000,-0.021177992
1.538062500,-0.022449922
1.538125000,-0.023334915
1.538187500,-0.023863824
1.538250000,-0.024189973
1.538312500,-0.024488762
1.538375000,-0.024945140
1.538437500,-0.025650471
1.538500000,-0.026543085
1.538562500,-0.027378134
1.538625000,-0.027895637
1.538687500,-0.027888536
1.538750000,-0.027296079
1.538812500,-0.026200539
1.538875000,-0.024894906
1.538937500,-0.023724360
1.539000000,-0.022966355
1.539062500,-0.022690900
1.539125000,-0.022850124
1.539187500,-0.023260331
1.539250000,-0.023719350
1.539312500,-0.024063479
1.539375000,-0.024334118
1.539437500,-0.024667347
1.539500000,-0.025225341
1.539562500,-0.026059149
1.539625000,-0.027158871
1.539687500,-0.028385989
1.539750000,-0.029555064
1.539812500,-0.030483060
1.539875000,-0.031154813
1.539937500,-0.031647477
1.540000000,-0.032096423
1.540062500,-0.032580890
1.540125000,-0.033166923
1.540187500,-0.033797935
1.540250000,-0.034355409
1.540312500,-0.034692571
1.540375000,-0.034787484
1.540437500,-0.034673329
1.540500000,-0.034449533
1.540562500,-0.034207094
1.540625000,-0.034080647
1.540687500,-0.034107931
1.540750000,-0.034261286
1.540812500,-0.034440182
1.540875000,-0.034603972
1.540937500,-0.034683831
1.541000000,-0.034637783
1.541062500,-0.034423277
1.541125000,-0.034115158
1.541187500,-0.033761870
1.541250000,-0.033414163
1.541312500,-0.033072412
1.541375000,-0.032817084
1.541437500,-0.032655559
1.541500000,-0.032567047
1.541562500,-0.032469146
1.541625000,-0.032359011
1.541687500,-0.032187749
1.541750000,-0.031908173
1.541812500,-0.031443838
1.541875000,-0.030831665
1.541937500,-0.030092737
1.542000000,-0.029272690
1.542062500,-0.028395470
1.542125000,-0.027562501
1.542187500,-0.026797540
1.542250000,-0.026072461
1.542312500,-0.025277147
1.542375000,-0.024373276
1.542437500,-0.023293192
1.542500000,-0.022025112
1.542562500,-0.020594288
1.542625000,-0.019183042
1.542687500,-0.017933292
1.542750000,-0.016942395
1.542812500,-0.016184773
1.542875000,-0.015652807
1.542937500,-0.015224696
1.543000000,-0.014777532
1.543062500,-0.014206257
1.543125000,-0.013617289
1.543187500,-0.013150807
1.543250000,-0.012989169
1.543312500,-0.013243395
1.543375000,-0.014045916
1.543437500,-0.015339982
1.543500000,-0.016942395
1.543562500,-0.018552672
1.543625000,-0.019983316
1.543687500,-0.021064041
1.543750000,-0.021742739
1.543812500,-0.022048932
1.543875000,-0.022188116
1.543937500,-0.022310827
1.544000000,-0.022495734
1.544062500,-0.022681093
1.544125000,-0.022799797
1.544187500,-0.022688275
1.544250000,-0.022213360
1.544312500,-0.021313116
1.544375000,-0.020129541
1.544437500,-0.018850844
1.544500000,-0.017695390
1.544562500,-0.016819971
1.544625000,-0.016347595
1.544687500,-0.016241455
1.544750000,-0.016377648
1.544812500,-0.016590793
1.544875000,-0.016806770
1.544937500,-0.016979694
1.545000000,-0.017130643
1.545062500,-0.017309140
1.545125000,-0.017617838
1.545187500,-0.018094901
1.545250000,-0.018730756
1.545312500,-0.019461177
1.545375000,-0.020241909
1.545437500,-0.020995352
1.545500000,-0.021648614
1.545562500,-0.022129184
1.545625000,-0.022422291
1.545687500,-0.022511205
1.545750000,-0.022401609
1.545812500,-0.022108406
1.545875000,-0.021692250
1.545937500,-0.021188490
1.546000000,-0.020613244
1.546062500,-0.019948781
1.546125000,-0.019200725
1.546187500,-0.018353298
1.546250000,-0.017413015
1.546312500,-0.016402254
1.546375000,-0.015405648
1.546437500,-0.014459186
1.546500000,-0.013553915
1.546562500,-0.012619319
1.546625000,-0.011597024
1.546687500,-0.010408432
1.546750000,-0.009035943
1.546812500,-0.007545909
1.546875000,-0.006115985
1.546937500,-0.004911582
1.547000000,-0.004047350
1.547062500,-0.003537653
1.547125000,-0.003321411
1.547187500,-0.003253648
1.547250000,-0.003200230
1.547312500,-0.003100532
1.547375000,-0.003008526
1.547437500,-0.003014455
1.547500000,-0.003200230
1.547562500,-0.003581271
1.547625000,-0.004100478
1.547687500,-0.004615912
1.547750000,-0.004988594
1.547812500,-0.005150247
1.547875000,-0.005146930
1.547937500,-0.005064408
1.548000000,-0.004988594
1.548062500,-0.004950710
1.548125000,-0.004917439
1.548187500,-0.004774536
1.548250000,-0.004423847
1.548312500,-0.003858183
1.548375000,-0.003201139
1.548437500,-0.002617369
1.548500000,-0.002258986
1.548562500,-0.002190982
1.548625000,-0.002362399
1.548687500,-0.002584853
1.548750000,-0.002635483
1.548812500,-0.002357761
1.548875000,-0.001729938
1.548937500,-0.000831018
1.549000000,0.000188249
1.549062500,0.001166238
1.549125000,0.001989325
1.549187500,0.002629346
1.549250000,0.003106105
1.549312500,0.003438926
1.549375000,0.003641691
1.549437500,0.003735582
1.549500000,0.003764976
1.549562500,0.003798070
1.549625000,0.003946314
1.549687500,0.004304498
1.549750000,0.004894469
1.549812500,0.005616487
1.549875000,0.006314872
1.549937500,0.006824588
1.550000000,0.007059331
1.550062500,0.007045224
1.550125000,0.006969989
1.550187500,0.007072122
1.550250000,0.007529953
1.550312500,0.008343829
1.550375000,0.009375782
1.550437500,0.010377951
1.550500000,0.011106680
1.550562500,0.011404112
1.550625000,0.011313794
1.550687500,0.011015262
1.550750000,0.010730183
1.550812500,0.010588817
1.550875000,0.010624312
1.550937500,0.010748822
1.551000000,0.010824307
1.551062500,0.010725334
1.551125000,0.010460015
1.551187500,0.010131006
1.551250000,0.009883063
1.551312500,0.009799725
1.551375000,0.009914093
1.551437500,0.010165814
1.551500000,0.010447809
1.551562500,0.010637763
1.551625000,0.010723731
1.551687500,0.010756361
1.551750000,0.010824307
1.551812500,0.010966250
1.551875000,0.011240399
1.551937500,0.011642368
1.552000000,0.012142048
1.552062500,0.012670408
1.552125000,0.013260706
1.552187500,0.013951895
1.552250000,0.014777532
1.552312500,0.015685685
1.552375000,0.016661054
1.552437500,0.017636556
1.552500000,0.018542508
1.552562500,0.019281883
1.552625000,0.019891584
1.552687500,0.020415273
1.552750000,0.020895619
1.552812500,0.021290002
1.552875000,0.021599337
1.552937500,0.021768685
1.553000000,0.021742739
1.553062500,0.021445911
1.553125000,0.020959456
1.553187500,0.020388519
1.553250000,0.019860249
1.553312500,0.019428698
1.553375000,0.019192941
1.553437500,0.019162104
1.553500000,0.019295502
1.553562500,0.019479860
1.553625000,0.019701652
1.553687500,0.019947970
1.553750000,0.020236747
1.553812500,0.020557757
1.553875000,0.021001838
1.553937500,0.021631774
1.554000000,0.022495734
1.554062500,0.023565546
1.554125000,0.024860991
1.554187500,0.026326880
1.554250000,0.027860826
1.554312500,0.029285947
1.554375000,0.030521363
1.554437500,0.031512473
1.554500000,0.032284670
1.554562500,0.032890718
1.554625000,0.033511378
1.554687500,0.034270905
1.554750000,0.035202529
1.554812500,0.036167480
1.554875000,0.037030566
1.554937500,0.037599124
1.555000000,0.037743889
1.555062500,0.037409585
1.555125000,0.036797415
1.555187500,0.036164470
1.555250000,0.035767276
1.555312500,0.035701513
1.555375000,0.036026120
1.555437500,0.036598701
1.555500000,0.037179142
1.555562500,0.037458532
1.555625000,0.037344489
1.555687500,0.036833704
1.555750000,0.036049645
1.555812500,0.035122566
1.555875000,0.034317385
1.555937500,0.033792228
1.556000000,0.033602413
1.556062500,0.033627525
1.556125000,0.033804640
1.556187500,0.033995420
1.556250000,0.034073036
1.556312500,0.033882167
1.556375000,0.033470925
1.556437500,0.032903299
1.556500000,0.032284670
1.556562500,0.031657040
1.556625000,0.031187838
1.556687500,0.030951846
1.556750000,0.030966930
1.556812500,0.031120900
1.556875000,0.031417992
1.556937500,0.031793326
1.557000000,0.032190546
1.557062500,0.032497816
1.557125000,0.032794531
1.557187500,0.033117451
1.557250000,0.033508290
1.557312500,0.033917073
1.557375000,0.034445874
1.557437500,0.035101376
1.557500000,0.035861399
1.557562500,0.036598276
1.557625000,0.037357826
1.557687500,0.038119268
1.557750000,0.038873378
1.557812500,0.039541259
1.557875000,0.040223338
1.557937500,0.040942296
1.558000000,0.041697115
1.558062500,0.042379577
1.558125000,0.043032967
1.558187500,0.043626979
1.558250000,0.044144347
1.558312500,0.044517495
1.558375000,0.044868976
1.558437500,0.045262497
1.558500000,0.045744464
1.558562500,0.046249893
1.558625000,0.046823796
1.558687500,0.047405299
1.558750000,0.047909327
1.558812500,0.048181564
1.558875000,0.048256386
1.558937500,0.048147734
1.559000000,0.047909327
1.559062500,0.047549449
1.559125000,0.047227606
1.559187500,0.047020685
1.559250000,0.046968080
1.559312500,0.047005337
1.559375000,0.047178555
1.559437500,0.047459416
1.559500000,0.047815196
1.559562500,0.048151642
1.559625000,0.048529729
1.559687500,0.048952926
1.559750000,0.049415316
1.559812500,0.049822439
1.559875000,0.050210204
1.559937500,0.050532550
1.560000000,0.050733056
1.560062500,0.050687563
1.560125000,0.050452922
1.560187500,0.050046727
1.560250000,0.049509440
1.560312500,0.048816286
1.560375000,0.048112798
1.560437500,0.047455855
1.560500000,0.046873957
1.560562500,0.046285573
1.560625000,0.045767847
1.560687500,0.045309663
1.560750000,0.044897340
1.560812500,0.044437408
1.560875000,0.044041712
1.560937500,0.043746773
1.561000000,0.043579601
1.561062500,0.043452010
1.561125000,0.043437213
1.561187500,0.043479819
1.561250000,0.043485478
1.561312500,0.043249507
1.561375000,0.042795919
1.561437500,0.042107102
1.561500000,0.041226488
1.561562500,0.040158596
1.561625000,0.039163131
1.561687500,0.038410593
1.561750000,0.038026262
1.561812500,0.037959460
1.561875000,0.038280539
1.561937500,0.038888238
1.562000000,0.039626375
1.562062500,0.040235870
1.562125000,0.040708072
1.562187500,0.041019920
1.562250000,0.041226488
1.562312500,0.041347127
1.562375000,0.041610319
1.562437500,0.042104613
1.562500000,0.042826608
1.562562500,0.043588929
1.562625000,0.044354767
1.562687500,0.045000114
1.562750000,0.045462091
1.562812500,0.045682363
1.562875000,0.045888867
1.562937500,0.046246964
1.563000000,0.046873957
1.563062500,0.047692914
1.563125000,0.048716281
1.563187500,0.049787771
1.563250000,0.050733056
1.563312500,0.051337037
1.563375000,0.051700108
1.563437500,0.051942345
1.563500000,0.052239046
1.563562500,0.052647877
1.563625000,0.053360194
1.563687500,0.054364149
1.563750000,0.055533402
1.563812500,0.056573521
1.563875000,0.057407975
1.563937500,0.057940844
1.564000000,0.058168884
1.564062500,0.058071386
1.564125000,0.057869293
1.564187500,0.057673126
1.564250000,0.057510015
1.564312500,0.057216030
1.564375000,0.056763593
1.564437500,0.056054756
1.564500000,0.055062778
1.564562500,0.053773846
1.564625000,0.052472822
1.564687500,0.051399019
1.564750000,0.050733056
1.564812500,0.050425790
1.564875000,0.050490003
1.564937500,0.050752215
1.565000000,0.051015429
1.565062500,0.051042058
1.565125000,0.050931003
1.565187500,0.050804153
1.565250000,0.050827179
1.565312500,0.051022574
1.565375000,0.051553525
1.565437500,0.052396733
1.565500000,0.053462666
1.565562500,0.054540638
1.565625000,0.055675879
1.565687500,0.056856368
1.565750000,0.058074761
1.565812500,0.059184581
1.565875000,0.060226742
1.565937500,0.061110806
1.566000000,0.061745610
1.566062500,0.061973404
1.566125000,0.061936714
1.566187500,0.061731614
1.566250000,0.061463237
1.566312500,0.061096940
1.566375000,0.060771842
1.566437500,0.060469773
1.566500000,0.060145497
1.566562500,0.059666954
1.566625000,0.059174348
1.566687500,0.058741659
1.566750000,0.058451258
1.566812500,0.058266528
1.566875000,0.058320846
1.566937500,0.058591302
1.567000000,0.059016004
1.567062500,0.059436440
1.567125000,0.059929620
1.567187500,0.060503941
1.567250000,0.061180864
1.567312500,0.061889879
1.567375000,0.062723741
1.567437500,0.063643157
1.567500000,0.064569339
1.567562500,0.065326802
1.567625000,0.065927900
1.567687500,0.066314176
1.567750000,0.066451833
1.567812500,0.066272877
1.567875000,0.065907247
1.567937500,0.065431535
1.568000000,0.064945839
1.568062500,0.064501010
1.568125000,0.064275391
1.568187500,0.064291656
1.568250000,0.064475216
1.568312500,0.064617053
1.568375000,0.064614654
1.568437500,0.064306200
1.568500000,0.063628100
1.568562500,0.062608860
1.568625000,0.061509151
1.568687500,0.060503263
1.568750000,0.059674874
1.568812500,0.058941983
1.568875000,0.058223329
1.568937500,0.057315826
1.569000000,0.056098148
1.569062500,0.054596916
1.569125000,0.053103536
1.569187500,0.051881507
1.569250000,0.051109552
1.569312500,0.050769180
1.569375000,0.050721880
1.569437500,0.050625850
1.569500000,0.050168309
1.569562500,0.049209021
1.569625000,0.047905505
1.569687500,0.046485644
1.569750000,0.045179714
1.569812500,0.044086576
1.569875000,0.043171674
1.569937500,0.042160705
1.570000000,0.040755868
1.570062500,0.038801979
1.570125000,0.036425326
1.570187500,0.033846669
1.570250000,0.031343430
1.570312500,0.029124428
1.570375000,0.027294716
1.570437500,0.025699010
1.570500000,0.024095848
1.570562500,0.022297494
1.570625000,0.020308690
1.570687500,0.018175289
1.570750000,0.016001150
1.570812500,0.013876688
1.570875000,0.011880858
1.570937500,0.009927509
1.571000000,0.007906451
1.571062500,0.005775144
1.571125000,0.003648698
1.571187500,0.001627702
1.571250000,-0.000188249
1.571312500,-0.001752209
1.571375000,-0.003066055
1.571437500,-0.004299195
1.571500000,-0.005647464
1.571562500,-0.007226787
1.571625000,-0.009001436
1.571687500,-0.010901226
1.571750000,-0.012800919
1.571812500,-0.014555869
1.571875000,-0.016058009
1.571937500,-0.017349737
1.572000000,-0.018542508
1.572062500,-0.019734006
1.572125000,-0.020964304
1.572187500,-0.022270409
1.572250000,-0.023625227
1.572312500,-0.024922704
1.572375000,-0.026042527
1.572437500,-0.026951874
1.572500000,-0.027672576
1.572562500,-0.028231971
1.572625000,-0.028667798
1.572687500,-0.029041452
1.572750000,-0.029366815
1.572812500,-0.029564979
1.572875000,-0.029546360
1.572937500,-0.029279020
1.573000000,-0.028802069
1.573062500,-0.028196294
1.573125000,-0.027629383
1.573187500,-0.027290039
1.573250000,-0.027296079
1.573312500,-0.027597947
1.573375000,-0.028075390
1.573437500,-0.028557202
1.573500000,-0.028896192
1.573562500,-0.028986378
1.573625000,-0.028920494
1.573687500,-0.028884886
1.573750000,-0.029084442
1.573812500,-0.029591007
1.573875000,-0.030439820
1.573937500,-0.031523503
1.574000000,-0.032661170
1.574062500,-0.033611577
1.574125000,-0.034312677
1.574187500,-0.034779757
1.574250000,-0.035108406
1.574312500,-0.035354175
1.574375000,-0.035662472
1.574437500,-0.036085580
1.574500000,-0.036614396
1.574562500,-0.037129804
1.574625000,-0.037627246
1.574687500,-0.038063567
1.574750000,-0.038402759
1.574812500,-0.038542964
1.574875000,-0.038529694
1.574937500,-0.038375825
1.575000000,-0.038120385
1.575062500,-0.037756465
1.575125000,-0.037436031
1.575187500,-0.037235476
1.575250000,-0.037179142
1.575312500,-0.037155569
1.575375000,-0.037162263
1.575437500,-0.037141580
1.575500000,-0.037085015
1.575562500,-0.036983956
1.575625000,-0.037038881
1.575687500,-0.037393413
1.575750000,-0.038120385
1.575812500,-0.039102014
1.575875000,-0.040258896
1.575937500,-0.041399624
1.576000000,-0.042355984
1.576062500,-0.042971160
1.576125000,-0.043366376
1.576187500,-0.043680586
1.576250000,-0.044050224
1.576312500,-0.044450138
1.576375000,-0.044912677
1.576437500,-0.045324966
1.576500000,-0.045556214
1.576562500,-0.045447141
1.576625000,-0.045112584
1.576687500,-0.044687785
1.576750000,-0.044332597
1.576812500,-0.044074304
1.576875000,-0.044026207
1.576937500,-0.044143222
1.577000000,-0.044332597
1.577062500,-0.044425741
1.577125000,-0.044481110
1.577187500,-0.044530842
1.577250000,-0.044614971
1.577312500,-0.044659544
1.577375000,-0.044719569
1.577437500,-0.044748180
1.577500000,-0.044709094
1.577562500,-0.044535559
1.577625000,-0.044384979
1.577687500,-0.044360060
1.577750000,-0.044520844
1.577812500,-0.044772066
1.577875000,-0.045089971
1.577937500,-0.045348480
1.578000000,-0.045462091
1.578062500,-0.045383729
1.578125000,-0.045324713
1.578187500,-0.045485463
1.578250000,-0.046026833
1.578312500,-0.046929348
1.578375000,-0.048160296
1.578437500,-0.049507413
1.578500000,-0.050733056
1.578562500,-0.051614191
1.578625000,-0.052185852
1.578687500,-0.052515768
1.578750000,-0.052709669
1.578812500,-0.052790485
1.578875000,-0.052846327
1.578937500,-0.052835513
1.579000000,-0.052709669
1.579062500,-0.052421760
1.579125000,-0.052122325
1.579187500,-0.051915307
1.579250000,-0.051862549
1.579312500,-0.051886357
1.579375000,-0.051937941
1.579437500,-0.051848870
1.579500000,-0.051486049
1.579562500,-0.050782431
1.579625000,-0.049918894
1.579687500,-0.049071033
1.579750000,-0.048379947
1.579812500,-0.047827717
1.579875000,-0.047373652
1.579937500,-0.046809964
1.580000000,-0.045932710
1.580062500,-0.044605061
1.580125000,-0.042972904
1.580187500,-0.041236691
1.580250000,-0.039626375
1.580312500,-0.038251650
1.580375000,-0.037209153
1.580437500,-0.036382653
1.580500000,-0.035579026
1.580562500,-0.034578662
1.580625000,-0.033387166
1.580687500,-0.032049533
1.580750000,-0.030684557
1.580812500,-0.029371265
1.580875000,-0.028270721
1.580937500,-0.027384171
1.581000000,-0.026637208
1.581062500,-0.025871923
1.581125000,-0.025094960
1.581187500,-0.024277290
1.581250000,-0.023436978
1.581312500,-0.022567386
1.581375000,-0.021819191
1.581437500,-0.021231597
1.581500000,-0.020801496
1.581562500,-0.020431805
1.581625000,-0.020158879
1.581687500,-0.019924328
1.581750000,-0.019672001
1.581812500,-0.019307174
1.581875000,-0.018901419
1.581937500,-0.018455764
1.582000000,-0.017977761
1.582062500,-0.017431818
1.582125000,-0.016937450
1.582187500,-0.016539082
1.582250000,-0.016283523
1.582312500,-0.016169162
1.582375000,-0.016311564
1.582437500,-0.016711984
1.582500000,-0.017318891
1.582562500,-0.017988153
1.582625000,-0.018675638
1.582687500,-0.019264793
1.582750000,-0.019672001
1.582812500,-0.019834932
1.582875000,-0.019870594
1.582937500,-0.019876365
1.583000000,-0.019954374
1.583062500,-0.020141333
1.583125000,-0.020510964
1.583187500,-0.021014240
1.583250000,-0.021554491
1.583312500,-0.022005113
1.583375000,-0.022350194
1.583437500,-0.022587840
1.583500000,-0.022778107
1.583562500,-0.023002276
1.583625000,-0.023389548
1.583687500,-0.023965508
1.583750000,-0.024660595
1.583812500,-0.025307210
1.583875000,-0.025751758
1.583937500,-0.025838401
1.584000000,-0.025507715
1.584062500,-0.024815822
1.584125000,-0.023969064
1.584187500,-0.023175793
1.584250000,-0.022589857
1.584312500,-0.022237480
1.584375000,-0.022059819
1.584437500,-0.021887757
1.584500000,-0.021554491
1.584562500,-0.020967131
1.584625000,-0.020197973
1.584687500,-0.019393591
1.584750000,-0.018730756
1.584812500,-0.018326368
1.584875000,-0.018221412
1.584937500,-0.018318065
1.585000000,-0.018448384
1.585062500,-0.018440461
1.585125000,-0.018210776
1.585187500,-0.017731531
1.585250000,-0.017036518
1.585312500,-0.016180007
1.585375000,-0.015223523
1.585437500,-0.014167183
1.585500000,-0.012989169
1.585562500,-0.011676927
1.585625000,-0.010275767
1.585687500,-0.008838687
1.585750000,-0.007435828
1.585812500,-0.006131647
1.585875000,-0.004997097
1.585937500,-0.004049808
1.586000000,-0.003294354
1.586062500,-0.002734802
1.586125000,-0.002406539
1.586187500,-0.002296360
1.586250000,-0.002353110
1.586312500,-0.002482211
1.586375000,-0.002599534
1.586437500,-0.002602579
1.586500000,-0.002447235
1.586562500,-0.002169997
1.586625000,-0.001912739
1.586687500,-0.001795006
1.586750000,-0.001882488
1.586812500,-0.002140639
1.586875000,-0.002478005
1.586937500,-0.002723584
1.587000000,-0.002729608
1.587062500,-0.002426053
1.587125000,-0.001888921
1.587187500,-0.001231101
1.587250000,-0.000564746
1.587312500,0.000065215
1.587375000,0.000667887
1.587437500,0.001337918
1.587500000,0.002164861
1.587562500,0.003169291
1.587625000,0.004246704
1.587687500,0.005248458
1.587750000,0.006023962
1.587812500,0.006487012
1.587875000,0.006638812
1.587937500,0.006592885
1.588000000,0.006494584
1.588062500,0.006442253
1.588125000,0.006452944
1.588187500,0.006490059
1.588250000,0.006494584
1.588312500,0.006421604
1.588375000,0.006298095
1.588437500,0.006202407
1.588500000,0.006212211
1.588562500,0.006336423
1.588625000,0.006533316
1.588687500,0.006710786
1.588750000,0.006776957
1.588812500,0.006670524
1.588875000,0.006419441
1.588937500,0.006090981
1.589000000,0.005741589
1.589062500,0.005352937
1.589125000,0.004873315
1.589187500,0.004228812
1.589250000,0.003388479
1.589312500,0.002392018
1.589375000,0.001407268
1.589437500,0.000645823
1.589500000,0.000282373
1.589562500,0.000356112
1.589625000,0.000805260
1.589687500,0.001468075
1.589750000,0.002164861
1.589812500,0.002753613
1.589875000,0.003233296
1.589937500,0.003688558
1.590000000,0.004235599
1.590062500,0.004925481
1.590125000,0.005771779
1.590187500,0.006704275
1.590250000,0.007624077
1.590312500,0.008435401
1.590375000,0.009150058
1.590437500,0.009825939
1.590500000,0.010541934
1.590562500,0.011324405
1.590625000,0.012169549
1.590687500,0.012987089
1.590750000,0.013648040
1.590812500,0.014019934
1.590875000,0.014078519
1.590937500,0.013878546
1.591000000,0.013553915
1.591062500,0.013250655
1.591125000,0.013131918
1.591187500,0.013271951
1.591250000,0.013648040
1.591312500,0.014133493
1.591375000,0.014615132
1.591437500,0.014994260
1.591500000,0.015248154
1.591562500,0.015417268
1.591625000,0.015642090
1.591687500,0.016041493
1.591750000,0.016660020
1.591812500,0.017415237
1.591875000,0.018158671
1.591937500,0.018703420
1.592000000,0.018919006
1.592062500,0.018789804
1.592125000,0.018441757
1.592187500,0.018077128
1.592250000,0.017883638
1.592312500,0.017944777
1.592375000,0.018200871
1.592437500,0.018471727
1.592500000,0.018542508
1.592562500,0.018261479
1.592625000,0.017604053
1.592687500,0.016667644
1.592750000,0.015624652
1.592812500,0.014644107
1.592875000,0.013849358
1.592937500,0.013273864
1.593000000,0.012895043
1.593062500,0.012664561
1.593125000,0.012585927
1.593187500,0.012663613
1.593250000,0.012895043
1.593312500,0.013221037
1.593375000,0.013598705
1.593437500,0.013947196
1.593500000,0.014212786
1.593562500,0.014371249
1.593625000,0.014525058
1.593687500,0.014769332
1.593750000,0.015154029
1.593812500,0.015601315
1.593875000,0.016001182
1.593937500,0.016160734
1.594000000,0.015907025
1.594062500,0.015126025
1.594125000,0.013897485
1.594187500,0.012371351
1.594250000,0.010730183
1.594312500,0.009084309
1.594375000,0.007531503
1.594437500,0.006058108
1.594500000,0.004612096
1.594562500,0.003125214
1.594625000,0.001661321
1.594687500,0.000303456
1.594750000,-0.000847120
1.594812500,-0.001755459
1.594875000,-0.002346559
1.594937500,-0.002628916
1.595000000,-0.002635483
1.595062500,-0.002440655
1.595125000,-0.001990492
1.595187500,-0.001248766
1.595250000,-0.000188249
1.595312500,0.001130810
1.595375000,0.002694966
1.595437500,0.004419624
1.595500000,0.006212211
1.595562500,0.007958975
1.595625000,0.009674276
1.595687500,0.011375792
1.595750000,0.013083293
1.595812500,0.014743241
1.595875000,0.016333416
1.595937500,0.017760865
1.596000000,0.018919006
1.596062500,0.019686574
1.596125000,0.020082757
1.596187500,0.020166503
1.596250000,0.020048497
1.596312500,0.019811649
1.596375000,0.019598631
1.596437500,0.019462785
1.596500000,0.019389628
1.596562500,0.019272532
1.596625000,0.019081904
1.596687500,0.018792510
1.596750000,0.018448384
1.596812500,0.018127115
1.596875000,0.018037273
1.596937500,0.018358048
1.597000000,0.019201379
1.597062500,0.020527257
1.597125000,0.022245964
1.597187500,0.024166584
1.597250000,0.026072461
1.597312500,0.027746892
1.597375000,0.029104151
1.597437500,0.030132229
1.597500000,0.030872805
1.597562500,0.031349249
1.597625000,0.031608146
1.597687500,0.031666763
1.597750000,0.031531677
1.597812500,0.031190451
1.597875000,0.030693892
1.597937500,0.030100074
1.598000000,0.029460939
1.598062500,0.028770261
1.598125000,0.028057830
1.598187500,0.027334578
1.598250000,0.026637208
1.598312500,0.026001345
1.598375000,0.025566470
1.598437500,0.025425725
1.598500000,0.025601838
1.598562500,0.025970301
1.598625000,0.026420267
1.598687500,0.026777839
1.598750000,0.026919581
1.598812500,0.026782792
1.598875000,0.026522564
1.598937500,0.026323635
1.599000000,0.026354834
1.599062500,0.026645230
1.599125000,0.027191453
1.599187500,0.027846692
1.599250000,0.028425572
1.599312500,0.028742611
1.599375000,0.028790187
1.599437500,0.028619466
1.599500000,0.028331446
1.599562500,0.027977372
1.599625000,0.027627794
1.599687500,0.027242223
1.599750000,0.026731333
1.599812500,0.025968993
1.599875000,0.024984060
1.599937500,0.023842996
1.600000000,0.022683984
1.600062500,0.021628538
1.600125000,0.020888977
1.600187500,0.020552713
1.600250000,0.020613244
1.600312500,0.020930454
1.600375000,0.021446615
1.600437500,0.022053445
1.600500000,0.022683984
1.600562500,0.023271173
1.600625000,0.023920460
1.600687500,0.024690233
1.600750000,0.025601838
1.600812500,0.026551127
1.600875000,0.027506622
1.600937500,0.028354097
1.601000000,0.028990317
1.601062500,0.029296421
1.601125000,0.029356696
1.601187500,0.029255141
1.601250000,0.029084442
1.601312500,0.028830990
1.601375000,0.028563049
1.601437500,0.028234420
1.601500000,0.027766701
1.601562500,0.027022120
1.601625000,0.026059201
1.601687500,0.024949025
1.601750000,0.023813475
1.601812500,0.022714850
1.601875000,0.021848299
1.601937500,0.021298522
1.602000000,0.021083867
1.602062500,0.021089908
1.602125000,0.021326452
1.602187500,0.021743601
1.602250000,0.022307485
1.602312500,0.022925541
1.602375000,0.023677105
1.602437500,0.024575543
1.602500000,0.025601838
1.602562500,0.026656635
1.602625000,0.027693201
1.602687500,0.028634559
1.602750000,0.029460939
1.602812500,0.030203788
1.602875000,0.031037716
1.602937500,0.032094687
1.603000000,0.033414163
1.603062500,0.034860726
1.603125000,0.036268692
1.603187500,0.037421346
1.603250000,0.038214508
1.603312500,0.038695440
1.603375000,0.039150424
1.603437500,0.039835334
1.603500000,0.040849991
1.603562500,0.042008858
1.603625000,0.043032438
1.603687500,0.043591864
1.603750000,0.043579601
1.603812500,0.043186124
1.603875000,0.042951331
1.603937500,0.043347355
1.604000000,0.044520844
1.604062500,0.046100032
1.604125000,0.047462698
1.604187500,0.047951955
1.604250000,0.047344577
1.604312500,0.046035696
1.604375000,0.045034748
1.604437500,0.045334492
1.604500000,0.047344577
1.604562500,0.050457042
1.604625000,0.053249143
1.604687500,0.053913344
1.604750000,0.051109552
1.604812500,0.044606641
1.604875000,0.035612304
1.604937500,0.026242362
1.605000000,0.018730756
1.605062500,0.014512242
1.605125000,0.013845407
1.605187500,0.015717264
1.605250000,0.018448384
1.605312500,0.020417554
1.605375000,0.020848669
1.605437500,0.019839801
1.605500000,0.018166009
1.605562500,0.016710075
1.605625000,0.016172832
1.605687500,0.016635302
1.605750000,0.017695390
1.605812500,0.018696254
1.605875000,0.019280968
1.605937500,0.019349772
1.606000000,0.019107254
1.606062500,0.018818317
1.606125000,0.018847579
1.606187500,0.019291600
1.606250000,0.020048497
1.606312500,0.020843389
1.606375000,0.021575136
1.606437500,0.022154929
1.606500000,0.022589857
1.606562500,0.022876410
1.606625000,0.023166947
1.606687500,0.023489993
1.606750000,0.023813475
1.606812500,0.023995642
1.606875000,0.024050782
1.606937500,0.023930589
1.607000000,0.023625227
1.607062500,0.023111338
1.607125000,0.022573698
1.607187500,0.022141086
1.607250000,0.021930987
1.607312500,0.021956105
1.607375000,0.022325974
1.607437500,0.023002531
1.607500000,0.023907598
1.607562500,0.024921445
1.607625000,0.026046392
1.607687500,0.027277132
1.607750000,0.028613821
1.607812500,0.029996620
1.607875000,0.031427030
1.607937500,0.032859303
1.608000000,0.034261286
1.608062500,0.035592511
1.608125000,0.036923341
1.608187500,0.038278744
1.608250000,0.039626375
1.608312500,0.040814392
1.608375000,0.041693214
1.608437500,0.042064048
1.608500000,0.041791238
1.608562500,0.040841248
1.608625000,0.039407115
1.608687500,0.037767693
1.608750000,0.036237895
1.608812500,0.035050355
1.608875000,0.034370854
1.608937500,0.034183584
1.609000000,0.034355409
1.609062500,0.034679133
1.609125000,0.035011273
1.609187500,0.035214808
1.609250000,0.035202529
1.609312500,0.034915950
1.609375000,0.034379303
1.609437500,0.033610415
1.609500000,0.032661170
1.609562500,0.031610258
1.609625000,0.030598754
1.609687500,0.029714892
1.609750000,0.028990317
1.609812500,0.028378583
1.609875000,0.027821237
1.609937500,0.027223967
1.610000000,0.026543085
1.610062500,0.025810923
1.610125000,0.025170984
1.610187500,0.024740020
1.610250000,0.024566470
1.610312500,0.024572799
1.610375000,0.024623014
1.610437500,0.024492394
1.610500000,0.024001725
1.610562500,0.023084870
1.610625000,0.021884404
1.610687500,0.020589234
1.610750000,0.019389628
1.610812500,0.018374545
1.610875000,0.017572379
1.610937500,0.016841425
1.611000000,0.016001150
1.611062500,0.014910144
1.611125000,0.013614631
1.611187500,0.012206234
1.611250000,0.010824307
1.611312500,0.009571075
1.611375000,0.008532195
1.611437500,0.007643432
1.611500000,0.006776957
1.611562500,0.005797217
1.611625000,0.004691891
1.611687500,0.003483111
1.611750000,0.002258986
1.611812500,0.001120648
1.611875000,0.000210687
1.611937500,-0.000435851
1.612000000,-0.000847120
1.612062500,-0.001102275
1.612125000,-0.001236399
1.612187500,-0.001322206
1.612250000,-0.001411866
1.612312500,-0.001538186
1.612375000,-0.001664218
1.612437500,-0.001782330
1.612500000,-0.001882488
1.612562500,-0.001962843
1.612625000,-0.001981438
1.612687500,-0.001946552
1.612750000,-0.001882488
1.612812500,-0.001831560
1.612875000,-0.001795657
1.612937500,-0.001806419
1.613000000,-0.001882488
1.613062500,-0.002031731
1.613125000,-0.002196576
1.613187500,-0.002344689
1.613250000,-0.002447235
1.613312500,-0.002496983
1.613375000,-0.002465003
1.613437500,-0.002372576
1.613500000,-0.002258986
1.613562500,-0.002175562
1.613625000,-0.002137396
1.613687500,-0.002165760
1.613750000,-0.002258986
1.613812500,-0.002392598
1.613875000,-0.002509381
1.613937500,-0.002567146
1.614000000,-0.002541359
1.614062500,-0.002436699
1.614125000,-0.002280453
1.614187500,-0.002134684
1.614250000,-0.002070737
1.614312500,-0.002148937
1.614375000,-0.002386155
1.614437500,-0.002758204
1.614500000,-0.003200230
1.614562500,-0.003629698
1.614625000,-0.003952818
1.614687500,-0.004100643
1.614750000,-0.004047350
1.614812500,-0.003825484
1.614875000,-0.003495543
1.614937500,-0.003137423
1.615000000,-0.002823732
1.615062500,-0.002604092
1.615125000,-0.002474434
1.615187500,-0.002385521
1.615250000,-0.002258986
1.615312500,-0.002016888
1.615375000,-0.001611270
1.615437500,-0.001044249
1.615500000,-0.000376498
1.615562500,0.000285606
1.615625000,0.000817186
1.615687500,0.001115869
1.615750000,0.001129493
1.615812500,0.000867611
1.615875000,0.000397895
1.615937500,-0.000176635
1.616000000,-0.000752995
1.616062500,-0.001262782
1.616125000,-0.001668741
1.616187500,-0.001965990
1.616250000,-0.002164861
1.616312500,-0.002283352
1.616375000,-0.002295059
1.616437500,-0.002149698
1.616500000,-0.001788364
1.616562500,-0.001186613
1.616625000,-0.000337163
1.616687500,0.000715459
1.616750000,0.001882488
1.616812500,0.003033576
1.616875000,0.004075832
1.616937500,0.004950746
1.617000000,0.005647464
1.617062500,0.006175899
1.617125000,0.006584721
1.617187500,0.006910001
1.617250000,0.007153455
1.617312500,0.007258950
1.617375000,0.007160732
1.617437500,0.006792472
1.617500000,0.006118086
1.617562500,0.005140697
1.617625000,0.003954127
1.617687500,0.002712330
1.617750000,0.001600115
1.617812500,0.000772063
1.617875000,0.000341938
1.617937500,0.000329723
1.618000000,0.000658871
1.618062500,0.001167688
1.618125000,0.001713127
1.618187500,0.002201707
1.618250000,0.002635483
1.618312500,0.003095327
1.618375000,0.003739984
1.618437500,0.004702041
1.618500000,0.006023962
1.618562500,0.007608279
1.618625000,0.009270742
1.618687500,0.010781625
1.618750000,0.011953799
1.618812500,0.012699110
1.618875000,0.013082131
1.618937500,0.013270384
1.619000000,0.013459790
1.619062500,0.013777950
1.619125000,0.014254674
1.619187500,0.014799586
1.619250000,0.015248154
1.619312500,0.015424242
1.619375000,0.015251374
1.619437500,0.014766676
1.619500000,0.014118661
1.619562500,0.013496075
1.619625000,0.013094483
1.619687500,0.013002172
1.619750000,0.013177417
1.619812500,0.013451218
1.619875000,0.013642673
1.619937500,0.013597373
1.620000000,0.013271542
1.620062500,0.012739711
1.620125000,0.012211937
1.620187500,0.011903937
1.620250000,0.011953799
1.620312500,0.012342475
1.620375000,0.012926782
1.620437500,0.013469263
1.620500000,0.013742164
1.620562500,0.013604398
1.620625000,0.013094415
1.620687500,0.012376986
1.620750000,0.011671427
1.620812500,0.011137296
1.620875000,0.010859104
1.620937500,0.010794222
1.621000000,0.010824307
1.621062500,0.010800148
1.621125000,0.010670628
1.621187500,0.010441338
1.621250000,0.010165436
1.621312500,0.009871447
1.621375000,0.009617331
1.621437500,0.009404724
1.621500000,0.009224192
1.621562500,0.009054170
1.621625000,0.008959080
1.621687500,0.008981468
1.621750000,0.009130068
1.621812500,0.009327133
1.621875000,0.009508828
1.621937500,0.009581238
1.622000000,0.009506566
1.622062500,0.009317231
1.622125000,0.009171600
1.622187500,0.009212175
1.622250000,0.009506566
1.622312500,0.009978440
1.622375000,0.010480870
1.622437500,0.010808233
1.622500000,0.010824307
1.622562500,0.010529989
1.622625000,0.010115317
1.622687500,0.009829622
1.622750000,0.009883063
1.622812500,0.010336729
1.622875000,0.011100776
1.622937500,0.011941576
1.623000000,0.012612671
1.623062500,0.012966353
1.623125000,0.013052207
1.623187500,0.013046197
1.623250000,0.013177417
1.623312500,0.013605673
1.623375000,0.014372249
1.623437500,0.015342474
1.623500000,0.016283523
1.623562500,0.016960228
1.623625000,0.017262839
1.623687500,0.017209591
1.623750000,0.016942395
1.623812500,0.016648589
1.623875000,0.016503694
1.623937500,0.016562682
1.624000000,0.016754145
1.624062500,0.016907781
1.624125000,0.016846677
1.624187500,0.016430615
1.624250000,0.015624652
1.624312500,0.014508931
1.624375000,0.013267235
1.624437500,0.012088425
1.624500000,0.011106680
1.624562500,0.010347286
1.624625000,0.009750207
1.624687500,0.009172928
1.624750000,0.008471197
1.624812500,0.007554091
1.624875000,0.006454289
1.624937500,0.005272071
1.625000000,0.004141474
1.625062500,0.003157531
1.625125000,0.002390570
1.625187500,0.001826150
1.625250000,0.001411866
1.625312500,0.001082381
1.625375000,0.000845673
1.625437500,0.000725585
1.625500000,0.000752995
1.625562500,0.000913139
1.625625000,0.001190810
1.625687500,0.001510426
1.625750000,0.001788364
1.625812500,0.001957027
1.625875000,0.002032713
1.625937500,0.002053308
1.626000000,0.002070737
1.626062500,0.002107637
1.626125000,0.002176482
1.626187500,0.002221126
1.626250000,0.002164861
1.626312500,0.001940065
1.626375000,0.001560313
1.626437500,0.001071746
1.626500000,0.000564746
1.626562500,0.000137976
1.626625000,-0.000097623
1.626687500,-0.000104908
1.626750000,0.000094124
1.626812500,0.000428329
1.626875000,0.000839598
1.626937500,0.001267138
1.627000000,0.001694239
1.627062500,0.002152454
1.627125000,0.002718499
1.627187500,0.003443278
1.627250000,0.004329723
1.627312500,0.005317768
1.627375000,0.006311889
1.627437500,0.007198764
1.627500000,0.007906451
1.627562500,0.008439980
1.627625000,0.008866251
1.627687500,0.009269102
1.627750000,0.009694814
1.627812500,0.010122975
1.627875000,0.010423877
1.627937500,0.010424075
1.628000000,0.009977187
1.628062500,0.009051303
1.628125000,0.007718322
1.628187500,0.006162253
1.628250000,0.004612096
1.628312500,0.003281128
1.628375000,0.002270060
1.628437500,0.001577827
1.628500000,0.001129493
1.628562500,0.000846386
1.628625000,0.000647517
1.628687500,0.000494039
1.628750000,0.000376498
1.628812500,0.000308362
1.628875000,0.000257550
1.628937500,0.000172831
1.629000000,-0.000000000
1.629062500,-0.000271048
1.629125000,-0.000641564
1.629187500,-0.001072079
1.629250000,-0.001505991
1.629312500,-0.001876227
1.629375000,-0.002158755
1.629437500,-0.002346915
1.629500000,-0.002447235
1.629562500,-0.002465886
1.629625000,-0.002422259
1.629687500,-0.002358356
1.629750000,-0.002353110
1.629812500,-0.002522988
1.629875000,-0.002994363
1.629937500,-0.003870479
1.630000000,-0.005176842
1.630062500,-0.006839495
1.630125000,-0.008654195
1.630187500,-0.010373198
1.630250000,-0.011765551
1.630312500,-0.012705653
1.630375000,-0.013148950
1.630437500,-0.013187707
1.630500000,-0.012989169
1.630562500,-0.012764866
1.630625000,-0.012616117
1.630687500,-0.012597775
1.630750000,-0.012706795
1.630812500,-0.012952297
1.630875000,-0.013265043
1.630937500,-0.013601894
1.631000000,-0.013930413
1.631062500,-0.014272017
1.631125000,-0.014574260
1.631187500,-0.014808116
1.631250000,-0.014965781
1.631312500,-0.015115581
1.631375000,-0.015243589
1.631437500,-0.015317624
1.631500000,-0.015248154
1.631562500,-0.014951706
1.631625000,-0.014244657
1.631687500,-0.013018736
1.631750000,-0.011294928
1.631812500,-0.009309598
1.631875000,-0.007319199
1.631937500,-0.005602153
1.632000000,-0.004329723
1.632062500,-0.003546323
1.632125000,-0.003032179
1.632187500,-0.002477427
1.632250000,-0.001600115
1.632312500,-0.000313348
1.632375000,0.001355774
1.632437500,0.003226598
1.632500000,0.005082718
1.632562500,0.006743084
1.632625000,0.008239890
1.632687500,0.009743189
1.632750000,0.011483178
1.632812500,0.013598379
1.632875000,0.016135104
1.632937500,0.018986303
1.633000000,0.021930987
1.633062500,0.024681933
1.633125000,0.027058274
1.633187500,0.029006116
1.633250000,0.030590432
1.633312500,0.031909049
1.633375000,0.033105362
1.633437500,0.034284733
1.633500000,0.035484903
1.633562500,0.036652345
1.633625000,0.037740365
1.633687500,0.038726795
1.633750000,0.039626375
1.633812500,0.040462010
1.633875000,0.041284200
1.633937500,0.042136550
1.634000000,0.043014854
1.634062500,0.043833598
1.634125000,0.044474434
1.634187500,0.044824362
1.634250000,0.044803217
1.634312500,0.044376090
1.634375000,0.043595966
1.634437500,0.042589117
1.634500000,0.041508865
1.634562500,0.040467512
1.634625000,0.039544743
1.634687500,0.038748335
1.634750000,0.038026262
1.634812500,0.037280887
1.634875000,0.036458671
1.634937500,0.035556734
1.635000000,0.034637783
1.635062500,0.033791259
1.635125000,0.033145580
1.635187500,0.032771863
1.635250000,0.032661170
1.635312500,0.032697521
1.635375000,0.032768529
1.635437500,0.032747485
1.635500000,0.032567047
1.635562500,0.032208562
1.635625000,0.031791553
1.635687500,0.031400830
1.635750000,0.031061055
1.635812500,0.030665100
1.635875000,0.030130371
1.635937500,0.029313564
1.636000000,0.028143197
1.636062500,0.026631018
1.636125000,0.025031002
1.636187500,0.023589317
1.636250000,0.022495734
1.636312500,0.021743899
1.636375000,0.021295493
1.636437500,0.020931581
1.636500000,0.020424996
1.636562500,0.019590333
1.636625000,0.018553592
1.636687500,0.017501470
1.636750000,0.016660020
1.636812500,0.016118307
1.636875000,0.015978619
1.636937500,0.016109744
1.637000000,0.016283523
1.637062500,0.016209546
1.637125000,0.015845552
1.637187500,0.015203923
1.637250000,0.014401034
1.637312500,0.013537648
1.637375000,0.012845199
1.637437500,0.012430154
1.637500000,0.012330297
1.637562500,0.012471226
1.637625000,0.012885718
1.637687500,0.013522652
1.637750000,0.014306910
1.637812500,0.015083151
1.637875000,0.015820913
1.637937500,0.016448962
1.638000000,0.016942395
1.638062500,0.017282829
1.638125000,0.017635951
1.638187500,0.018122531
1.638250000,0.018824881
1.638312500,0.019701052
1.638375000,0.020749835
1.638437500,0.021870110
1.638500000,0.022966355
1.638562500,0.023951834
1.638625000,0.024908172
1.638687500,0.025907934
1.638750000,0.027013704
1.638812500,0.028198766
1.638875000,0.029456327
1.638937500,0.030693403
1.639000000,0.031814050
1.639062500,0.032729696
1.639125000,0.033488300
1.639187500,0.034140401
1.639250000,0.034731906
1.639312500,0.035236936
1.639375000,0.035641447
1.639437500,0.035870034
1.639500000,0.035861399
1.639562500,0.035592332
1.639625000,0.035159126
1.639687500,0.034677684
1.639750000,0.034261286
1.639812500,0.033963028
1.639875000,0.033799108
1.639937500,0.033705670
1.640000000,0.033602413
1.640062500,0.033434838
1.640125000,0.033223499
1.640187500,0.033012655
1.640250000,0.032849420
1.640312500,0.032737277
1.640375000,0.032639056
1.640437500,0.032439183
1.640500000,0.032002300
1.640562500,0.031224113
1.640625000,0.030105308
1.640687500,0.028716343
1.640750000,0.027201954
1.640812500,0.025738653
1.640875000,0.024489267
1.640937500,0.023513751
1.641000000,0.022778107
1.641062500,0.022182943
1.641125000,0.021628559
1.641187500,0.021019030
1.641250000,0.020330872
1.641312500,0.019624241
1.641375000,0.019026460
1.641437500,0.018607145
1.641500000,0.018354259
1.641562500,0.018157026
1.641625000,0.017852696
1.641687500,0.017218342
1.641750000,0.016095273
1.641812500,0.014463560
1.641875000,0.012485500
1.641937500,0.010378910
1.642000000,0.008377072
1.642062500,0.006648408
1.642125000,0.005279182
1.642187500,0.004182991
1.642250000,0.003200230
1.642312500,0.002180510
1.642375000,0.001106976
1.642437500,0.000024448
1.642500000,-0.000941244
1.642562500,-0.001653272
1.642625000,-0.001976707
1.642687500,-0.001938875
1.642750000,-0.001694239
1.642812500,-0.001492748
1.642875000,-0.001539158
1.642937500,-0.002022215
1.643000000,-0.003011981
1.643062500,-0.004450324
1.643125000,-0.006104558
1.643187500,-0.007736187
1.643250000,-0.009130068
1.643312500,-0.010166363
1.643375000,-0.010784091
1.643437500,-0.011073861
1.643500000,-0.011200804
1.643562500,-0.011357190
1.643625000,-0.011639379
1.643687500,-0.012099082
1.643750000,-0.012706795
1.643812500,-0.013390990
1.643875000,-0.014017865
1.643937500,-0.014516191
1.644000000,-0.014871657
1.644062500,-0.015138183
1.644125000,-0.015338355
1.644187500,-0.015505450
1.644250000,-0.015624652
1.644312500,-0.015642760
1.644375000,-0.015423767
1.644437500,-0.014867510
1.644500000,-0.013930413
1.644562500,-0.012664226
1.644625000,-0.011173135
1.644687500,-0.009625321
1.644750000,-0.008188824
1.644812500,-0.006985051
1.644875000,-0.006049998
1.644937500,-0.005349086
1.645000000,-0.004800345
1.645062500,-0.004311288
1.645125000,-0.003823539
1.645187500,-0.003320817
1.645250000,-0.002823732
1.645312500,-0.002360794
1.645375000,-0.001954562
1.645437500,-0.001590978
1.645500000,-0.001223617
1.645562500,-0.000784942
1.645625000,-0.000239711
1.645687500,0.000413653
1.645750000,0.001129493
1.645812500,0.001842252
1.645875000,0.002450895
1.645937500,0.002902159
1.646000000,0.003200230
1.646062500,0.003424667
1.646125000,0.003657525
1.646187500,0.004000991
1.646250000,0.004517972
1.646312500,0.005220360
1.646375000,0.006014459
1.646437500,0.006788942
1.646500000,0.007435828
1.646562500,0.007905073
1.646625000,0.008152522
1.646687500,0.008202702
1.646750000,0.008094699
1.646812500,0.007868676
1.646875000,0.007478771
1.646937500,0.006878338
1.647000000,0.006023962
1.647062500,0.004925604
1.647125000,0.003613877
1.647187500,0.002204059
1.647250000,0.000847120
1.647312500,-0.000304712
1.647375000,-0.001174814
1.647437500,-0.001745814
1.647500000,-0.002070737
1.647562500,-0.002243532
1.647625000,-0.002386790
1.647687500,-0.002594248
1.647750000,-0.002917857
1.647812500,-0.003360524
1.647875000,-0.003899086
1.647937500,-0.004488290
1.648000000,-0.005082718
1.648062500,-0.005651196
1.648125000,-0.006167783
1.648187500,-0.006612164
1.648250000,-0.006965206
1.648312500,-0.007221466
1.648375000,-0.007354957
1.648437500,-0.007357875
1.648500000,-0.007247579
1.648562500,-0.007093344
1.648625000,-0.006957528
1.648687500,-0.006922969
1.648750000,-0.007059331
1.648812500,-0.007428995
1.648875000,-0.007980712
1.648937500,-0.008621397
1.649000000,-0.009224192
1.649062500,-0.009703080
1.649125000,-0.009933258
1.649187500,-0.009864604
1.649250000,-0.009506566
1.649312500,-0.008961392
1.649375000,-0.008277021
1.649437500,-0.007527538
1.649500000,-0.006776957
1.649562500,-0.006119831
1.649625000,-0.005547827
1.649687500,-0.005052751
1.649750000,-0.004612096
1.649812500,-0.004243663
1.649875000,-0.003898114
1.649937500,-0.003552342
1.650000000,-0.003200230
1.650062500,-0.002889024
1.650125000,-0.002584384
1.650187500,-0.002222413
1.650250000,-0.001694239
1.650312500,-0.000906856
1.650375000,0.000261603
1.650437500,0.001846691
1.650500000,0.003764976
1.650562500,0.005786733
1.650625000,0.007663962
1.650687500,0.009183363
1.650750000,0.010259560
1.650812500,0.010952411
1.650875000,0.011520377
1.650937500,0.012294776
1.651000000,0.013553915
1.651062500,0.015383160
1.651125000,0.017688766
1.651187500,0.020203892
1.651250000,0.022589857
1.651312500,0.024539597
1.651375000,0.025923967
1.651437500,0.026804967
1.651500000,0.027390203
1.651562500,0.027920315
1.651625000,0.028596666
1.651687500,0.029504614
1.651750000,0.030590432
1.651812500,0.031685259
1.651875000,0.032604165
1.651937500,0.033221126
1.652000000,0.033508290
1.652062500,0.033525847
1.652125000,0.033416625
1.652187500,0.033341695
1.652250000,0.033414163
1.652312500,0.033639964
1.652375000,0.033929624
1.652437500,0.034110766
1.652500000,0.033978913
1.652562500,0.033358179
1.652625000,0.032182053
1.652687500,0.030528208
1.652750000,0.028613821
1.652812500,0.026737612
1.652875000,0.025215771
1.652937500,0.024278950
1.653000000,0.024001725
1.653062500,0.024265977
1.653125000,0.024835583
1.653187500,0.025403336
1.653250000,0.025695963
1.653312500,0.025531199
1.653375000,0.024911238
1.653437500,0.023939198
1.653500000,0.022778107
1.653562500,0.021562859
1.653625000,0.020420427
1.653687500,0.019386251
1.653750000,0.018448384
1.653812500,0.017557718
1.653875000,0.016748048
1.653937500,0.016035097
1.654000000,0.015436403
1.654062500,0.014919391
1.654125000,0.014507789
1.654187500,0.014160161
1.654250000,0.013836288
1.654312500,0.013481483
1.654375000,0.013165623
1.654437500,0.012910745
1.654500000,0.012706795
1.654562500,0.012449560
1.654625000,0.012096563
1.654687500,0.011542887
1.654750000,0.010730183
1.654812500,0.009645540
1.654875000,0.008485518
1.654937500,0.007441309
1.655000000,0.006682833
1.655062500,0.006248937
1.655125000,0.006188291
1.655187500,0.006405835
1.655250000,0.006776957
1.655312500,0.007162574
1.655375000,0.007599324
1.655437500,0.008120087
1.655500000,0.008753570
1.655562500,0.009430534
1.655625000,0.010114047
1.655687500,0.010679136
1.655750000,0.011012556
1.655812500,0.011025710
1.655875000,0.010827272
1.655937500,0.010552847
1.656000000,0.010353684
1.656062500,0.010290089
1.656125000,0.010456201
1.656187500,0.010837518
1.656250000,0.011389053
1.656312500,0.012033883
1.656375000,0.012808942
1.656437500,0.013727157
1.656500000,0.014777532
1.656562500,0.015862342
1.656625000,0.016908415
1.656687500,0.017797433
1.656750000,0.018448384
1.656812500,0.018827990
1.656875000,0.019067252
1.656937500,0.019328332
1.657000000,0.019766126
1.657062500,0.020427987
1.657125000,0.021319516
1.657187500,0.022317979
1.657250000,0.023248728
1.657312500,0.023928503
1.657375000,0.024321150
1.657437500,0.024483630
1.657500000,0.024566470
1.657562500,0.024731722
1.657625000,0.025120355
1.657687500,0.025737861
1.657750000,0.026448958
1.657812500,0.027012484
1.657875000,0.027206156
1.657937500,0.026904035
1.658000000,0.026166586
1.658062500,0.025245244
1.658125000,0.024518851
1.658187500,0.024329171
1.658250000,0.024848843
1.658312500,0.025991866
1.658375000,0.027439233
1.658437500,0.028714675
1.658500000,0.029366815
1.658562500,0.029129414
1.658625000,0.028028503
1.658687500,0.026335785
1.658750000,0.024472345
1.658812500,0.022853466
1.658875000,0.021762116
1.658937500,0.021250954
1.659000000,0.021177992
1.659062500,0.021304326
1.659125000,0.021412209
1.659187500,0.021368917
1.659250000,0.021177992
1.659312500,0.020954892
1.659375000,0.020847861
1.659437500,0.020913776
1.659500000,0.021083867
1.659562500,0.021174371
1.659625000,0.020956075
1.659687500,0.020206816
1.659750000,0.018824881
1.659812500,0.016879972
1.659875000,0.014611848
1.659937500,0.012295322
1.660000000,0.010165436
1.660062500,0.008338165
1.660125000,0.006810302
1.660187500,0.005436331
1.660250000,0.004047350
1.660312500,0.002542792
1.660375000,0.000985573
1.660437500,-0.000486894
1.660500000,-0.001694239
1.660562500,-0.002499838
1.660625000,-0.002836433
1.660687500,-0.002793402
1.660750000,-0.002541359
1.660812500,-0.002259933
1.660875000,-0.002050996
1.660937500,-0.001981734
1.661000000,-0.002070737
1.661062500,-0.002324332
1.661125000,-0.002732693
1.661187500,-0.003351250
1.661250000,-0.004235599
1.661312500,-0.005394983
1.661375000,-0.006743257
1.661437500,-0.008162878
1.661500000,-0.009506566
1.661562500,-0.010639294
1.661625000,-0.011445018
1.661687500,-0.011901874
1.661750000,-0.012047924
1.661812500,-0.011962214
1.661875000,-0.011703561
1.661937500,-0.011360127
1.662000000,-0.011012556
1.662062500,-0.010732530
1.662125000,-0.010530245
1.662187500,-0.010413860
1.662250000,-0.010353684
1.662312500,-0.010288398
1.662375000,-0.010105303
1.662437500,-0.009729568
1.662500000,-0.009130068
1.662562500,-0.008340469
1.662625000,-0.007443623
1.662687500,-0.006586086
1.662750000,-0.005929837
1.662812500,-0.005605986
1.662875000,-0.005672346
1.662937500,-0.006100672
1.663000000,-0.006776957
1.663062500,-0.007529344
1.663125000,-0.008196740
1.663187500,-0.008671998
1.663250000,-0.008941819
1.663312500,-0.009074834
1.663375000,-0.009212301
1.663437500,-0.009471148
1.663500000,-0.009883063
1.663562500,-0.010349947
1.663625000,-0.010703520
1.663687500,-0.010747832
1.663750000,-0.010353684
1.663812500,-0.009503237
1.663875000,-0.008350924
1.663937500,-0.007120975
1.664000000,-0.006023962
1.664062500,-0.005146124
1.664125000,-0.004499660
1.664187500,-0.003983784
1.664250000,-0.003482603
1.664312500,-0.002909497
1.664375000,-0.002342405
1.664437500,-0.001900666
1.664500000,-0.001694239
1.664562500,-0.001711193
1.664625000,-0.001906710
1.664687500,-0.002136718
1.664750000,-0.002258986
1.664812500,-0.002167113
1.664875000,-0.001940239
1.664937500,-0.001708425
1.665000000,-0.001600115
1.665062500,-0.001626240
1.665125000,-0.001775670
1.665187500,-0.001951482
1.665250000,-0.002070737
1.665312500,-0.002095541
1.665375000,-0.002163040
1.665437500,-0.002451542
1.665500000,-0.003106105
1.665562500,-0.004116107
1.665625000,-0.005377655
1.665687500,-0.006658918
1.665750000,-0.007718201
1.665812500,-0.008384020
1.665875000,-0.008698263
1.665937500,-0.008833853
1.666000000,-0.009035943
1.666062500,-0.009492170
1.666125000,-0.010321365
1.666187500,-0.011476763
1.666250000,-0.012800919
1.666312500,-0.014083488
1.666375000,-0.015207479
1.666437500,-0.016137626
1.666500000,-0.016942395
1.666562500,-0.017740792
1.666625000,-0.018678833
1.666687500,-0.019830791
1.666750000,-0.021177992
1.666812500,-0.022607256
1.666875000,-0.023971790
1.666937500,-0.025125043
1.667000000,-0.025978338
1.667062500,-0.026524644
1.667125000,-0.026845805
1.667187500,-0.027064435
1.667250000,-0.027296079
1.667312500,-0.027600938
1.667375000,-0.027974172
1.667437500,-0.028344823
1.667500000,-0.028613821
1.667562500,-0.028695719
1.667625000,-0.028539388
1.667687500,-0.028131865
1.667750000,-0.027484328
1.667812500,-0.026620466
1.667875000,-0.025543053
1.667937500,-0.024254175
1.668000000,-0.022778107
1.668062500,-0.021191040
1.668125000,-0.019605583
1.668187500,-0.018152950
1.668250000,-0.016942395
1.668312500,-0.016023876
1.668375000,-0.015369659
1.668437500,-0.014873563
1.668500000,-0.014401034
1.668562500,-0.013835637
1.668625000,-0.013135295
1.668687500,-0.012305439
1.668750000,-0.011389053
1.668812500,-0.010427061
1.668875000,-0.009464473
1.668937500,-0.008501801
1.669000000,-0.007529953
1.669062500,-0.006545251
1.669125000,-0.005604647
1.669187500,-0.004757443
1.669250000,-0.004047350
1.669312500,-0.003483827
1.669375000,-0.003076865
1.669437500,-0.002779725
1.669500000,-0.002541359
1.669562500,-0.002315477
1.669625000,-0.002115258
1.669687500,-0.001902831
1.669750000,-0.001600115
1.669812500,-0.001078123
1.669875000,-0.000247321
1.669937500,0.000970292
1.670000000,0.002541359
1.670062500,0.004307653
1.670125000,0.005954743
1.670187500,0.007208752
1.670250000,0.007906451
1.670312500,0.008077797
1.670375000,0.007854716
1.670437500,0.007482787
1.670500000,0.007153455
1.670562500,0.006921273
1.670625000,0.006623773
1.670687500,0.006057880
1.670750000,0.005082718
1.670812500,0.003745890
1.670875000,0.002232075
1.670937500,0.000859216
1.671000000,-0.000094124
1.671062500,-0.000500800
1.671125000,-0.000496870
1.671187500,-0.000338646
1.671250000,-0.000282373
1.671312500,-0.000428207
1.671375000,-0.000720297
1.671437500,-0.000937566
1.671500000,-0.000847120
1.671562500,-0.000335761
1.671625000,0.000484585
1.671687500,0.001353699
1.671750000,0.001976613
1.671812500,0.002175121
1.671875000,0.001953830
1.671937500,0.001511413
1.672000000,0.001129493
1.672062500,0.001036050
1.672125000,0.001277946
1.672187500,0.001712789
1.672250000,0.002070737
1.672312500,0.002081117
1.672375000,0.001583304
1.672437500,0.000603915
1.672500000,-0.000658871
1.672562500,-0.001922459
1.672625000,-0.002914375
1.672687500,-0.003488880
1.672750000,-0.003670852
1.672812500,-0.003655269
1.672875000,-0.003675570
1.672937500,-0.003956375
1.673000000,-0.004612096
1.673062500,-0.005631717
1.673125000,-0.006824942
1.673187500,-0.007961232
1.673250000,-0.008847695
1.673312500,-0.009428758
1.673375000,-0.009720377
1.673437500,-0.009833660
1.673500000,-0.009883063
1.673562500,-0.009940721
1.673625000,-0.009937253
1.673687500,-0.009740598
1.673750000,-0.009224192
1.673812500,-0.008374390
1.673875000,-0.007259802
1.673937500,-0.006059980
1.674000000,-0.004988594
1.674062500,-0.004231071
1.674125000,-0.003832107
1.674187500,-0.003723863
1.674250000,-0.003764976
1.674312500,-0.003829752
1.674375000,-0.003812515
1.674437500,-0.003688016
1.674500000,-0.003482603
1.674562500,-0.003246385
1.674625000,-0.002964908
1.674687500,-0.002575354
1.674750000,-0.001976613
1.674812500,-0.001087211
1.674875000,0.000157933
1.674937500,0.001742704
1.675000000,0.003576728
1.675062500,0.005505147
1.675125000,0.007402027
1.675187500,0.009181532
1.675250000,0.010824307
1.675312500,0.012355516
1.675375000,0.013837989
1.675437500,0.015311418
1.675500000,0.016754145
1.675562500,0.018071860
1.675625000,0.019131910
1.675687500,0.019829491
1.675750000,0.020142624
1.675812500,0.020165402
1.675875000,0.020057678
1.675937500,0.020009700
1.676000000,0.020142624
1.676062500,0.020456057
1.676125000,0.020784533
1.676187500,0.020903284
1.676250000,0.020613244
1.676312500,0.019849258
1.676375000,0.018673383
1.676437500,0.017301004
1.676500000,0.016001150
1.676562500,0.015004489
1.676625000,0.014386189
1.676687500,0.014083521
1.676750000,0.013930413
1.676812500,0.013756879
1.676875000,0.013423925
1.676937500,0.012915487
1.677000000,0.012330297
1.677062500,0.011853478
1.677125000,0.011637018
1.677187500,0.011771264
1.677250000,0.012236172
1.677312500,0.012919777
1.677375000,0.013610194
1.677437500,0.014094498
1.677500000,0.014212786
1.677562500,0.013906260
1.677625000,0.013191407
1.677687500,0.012137854
1.677750000,0.010824307
1.677812500,0.009310678
1.677875000,0.007636549
1.677937500,0.005828998
1.678000000,0.003953225
1.678062500,0.002134469
1.678125000,0.000541912
1.678187500,-0.000708655
1.678250000,-0.001600115
1.678312500,-0.002242618
1.678375000,-0.002815864
1.678437500,-0.003534927
1.678500000,-0.004517972
1.678562500,-0.005721243
1.678625000,-0.006911580
1.678687500,-0.007826631
1.678750000,-0.008282948
1.678812500,-0.008290581
1.678875000,-0.008019165
1.678937500,-0.007791050
1.679000000,-0.007906451
1.679062500,-0.008512720
1.679125000,-0.009496497
1.679187500,-0.010591093
1.679250000,-0.011483178
1.679312500,-0.011967543
1.679375000,-0.012000981
1.679437500,-0.011751374
1.679500000,-0.011483178
1.679562500,-0.011427784
1.679625000,-0.011641931
1.679687500,-0.012020016
1.679750000,-0.012330297
1.679812500,-0.012330976
1.679875000,-0.011852574
1.679937500,-0.010912271
1.680000000,-0.009694814
1.680062500,-0.008490884
1.680125000,-0.007564301
1.680187500,-0.007105178
1.680250000,-0.007153455
1.680312500,-0.007599992
1.680375000,-0.008206147
1.680437500,-0.008720415
1.680500000,-0.008941819
1.680562500,-0.008775741
1.680625000,-0.008226944
1.680687500,-0.007391835
1.680750000,-0.006400459
1.680812500,-0.005369248
1.680875000,-0.004353024
1.680937500,-0.003354382
1.681000000,-0.002353110
1.681062500,-0.001355329
1.681125000,-0.000387744
1.681187500,0.000493376
1.681250000,0.001223617
1.681312500,0.001742814
1.681375000,0.002053678
1.681437500,0.002204961
1.681500000,0.002258986
1.681562500,0.002232261
1.681625000,0.002144326
1.681687500,0.001995785
1.681750000,0.001788364
1.681812500,0.001521823
1.681875000,0.001246374
1.681937500,0.001034678
1.682000000,0.000941244
1.682062500,0.000945370
1.682125000,0.000997774
1.682187500,0.001021683
1.682250000,0.000941244
1.682312500,0.000688053
1.682375000,0.000292478
1.682437500,-0.000140815
1.682500000,-0.000470622
1.682562500,-0.000603690
1.682625000,-0.000461790
1.682687500,-0.000045470
1.682750000,0.000564746
1.682812500,0.001198204
1.682875000,0.001750113
1.682937500,0.002179914
1.683000000,0.002541359
1.683062500,0.002924811
1.683125000,0.003502233
1.683187500,0.004401941
1.683250000,0.005647464
1.683312500,0.007099447
1.683375000,0.008594895
1.683437500,0.009980155
1.683500000,0.011200804
1.683562500,0.012294911
1.683625000,0.013477280
1.683687500,0.014962316
1.683750000,0.016848268
1.683812500,0.018975813
1.683875000,0.021074558
1.683937500,0.022762695
1.684000000,0.023719350
1.684062500,0.023773681
1.684125000,0.023108702
1.684187500,0.022115612
1.684250000,0.021272115
1.684312500,0.020922128
1.684375000,0.021271398
1.684437500,0.022257889
1.684500000,0.023625227
1.684562500,0.024997436
1.684625000,0.026130745
1.684687500,0.026912782
1.684750000,0.027390203
1.684812500,0.027676160
1.684875000,0.027987039
1.684937500,0.028490309
1.685000000,0.029272690
1.685062500,0.030287795
1.685125000,0.031469643
1.685187500,0.032688938
1.685250000,0.033790659
1.685312500,0.034580283
1.685375000,0.034964912
1.685437500,0.034905825
1.685500000,0.034449533
1.685562500,0.033689976
1.685625000,0.032845907
1.685687500,0.032150004
1.685750000,0.031814050
1.685812500,0.031945426
1.685875000,0.032619368
1.685937500,0.033785898
1.686000000,0.035296652
1.686062500,0.036899041
1.686125000,0.038378809
1.686187500,0.039523266
1.686250000,0.040191121
1.686312500,0.040308859
1.686375000,0.039964471
1.686437500,0.039280992
1.686500000,0.038402759
1.686562500,0.037425991
1.686625000,0.036491551
1.686687500,0.035669792
1.686750000,0.035014279
1.686812500,0.034542501
1.686875000,0.034313131
1.686937500,0.034290552
1.687000000,0.034355409
1.687062500,0.034291685
1.687125000,0.033944584
1.687187500,0.033199385
1.687250000,0.032096423
1.687312500,0.030826850
1.687375000,0.029760059
1.687437500,0.029197523
1.687500000,0.029272690
1.687562500,0.029853076
1.687625000,0.030641098
1.687687500,0.031195372
1.687750000,0.031155180
1.687812500,0.030383155
1.687875000,0.029089041
1.687937500,0.027641919
1.688000000,0.026448958
1.688062500,0.025765745
1.688125000,0.025643015
1.688187500,0.025819529
1.688250000,0.025884213
1.688312500,0.025455995
1.688375000,0.024376232
1.688437500,0.022700513
1.688500000,0.020707369
1.688562500,0.018784339
1.688625000,0.017316798
1.688687500,0.016471079
1.688750000,0.016189398
1.688812500,0.016229942
1.688875000,0.016317716
1.688937500,0.016164703
1.689000000,0.015624652
1.689062500,0.014731988
1.689125000,0.013733682
1.689187500,0.012874231
1.689250000,0.012330297
1.689312500,0.012121503
1.689375000,0.012164901
1.689437500,0.012221707
1.689500000,0.012047924
1.689562500,0.011483552
1.689625000,0.010567227
1.689687500,0.009395833
1.689750000,0.008094699
1.689812500,0.006732475
1.689875000,0.005361266
1.689937500,0.003939810
1.690000000,0.002447235
1.690062500,0.000928441
1.690125000,-0.000429878
1.690187500,-0.001477871
1.690250000,-0.002164861
1.690312500,-0.002630366
1.690375000,-0.003087593
1.690437500,-0.003840011
1.690500000,-0.005082718
1.690562500,-0.006815033
1.690625000,-0.008721270
1.690687500,-0.010413960
1.690750000,-0.011577302
1.690812500,-0.012156160
1.690875000,-0.012272188
1.690937500,-0.012257688
1.691000000,-0.012424421
1.691062500,-0.012920352
1.691125000,-0.013535491
1.691187500,-0.013902650
1.691250000,-0.013648040
1.691312500,-0.012625244
1.691375000,-0.010901130
1.691437500,-0.008830894
1.691500000,-0.006871082
1.691562500,-0.005425949
1.691625000,-0.004590026
1.691687500,-0.004247747
1.691750000,-0.004141474
1.691812500,-0.004054493
1.691875000,-0.003818148
1.691937500,-0.003438112
1.692000000,-0.003011981
1.692062500,-0.002665747
1.692125000,-0.002378366
1.692187500,-0.002063957
1.692250000,-0.001600115
1.692312500,-0.000932086
1.692375000,-0.000033030
1.692437500,0.001029131
1.692500000,0.002164861
1.692562500,0.003305116
1.692625000,0.004492606
1.692687500,0.005813082
1.692750000,0.007341704
1.692812500,0.009063353
1.692875000,0.010887452
1.692937500,0.012655677
1.693000000,0.014212786
1.693062500,0.015463936
1.693125000,0.016431266
1.693187500,0.017224884
1.693250000,0.017977761
1.693312500,0.018772379
1.693375000,0.019608555
1.693437500,0.020434011
1.693500000,0.021177992
1.693562500,0.021797668
1.693625000,0.022301359
1.693687500,0.022760412
1.693750000,0.023248728
1.693812500,0.023791166
1.693875000,0.024316180
1.693937500,0.024710046
1.694000000,0.024848843
1.694062500,0.024657069
1.694125000,0.024137536
1.694187500,0.023394713
1.694250000,0.022589857
1.694312500,0.021881115
1.694375000,0.021365285
1.694437500,0.021058453
1.694500000,0.020895619
1.694562500,0.020762086
1.694625000,0.020532856
1.694687500,0.020118719
1.694750000,0.019483753
1.694812500,0.018649608
1.694875000,0.017673125
1.694937500,0.016636627
1.695000000,0.015624652
1.695062500,0.014706912
1.695125000,0.013921924
1.695187500,0.013267602
1.695250000,0.012706795
1.695312500,0.012181659
1.695375000,0.011644387
1.695437500,0.011063170
1.695500000,0.010447809
1.695562500,0.009844530
1.695625000,0.009339026
1.695687500,0.008977429
1.695750000,0.008753570
1.695812500,0.008588830
1.695875000,0.008392850
1.695937500,0.008038566
1.696000000,0.007435828
1.696062500,0.006553390
1.696125000,0.005496075
1.696187500,0.004394089
1.696250000,0.003388479
1.696312500,0.002562347
1.696375000,0.002004653
1.696437500,0.001702927
1.696500000,0.001600115
1.696562500,0.001590695
1.696625000,0.001664062
1.696687500,0.001776941
1.696750000,0.001882488
1.696812500,0.001879793
1.696875000,0.001750504
1.696937500,0.001443387
1.697000000,0.000941244
1.697062500,0.000240623
1.697125000,-0.000515161
1.697187500,-0.001196207
1.697250000,-0.001694239
1.697312500,-0.002007681
1.697375000,-0.002117104
1.697437500,-0.002103186
1.697500000,-0.002070737
1.697562500,-0.002148386
1.697625000,-0.002318134
1.697687500,-0.002537328
1.697750000,-0.002729608
1.697812500,-0.002865006
1.697875000,-0.002848306
1.697937500,-0.002647482
1.698000000,-0.002258986
1.698062500,-0.001742972
1.698125000,-0.001069298
1.698187500,-0.000234847
1.698250000,0.000752995
1.698312500,0.001813867
1.698375000,0.002942091
1.698437500,0.004101693
1.698500000,0.005270967
1.698562500,0.006405864
1.698625000,0.007591597
1.698687500,0.008913104
1.698750000,0.010447809
1.698812500,0.012180580
1.698875000,0.014111303
1.698937500,0.016152821
1.699000000,0.018166009
1.699062500,0.019953750
1.699125000,0.021407058
1.699187500,0.022466810
1.699250000,0.023154603
1.699312500,0.023532381
1.699375000,0.023762878
1.699437500,0.024004070
1.699500000,0.024378221
1.699562500,0.024914186
1.699625000,0.025610721
1.699687500,0.026402680
1.699750000,0.027201954
1.699812500,0.027909990
1.699875000,0.028496142
1.699937500,0.028968759
1.700000000,0.029366815
1.700062500,0.029723454
1.700125000,0.030086409
1.700187500,0.030491369
1.700250000,0.030966930
1.700312500,0.031530984
1.700375000,0.032197397
1.700437500,0.032962244
1.700500000,0.033790659
1.700562500,0.034615915
1.700625000,0.035351600
1.700687500,0.035930414
1.700750000,0.036332019
1.700812500,0.036595162
1.700875000,0.036792327
1.700937500,0.036985919
1.701000000,0.037179142
1.701062500,0.037292052
1.701125000,0.037177831
1.701187500,0.036671724
1.701250000,0.035673149
1.701312500,0.034210008
1.701375000,0.032433443
1.701437500,0.030559793
1.701500000,0.028802069
1.701562500,0.027304435
1.701625000,0.026095385
1.701687500,0.025074825
1.701750000,0.024095848
1.701812500,0.023052583
1.701875000,0.021930482
1.701937500,0.020772798
1.702000000,0.019672001
1.702062500,0.018722635
1.702125000,0.017976183
1.702187500,0.017366473
1.702250000,0.016754145
1.702312500,0.015981261
1.702375000,0.014948625
1.702437500,0.013596393
1.702500000,0.011953799
1.702562500,0.010123072
1.702625000,0.008282204
1.702687500,0.006550279
1.702750000,0.004988594
1.702812500,0.003585053
1.702875000,0.002341487
1.702937500,0.001212959
1.703000000,0.000188249
1.703062500,-0.000713224
1.703125000,-0.001371792
1.703187500,-0.001746597
1.703250000,-0.001882488
1.703312500,-0.001957687
1.703375000,-0.002141498
1.703437500,-0.002664088
1.703500000,-0.003670852
1.703562500,-0.005190046
1.703625000,-0.006991843
1.703687500,-0.008821179
1.703750000,-0.010447809
1.703812500,-0.011800753
1.703875000,-0.012832767
1.703937500,-0.013657318
1.704000000,-0.014401034
1.704062500,-0.015162134
1.704125000,-0.015818784
1.704187500,-0.016231682
1.704250000,-0.016283523
1.704312500,-0.016010270
1.704375000,-0.015467733
1.704437500,-0.014841238
1.704500000,-0.014306910
1.704562500,-0.013993458
1.704625000,-0.013769735
1.704687500,-0.013439600
1.704750000,-0.012800919
1.704812500,-0.011807789
1.704875000,-0.010453368
1.704937500,-0.008896735
1.705000000,-0.007341704
1.705062500,-0.005988926
1.705125000,-0.004818705
1.705187500,-0.003722520
1.705250000,-0.002541359
1.705312500,-0.001198728
1.705375000,0.000342784
1.705437500,0.001987749
1.705500000,0.003576728
1.705562500,0.004936230
1.705625000,0.006038358
1.705687500,0.006968675
1.705750000,0.007906451
1.705812500,0.009023977
1.705875000,0.010490051
1.705937500,0.012364794
1.706000000,0.014589284
1.706062500,0.016978879
1.706125000,0.019330936
1.706187500,0.021441394
1.706250000,0.023154603
1.706312500,0.024378868
1.706375000,0.025139440
1.706437500,0.025571235
1.706500000,0.025884213
1.706562500,0.026302056
1.706625000,0.027013293
1.706687500,0.028132219
1.706750000,0.029649187
1.706812500,0.031424098
1.706875000,0.033230778
1.706937500,0.034855139
1.707000000,0.036143772
1.707062500,0.037034735
1.707125000,0.037551645
1.707187500,0.037789635
1.707250000,0.037838012
1.707312500,0.037727647
1.707375000,0.037394043
1.707437500,0.036739413
1.707500000,0.035673149
1.707562500,0.034177288
1.707625000,0.032320756
1.707687500,0.030289164
1.707750000,0.028331446
1.707812500,0.026695419
1.707875000,0.025536293
1.707937500,0.024889441
1.708000000,0.024660595
1.708062500,0.024665093
1.708125000,0.024683945
1.708187500,0.024528962
1.708250000,0.024095848
1.708312500,0.023380408
1.708375000,0.022471473
1.708437500,0.021484070
1.708500000,0.020519121
1.708562500,0.019622408
1.708625000,0.018800151
1.708687500,0.017992340
1.708750000,0.017130643
1.708812500,0.016169596
1.708875000,0.015159715
1.708937500,0.014165754
1.709000000,0.013271542
1.709062500,0.012535374
1.709125000,0.012013126
1.709187500,0.011662132
1.709250000,0.011389053
1.709312500,0.011069019
1.709375000,0.010637215
1.709437500,0.010009442
1.709500000,0.009130068
1.709562500,0.007961109
1.709625000,0.006563532
1.709687500,0.004980929
1.709750000,0.003294354
1.709812500,0.001600520
1.709875000,0.000086249
1.709937500,-0.001147837
1.710000000,-0.002070737
1.710062500,-0.002751996
1.710125000,-0.003241677
1.710187500,-0.003651912
1.710250000,-0.004047350
1.710312500,-0.004427512
1.710375000,-0.004649841
1.710437500,-0.004601935
1.710500000,-0.004235599
1.710562500,-0.003633260
1.710625000,-0.002923927
1.710687500,-0.002317820
1.710750000,-0.001976613
1.710812500,-0.001954810
1.710875000,-0.002112462
1.710937500,-0.002267570
1.711000000,-0.002258986
1.711062500,-0.002041352
1.711125000,-0.001665329
1.711187500,-0.001304083
1.711250000,-0.001129493
1.711312500,-0.001223680
1.711375000,-0.001508474
1.711437500,-0.001839258
1.711500000,-0.002070737
1.711562500,-0.002143492
1.711625000,-0.002089510
1.711687500,-0.002030776
1.711750000,-0.002070737
1.711812500,-0.002213983
1.711875000,-0.002319236
1.711937500,-0.002195549
1.712000000,-0.001694239
1.712062500,-0.000810067
1.712125000,0.000322864
1.712187500,0.001454922
1.712250000,0.002353110
1.712312500,0.002908709
1.712375000,0.003198777
1.712437500,0.003417146
1.712500000,0.003764976
1.712562500,0.004332717
1.712625000,0.005055258
1.712687500,0.005748680
1.712750000,0.006212211
1.712812500,0.006339890
1.712875000,0.006164007
1.712937500,0.005841389
1.713000000,0.005553340
1.713062500,0.005400985
1.713125000,0.005337999
1.713187500,0.005203223
1.713250000,0.004800345
1.713312500,0.004006678
1.713375000,0.002834055
1.713437500,0.001446347
1.713500000,0.000094124
1.713562500,-0.000979675
1.713625000,-0.001642202
1.713687500,-0.001899730
1.713750000,-0.001882488
1.713812500,-0.001773558
1.713875000,-0.001732653
1.713937500,-0.001820020
1.714000000,-0.001976613
1.714062500,-0.002051162
1.714125000,-0.001885431
1.714187500,-0.001382255
1.714250000,-0.000564746
1.714312500,0.000424751
1.714375000,0.001367086
1.714437500,0.002069474
1.714500000,0.002447235
1.714562500,0.002565703
1.714625000,0.002590201
1.714687500,0.002706997
1.714750000,0.003011981
1.714812500,0.003447973
1.714875000,0.003810956
1.714937500,0.003847221
1.715000000,0.003388479
1.715062500,0.002458357
1.715125000,0.001283552
1.715187500,0.000204373
1.715250000,-0.000470622
1.715312500,-0.000605064
1.715375000,-0.000290668
1.715437500,0.000183029
1.715500000,0.000470622
1.715562500,0.000329175
1.715625000,-0.000274948
1.715687500,-0.001172022
1.715750000,-0.002070737
1.715812500,-0.002692042
1.715875000,-0.002883468
1.715937500,-0.002679004
1.716000000,-0.002258986
1.716062500,-0.001854674
1.716125000,-0.001649598
1.716187500,-0.001709867
1.716250000,-0.001976613
1.716312500,-0.002313407
1.716375000,-0.002569915
1.716437500,-0.002648630
1.716500000,-0.002541359
1.716562500,-0.002333820
1.716625000,-0.002140739
1.716687500,-0.002067112
1.716750000,-0.002164861
1.716812500,-0.002433380
1.716875000,-0.002788426
1.716937500,-0.003130957
1.717000000,-0.003388479
1.717062500,-0.003566535
1.717125000,-0.003688314
1.717187500,-0.003807221
1.717250000,-0.003953225
1.717312500,-0.004128096
1.717375000,-0.004232420
1.717437500,-0.004162514
1.717500000,-0.003859101
1.717562500,-0.003381368
1.717625000,-0.002835376
1.717687500,-0.002385077
1.717750000,-0.002164861
1.717812500,-0.002239875
1.717875000,-0.002516481
1.717937500,-0.002828657
1.718000000,-0.003011981
1.718062500,-0.003010575
1.718125000,-0.002834178
1.718187500,-0.002580389
1.718250000,-0.002353110
1.718312500,-0.002217066
1.718375000,-0.002095345
1.718437500,-0.001843383
1.718500000,-0.001317742
1.718562500,-0.000475463
1.718625000,0.000651460
1.718687500,0.001949093
1.718750000,0.003294354
1.718812500,0.004601031
1.718875000,0.005891047
1.718937500,0.007229968
1.719000000,0.008659446
1.719062500,0.010120050
1.719125000,0.011486292
1.719187500,0.012600498
1.719250000,0.013365666
1.719312500,0.013800534
1.719375000,0.014086133
1.719437500,0.014470753
1.719500000,0.015154029
1.719562500,0.016171504
1.719625000,0.017388374
1.719687500,0.018547421
1.719750000,0.019389628
1.719812500,0.019769894
1.719875000,0.019726673
1.719937500,0.019454496
1.720000000,0.019201379
1.720062500,0.019150978
1.720125000,0.019351514
1.720187500,0.019727170
1.720250000,0.020142624
1.720312500,0.020486925
1.720375000,0.020734975
1.720437500,0.020940937
1.720500000,0.021177992
1.720562500,0.021462269
1.720625000,0.021725873
1.720687500,0.021834200
1.720750000,0.021648614
1.720812500,0.021091793
1.720875000,0.020208482
1.720937500,0.019142034
1.721000000,0.018071886
1.721062500,0.017129336
1.721125000,0.016371008
1.721187500,0.015767613
1.721250000,0.015248154
1.721312500,0.014745829
1.721375000,0.014264439
1.721437500,0.013848773
1.721500000,0.013553915
1.721562500,0.013383132
1.721625000,0.013305808
1.721687500,0.013216573
1.721750000,0.012989169
1.721812500,0.012505502
1.721875000,0.011761484
1.721937500,0.010797274
1.722000000,0.009694814
1.722062500,0.008515736
1.722125000,0.007359875
1.722187500,0.006270288
1.722250000,0.005270967
1.722312500,0.004359494
1.722375000,0.003606409
1.722437500,0.003053518
1.722500000,0.002729608
1.722562500,0.002607449
1.722625000,0.002695563
1.722687500,0.002943943
1.722750000,0.003294354
1.722812500,0.003665910
1.722875000,0.004082874
1.722937500,0.004552410
1.723000000,0.005082718
1.723062500,0.005622776
1.723125000,0.006186169
1.723187500,0.006719426
1.723250000,0.007153455
1.723312500,0.007382303
1.723375000,0.007423917
1.723437500,0.007297107
1.723500000,0.007059331
1.723562500,0.006753813
1.723625000,0.006505618
1.723687500,0.006379897
1.723750000,0.006400459
1.723812500,0.006521266
1.723875000,0.006750407
1.723937500,0.007079157
1.724000000,0.007529953
1.724062500,0.008124178
1.724125000,0.008950734
1.724187500,0.010029178
1.724250000,0.011294928
1.724312500,0.012555963
1.724375000,0.013629145
1.724437500,0.014313771
1.724500000,0.014495159
1.724562500,0.014167406
1.724625000,0.013531151
1.724687500,0.012858322
1.724750000,0.012424421
1.724812500,0.012391647
1.724875000,0.012843016
1.724937500,0.013717095
1.725000000,0.014871657
1.725062500,0.016124601
1.725125000,0.017386921
1.725187500,0.018626481
1.725250000,0.019860249
1.725312500,0.021086736
1.725375000,0.022310466
1.725437500,0.023472363
1.725500000,0.024472345
1.725562500,0.025182635
1.725625000,0.025544047
1.725687500,0.025542907
1.725750000,0.025225341
1.725812500,0.024660259
1.725875000,0.023957573
1.725937500,0.023191679
1.726000000,0.022401609
1.726062500,0.021581264
1.726125000,0.020752242
1.726187500,0.019939879
1.726250000,0.019201379
1.726312500,0.018604882
1.726375000,0.018260866
1.726437500,0.018237939
1.726500000,0.018542508
1.726562500,0.019083796
1.726625000,0.019744698
1.726687500,0.020364027
1.726750000,0.020801496
1.726812500,0.020959893
1.726875000,0.020879528
1.726937500,0.020656778
1.727000000,0.020424996
1.727062500,0.020272953
1.727125000,0.020293267
1.727187500,0.020468779
1.727250000,0.020707369
1.727312500,0.020845724
1.727375000,0.020796871
1.727437500,0.020498335
1.727500000,0.019954374
1.727562500,0.019190028
1.727625000,0.018334802
1.727687500,0.017476954
1.727750000,0.016660020
1.727812500,0.015831433
1.727875000,0.014986023
1.727937500,0.014075606
1.728000000,0.013083293
1.728062500,0.012003232
1.728125000,0.010983178
1.728187500,0.010148617
1.728250000,0.009600690
1.728312500,0.009325827
1.728375000,0.009353406
1.728437500,0.009605472
1.728500000,0.009977187
1.728562500,0.010318577
1.728625000,0.010635065
1.728687500,0.010924444
1.728750000,0.011200804
1.728812500,0.011409747
1.728875000,0.011603927
1.728937500,0.011783617
1.729000000,0.011953799
1.729062500,0.012076289
1.729125000,0.012265327
1.729187500,0.012608316
1.729250000,0.013177417
1.729312500,0.013929226
1.729375000,0.014893720
1.729437500,0.015997188
1.729500000,0.017130643
1.729562500,0.018113984
1.729625000,0.018944403
1.729687500,0.019631635
1.729750000,0.020236747
1.729812500,0.020766264
1.729875000,0.021349436
1.729937500,0.022007765
1.730000000,0.022683984
1.730062500,0.023183305
1.730125000,0.023458237
1.730187500,0.023482090
1.730250000,0.023342853
1.730312500,0.023161700
1.730375000,0.023264235
1.730437500,0.023889640
1.730500000,0.025131216
1.730562500,0.026802745
1.730625000,0.028697424
1.730687500,0.030509301
1.730750000,0.032002300
1.730812500,0.033028711
1.730875000,0.033764560
1.730937500,0.034469727
1.731000000,0.035390779
1.731062500,0.036557246
1.731125000,0.037948847
1.731187500,0.039365020
1.731250000,0.040567622
1.731312500,0.041320156
1.731375000,0.041688405
1.731437500,0.041855715
1.731500000,0.042073611
1.731562500,0.042462468
1.731625000,0.043151807
1.731687500,0.044081029
1.731750000,0.045085590
1.731812500,0.045904625
1.731875000,0.046490002
1.731937500,0.046867505
1.732000000,0.047156330
1.732062500,0.047429122
1.732125000,0.047861952
1.732187500,0.048505414
1.732250000,0.049321190
1.732312500,0.050134782
1.732375000,0.050912332
1.732437500,0.051610213
1.732500000,0.052239046
1.732562500,0.052772235
1.732625000,0.053345393
1.732687500,0.054015316
1.732750000,0.054780405
1.732812500,0.055494945
1.732875000,0.056121003
1.732937500,0.056562569
1.733000000,0.056757014
1.733062500,0.056633510
1.733125000,0.056329094
1.733187500,0.055977788
1.733250000,0.055721652
1.733312500,0.055600595
1.733375000,0.055721052
1.733437500,0.056046598
1.733500000,0.056474645
1.733562500,0.056816325
1.733625000,0.057048239
1.733687500,0.057141956
1.733750000,0.057133518
1.733812500,0.057037547
1.733875000,0.057013765
1.733937500,0.057095289
1.734000000,0.057227641
1.734062500,0.057221793
1.734125000,0.056997560
1.734187500,0.056440506
1.734250000,0.055533402
1.734312500,0.054332871
1.734375000,0.053121503
1.734437500,0.052123133
1.734500000,0.051486049
1.734562500,0.051181242
1.734625000,0.051180165
1.734687500,0.051305119
1.734750000,0.051391926
1.734812500,0.051321141
1.734875000,0.051217124
1.734937500,0.051184986
1.735000000,0.051297802
1.735062500,0.051474888
1.735125000,0.051637426
1.735187500,0.051534407
1.735250000,0.050921306
1.735312500,0.049624722
1.735375000,0.047778100
1.735437500,0.045580156
1.735500000,0.043297227
1.735562500,0.041120440
1.735625000,0.039289352
1.735687500,0.037836328
1.735750000,0.036708519
1.735812500,0.035775669
1.735875000,0.035094589
1.735937500,0.034658667
1.736000000,0.034449533
1.736062500,0.034331612
1.736125000,0.034272019
1.736187500,0.034090303
1.736250000,0.033602413
1.736312500,0.032621302
1.736375000,0.031242594
1.736437500,0.029570343
1.736500000,0.027766701
1.736562500,0.025926858
1.736625000,0.024280287
1.736687500,0.022888154
1.736750000,0.021742739
1.736812500,0.020730609
1.736875000,0.019915571
1.736937500,0.019282363
1.737000000,0.018824881
1.737062500,0.018468896
1.737125000,0.018283576
1.737187500,0.018213950
1.737250000,0.018166009
1.737312500,0.017963959
1.737375000,0.017613946
1.737437500,0.017078439
1.737500000,0.016377648
1.737562500,0.015532147
1.737625000,0.014764640
1.737687500,0.014222215
1.737750000,0.014024537
1.737812500,0.014188630
1.737875000,0.014820086
1.737937500,0.015887490
1.738000000,0.017318891
1.738062500,0.018984942
1.738125000,0.020863524
1.738187500,0.022855846
1.738250000,0.024848843
1.738312500,0.026690640
1.738375000,0.028313953
1.738437500,0.029607400
1.738500000,0.030496309
1.738562500,0.030952007
1.738625000,0.031098047
1.738687500,0.031075591
1.738750000,0.031061055
1.738812500,0.031204460
1.738875000,0.031647921
1.738937500,0.032370042
1.739000000,0.033225916
1.739062500,0.033983260
1.739125000,0.034444433
1.739187500,0.034449425
1.739250000,0.033978913
1.739312500,0.033179507
1.739375000,0.032320693
1.739437500,0.031655524
1.739500000,0.031343430
1.739562500,0.031400952
1.739625000,0.031685650
1.739687500,0.031938426
1.739750000,0.031908173
1.739812500,0.031464722
1.739875000,0.030622957
1.739937500,0.029495958
1.740000000,0.028237322
1.740062500,0.026973965
1.740125000,0.025727438
1.740187500,0.024404719
1.740250000,0.022872232
1.740312500,0.021060122
1.740375000,0.018978512
1.740437500,0.016732618
1.740500000,0.014495159
1.740562500,0.012466271
1.740625000,0.010750590
1.740687500,0.009330168
1.740750000,0.008094699
1.740812500,0.006922740
1.740875000,0.005710149
1.740937500,0.004398014
1.741000000,0.003011981
1.741062500,0.001659040
1.741125000,0.000469125
1.741187500,-0.000510742
1.741250000,-0.001317742
1.741312500,-0.002056647
1.741375000,-0.002868479
1.741437500,-0.003931553
1.741500000,-0.005365091
1.741562500,-0.007168367
1.741625000,-0.009207663
1.741687500,-0.011308583
1.741750000,-0.013271542
1.741812500,-0.014913090
1.741875000,-0.016110767
1.741937500,-0.016880877
1.742000000,-0.017318891
1.742062500,-0.017536806
1.742125000,-0.017619710
1.742187500,-0.017655488
1.742250000,-0.017695390
1.742312500,-0.017753595
1.742375000,-0.017825589
1.742437500,-0.017967738
1.742500000,-0.018260136
1.742562500,-0.018771321
1.742625000,-0.019539293
1.742687500,-0.020598099
1.742750000,-0.021930987
1.742812500,-0.023449808
1.742875000,-0.025002224
1.742937500,-0.026431724
1.743000000,-0.027578451
1.743062500,-0.028298989
1.743125000,-0.028495271
1.743187500,-0.028164601
1.743250000,-0.027390203
1.743312500,-0.026323777
1.743375000,-0.025137965
1.743437500,-0.024007253
1.743500000,-0.023060480
1.743562500,-0.022364274
1.743625000,-0.021903716
1.743687500,-0.021624330
1.743750000,-0.021460366
1.743812500,-0.021382399
1.743875000,-0.021363979
1.743937500,-0.021413047
1.744000000,-0.021554491
1.744062500,-0.021838546
1.744125000,-0.022231020
1.744187500,-0.022648325
1.744250000,-0.022966355
1.744312500,-0.023088938
1.744375000,-0.022922989
1.744437500,-0.022447482
1.744500000,-0.021742739
1.744562500,-0.021008665
1.744625000,-0.020442665
1.744687500,-0.020178363
1.744750000,-0.020236747
1.744812500,-0.020540923
1.744875000,-0.020881372
1.744937500,-0.021002956
1.745000000,-0.020707369
1.745062500,-0.019959066
1.745125000,-0.018817810
1.745187500,-0.017417721
1.745250000,-0.015907025
1.745312500,-0.014416847
1.745375000,-0.012960753
1.745437500,-0.011454173
1.745500000,-0.009788939
1.745562500,-0.007937415
1.745625000,-0.005943069
1.745687500,-0.003908313
1.745750000,-0.001976613
1.745812500,-0.000294824
1.745875000,0.001106683
1.745937500,0.002370270
1.746000000,0.003764976
1.746062500,0.005573918
1.746125000,0.008028184
1.746187500,0.011208553
1.746250000,0.014965781
1.746312500,0.018913975
1.746375000,0.022572814
1.746437500,0.025533507
1.746500000,0.027578451
1.746562500,0.028726174
1.746625000,0.029219827
1.746687500,0.029424982
1.746750000,0.029649187
1.746812500,0.030009482
1.746875000,0.030420385
1.746937500,0.030718680
1.747000000,0.030778680
1.747062500,0.030613739
1.747125000,0.030402912
1.747187500,0.030442441
1.747250000,0.030966930
1.747312500,0.031997316
1.747375000,0.033303551
1.747437500,0.034521095
1.747500000,0.035296652
1.747562500,0.035447970
1.747625000,0.035035066
1.747687500,0.034359574
1.747750000,0.033790659
1.747812500,0.033582401
1.747875000,0.033756137
1.747937500,0.034138348
1.748000000,0.034449533
1.748062500,0.034445588
1.748125000,0.034025181
1.748187500,0.033272319
1.748250000,0.032378796
1.748312500,0.031531446
1.748375000,0.030815648
1.748437500,0.030195428
1.748500000,0.029555064
1.748562500,0.028781291
1.748625000,0.027828606
1.748687500,0.026736230
1.748750000,0.025601838
1.748812500,0.024523046
1.748875000,0.023554333
1.748937500,0.022656411
1.749000000,0.021742739
1.749062500,0.020730091
1.749125000,0.019629437
1.749187500,0.018488308
1.749250000,0.017413015
1.749312500,0.016521201
1.749375000,0.015946837
1.749437500,0.015705224
1.749500000,0.015718777
1.749562500,0.015826616
1.749625000,0.015887614
1.749687500,0.015731514
1.749750000,0.015248154
1.749812500,0.014410216
1.749875000,0.013340448
1.749937500,0.012184647
1.750000000,0.011106680
1.750062500,0.010219688
1.750125000,0.009628166
1.750187500,0.009281517
1.750250000,0.009035943
1.750312500,0.008679899
1.750375000,0.008094291
1.750437500,0.007178192
1.750500000,0.005929837
1.750562500,0.004417351
1.750625000,0.002858453
1.750687500,0.001415429
1.750750000,0.000188249
1.750812500,-0.000848627
1.750875000,-0.001713276
1.750937500,-0.002523420
1.751000000,-0.003388479
1.751062500,-0.004392772
1.751125000,-0.005437926
1.751187500,-0.006405216
1.751250000,-0.007153455
1.751312500,-0.007610490
1.751375000,-0.007674772
1.751437500,-0.007368230
1.751500000,-0.006776957
1.751562500,-0.006054155
1.751625000,-0.005269515
1.751687500,-0.004514052
1.751750000,-0.003859101
1.751812500,-0.003390294
1.751875000,-0.003100003
1.751937500,-0.002986237
1.752000000,-0.003011981
1.752062500,-0.003129965
1.752125000,-0.003196790
1.752187500,-0.003093196
1.752250000,-0.002729608
1.752312500,-0.002101009
1.752375000,-0.001206498
1.752437500,-0.000126495
1.752500000,0.001035369
1.752562500,0.002171447
1.752625000,0.003259103
1.752687500,0.004307650
1.752750000,0.005365091
1.752812500,0.006481957
1.752875000,0.007705514
1.752937500,0.009019157
1.753000000,0.010353684
1.753062500,0.011612156
1.753125000,0.012714969
1.753187500,0.013629301
1.753250000,0.014401034
1.753312500,0.015156540
1.753375000,0.016026255
1.753437500,0.017097402
1.753500000,0.018354259
1.753562500,0.019679405
1.753625000,0.020838741
1.753687500,0.021604206
1.753750000,0.021836862
1.753812500,0.021574836
1.753875000,0.020954270
1.753937500,0.020213298
1.754000000,0.019577878
1.754062500,0.019206367
1.754125000,0.019054996
1.754187500,0.018984927
1.754250000,0.018824881
1.754312500,0.018493865
1.754375000,0.017966960
1.754437500,0.017339522
1.754500000,0.016754145
1.754562500,0.016351201
1.754625000,0.016110795
1.754687500,0.015905667
1.754750000,0.015530528
1.754812500,0.014822606
1.754875000,0.013630189
1.754937500,0.011943729
1.755000000,0.009883063
1.755062500,0.007702340
1.755125000,0.005591434
1.755187500,0.003696473
1.755250000,0.002070737
1.755312500,0.000724805
1.755375000,-0.000467298
1.755437500,-0.001644934
1.755500000,-0.002917857
1.755562500,-0.004283858
1.755625000,-0.005728086
1.755687500,-0.007183885
1.755750000,-0.008565322
1.755812500,-0.009766161
1.755875000,-0.010772982
1.755937500,-0.011650100
1.756000000,-0.012518546
1.756062500,-0.013486302
1.756125000,-0.014655727
1.756187500,-0.016074268
1.756250000,-0.017695390
1.756312500,-0.019363239
1.756375000,-0.020878021
1.756437500,-0.022077955
1.756500000,-0.022872232
1.756562500,-0.023252551
1.756625000,-0.023301538
1.756687500,-0.023181280
1.756750000,-0.023060480
1.756812500,-0.023058152
1.756875000,-0.023232926
1.756937500,-0.023629082
1.757000000,-0.024284096
1.757062500,-0.025237575
1.757125000,-0.026522741
1.757187500,-0.028164785
1.757250000,-0.030119810
1.757312500,-0.032248538
1.757375000,-0.034319475
1.757437500,-0.036109358
1.757500000,-0.037461512
1.757562500,-0.038340475
1.757625000,-0.038816374
1.757687500,-0.039042071
1.757750000,-0.039155755
1.757812500,-0.039211329
1.757875000,-0.039141234
1.757937500,-0.038814954
1.758000000,-0.038120385
1.758062500,-0.037050549
1.758125000,-0.035708915
1.758187500,-0.034279637
1.758250000,-0.032943543
1.758312500,-0.031804122
1.758375000,-0.030823378
1.758437500,-0.029849729
1.758500000,-0.028707944
1.758562500,-0.027309418
1.758625000,-0.025673538
1.758687500,-0.023918813
1.758750000,-0.022213360
1.758812500,-0.020713052
1.758875000,-0.019485591
1.758937500,-0.018483365
1.759000000,-0.017601265
1.759062500,-0.016748626
1.759125000,-0.015895940
1.759187500,-0.015041536
1.759250000,-0.014212786
1.759312500,-0.013439823
1.759375000,-0.012719638
1.759437500,-0.011974433
1.759500000,-0.011106680
1.759562500,-0.010058982
1.759625000,-0.008841485
1.759687500,-0.007499180
1.759750000,-0.006118086
1.759812500,-0.004796704
1.759875000,-0.003621888
1.759937500,-0.002580425
1.760000000,-0.001600115
1.760062500,-0.000583262
1.760125000,0.000514676
1.760187500,0.001746233
1.760250000,0.003106105
1.760312500,0.004533627
1.760375000,0.005891398
1.760437500,0.007113130
1.760500000,0.008188824
1.760562500,0.009173218
1.760625000,0.010128528
1.760687500,0.011182208
1.760750000,0.012424421
1.760812500,0.013854895
1.760875000,0.015337996
1.760937500,0.016709466
1.761000000,0.017789513
1.761062500,0.018438850
1.761125000,0.018571340
1.761187500,0.018243941
1.761250000,0.017601265
1.761312500,0.016830401
1.761375000,0.016087316
1.761437500,0.015524833
1.761500000,0.015248154
1.761562500,0.015306331
1.761625000,0.015671713
1.761687500,0.016285146
1.761750000,0.017036518
1.761812500,0.017771127
1.761875000,0.018317662
1.761937500,0.018557981
1.762000000,0.018448384
1.762062500,0.018025786
1.762125000,0.017398002
1.762187500,0.016713979
1.762250000,0.016095273
1.762312500,0.015581239
1.762375000,0.015142248
1.762437500,0.014707411
1.762500000,0.014212786
1.762562500,0.013634630
1.762625000,0.013043695
1.762687500,0.012565220
1.762750000,0.012330297
1.762812500,0.012398109
1.762875000,0.012768392
1.762937500,0.013335704
1.763000000,0.013930413
1.763062500,0.014348878
1.763125000,0.014478086
1.763187500,0.014266087
1.763250000,0.013742164
1.763312500,0.012962435
1.763375000,0.012065421
1.763437500,0.011146536
1.763500000,0.010259560
1.763562500,0.009374997
1.763625000,0.008533234
1.763687500,0.007747880
1.763750000,0.007059331
1.763812500,0.006488148
1.763875000,0.006165348
1.763937500,0.006162906
1.764000000,0.006494584
1.764062500,0.007047163
1.764125000,0.007744799
1.764187500,0.008448846
1.764250000,0.009035943
1.764312500,0.009380515
1.764375000,0.009536194
1.764437500,0.009577557
1.764500000,0.009600690
1.764562500,0.009622354
1.764625000,0.009730535
1.764687500,0.009923267
1.764750000,0.010165436
1.764812500,0.010359111
1.764875000,0.010541064
1.764937500,0.010742501
1.765000000,0.011012556
1.765062500,0.011335944
1.765125000,0.011773596
1.765187500,0.012310459
1.765250000,0.012895043
1.765312500,0.013408775
1.765375000,0.013854711
1.765437500,0.014253918
1.765500000,0.014683408
1.765562500,0.015201694
1.765625000,0.015980814
1.765687500,0.017119274
1.765750000,0.018636633
1.765812500,0.020396508
1.765875000,0.022306165
1.765937500,0.024210740
1.766000000,0.025978338
1.766062500,0.027468318
1.766125000,0.028734153
1.766187500,0.029845292
1.766250000,0.030872805
1.766312500,0.031781260
1.766375000,0.032599665
1.766437500,0.033304222
1.766500000,0.033884790
1.766562500,0.034309655
1.766625000,0.034708172
1.766687500,0.035199504
1.766750000,0.035861399
1.766812500,0.036618423
1.766875000,0.037412770
1.766937500,0.038108826
1.767000000,0.038591005
1.767062500,0.038758140
1.767125000,0.038714267
1.767187500,0.038589641
1.767250000,0.038496882
1.767312500,0.038407516
1.767375000,0.038306210
1.767437500,0.038103644
1.767500000,0.037743889
1.767562500,0.037207842
1.767625000,0.036684360
1.767687500,0.036374856
1.767750000,0.036426149
1.767812500,0.036797713
1.767875000,0.037417114
1.767937500,0.038117353
1.768000000,0.038779255
1.768062500,0.039365459
1.768125000,0.040066276
1.768187500,0.041086648
1.768250000,0.042544231
1.768312500,0.044326738
1.768375000,0.046196967
1.768437500,0.047778789
1.768500000,0.048756443
1.768562500,0.048990384
1.768625000,0.048667181
1.768687500,0.048103433
1.768750000,0.047626950
1.768812500,0.047397282
1.768875000,0.047423657
1.768937500,0.047491029
1.769000000,0.047344577
1.769062500,0.046828110
1.769125000,0.046041474
1.769187500,0.045191973
1.769250000,0.044520844
1.769312500,0.044158351
1.769375000,0.044108316
1.769437500,0.044160571
1.769500000,0.044050224
1.769562500,0.043597814
1.769625000,0.042836923
1.769687500,0.041911110
1.769750000,0.041038241
1.769812500,0.040407594
1.769875000,0.040111519
1.769937500,0.040043976
1.770000000,0.040002871
1.770062500,0.039798867
1.770125000,0.039341610
1.770187500,0.038587201
1.770250000,0.037555639
1.770312500,0.036296289
1.770375000,0.034848008
1.770437500,0.033158198
1.770500000,0.031155180
1.770562500,0.028816355
1.770625000,0.026217831
1.770687500,0.023464205
1.770750000,0.020707369
1.770812500,0.018113216
1.770875000,0.015830118
1.770937500,0.013866036
1.771000000,0.012142048
1.771062500,0.010533164
1.771125000,0.008968522
1.771187500,0.007351286
1.771250000,0.005647464
1.771312500,0.003888648
1.771375000,0.002214233
1.771437500,0.000692760
1.771500000,-0.000658871
1.771562500,-0.001905971
1.771625000,-0.003099249
1.771687500,-0.004392633
1.771750000,-0.005929837
1.771812500,-0.007806170
1.771875000,-0.009940181
1.771937500,-0.012224270
1.772000000,-0.014495159
1.772062500,-0.016603578
1.772125000,-0.018347632
1.772187500,-0.019671820
1.772250000,-0.020613244
1.772312500,-0.021307657
1.772375000,-0.021810237
1.772437500,-0.022220094
1.772500000,-0.022589857
1.772562500,-0.022954445
1.772625000,-0.023212673
1.772687500,-0.023336438
1.772750000,-0.023342853
1.772812500,-0.023338223
1.772875000,-0.023346497
1.772937500,-0.023437522
1.773000000,-0.023625227
1.773062500,-0.023886628
1.773125000,-0.024023658
1.773187500,-0.023877636
1.773250000,-0.023342853
1.773312500,-0.022453809
1.773375000,-0.021249278
1.773437500,-0.019868301
1.773500000,-0.018448384
1.773562500,-0.017103264
1.773625000,-0.015786355
1.773687500,-0.014413356
1.773750000,-0.012895043
1.773812500,-0.011230815
1.773875000,-0.009455496
1.773937500,-0.007699047
1.774000000,-0.006118086
1.774062500,-0.004854204
1.774125000,-0.003899183
1.774187500,-0.003133083
1.774250000,-0.002353110
1.774312500,-0.001377052
1.774375000,-0.000041279
1.774437500,0.001700954
1.774500000,0.003764976
1.774562500,0.005936062
1.774625000,0.007979915
1.774687500,0.009706059
1.774750000,0.011012556
1.774812500,0.011891667
1.774875000,0.012438891
1.774937500,0.012835667
1.775000000,0.013271542
1.775062500,0.013882352
1.775125000,0.014715629
1.775187500,0.015778899
1.775250000,0.017036518
1.775312500,0.018431911
1.775375000,0.019885985
1.775437500,0.021353152
1.775500000,0.022778107
1.775562500,0.024085646
1.775625000,0.025133705
1.775687500,0.025816612
1.775750000,0.026072461
1.775812500,0.025933186
1.775875000,0.025439564
1.775937500,0.024719099
1.776000000,0.023907598
1.776062500,0.023148296
1.776125000,0.022451878
1.776187500,0.021842828
1.776250000,0.021366240
1.776312500,0.021159397
1.776375000,0.021293163
1.776437500,0.021839652
1.776500000,0.022778107
1.776562500,0.024008321
1.776625000,0.025233505
1.776687500,0.026151320
1.776750000,0.026543085
1.776812500,0.026410984
1.776875000,0.025833406
1.776937500,0.025002588
1.777000000,0.024095848
1.777062500,0.023238977
1.777125000,0.022344651
1.777187500,0.021258935
1.777250000,0.019860249
1.777312500,0.018205818
1.777375000,0.016440067
1.777437500,0.014792154
1.777500000,0.013459790
1.777562500,0.012549205
1.777625000,0.011922346
1.777687500,0.011294134
1.777750000,0.010353684
1.777812500,0.008941989
1.777875000,0.007014145
1.777937500,0.004668490
1.778000000,0.002070737
1.778062500,-0.000602206
1.778125000,-0.003328603
1.778187500,-0.006216207
1.778250000,-0.009412440
1.778312500,-0.012959346
1.778375000,-0.016776809
1.778437500,-0.020653807
1.778500000,-0.024284096
1.778562500,-0.027337566
1.778625000,-0.029617632
1.778687500,-0.031137694
1.778750000,-0.032096423
1.778812500,-0.032776460
1.778875000,-0.033492230
1.778937500,-0.034490164
1.779000000,-0.035861399
1.779062500,-0.037493840
1.779125000,-0.039174095
1.779187500,-0.040669359
1.779250000,-0.041791238
1.779312500,-0.042422414
1.779375000,-0.042579602
1.779437500,-0.042403504
1.779500000,-0.042073611
1.779562500,-0.041706830
1.779625000,-0.041373111
1.779687500,-0.041094393
1.779750000,-0.040849991
1.779812500,-0.040579271
1.779875000,-0.040297300
1.779937500,-0.040093951
1.780000000,-0.040096994
1.780062500,-0.040369503
1.780125000,-0.040966261
1.780187500,-0.041839384
1.780250000,-0.042826608
1.780312500,-0.043627515
1.780375000,-0.044002477
1.780437500,-0.043780882
1.780500000,-0.042920731
1.780562500,-0.041458089
1.780625000,-0.039628629
1.780687500,-0.037691116
1.780750000,-0.035861399
1.780812500,-0.034186035
1.780875000,-0.032737784
1.780937500,-0.031507429
1.781000000,-0.030496309
1.781062500,-0.029672174
1.781125000,-0.029203165
1.781187500,-0.029190980
1.781250000,-0.029649187
1.781312500,-0.030369973
1.781375000,-0.031196924
1.781437500,-0.031868126
1.781500000,-0.032190546
1.781562500,-0.032040659
1.781625000,-0.031647407
1.781687500,-0.031272057
1.781750000,-0.031155180
1.781812500,-0.031318150
1.781875000,-0.031799134
1.781937500,-0.032432761
1.782000000,-0.033037666
1.782062500,-0.033437543
1.782125000,-0.033809245
1.782187500,-0.034360547
1.782250000,-0.035296652
1.782312500,-0.036601759
1.782375000,-0.038283221
1.782437500,-0.040109951
1.782500000,-0.041791238
1.782562500,-0.043003283
1.782625000,-0.043776069
1.782687500,-0.044216998
1.782750000,-0.044520844
1.782812500,-0.044772033
1.782875000,-0.045189280
1.782937500,-0.045807779
1.783000000,-0.046591584
1.783062500,-0.047383197
1.783125000,-0.048258193
1.783187500,-0.049222823
1.783250000,-0.050262433
1.783312500,-0.051209643
1.783375000,-0.052047111
1.783437500,-0.052665632
1.783500000,-0.052992042
1.783562500,-0.052945204
1.783625000,-0.052710697
1.783687500,-0.052458242
1.783750000,-0.052333172
1.783812500,-0.052312657
1.783875000,-0.052419938
1.783937500,-0.052534427
1.784000000,-0.052521419
1.784062500,-0.052239962
1.784125000,-0.051821828
1.784187500,-0.051455885
1.784250000,-0.051391926
1.784312500,-0.051782310
1.784375000,-0.052801367
1.784437500,-0.054384150
1.784500000,-0.056286395
1.784562500,-0.058090281
1.784625000,-0.059514735
1.784687500,-0.060335312
1.784750000,-0.060521994
1.784812500,-0.060196765
1.784875000,-0.059735823
1.784937500,-0.059462346
1.785000000,-0.059580751
1.785062500,-0.060059894
1.785125000,-0.060807995
1.785187500,-0.061570585
1.785250000,-0.062122110
1.785312500,-0.062330481
1.785375000,-0.062344827
1.785437500,-0.062345732
1.785500000,-0.062498607
1.785562500,-0.062812909
1.785625000,-0.063229799
1.785687500,-0.063477919
1.785750000,-0.063251607
1.785812500,-0.062316369
1.785875000,-0.060721621
1.785937500,-0.058624066
1.786000000,-0.056286395
1.786062500,-0.053947031
1.786125000,-0.051856853
1.786187500,-0.050055418
1.786250000,-0.048474070
1.786312500,-0.046988495
1.786375000,-0.045601841
1.786437500,-0.044299416
1.786500000,-0.043108981
1.786562500,-0.042045649
1.786625000,-0.041181315
1.786687500,-0.040448155
1.786750000,-0.039720498
1.786812500,-0.038841598
1.786875000,-0.037752099
1.786937500,-0.036362734
1.787000000,-0.034637783
1.787062500,-0.032595646
1.787125000,-0.030376753
1.787187500,-0.028073391
1.787250000,-0.025790086
1.787312500,-0.023632243
1.787375000,-0.021766279
1.787437500,-0.020233508
1.787500000,-0.019013131
1.787562500,-0.018020952
1.787625000,-0.017198227
1.787687500,-0.016367059
1.787750000,-0.015342278
1.787812500,-0.013978954
1.787875000,-0.012292670
1.787937500,-0.010317674
1.788000000,-0.008188824
1.788062500,-0.006122302
1.788125000,-0.004408940
1.788187500,-0.003183675
1.788250000,-0.002447235
1.788312500,-0.002069299
1.788375000,-0.001888222
1.788437500,-0.001639452
1.788500000,-0.001129493
1.788562500,-0.000320958
1.788625000,0.000625090
1.788687500,0.001537251
1.788750000,0.002258986
1.788812500,0.002706289
1.788875000,0.002909510
1.788937500,0.003080993
1.789000000,0.003482603
1.789062500,0.004295250
1.789125000,0.005567258
1.789187500,0.007258471
1.789250000,0.009224192
1.789312500,0.011241807
1.789375000,0.013109334
1.789437500,0.014734973
1.789500000,0.016095273
1.789562500,0.017171169
1.789625000,0.017947001
1.789687500,0.018433347
1.789750000,0.018636633
1.789812500,0.018542985
1.789875000,0.018206114
1.789937500,0.017766245
1.790000000,0.017413015
1.790062500,0.017300414
1.790125000,0.017590070
1.790187500,0.018381391
1.790250000,0.019672001
1.790312500,0.021298487
1.790375000,0.023072829
1.790437500,0.024768995
1.790500000,0.026166586
1.790562500,0.027046634
1.790625000,0.027367515
1.790687500,0.027220301
1.790750000,0.026825456
1.790812500,0.026421100
1.790875000,0.026329540
1.790937500,0.026763244
1.791000000,0.027766701
1.791062500,0.029134030
1.791125000,0.030640332
1.791187500,0.032028347
1.791250000,0.033131793
1.791312500,0.033856682
1.791375000,0.034369826
1.791437500,0.034867972
1.791500000,0.035484903
1.791562500,0.036128283
1.791625000,0.036678337
1.791687500,0.036923107
1.791750000,0.036708519
1.791812500,0.035961218
1.791875000,0.034928314
1.791937500,0.033942260
1.792000000,0.033320040
1.792062500,0.033147044
1.792125000,0.033473808
1.792187500,0.034157351
1.792250000,0.035014279
1.792312500,0.035831727
1.792375000,0.036700476
1.792437500,0.037744135
1.792500000,0.039061632
1.792562500,0.040519562
1.792625000,0.041998547
1.792687500,0.043226656
1.792750000,0.043956097
1.792812500,0.043987896
1.792875000,0.043524448
1.792937500,0.042888850
1.793000000,0.042450108
1.793062500,0.042367715
1.793125000,0.042820960
1.793187500,0.043747962
1.793250000,0.044991467
1.793312500,0.046286047
1.793375000,0.047672156
1.793437500,0.049200121
1.793500000,0.050921306
1.793562500,0.052679382
1.793625000,0.054414563
1.793687500,0.055908896
1.793750000,0.056945268
1.793812500,0.057284120
1.793875000,0.057075206
1.793937500,0.056529280
1.794000000,0.055909898
1.794062500,0.055316020
1.794125000,0.054984525
1.794187500,0.054984555
1.794250000,0.055345152
1.794312500,0.055981021
1.794375000,0.057071649
1.794437500,0.058690067
1.794500000,0.060804367
1.794562500,0.063103996
1.794625000,0.065374680
1.794687500,0.067289874
1.794750000,0.068616696
1.794812500,0.069197766
1.794875000,0.069302373
1.794937500,0.069236860
1.795000000,0.069275565
1.795062500,0.069428854
1.795125000,0.069749817
1.795187500,0.070108265
1.795250000,0.070405059
1.795312500,0.070569143
1.795375000,0.070920229
1.795437500,0.071747169
1.795500000,0.073228791
1.795562500,0.075185642
1.795625000,0.077404201
1.795687500,0.079431199
1.795750000,0.080852866
1.795812500,0.081361353
1.795875000,0.081179135
1.795937500,0.080659516
1.796000000,0.080193989
1.796062500,0.079907820
1.796125000,0.079926647
1.796187500,0.080071419
1.796250000,0.080099866
1.796312500,0.079753205
1.796375000,0.079229176
1.796437500,0.078781471
1.796500000,0.078688003
1.796562500,0.078968883
1.796625000,0.079685755
1.796687500,0.080585971
1.796750000,0.081323490
1.796812500,0.081488945
1.796875000,0.081102476
1.796937500,0.080259643
1.797000000,0.079158626
1.797062500,0.077865392
1.797125000,0.076620035
1.797187500,0.075437002
1.797250000,0.074264154
1.797312500,0.072935030
1.797375000,0.071642168
1.797437500,0.070526585
1.797500000,0.069746181
1.797562500,0.069270730
1.797625000,0.069254190
1.797687500,0.069599994
1.797750000,0.070122682
1.797812500,0.070483781
1.797875000,0.070701003
1.797937500,0.070751026
1.798000000,0.070687436
1.798062500,0.070460282
1.798125000,0.070317186
1.798187500,0.070309341
1.798250000,0.070405059
1.798312500,0.070364758
1.798375000,0.070265517
1.798437500,0.070077054
1.798500000,0.069840305
1.798562500,0.069520287
1.798625000,0.069463663
1.798687500,0.069835961
1.798750000,0.070687436
1.798812500,0.071750969
1.798875000,0.072975114
1.798937500,0.074086122
1.799000000,0.074828900
1.799062500,0.074889049
1.799125000,0.074467257
1.799187500,0.073743448
1.799250000,0.072946422
1.799312500,0.072095886
1.799375000,0.071495295
1.799437500,0.071191870
1.799500000,0.071158051
1.799562500,0.071163975
1.799625000,0.071381345
1.799687500,0.071845293
1.799750000,0.072569914
1.799812500,0.073329493
1.799875000,0.074221551
1.799937500,0.075157903
1.800000000,0.076052524
1.800062500,0.076678231
1.800125000,0.077248096
1.800187500,0.077863447
1.800250000,0.078593880
1.800312500,0.079243854
1.800375000,0.079910256
1.800437500,0.080502376
1.800500000,0.080946989
1.800562500,0.081066087
1.800625000,0.081154905
1.800687500,0.081427507
1.800750000,0.082076482
1.800812500,0.083015092
1.800875000,0.084396422
1.800937500,0.086115777
1.801000000,0.088006318
1.801062500,0.089731582
1.801125000,0.091379538
1.801187500,0.092959210
1.801250000,0.094500907
1.801312500,0.095842600
1.801375000,0.097127527
1.801437500,0.098323576
1.801500000,0.099395372
1.801562500,0.100183986
1.801625000,0.100935623
1.801687500,0.101791836
1.801750000,0.102877975
1.801812500,0.104092687
1.801875000,0.105581492
1.801937500,0.107261837
1.802000000,0.108996063
1.802062500,0.110487998
1.802125000,0.111816704
1.802187500,0.112975553
1.802250000,0.113984659
1.802312500,0.114706650
1.802375000,0.115304686
1.802437500,0.115767546
1.802500000,0.116055392
1.802562500,0.115977660
1.802625000,0.115695402
1.802687500,0.115259282
1.802750000,0.114737652
1.802812500,0.114056751
1.802875000,0.113450408
1.802937500,0.112979703
1.803000000,0.112666912
1.803062500,0.112356104
1.803125000,0.112189472
1.803187500,0.112130545
1.803250000,0.112102173
1.803312500,0.111853071
1.803375000,0.111427285
1.803437500,0.110721283
1.803500000,0.109654933
1.803562500,0.108066283
1.803625000,0.106178887
1.803687500,0.104117535
1.803750000,0.102030858
1.803812500,0.099934012
1.803875000,0.098131470
1.803937500,0.096717045
1.804000000,0.095724516
1.804062500,0.095004216
1.804125000,0.094683036
1.804187500,0.094662346
1.804250000,0.094783276
1.804312500,0.094723076
1.804375000,0.094501607
1.804437500,0.094022535
1.804500000,0.093277290
1.804562500,0.092219301
1.804625000,0.091198809
1.804687500,0.090352193
1.804750000,0.089700557
1.804812500,0.088993840
1.804875000,0.088237114
1.804937500,0.087245323
1.805000000,0.085935585
1.805062500,0.084265448
1.805125000,0.082696766
1.805187500,0.081531644
1.805250000,0.080946989
1.805312500,0.080765299
1.805375000,0.080924138
1.805437500,0.081040464
1.805500000,0.080758743
1.805562500,0.079783037
1.805625000,0.078390799
1.805687500,0.076839596
1.805750000,0.075393654
1.805812500,0.074061468
1.805875000,0.072984658
1.805937500,0.071966693
1.806000000,0.070781559
1.806062500,0.069200747
1.806125000,0.067516409
1.806187500,0.065981559
1.806250000,0.064851716
1.806312500,0.064128324
1.806375000,0.063934818
1.806437500,0.064051054
1.806500000,0.064192846
1.806562500,0.064028315
1.806625000,0.063708358
1.806687500,0.063363083
1.806750000,0.063157476
1.806812500,0.063052900
1.806875000,0.063179806
1.806937500,0.063377380
1.807000000,0.063439853
1.807062500,0.063113965
1.807125000,0.062587477
1.807187500,0.062009826
1.807250000,0.061557360
1.807312500,0.061223861
1.807375000,0.061153747
1.807437500,0.061208308
1.807500000,0.061180864
1.807562500,0.060791157
1.807625000,0.060138337
1.807687500,0.059286844
1.807750000,0.058357134
1.807812500,0.057365242
1.807875000,0.056520574
1.807937500,0.055828385
1.808000000,0.055251025
1.808062500,0.054671180
1.808125000,0.054244827
1.808187500,0.054019697
1.808250000,0.054027408
1.808312500,0.054178495
1.808375000,0.054545652
1.808437500,0.055050578
1.808500000,0.055627525
1.808562500,0.056193605
1.808625000,0.056925267
1.808687500,0.057893850
1.808750000,0.059110127
1.808812500,0.060413446
1.808875000,0.061731588
1.808937500,0.062837541
1.809000000,0.063533977
1.809062500,0.063663788
1.809125000,0.063373603
1.809187500,0.062786981
1.809250000,0.062027987
1.809312500,0.061098356
1.809375000,0.060095869
1.809437500,0.058971949
1.809500000,0.057698261
1.809562500,0.056266591
1.809625000,0.054930832
1.809687500,0.053867519
1.809750000,0.053180292
1.809812500,0.052768573
1.809875000,0.052548781
1.809937500,0.052242018
1.810000000,0.051580172
1.810062500,0.050360870
1.810125000,0.048717443
1.810187500,0.046824101
1.810250000,0.044897340
1.810312500,0.043044489
1.810375000,0.041404668
1.810437500,0.039902605
1.810500000,0.038402759
1.810562500,0.036758814
1.810625000,0.035068668
1.810687500,0.033454496
1.810750000,0.032096423
1.810812500,0.031111628
1.810875000,0.030650629
1.810937500,0.030638626
1.811000000,0.030872805
1.811062500,0.031048579
1.811125000,0.031021895
1.811187500,0.030654823
1.811250000,0.029931562
1.811312500,0.028908513
1.811375000,0.027843755
1.811437500,0.026898095
1.811500000,0.026166586
1.811562500,0.025615567
1.811625000,0.025286645
1.811687500,0.025089342
1.811750000,0.024942968
1.811812500,0.024770938
1.811875000,0.024693914
1.811937500,0.024750821
1.812000000,0.024942968
1.812062500,0.025161626
1.812125000,0.025369873
1.812187500,0.025406316
1.812250000,0.025131216
1.812312500,0.024453137
1.812375000,0.023513401
1.812437500,0.022458749
1.812500000,0.021460366
1.812562500,0.020538809
1.812625000,0.019895405
1.812687500,0.019522248
1.812750000,0.019295502
1.812812500,0.018900044
1.812875000,0.018248485
1.812937500,0.017256200
1.813000000,0.016001150
1.813062500,0.014632255
1.813125000,0.013578851
1.813187500,0.013113781
1.813250000,0.013271542
1.813312500,0.013708189
1.813375000,0.014056628
1.813437500,0.013920158
1.813500000,0.013177417
1.813562500,0.012018422
1.813625000,0.011046479
1.813687500,0.010762515
1.813750000,0.011294928
1.813812500,0.012199836
1.813875000,0.012831029
1.813937500,0.012581993
1.814000000,0.011389053
1.814062500,0.009853028
1.814125000,0.009122732
1.814187500,0.010095818
1.814250000,0.012800919
1.814312500,0.016089531
1.814375000,0.018149564
1.814437500,0.017315051
1.814500000,0.013177417
1.814562500,0.007159852
1.814625000,0.002350043
1.814687500,0.002223623
1.814750000,0.009130068
1.814812500,0.023046268
1.814875000,0.041411590
1.814937500,0.059892278
1.815000000,0.074075907
1.815062500,0.081136651
1.815125000,0.080866866
1.815187500,0.075410165
1.815250000,0.068146072
1.815312500,0.062151056
1.815375000,0.059074819
1.815437500,0.058717150
1.815500000,0.059580751
1.815562500,0.059881244
1.815625000,0.058516715
1.815687500,0.055441320
1.815750000,0.051486049
1.815812500,0.047756437
1.815875000,0.045023762
1.815937500,0.043380179
1.816000000,0.042355984
1.816062500,0.041304696
1.816125000,0.039790474
1.816187500,0.037759885
1.816250000,0.035484903
1.816312500,0.033338495
1.816375000,0.031529617
1.816437500,0.030002274
1.816500000,0.028519696
1.816562500,0.026857596
1.816625000,0.024913875
1.816687500,0.022765044
1.816750000,0.020613244
1.816812500,0.018697752
1.816875000,0.017132847
1.816937500,0.015895125
1.817000000,0.014871657
1.817062500,0.013969960
1.817125000,0.013095905
1.817187500,0.012204712
1.817250000,0.011294928
1.817312500,0.010428048
1.817375000,0.009596708
1.817437500,0.008771834
1.817500000,0.007906451
1.817562500,0.006958878
1.817625000,0.005946415
1.817687500,0.004800447
1.817750000,0.003482603
1.817812500,0.002030606
1.817875000,0.000588979
1.817937500,-0.000765303
1.818000000,-0.001976613
1.818062500,-0.003010304
1.818125000,-0.003852566
1.818187500,-0.004620533
1.818250000,-0.005459215
1.818312500,-0.006465723
1.818375000,-0.007645647
1.818437500,-0.008994530
1.818500000,-0.010447809
1.818562500,-0.011881964
1.818625000,-0.013165962
1.818687500,-0.014272484
1.818750000,-0.015248154
1.818812500,-0.016170602
1.818875000,-0.017140450
1.818937500,-0.018283540
1.819000000,-0.019672001
1.819062500,-0.021268625
1.819125000,-0.022977304
1.819187500,-0.024700586
1.819250000,-0.026354834
1.819312500,-0.027866008
1.819375000,-0.029244849
1.819437500,-0.030565109
1.819500000,-0.031908173
1.819562500,-0.033281390
1.819625000,-0.034659870
1.819687500,-0.035965536
1.819750000,-0.037085015
1.819812500,-0.037878942
1.819875000,-0.038289219
1.819937500,-0.038338415
1.820000000,-0.038120385
1.820062500,-0.037736084
1.820125000,-0.037335157
1.820187500,-0.037035897
1.820250000,-0.036896769
1.820312500,-0.036867097
1.820375000,-0.036889829
1.820437500,-0.036869243
1.820500000,-0.036708519
1.820562500,-0.036295421
1.820625000,-0.035640758
1.820687500,-0.034801792
1.820750000,-0.033884790
1.820812500,-0.032968950
1.820875000,-0.032204762
1.820937500,-0.031683460
1.821000000,-0.031437553
1.821062500,-0.031385262
1.821125000,-0.031488877
1.821187500,-0.031659912
1.821250000,-0.031814050
1.821312500,-0.031838544
1.821375000,-0.031774882
1.821437500,-0.031676635
1.821500000,-0.031625804
1.821562500,-0.031636145
1.821625000,-0.031798512
1.821687500,-0.032084346
1.821750000,-0.032378796
1.821812500,-0.032437298
1.821875000,-0.032159641
1.821937500,-0.031465881
1.822000000,-0.030402184
1.822062500,-0.029075027
1.822125000,-0.027833618
1.822187500,-0.026961466
1.822250000,-0.026637208
1.822312500,-0.026792714
1.822375000,-0.027356096
1.822437500,-0.028079025
1.822500000,-0.028707944
1.822562500,-0.029010737
1.822625000,-0.029067285
1.822687500,-0.029022727
1.822750000,-0.029084442
1.822812500,-0.029355565
1.822875000,-0.029989678
1.822937500,-0.030930212
1.823000000,-0.032002300
1.823062500,-0.032914624
1.823125000,-0.033569340
1.823187500,-0.033904254
1.823250000,-0.033978913
1.823312500,-0.033880822
1.823375000,-0.033873498
1.823437500,-0.034109980
1.823500000,-0.034637783
1.823562500,-0.035327714
1.823625000,-0.036108900
1.823687500,-0.036845248
1.823750000,-0.037461512
1.823812500,-0.037924051
1.823875000,-0.038406961
1.823937500,-0.039044458
1.824000000,-0.039908748
1.824062500,-0.040912002
1.824125000,-0.041972954
1.824187500,-0.042909186
1.824250000,-0.043579601
1.824312500,-0.043913748
1.824375000,-0.044065475
1.824437500,-0.044195190
1.824500000,-0.044426721
1.824562500,-0.044735398
1.824625000,-0.045055296
1.824687500,-0.045195047
1.824750000,-0.044991467
1.824812500,-0.044381242
1.824875000,-0.043536007
1.824937500,-0.042690698
1.825000000,-0.042073611
1.825062500,-0.041773006
1.825125000,-0.041777909
1.825187500,-0.041893441
1.825250000,-0.041885361
1.825312500,-0.041575998
1.825375000,-0.041003712
1.825437500,-0.040294804
1.825500000,-0.039626375
1.825562500,-0.039104167
1.825625000,-0.038791839
1.825687500,-0.038582996
1.825750000,-0.038308635
1.825812500,-0.037802801
1.825875000,-0.037064262
1.825937500,-0.036135126
1.826000000,-0.035108406
1.826062500,-0.034046166
1.826125000,-0.033024520
1.826187500,-0.031996101
1.826250000,-0.030872805
1.826312500,-0.029560849
1.826375000,-0.028099610
1.826437500,-0.026533794
1.826500000,-0.024942968
1.826562500,-0.023384281
1.826625000,-0.021962410
1.826687500,-0.020675076
1.826750000,-0.019483753
1.826812500,-0.018323561
1.826875000,-0.017225787
1.826937500,-0.016173299
1.827000000,-0.015154029
1.827062500,-0.014137529
1.827125000,-0.013161968
1.827187500,-0.012193115
1.827250000,-0.011200804
1.827312500,-0.010164166
1.827375000,-0.009175058
1.827437500,-0.008281285
1.827500000,-0.007529953
1.827562500,-0.006982363
1.827625000,-0.006647875
1.827687500,-0.006450613
1.827750000,-0.006306335
1.827812500,-0.006208299
1.827875000,-0.006172100
1.827937500,-0.006185179
1.828000000,-0.006212211
1.828062500,-0.006225208
1.828125000,-0.006135942
1.828187500,-0.005829697
1.828250000,-0.005270967
1.828312500,-0.004598155
1.828375000,-0.004001816
1.828437500,-0.003622433
1.828500000,-0.003482603
1.828562500,-0.003506274
1.828625000,-0.003471603
1.828687500,-0.003161347
1.828750000,-0.002541359
1.828812500,-0.001882009
1.828875000,-0.001522345
1.828937500,-0.001679750
1.829000000,-0.002258986
1.829062500,-0.002873754
1.829125000,-0.002871226
1.829187500,-0.001750485
1.829250000,0.000470622
1.829312500,0.003049680
1.829375000,0.004918660
1.829437500,0.005138394
1.829500000,0.003482603
1.829562500,0.000689146
1.829625000,-0.001524817
1.829687500,-0.001181398
1.829750000,0.003106105
1.829812500,0.011383364
1.829875000,0.022349423
1.829937500,0.033720035
1.830000000,0.043108981
1.830062500,0.048868578
1.830125000,0.050774790
1.830187500,0.049874779
1.830250000,0.047909327
1.830312500,0.046447825
1.830375000,0.046409603
1.830437500,0.047764488
1.830500000,0.049791813
1.830562500,0.051532250
1.830625000,0.052425522
1.830687500,0.052452233
1.830750000,0.052050799
1.830812500,0.051750578
1.830875000,0.051996004
1.830937500,0.052885327
1.831000000,0.054215658
1.831062500,0.055597231
1.831125000,0.056808162
1.831187500,0.057791810
1.831250000,0.058639508
1.831312500,0.059409995
1.831375000,0.060190160
1.831437500,0.060942430
1.831500000,0.061557360
1.831562500,0.061858661
1.831625000,0.061854359
1.831687500,0.061621517
1.831750000,0.061274990
1.831812500,0.060818437
1.831875000,0.060305066
1.831937500,0.059696272
1.832000000,0.058921877
1.832062500,0.057842609
1.832125000,0.056517694
1.832187500,0.055043858
1.832250000,0.053556789
1.832312500,0.052097131
1.832375000,0.050832178
1.832437500,0.049859520
1.832500000,0.049227066
1.832562500,0.048805241
1.832625000,0.048639171
1.832687500,0.048634343
1.832750000,0.048662320
1.832812500,0.048471052
1.832875000,0.048094135
1.832937500,0.047535785
1.833000000,0.046873957
1.833062500,0.046120003
1.833125000,0.045562729
1.833187500,0.045354381
1.833250000,0.045556214
1.833312500,0.045988452
1.833375000,0.046648294
1.833437500,0.047391701
1.833500000,0.048097573
1.833562500,0.048585068
1.833625000,0.049037088
1.833687500,0.049586013
1.833750000,0.050356556
1.833812500,0.051270977
1.833875000,0.052434213
1.833937500,0.053746980
1.834000000,0.055062778
1.834062500,0.056115091
1.834125000,0.057004541
1.834187500,0.057802353
1.834250000,0.058639508
1.834312500,0.059512850
1.834375000,0.060671728
1.834437500,0.062158000
1.834500000,0.063910469
1.834562500,0.065641820
1.834625000,0.067332782
1.834687500,0.068856299
1.834750000,0.070122682
1.834812500,0.070954025
1.834875000,0.071520001
1.834937500,0.071924709
1.835000000,0.072287545
1.835062500,0.072575480
1.835125000,0.072997548
1.835187500,0.073600292
1.835250000,0.074358284
1.835312500,0.075051337
1.835375000,0.075711727
1.835437500,0.076294176
1.835500000,0.076805517
1.835562500,0.077177092
1.835625000,0.077629410
1.835687500,0.078256264
1.835750000,0.079064503
1.835812500,0.079827935
1.835875000,0.080497988
1.835937500,0.080927536
1.836000000,0.081041120
1.836062500,0.080765545
1.836125000,0.080384031
1.836187500,0.080131494
1.836250000,0.080193989
1.836312500,0.080522031
1.836375000,0.081166327
1.836437500,0.081986561
1.836500000,0.082829475
1.836562500,0.083499610
1.836625000,0.084139310
1.836687500,0.084856272
1.836750000,0.085747339
1.836812500,0.086720489
1.836875000,0.087796085
1.836937500,0.088793881
1.837000000,0.089512311
1.837062500,0.089722417
1.837125000,0.089551620
1.837187500,0.089135669
1.837250000,0.088665195
1.837312500,0.088212401
1.837375000,0.087971479
1.837437500,0.087890513
1.837500000,0.087818071
1.837562500,0.087502174
1.837625000,0.086951755
1.837687500,0.086152829
1.837750000,0.085182585
1.837812500,0.084107272
1.837875000,0.083177254
1.837937500,0.082452849
1.838000000,0.081888236
1.838062500,0.081288084
1.838125000,0.080601878
1.838187500,0.079672202
1.838250000,0.078405634
1.838312500,0.076750182
1.838375000,0.074943721
1.838437500,0.073153667
1.838500000,0.071534552
1.838562500,0.070115209
1.838625000,0.069026954
1.838687500,0.068174802
1.838750000,0.067393072
1.838812500,0.066449225
1.838875000,0.065350033
1.838937500,0.064054273
1.839000000,0.062592737
1.839062500,0.060987968
1.839125000,0.059461318
1.839187500,0.058060717
1.839250000,0.056757014
1.839312500,0.055394962
1.839375000,0.053988673
1.839437500,0.052426949
1.839500000,0.050638933
1.839562500,0.048555542
1.839625000,0.046373967
1.839687500,0.044168118
1.839750000,0.041979488
1.839812500,0.039734628
1.839875000,0.037524849
1.839937500,0.035280392
1.840000000,0.032943543
1.840062500,0.030447125
1.840125000,0.028002316
1.840187500,0.025724206
1.840250000,0.023719350
1.840312500,0.021987652
1.840375000,0.020676127
1.840437500,0.019741613
1.840500000,0.019107254
1.840562500,0.018635299
1.840625000,0.018428089
1.840687500,0.018472182
1.840750000,0.018730756
1.840812500,0.019047013
1.840875000,0.019426446
1.840937500,0.019715266
1.841000000,0.019766126
1.841062500,0.019418236
1.841125000,0.018815367
1.841187500,0.018067136
1.841250000,0.017318891
1.841312500,0.016624840
1.841375000,0.016189555
1.841437500,0.016030239
1.841500000,0.016095273
1.841562500,0.016224295
1.841625000,0.016455164
1.841687500,0.016737904
1.841750000,0.017036518
1.841812500,0.017252216
1.841875000,0.017480247
1.841937500,0.017721828
1.842000000,0.017977761
1.842062500,0.018177453
1.842125000,0.018433100
1.842187500,0.018752214
1.842250000,0.019107254
1.842312500,0.019359104
1.842375000,0.019534543
1.842437500,0.019602459
1.842500000,0.019577878
1.842562500,0.019457046
1.842625000,0.019451160
1.842687500,0.019710125
1.842750000,0.020330872
1.842812500,0.021238144
1.842875000,0.022423796
1.842937500,0.023765884
1.843000000,0.025131216
1.843062500,0.026344290
1.843125000,0.027446100
1.843187500,0.028490981
1.843250000,0.029555064
1.843312500,0.030606952
1.843375000,0.031713597
1.843437500,0.032834262
1.843500000,0.033884790
1.843562500,0.034687541
1.843625000,0.035251673
1.843687500,0.035590600
1.843750000,0.035767276
1.843812500,0.035784267
1.843875000,0.035796359
1.843937500,0.035877671
1.844000000,0.036049645
1.844062500,0.036202367
1.844125000,0.036364313
1.844187500,0.036545038
1.844250000,0.036802646
1.844312500,0.037159782
1.844375000,0.037788946
1.844437500,0.038772553
1.844500000,0.040096994
1.844562500,0.041566771
1.844625000,0.043050133
1.844687500,0.044377390
1.844750000,0.045462091
1.844812500,0.046270631
1.844875000,0.047016140
1.844937500,0.047897372
1.845000000,0.049038816
1.845062500,0.050337750
1.845125000,0.051687978
1.845187500,0.052858245
1.845250000,0.053650912
1.845312500,0.053916547
1.845375000,0.053835087
1.845437500,0.053659264
1.845500000,0.053650912
1.845562500,0.053874187
1.845625000,0.054395445
1.845687500,0.055077035
1.845750000,0.055721652
1.845812500,0.056085613
1.845875000,0.056236807
1.845937500,0.056304876
1.846000000,0.056474645
1.846062500,0.056785248
1.846125000,0.057357371
1.846187500,0.058101285
1.846250000,0.058827754
1.846312500,0.059220448
1.846375000,0.059223849
1.846437500,0.058797415
1.846500000,0.057980634
1.846562500,0.056754548
1.846625000,0.055315755
1.846687500,0.053776667
1.846750000,0.052239046
1.846812500,0.050699834
1.846875000,0.049364824
1.846937500,0.048348654
1.847000000,0.047721073
1.847062500,0.047383998
1.847125000,0.047389273
1.847187500,0.047676831
1.847250000,0.048191696
1.847312500,0.048804816
1.847375000,0.049640488
1.847437500,0.050730031
1.847500000,0.052050799
1.847562500,0.053390961
1.847625000,0.054701876
1.847687500,0.055827104
1.847750000,0.056662891
1.847812500,0.057098638
1.847875000,0.057372071
1.847937500,0.057675030
1.848000000,0.058168884
1.848062500,0.058805693
1.848125000,0.059659593
1.848187500,0.060619533
1.848250000,0.061557360
1.848312500,0.062283989
1.848375000,0.062933378
1.848437500,0.063582577
1.848500000,0.064286970
1.848562500,0.064912498
1.848625000,0.065483026
1.848687500,0.065872170
1.848750000,0.065981209
1.848812500,0.065696254
1.848875000,0.065259196
1.848937500,0.064862683
1.849000000,0.064663462
1.849062500,0.064594343
1.849125000,0.064695261
1.849187500,0.064805314
1.849250000,0.064757593
1.849312500,0.064365938
1.849375000,0.063812114
1.849437500,0.063281238
1.849500000,0.062969230
1.849562500,0.062884539
1.849625000,0.063121088
1.849687500,0.063555628
1.849750000,0.064004600
1.849812500,0.064213455
1.849875000,0.064241603
1.849937500,0.064161159
1.850000000,0.064098723
1.850062500,0.064065024
1.850125000,0.064214982
1.850187500,0.064512759
1.850250000,0.064851716
1.850312500,0.065014146
1.850375000,0.065048695
1.850437500,0.064971007
1.850500000,0.064851716
1.850562500,0.064684786
1.850625000,0.064658947
1.850687500,0.064795829
1.850750000,0.065039963
1.850812500,0.065185100
1.850875000,0.065233640
1.850937500,0.065102473
1.851000000,0.064757593
1.851062500,0.064132184
1.851125000,0.063446179
1.851187500,0.062832102
1.851250000,0.062404484
1.851312500,0.062131070
1.851375000,0.062146466
1.851437500,0.062399354
1.851500000,0.062780984
1.851562500,0.063066408
1.851625000,0.063272841
1.851687500,0.063341312
1.851750000,0.063251607
1.851812500,0.062925652
1.851875000,0.062525749
1.851937500,0.062095486
1.852000000,0.061651487
1.852062500,0.061102103
1.852125000,0.060540274
1.852187500,0.059944969
1.852250000,0.059298374
1.852312500,0.058524694
1.852375000,0.057760607
1.852437500,0.057039946
1.852500000,0.056380518
1.852562500,0.055708013
1.852625000,0.055112928
1.852687500,0.054564539
1.852750000,0.054027408
1.852812500,0.053411141
1.852875000,0.052833986
1.852937500,0.052315511
1.853000000,0.051862549
1.853062500,0.051393859
1.853125000,0.051006328
1.853187500,0.050690699
1.853250000,0.050450683
1.853312500,0.050242536
1.853375000,0.050220337
1.853437500,0.050401088
1.853500000,0.050733056
1.853562500,0.051024791
1.853625000,0.051230319
1.853687500,0.051215276
1.853750000,0.050921306
1.853812500,0.050337233
1.853875000,0.049719475
1.853937500,0.049231008
1.854000000,0.048944689
1.854062500,0.048720121
1.854125000,0.048463278
1.854187500,0.047916856
1.854250000,0.046873957
1.854312500,0.045211546
1.854375000,0.043175533
1.854437500,0.041033570
1.854500000,0.039061632
1.854562500,0.037367385
1.854625000,0.036078263
1.854687500,0.035074040
1.854750000,0.034167159
1.854812500,0.033145830
1.854875000,0.032089196
1.854937500,0.031093862
1.855000000,0.030308058
1.855062500,0.029788809
1.855125000,0.029664401
1.855187500,0.029857839
1.855250000,0.030213933
1.855312500,0.030514775
1.855375000,0.030750023
1.855437500,0.030893397
1.855500000,0.030966930
1.855562500,0.030948542
1.855625000,0.030936856
1.855687500,0.030901397
1.855750000,0.030778680
1.855812500,0.030456584
1.855875000,0.030006249
1.855937500,0.029463347
1.856000000,0.028896192
1.856062500,0.028334005
1.856125000,0.027934978
1.856187500,0.027743787
1.856250000,0.027766701
1.856312500,0.027931815
1.856375000,0.028282601
1.856437500,0.028757844
1.856500000,0.029272690
1.856562500,0.029687220
1.856625000,0.029997228
1.856687500,0.030146396
1.856750000,0.030119810
1.856812500,0.029913589
1.856875000,0.029683596
1.856937500,0.029515909
1.857000000,0.029460939
1.857062500,0.029477812
1.857125000,0.029568464
1.857187500,0.029631158
1.857250000,0.029555064
1.857312500,0.029231329
1.857375000,0.028691033
1.857437500,0.027962975
1.857500000,0.027107829
1.857562500,0.026174404
1.857625000,0.025279827
1.857687500,0.024479326
1.857750000,0.023813475
1.857812500,0.023295268
1.857875000,0.022991307
1.857937500,0.022896660
1.858000000,0.022966355
1.858062500,0.023101147
1.858125000,0.023232676
1.858187500,0.023246318
1.858250000,0.023060480
1.858312500,0.022645433
1.858375000,0.022090599
1.858437500,0.021480080
1.858500000,0.020895619
1.858562500,0.020374833
1.858625000,0.019947371
1.858687500,0.019552140
1.858750000,0.019107254
1.858812500,0.018549256
1.858875000,0.017898146
1.858937500,0.017185176
1.859000000,0.016471772
1.859062500,0.015821045
1.859125000,0.015306593
1.859187500,0.014915508
1.859250000,0.014589284
1.859312500,0.014248037
1.859375000,0.013850670
1.859437500,0.013342160
1.859500000,0.012706795
1.859562500,0.011974061
1.859625000,0.011231923
1.859687500,0.010527940
1.859750000,0.009883063
1.859812500,0.009286220
1.859875000,0.008724631
1.859937500,0.008129037
1.860000000,0.007435828
1.860062500,0.006616515
1.860125000,0.005702733
1.860187500,0.004713354
1.860250000,0.003670852
1.860312500,0.002600143
1.860375000,0.001539928
1.860437500,0.000504873
1.860500000,-0.000470622
1.860562500,-0.001316703
1.860625000,-0.001947497
1.860687500,-0.002340009
1.860750000,-0.002541359
1.860812500,-0.002665193
1.860875000,-0.002859434
1.860937500,-0.003290438
1.861000000,-0.004047350
1.861062500,-0.005087608
1.861125000,-0.006238160
1.861187500,-0.007296961
1.861250000,-0.008094699
1.861312500,-0.008561213
1.861375000,-0.008740393
1.861437500,-0.008801885
1.861500000,-0.008941819
1.861562500,-0.009291831
1.861625000,-0.009854589
1.861687500,-0.010541139
1.861750000,-0.011200804
1.861812500,-0.011685678
1.861875000,-0.011917086
1.861937500,-0.011935181
1.862000000,-0.011859675
1.862062500,-0.011822448
1.862125000,-0.011914605
1.862187500,-0.012164073
1.862250000,-0.012518546
1.862312500,-0.012869323
1.862375000,-0.013102453
1.862437500,-0.013165478
1.862500000,-0.013083293
1.862562500,-0.012948853
1.862625000,-0.012883764
1.862687500,-0.013004197
1.862750000,-0.013365666
1.862812500,-0.013937704
1.862875000,-0.014604299
1.862937500,-0.015213235
1.863000000,-0.015624652
1.863062500,-0.015760744
1.863125000,-0.015616697
1.863187500,-0.015256673
1.863250000,-0.014777532
1.863312500,-0.014274854
1.863375000,-0.013781569
1.863437500,-0.013276419
1.863500000,-0.012706795
1.863562500,-0.012044060
1.863625000,-0.011274019
1.863687500,-0.010432984
1.863750000,-0.009600690
1.863812500,-0.008898357
1.863875000,-0.008414456
1.863937500,-0.008203213
1.864000000,-0.008282948
1.864062500,-0.008660461
1.864125000,-0.009282673
1.864187500,-0.010050313
1.864250000,-0.010824307
1.864312500,-0.011463637
1.864375000,-0.011808047
1.864437500,-0.011733376
1.864500000,-0.011200804
1.864562500,-0.010301612
1.864625000,-0.009186826
1.864687500,-0.008028547
1.864750000,-0.006965206
1.864812500,-0.006080882
1.864875000,-0.005349109
1.864937500,-0.004673559
1.865000000,-0.003953225
1.865062500,-0.003158821
1.865125000,-0.002302198
1.865187500,-0.001425015
1.865250000,-0.000564746
1.865312500,0.000258263
1.865375000,0.001105590
1.865437500,0.002085861
1.865500000,0.003294354
1.865562500,0.004741019
1.865625000,0.006363997
1.865687500,0.008055105
1.865750000,0.009694814
1.865812500,0.011185260
1.865875000,0.012504987
1.865937500,0.013708798
1.866000000,0.014871657
1.866062500,0.016022516
1.866125000,0.017131260
1.866187500,0.018125949
1.866250000,0.018919006
1.866312500,0.019443687
1.866375000,0.019707914
1.866437500,0.019802326
1.866500000,0.019860249
1.866562500,0.019994544
1.866625000,0.020277673
1.866687500,0.020720456
1.866750000,0.021272115
1.866812500,0.021833850
1.866875000,0.022308806
1.866937500,0.022633428
1.867000000,0.022778107
1.867062500,0.022737904
1.867125000,0.022543348
1.867187500,0.022271119
1.867250000,0.022025112
1.867312500,0.021905476
1.867375000,0.021997258
1.867437500,0.022335162
1.867500000,0.022872232
1.867562500,0.023464212
1.867625000,0.023934396
1.867687500,0.024115384
1.867750000,0.023907598
1.867812500,0.023295477
1.867875000,0.022396928
1.867937500,0.021384910
1.868000000,0.020424996
1.868062500,0.019586315
1.868125000,0.018889464
1.868187500,0.018262766
1.868250000,0.017601265
1.868312500,0.016787013
1.868375000,0.015835935
1.868437500,0.014814672
1.868500000,0.013836288
1.868562500,0.012973492
1.868625000,0.012345484
1.868687500,0.011982472
1.868750000,0.011859675
1.868812500,0.011868587
1.868875000,0.011995238
1.868937500,0.012193863
1.869000000,0.012424421
1.869062500,0.012585367
1.869125000,0.012690777
1.869187500,0.012709119
1.869250000,0.012612671
1.869312500,0.012320378
1.869375000,0.011913702
1.869437500,0.011453448
1.869500000,0.011012556
1.869562500,0.010582634
1.869625000,0.010286603
1.869687500,0.010172272
1.869750000,0.010259560
1.869812500,0.010465345
1.869875000,0.010840389
1.869937500,0.011374500
1.870000000,0.012047924
1.870062500,0.012753389
1.870125000,0.013537682
1.870187500,0.014399889
1.870250000,0.015342278
1.870312500,0.016284894
1.870375000,0.017302025
1.870437500,0.018403284
1.870500000,0.019577878
1.870562500,0.020710707
1.870625000,0.021819759
1.870687500,0.022866080
1.870750000,0.023813475
1.870812500,0.024563154
1.870875000,0.025196493
1.870937500,0.025789719
1.871000000,0.026448958
1.871062500,0.027211027
1.871125000,0.028231259
1.871187500,0.029577922
1.871250000,0.031249303
1.871312500,0.033101156
1.871375000,0.035062395
1.871437500,0.037016448
1.871500000,0.038873378
1.871562500,0.040530622
1.871625000,0.042049434
1.871687500,0.043487925
1.871750000,0.044897340
1.871812500,0.046240762
1.871875000,0.047517527
1.871937500,0.048661210
1.872000000,0.049603563
1.872062500,0.050274555
1.872125000,0.050727375
1.872187500,0.051037792
1.872250000,0.051297802
1.872312500,0.051549152
1.872375000,0.051848430
1.872437500,0.052185088
1.872500000,0.052521419
1.872562500,0.052856881
1.872625000,0.053125221
1.872687500,0.053271234
1.872750000,0.053274415
1.872812500,0.053216271
1.872875000,0.053159740
1.872937500,0.053169079
1.873000000,0.053274415
1.873062500,0.053497232
1.873125000,0.053741142
1.873187500,0.053880930
1.873250000,0.053839162
1.873312500,0.053677469
1.873375000,0.053475186
1.873437500,0.053270705
1.873500000,0.052992042
1.873562500,0.052484360
1.873625000,0.051508781
1.873687500,0.049916096
1.873750000,0.047815196
1.873812500,0.045630641
1.873875000,0.043856315
1.873937500,0.042742971
1.874000000,0.042073611
1.874062500,0.041189086
1.874125000,0.039236374
1.874187500,0.035654981
1.874250000,0.030684557
1.874312500,0.025514998
1.874375000,0.021823408
1.874437500,0.020904081
1.874500000,0.022872232
1.874562500,0.026304759
1.874625000,0.028538121
1.874687500,0.026633723
1.874750000,0.018730756
1.874812500,0.005050760
1.874875000,-0.012020386
1.874937500,-0.028822919
1.875000000,-0.041791238
1.875062500,-0.048788436
1.875125000,-0.049853217
1.875187500,-0.047018729
1.875250000,-0.043203104
1.875312500,-0.040856387
1.875375000,-0.041030675
1.875437500,-0.043272875
1.875500000,-0.046120960
1.875562500,-0.048002768
1.875625000,-0.048044834
1.875687500,-0.046465691
1.875750000,-0.044238474
1.875812500,-0.042446271
1.875875000,-0.041687541
1.875937500,-0.041936181
1.876000000,-0.042638354
1.876062500,-0.043105930
1.876125000,-0.042891316
1.876187500,-0.042082939
1.876250000,-0.041132364
1.876312500,-0.040551063
1.876375000,-0.040586386
1.876437500,-0.041217051
1.876500000,-0.042167734
1.876562500,-0.043093339
1.876625000,-0.043715820
1.876687500,-0.044017222
1.876750000,-0.044144347
1.876812500,-0.044291418
1.876875000,-0.044541705
1.876937500,-0.044917461
1.877000000,-0.045367967
1.877062500,-0.045831710
1.877125000,-0.046230283
1.877187500,-0.046548836
1.877250000,-0.046779834
1.877312500,-0.046906147
1.877375000,-0.046839431
1.877437500,-0.046521060
1.877500000,-0.045932710
1.877562500,-0.045099910
1.877625000,-0.044151198
1.877687500,-0.043160122
1.877750000,-0.042167734
1.877812500,-0.041166209
1.877875000,-0.040163852
1.877937500,-0.039098259
1.878000000,-0.037932139
1.878062500,-0.036684982
1.878125000,-0.035464983
1.878187500,-0.034315042
1.878250000,-0.033225916
1.878312500,-0.032129362
1.878375000,-0.030947244
1.878437500,-0.029546384
1.878500000,-0.027860826
1.878562500,-0.025949571
1.878625000,-0.024005646
1.878687500,-0.022193829
1.878750000,-0.020613244
1.878812500,-0.019249380
1.878875000,-0.017996607
1.878937500,-0.016631233
1.879000000,-0.014965781
1.879062500,-0.012950545
1.879125000,-0.010741633
1.879187500,-0.008549284
1.879250000,-0.006588709
1.879312500,-0.004984325
1.879375000,-0.003757424
1.879437500,-0.002735757
1.879500000,-0.001694239
1.879562500,-0.000466430
1.879625000,0.000932873
1.879687500,0.002422964
1.879750000,0.003859101
1.879812500,0.005117334
1.879875000,0.006105984
1.879937500,0.006914844
1.880000000,0.007718201
1.880062500,0.008698603
1.880125000,0.009916734
1.880187500,0.011399111
1.880250000,0.013083293
1.880312500,0.014848655
1.880375000,0.016512075
1.880437500,0.017978156
1.880500000,0.019201379
1.880562500,0.020174932
1.880625000,0.020882163
1.880687500,0.021380514
1.880750000,0.021742739
1.880812500,0.022032717
1.880875000,0.022262568
1.880937500,0.022454502
1.881000000,0.022589857
1.881062500,0.022601880
1.881125000,0.022387767
1.881187500,0.021906283
1.881250000,0.021177992
1.881312500,0.020284323
1.881375000,0.019349514
1.881437500,0.018537778
1.881500000,0.017977761
1.881562500,0.017711321
1.881625000,0.017674545
1.881687500,0.017748727
1.881750000,0.017789513
1.881812500,0.017676877
1.881875000,0.017345879
1.881937500,0.016820040
1.882000000,0.016189398
1.882062500,0.015575436
1.882125000,0.015078429
1.882187500,0.014752335
1.882250000,0.014589284
1.882312500,0.014527298
1.882375000,0.014494687
1.882437500,0.014428536
1.882500000,0.014306910
1.882562500,0.014141478
1.882625000,0.014012977
1.882687500,0.013991946
1.882750000,0.014118661
1.882812500,0.014354833
1.882875000,0.014673178
1.882937500,0.014995216
1.883000000,0.015248154
1.883062500,0.015353777
1.883125000,0.015368084
1.883187500,0.015345066
1.883250000,0.015342278
1.883312500,0.015341277
1.883375000,0.015385977
1.883437500,0.015438053
1.883500000,0.015436403
1.883562500,0.015264676
1.883625000,0.014944382
1.883687500,0.014469755
1.883750000,0.013836288
1.883812500,0.012969024
1.883875000,0.011890648
1.883937500,0.010579226
1.884000000,0.009035943
1.884062500,0.007253882
1.884125000,0.005386471
1.884187500,0.003580628
1.884250000,0.001976613
1.884312500,0.000615739
1.884375000,-0.000399618
1.884437500,-0.001046635
1.884500000,-0.001317742
1.884562500,-0.001259854
1.884625000,-0.000788098
1.884687500,0.000135947
1.884750000,0.001505991
1.884812500,0.003181176
1.884875000,0.005081792
1.884937500,0.007069869
1.885000000,0.009035943
1.885062500,0.010874955
1.885125000,0.012663094
1.885187500,0.014477611
1.885250000,0.016377648
1.885312500,0.018303050
1.885375000,0.020236662
1.885437500,0.022094756
1.885500000,0.023813475
1.885562500,0.025333347
1.885625000,0.026772924
1.885687500,0.028247269
1.885750000,0.029837437
1.885812500,0.031474989
1.885875000,0.033087704
1.885937500,0.034489155
1.886000000,0.035484903
1.886062500,0.035896160
1.886125000,0.035784803
1.886187500,0.035313532
1.886250000,0.034731906
1.886312500,0.034240901
1.886375000,0.034066938
1.886437500,0.034280278
1.886500000,0.034826029
1.886562500,0.035515875
1.886625000,0.036249716
1.886687500,0.036956854
1.886750000,0.037649762
1.886812500,0.038356077
1.886875000,0.039206143
1.886937500,0.040267579
1.887000000,0.041508865
1.887062500,0.042734630
1.887125000,0.043745533
1.887187500,0.044325214
1.887250000,0.044332597
1.887312500,0.043710422
1.887375000,0.042629432
1.887437500,0.041357093
1.887500000,0.040191121
1.887562500,0.039314564
1.887625000,0.038858045
1.887687500,0.038769249
1.887750000,0.038873378
1.887812500,0.038901791
1.887875000,0.038730245
1.887937500,0.038314927
1.888000000,0.037743889
1.888062500,0.037144553
1.888125000,0.036769491
1.888187500,0.036750995
1.888250000,0.037085015
1.888312500,0.037567552
1.888375000,0.038026080
1.888437500,0.038227867
1.888500000,0.038026262
1.888562500,0.037358858
1.888625000,0.036466196
1.888687500,0.035623875
1.888750000,0.035108406
1.888812500,0.035026096
1.888875000,0.035481870
1.888937500,0.036345966
1.889000000,0.037367389
1.889062500,0.038182650
1.889125000,0.038665663
1.889187500,0.038748693
1.889250000,0.038496882
1.889312500,0.037979178
1.889375000,0.037471958
1.889437500,0.037126470
1.889500000,0.036990892
1.889562500,0.036905713
1.889625000,0.036838353
1.889687500,0.036651641
1.889750000,0.036237895
1.889812500,0.035454467
1.889875000,0.034465432
1.889937500,0.033415690
1.890000000,0.032472920
1.890062500,0.031669881
1.890125000,0.031191124
1.890187500,0.031046754
1.890250000,0.031155180
1.890312500,0.031267963
1.890375000,0.031351559
1.890437500,0.031340990
1.890500000,0.031249303
1.890562500,0.031057291
1.890625000,0.031009912
1.890687500,0.031263493
1.890750000,0.031908173
1.890812500,0.032824345
1.890875000,0.034039013
1.890937500,0.035457842
1.891000000,0.036990892
1.891062500,0.038469501
1.891125000,0.040002007
1.891187500,0.041635364
1.891250000,0.043391351
1.891312500,0.045119632
1.891375000,0.046827909
1.891437500,0.048414633
1.891500000,0.049791813
1.891562500,0.050822072
1.891625000,0.051663354
1.891687500,0.052459616
1.891750000,0.053368539
1.891812500,0.054394525
1.891875000,0.055679537
1.891937500,0.057192154
1.892000000,0.058827754
1.892062500,0.060342122
1.892125000,0.061734986
1.892187500,0.062979713
1.892250000,0.064098723
1.892312500,0.065028787
1.892375000,0.065904923
1.892437500,0.066739485
1.892500000,0.067487195
1.892562500,0.067969404
1.892625000,0.068205163
1.892687500,0.068201885
1.892750000,0.068051949
1.892812500,0.067836374
1.892875000,0.067847833
1.892937500,0.068272613
1.893000000,0.069181442
1.893062500,0.070407771
1.893125000,0.071825556
1.893187500,0.073184423
1.893250000,0.074264154
1.893312500,0.074867710
1.893375000,0.075086743
1.893437500,0.075034119
1.893500000,0.074828900
1.893562500,0.074449405
1.893625000,0.073947117
1.893687500,0.073246732
1.893750000,0.072287545
1.893812500,0.071025886
1.893875000,0.069695808
1.893937500,0.068533614
1.894000000,0.067769580
1.894062500,0.067471214
1.894125000,0.067728192
1.894187500,0.068403549
1.894250000,0.069275565
1.894312500,0.070055127
1.894375000,0.070677079
1.894437500,0.071058102
1.894500000,0.071158051
1.894562500,0.070883170
1.894625000,0.070288971
1.894687500,0.069323905
1.894750000,0.067957826
1.894812500,0.066169947
1.894875000,0.064192563
1.894937500,0.062215257
1.895000000,0.060427867
1.895062500,0.058908366
1.895125000,0.057795327
1.895187500,0.057007536
1.895250000,0.056380518
1.895312500,0.055681001
1.895375000,0.054889128
1.895437500,0.053954870
1.895500000,0.052897915
1.895562500,0.051727988
1.895625000,0.050624505
1.895687500,0.049615338
1.895750000,0.048662320
1.895812500,0.047618505
1.895875000,0.046501957
1.895937500,0.045231011
1.896000000,0.043767847
1.896062500,0.042080615
1.896125000,0.040385563
1.896187500,0.038809650
1.896250000,0.037461512
1.896312500,0.036338050
1.896375000,0.035540342
1.896437500,0.034967799
1.896500000,0.034449533
1.896562500,0.033741310
1.896625000,0.032815389
1.896687500,0.031623133
1.896750000,0.030213933
1.896812500,0.028663300
1.896875000,0.027242307
1.896937500,0.026063552
1.897000000,0.025131216
1.897062500,0.024281500
1.897125000,0.023454525
1.897187500,0.022481635
1.897250000,0.021272115
1.897312500,0.019815682
1.897375000,0.018389298
1.897437500,0.017216010
1.897500000,0.016471772
1.897562500,0.016166611
1.897625000,0.016313246
1.897687500,0.016713982
1.897750000,0.017130643
1.897812500,0.017340867
1.897875000,0.017372424
1.897937500,0.017288445
1.898000000,0.017224766
1.898062500,0.017284617
1.898125000,0.017624848
1.898187500,0.018213669
1.898250000,0.018919006
1.898312500,0.019535098
1.898375000,0.019989805
1.898437500,0.020214958
1.898500000,0.020236747
1.898562500,0.020135004
1.898625000,0.020098221
1.898687500,0.020201541
1.898750000,0.020424996
1.898812500,0.020642543
1.898875000,0.020747848
1.898937500,0.020599931
1.899000000,0.020142624
1.899062500,0.019429220
1.899125000,0.018670592
1.899187500,0.018052278
1.899250000,0.017695390
1.899312500,0.017598150
1.899375000,0.017675228
1.899437500,0.017732717
1.899500000,0.017601265
1.899562500,0.017224828
1.899625000,0.016703203
1.899687500,0.016186332
1.899750000,0.015812902
1.899812500,0.015636100
1.899875000,0.015583622
1.899937500,0.015458942
1.900000000,0.015059905
1.900062500,0.014307210
1.900125000,0.013250523
1.900187500,0.012051369
1.900250000,0.010918431
1.900312500,0.010048218
1.900375000,0.009485724
1.900437500,0.009139318
1.900500000,0.008847695
1.900562500,0.008501460
1.900625000,0.008008761
1.900687500,0.007336582
1.900750000,0.006494584
1.900812500,0.005541782
1.900875000,0.004479218
1.900937500,0.003287551
1.901000000,0.001976613
1.901062500,0.000664831
1.901125000,-0.000519483
1.901187500,-0.001453577
1.901250000,-0.002070737
1.901312500,-0.002355945
1.901375000,-0.002472037
1.901437500,-0.002672192
1.901500000,-0.003200230
1.901562500,-0.004134769
1.901625000,-0.005467453
1.901687500,-0.007052989
1.901750000,-0.008659446
1.901812500,-0.009995882
1.901875000,-0.010933117
1.901937500,-0.011497275
1.902000000,-0.011859675
1.902062500,-0.012220603
1.902125000,-0.012852940
1.902187500,-0.013962585
1.902250000,-0.015624652
1.902312500,-0.017714381
1.902375000,-0.020067580
1.902437500,-0.022495326
1.902500000,-0.024848843
1.902562500,-0.027004169
1.902625000,-0.028983135
1.902687500,-0.030853394
1.902750000,-0.032661170
1.902812500,-0.034329042
1.902875000,-0.035769507
1.902937500,-0.036868606
1.903000000,-0.037555639
1.903062500,-0.037812471
1.903125000,-0.037793480
1.903187500,-0.037726976
1.903250000,-0.037838012
1.903312500,-0.038227607
1.903375000,-0.038942054
1.903437500,-0.039935630
1.903500000,-0.041132364
1.903562500,-0.042435054
1.903625000,-0.043862469
1.903687500,-0.045441683
1.903750000,-0.047156330
1.903812500,-0.048847452
1.903875000,-0.050342456
1.903937500,-0.051427223
1.904000000,-0.051956676
1.904062500,-0.051881157
1.904125000,-0.051386956
1.904187500,-0.050735831
1.904250000,-0.050168309
1.904312500,-0.049750973
1.904375000,-0.049474522
1.904437500,-0.049193654
1.904500000,-0.048756443
1.904562500,-0.048055246
1.904625000,-0.047219299
1.904687500,-0.046447586
1.904750000,-0.045932710
1.904812500,-0.045693744
1.904875000,-0.045694061
1.904937500,-0.045728423
1.905000000,-0.045556214
1.905062500,-0.044944961
1.905125000,-0.043940160
1.905187500,-0.042669959
1.905250000,-0.041320615
1.905312500,-0.039968714
1.905375000,-0.038759537
1.905437500,-0.037686970
1.905500000,-0.036708519
1.905562500,-0.035732813
1.905625000,-0.034898777
1.905687500,-0.034316137
1.905750000,-0.034073036
1.905812500,-0.034098279
1.905875000,-0.034383602
1.905937500,-0.034774639
1.906000000,-0.035108406
1.906062500,-0.035203651
1.906125000,-0.035156000
1.906187500,-0.035059169
1.906250000,-0.035014279
1.906312500,-0.034969047
1.906375000,-0.034988679
1.906437500,-0.034978129
1.906500000,-0.034826029
1.906562500,-0.034374181
1.906625000,-0.033784263
1.906687500,-0.033212397
1.906750000,-0.032849420
1.906812500,-0.032747012
1.906875000,-0.033085041
1.906937500,-0.033826180
1.907000000,-0.034826029
1.907062500,-0.035786431
1.907125000,-0.036661528
1.907187500,-0.037394345
1.907250000,-0.038026262
1.907312500,-0.038559675
1.907375000,-0.039258260
1.907437500,-0.040240604
1.907500000,-0.041508865
1.907562500,-0.042809259
1.907625000,-0.044051100
1.907687500,-0.045039721
1.907750000,-0.045650337
1.907812500,-0.045760360
1.907875000,-0.045596711
1.907937500,-0.045351509
1.908000000,-0.045179714
1.908062500,-0.045036614
1.908125000,-0.044977032
1.908187500,-0.044937689
1.908250000,-0.044897340
1.908312500,-0.044855978
1.908375000,-0.045084730
1.908437500,-0.045808617
1.908500000,-0.047156330
1.908562500,-0.048999157
1.908625000,-0.051163774
1.908687500,-0.053295419
1.908750000,-0.055062778
1.908812500,-0.056229781
1.908875000,-0.056908581
1.908937500,-0.057312921
1.909000000,-0.057698261
1.909062500,-0.058184370
1.909125000,-0.058852345
1.909187500,-0.059588023
1.909250000,-0.060239621
1.909312500,-0.060699753
1.909375000,-0.061110176
1.909437500,-0.061688833
1.909500000,-0.062686861
1.909562500,-0.064240292
1.909625000,-0.066397518
1.909687500,-0.068965733
1.909750000,-0.071628675
1.909812500,-0.074029669
1.909875000,-0.075966224
1.909937500,-0.077287570
1.910000000,-0.077935010
1.910062500,-0.077879556
1.910125000,-0.077185385
1.910187500,-0.075850919
1.910250000,-0.073887661
1.910312500,-0.071337596
1.910375000,-0.068386361
1.910437500,-0.065196827
1.910500000,-0.061933860
1.910562500,-0.058715940
1.910625000,-0.055670891
1.910687500,-0.052801277
1.910750000,-0.050074182
1.910812500,-0.047453240
1.910875000,-0.044992823
1.910937500,-0.042699099
1.911000000,-0.040567622
1.911062500,-0.038556948
1.911125000,-0.036662120
1.911187500,-0.034789041
1.911250000,-0.032849420
1.911312500,-0.030777916
1.911375000,-0.028661465
1.911437500,-0.026544312
1.911500000,-0.024472345
1.911562500,-0.022439722
1.911625000,-0.020514270
1.911687500,-0.018641621
1.911750000,-0.016754145
1.911812500,-0.014780693
1.911875000,-0.012816814
1.911937500,-0.010911081
1.912000000,-0.009130068
1.912062500,-0.007504733
1.912125000,-0.006162097
1.912187500,-0.005091133
1.912250000,-0.004235599
1.912312500,-0.003477991
1.912375000,-0.002833949
1.912437500,-0.002208478
1.912500000,-0.001505991
1.912562500,-0.000606864
1.912625000,0.000424727
1.912687500,0.001606473
1.912750000,0.002917857
1.912812500,0.004336850
1.912875000,0.005649390
1.912937500,0.006760704
1.913000000,0.007624077
1.913062500,0.008297038
1.913125000,0.008745003
1.913187500,0.009058155
1.913250000,0.009318316
1.913312500,0.009596503
1.913375000,0.009760787
1.913437500,0.009705336
1.913500000,0.009318316
1.913562500,0.008568585
1.913625000,0.007386507
1.913687500,0.005857512
1.913750000,0.004141474
1.913812500,0.002466579
1.913875000,0.000952155
1.913937500,-0.000271148
1.914000000,-0.001129493
1.914062500,-0.001581780
1.914125000,-0.001723774
1.914187500,-0.001656257
1.914250000,-0.001505991
1.914312500,-0.001378096
1.914375000,-0.001403138
1.914437500,-0.001618035
1.914500000,-0.001976613
1.914562500,-0.002350815
1.914625000,-0.002618977
1.914687500,-0.002683164
1.914750000,-0.002541359
1.914812500,-0.002303955
1.914875000,-0.002184832
1.914937500,-0.002404256
1.915000000,-0.003106105
1.915062500,-0.004292837
1.915125000,-0.005821047
1.915187500,-0.007450840
1.915250000,-0.008941819
1.915312500,-0.010152163
1.915375000,-0.011058384
1.915437500,-0.011763373
1.915500000,-0.012424421
1.915562500,-0.013187744
1.915625000,-0.014075246
1.915687500,-0.015023738
1.915750000,-0.015907025
1.915812500,-0.016623290
1.915875000,-0.017064683
1.915937500,-0.017216861
1.916000000,-0.017130643
1.916062500,-0.016922962
1.916125000,-0.016641514
1.916187500,-0.016329046
1.916250000,-0.016001150
1.916312500,-0.015695142
1.916375000,-0.015374148
1.916437500,-0.015014485
1.916500000,-0.014589284
1.916562500,-0.014102488
1.916625000,-0.013490279
1.916687500,-0.012694303
1.916750000,-0.011671427
1.916812500,-0.010455874
1.916875000,-0.009075108
1.916937500,-0.007618296
1.917000000,-0.006212211
1.917062500,-0.005022535
1.917125000,-0.004125591
1.917187500,-0.003520769
1.917250000,-0.003106105
1.917312500,-0.002731907
1.917375000,-0.002176589
1.917437500,-0.001278666
1.917500000,0.000000000
1.917562500,0.001518467
1.917625000,0.003083075
1.917687500,0.004492695
1.917750000,0.005647464
1.917812500,0.006575667
1.917875000,0.007483741
1.917937500,0.008624827
1.918000000,0.010165436
1.918062500,0.012061568
1.918125000,0.014118952
1.918187500,0.016067535
1.918250000,0.017695390
1.918312500,0.018933818
1.918375000,0.019928034
1.918437500,0.020945786
1.918500000,0.022213360
1.918562500,0.023752501
1.918625000,0.025401562
1.918687500,0.026885925
1.918750000,0.027954949
1.918812500,0.028486503
1.918875000,0.028602343
1.918937500,0.028583966
1.919000000,0.028707944
1.919062500,0.029059753
1.919125000,0.029528970
1.919187500,0.029850377
1.919250000,0.029743314
1.919312500,0.029042408
1.919375000,0.027847975
1.919437500,0.026476333
1.919500000,0.025319466
1.919562500,0.024645476
1.919625000,0.024547147
1.919687500,0.024892770
1.919750000,0.025413590
1.919812500,0.025810303
1.919875000,0.025948469
1.919937500,0.025857937
1.920000000,0.025695963
1.920062500,0.025613327
1.920125000,0.025745895
1.920187500,0.026094945
1.920250000,0.026543085
1.920312500,0.026873622
1.920375000,0.026957162
1.920437500,0.026734447
1.920500000,0.026260709
1.920562500,0.025645606
1.920625000,0.025121940
1.920687500,0.024880376
1.920750000,0.025037091
1.920812500,0.025554245
1.920875000,0.026384771
1.920937500,0.027371572
1.921000000,0.028331446
1.921062500,0.029054698
1.921125000,0.029499447
1.921187500,0.029652216
1.921250000,0.029555064
1.921312500,0.029218711
1.921375000,0.028775748
1.921437500,0.028282767
1.921500000,0.027766701
1.921562500,0.027169455
1.921625000,0.026565276
1.921687500,0.025973983
1.921750000,0.025413590
1.921812500,0.024824895
1.921875000,0.024295451
1.921937500,0.023853635
1.922000000,0.023531102
1.922062500,0.023289923
1.922125000,0.023247298
1.922187500,0.023451038
1.922250000,0.023907598
1.922312500,0.024482032
1.922375000,0.025151988
1.922437500,0.025810590
1.922500000,0.026354834
1.922562500,0.026627243
1.922625000,0.026707510
1.922687500,0.026674571
1.922750000,0.026637208
1.922812500,0.026604870
1.922875000,0.026723703
1.922937500,0.027024982
1.923000000,0.027484328
1.923062500,0.027950278
1.923125000,0.028428810
1.923187500,0.028877087
1.923250000,0.029272690
1.923312500,0.029532252
1.923375000,0.029760724
1.923437500,0.030025871
1.923500000,0.030402184
1.923562500,0.030868856
1.923625000,0.031557932
1.923687500,0.032504804
1.923750000,0.033696536
1.923812500,0.034981925
1.923875000,0.036360729
1.923937500,0.037767172
1.924000000,0.039155755
1.924062500,0.040424865
1.924125000,0.041671354
1.924187500,0.042936463
1.924250000,0.044238474
1.924312500,0.045477901
1.924375000,0.046692975
1.924437500,0.047872491
1.924500000,0.049038816
1.924562500,0.050177488
1.924625000,0.051453177
1.924687500,0.052953891
1.924750000,0.054686282
1.924812500,0.056465518
1.924875000,0.058158472
1.924937500,0.059540484
1.925000000,0.060427867
1.925062500,0.060669996
1.925125000,0.060403097
1.925187500,0.059811842
1.925250000,0.059110127
1.925312500,0.058390290
1.925375000,0.057790808
1.925437500,0.057299379
1.925500000,0.056851145
1.925562500,0.056325059
1.925625000,0.055793222
1.925687500,0.055336203
1.925750000,0.055062778
1.925812500,0.054998569
1.925875000,0.055234518
1.925937500,0.055729099
1.926000000,0.056380518
1.926062500,0.057003483
1.926125000,0.057556141
1.926187500,0.057963721
1.926250000,0.058168884
1.926312500,0.058061723
1.926375000,0.057683732
1.926437500,0.057042621
1.926500000,0.056192271
1.926562500,0.055178352
1.926625000,0.054225162
1.926687500,0.053473208
1.926750000,0.052992042
1.926812500,0.052690677
1.926875000,0.052531850
1.926937500,0.052361198
1.927000000,0.052050799
1.927062500,0.051499262
1.927125000,0.050850574
1.927187500,0.050218988
1.927250000,0.049697686
1.927312500,0.049241714
1.927375000,0.048875604
1.927437500,0.048472919
1.927500000,0.047909327
1.927562500,0.047057550
1.927625000,0.046065427
1.927687500,0.045034673
1.927750000,0.044050224
1.927812500,0.043053206
1.927875000,0.042083781
1.927937500,0.041033473
1.928000000,0.039814625
1.928062500,0.038360510
1.928125000,0.036907401
1.928187500,0.035666373
1.928250000,0.034826029
1.928312500,0.034391664
1.928375000,0.034413170
1.928437500,0.034724079
1.928500000,0.035108406
1.928562500,0.035305291
1.928625000,0.035351761
1.928687500,0.035270363
1.928750000,0.035108406
1.928812500,0.034787845
1.928875000,0.034382403
1.928937500,0.033820082
1.929000000,0.033037666
1.929062500,0.031950187
1.929125000,0.030766476
1.929187500,0.029642675
1.929250000,0.028707944
1.929312500,0.027921835
1.929375000,0.027350038
1.929437500,0.026911391
1.929500000,0.026543085
1.929562500,0.026176214
1.929625000,0.026042677
1.929687500,0.026316620
1.929750000,0.027107829
1.929812500,0.028293679
1.929875000,0.029787669
1.929937500,0.031306420
1.930000000,0.032567047
1.930062500,0.033315223
1.930125000,0.033661723
1.930187500,0.033776864
1.930250000,0.033884790
1.930312500,0.034081429
1.930375000,0.034526713
1.930437500,0.035184119
1.930500000,0.035955522
1.930562500,0.036682419
1.930625000,0.037451625
1.930687500,0.038341284
1.930750000,0.039438128
1.930812500,0.040699363
1.930875000,0.042147823
1.930937500,0.043660458
1.931000000,0.045085590
1.931062500,0.046233300
1.931125000,0.047136113
1.931187500,0.047812626
1.931250000,0.048285823
1.931312500,0.048476733
1.931375000,0.048419394
1.931437500,0.048090182
1.931500000,0.047532827
1.931562500,0.046831500
1.931625000,0.046297889
1.931687500,0.046176516
1.931750000,0.046591584
1.931812500,0.047408115
1.931875000,0.048447888
1.931937500,0.049392954
1.932000000,0.049980059
1.932062500,0.050049804
1.932125000,0.049768131
1.932187500,0.049363088
1.932250000,0.049038816
1.932312500,0.048799224
1.932375000,0.048603609
1.932437500,0.048262909
1.932500000,0.047626950
1.932562500,0.046649385
1.932625000,0.045594085
1.932687500,0.044768732
1.932750000,0.044426721
1.932812500,0.044576015
1.932875000,0.045105726
1.932937500,0.045675661
1.933000000,0.045932710
1.933062500,0.045624755
1.933125000,0.044861857
1.933187500,0.043889970
1.933250000,0.043014854
1.933312500,0.042393737
1.933375000,0.042113170
1.933437500,0.042000238
1.933500000,0.041791238
1.933562500,0.041229036
1.933625000,0.040348638
1.933687500,0.039291847
1.933750000,0.038308635
1.933812500,0.037589204
1.933875000,0.037355930
1.933937500,0.037587941
1.934000000,0.038120385
1.934062500,0.038663179
1.934125000,0.039112788
1.934187500,0.039372236
1.934250000,0.039438128
1.934312500,0.039300960
1.934375000,0.039121520
1.934437500,0.038931385
1.934500000,0.038685132
1.934562500,0.038203280
1.934625000,0.037464757
1.934687500,0.036399260
1.934750000,0.035014279
1.934812500,0.033339947
1.934875000,0.031651247
1.934937500,0.030151810
1.935000000,0.028990317
1.935062500,0.028143108
1.935125000,0.027657231
1.935187500,0.027420493
1.935250000,0.027296079
1.935312500,0.027101140
1.935375000,0.026886210
1.935437500,0.026664730
1.935500000,0.026448958
1.935562500,0.026129225
1.935625000,0.025731137
1.935687500,0.025168963
1.935750000,0.024378221
1.935812500,0.023286186
1.935875000,0.022119584
1.935937500,0.021112274
1.936000000,0.020519121
1.936062500,0.020449266
1.936125000,0.021077484
1.936187500,0.022352245
1.936250000,0.024095848
1.936312500,0.025982434
1.936375000,0.027874125
1.936437500,0.029621551
1.936500000,0.031155180
1.936562500,0.032398894
1.936625000,0.033474691
1.936687500,0.034432910
1.936750000,0.035296652
1.936812500,0.035984993
1.936875000,0.036556534
1.936937500,0.036990672
1.937000000,0.037273265
1.937062500,0.037346881
1.937125000,0.037331115
1.937187500,0.037305687
1.937250000,0.037367389
1.937312500,0.037554484
1.937375000,0.038002130
1.937437500,0.038717665
1.937500000,0.039626375
1.937562500,0.040546928
1.937625000,0.041393086
1.937687500,0.042082995
1.937750000,0.042638354
1.937812500,0.043150418
1.937875000,0.043858033
1.937937500,0.044908158
1.938000000,0.046309207
1.938062500,0.047860913
1.938125000,0.049330149
1.938187500,0.050433930
1.938250000,0.051015429
1.938312500,0.051091176
1.938375000,0.050932292
1.938437500,0.050819572
1.938500000,0.050921306
1.938562500,0.051160246
1.938625000,0.051304091
1.938687500,0.050996512
1.938750000,0.049980059
1.938812500,0.048230749
1.938875000,0.046074387
1.938937500,0.043973017
1.939000000,0.042355984
1.939062500,0.041401695
1.939125000,0.041044474
1.939187500,0.040914752
1.939250000,0.040567622
1.939312500,0.039672468
1.939375000,0.038232241
1.939437500,0.036447473
1.939500000,0.034637783
1.939562500,0.033054512
1.939625000,0.031833287
1.939687500,0.030845495
1.939750000,0.029837437
1.939812500,0.028569888
1.939875000,0.027001210
1.939937500,0.025218129
1.940000000,0.023436978
1.940062500,0.021897875
1.940125000,0.020809159
1.940187500,0.020175956
1.940250000,0.019860249
1.940312500,0.019641524
1.940375000,0.019375497
1.940437500,0.018928919
1.940500000,0.018260136
1.940562500,0.017389074
1.940625000,0.016455343
1.940687500,0.015517600
1.940750000,0.014589284
1.940812500,0.013622610
1.940875000,0.012643447
1.940937500,0.011615564
1.941000000,0.010541934
1.941062500,0.009460134
1.941125000,0.008537790
1.941187500,0.007856808
1.941250000,0.007435828
1.941312500,0.007187552
1.941375000,0.007036210
1.941437500,0.006795723
1.941500000,0.006306335
1.941562500,0.005482360
1.941625000,0.004431804
1.941687500,0.003280772
1.941750000,0.002164861
1.941812500,0.001143242
1.941875000,0.000256518
1.941937500,-0.000606909
1.942000000,-0.001600115
1.942062500,-0.002860411
1.942125000,-0.004361767
1.942187500,-0.006029341
1.942250000,-0.007718201
1.942312500,-0.009277566
1.942375000,-0.010507409
1.942437500,-0.011295815
1.942500000,-0.011577302
1.942562500,-0.011341640
1.942625000,-0.010561340
1.942687500,-0.009304348
1.942750000,-0.007718201
1.942812500,-0.006043912
1.942875000,-0.004505371
1.942937500,-0.003327885
1.943000000,-0.002635483
1.943062500,-0.002423795
1.943125000,-0.002508426
1.943187500,-0.002671821
1.943250000,-0.002729608
1.943312500,-0.002618006
1.943375000,-0.002362925
1.943437500,-0.002101364
1.943500000,-0.001976613
1.943562500,-0.002067693
1.943625000,-0.002306122
1.943687500,-0.002549497
1.943750000,-0.002635483
1.943812500,-0.002468991
1.943875000,-0.002039812
1.943937500,-0.001450097
1.944000000,-0.000847120
1.944062500,-0.000356031
1.944125000,-0.000001597
1.944187500,0.000270365
1.944250000,0.000564746
1.944312500,0.000974257
1.944375000,0.001539048
1.944437500,0.002218666
1.944500000,0.002917857
1.944562500,0.003531607
1.944625000,0.003995096
1.944687500,0.004306496
1.944750000,0.004517972
1.944812500,0.004706089
1.944875000,0.004933921
1.944937500,0.005245391
1.945000000,0.005647464
1.945062500,0.006113853
1.945125000,0.006579407
1.945187500,0.006980241
1.945250000,0.007247579
1.945312500,0.007320211
1.945375000,0.007151659
1.945437500,0.006756242
1.945500000,0.006212211
1.945562500,0.005654109
1.945625000,0.005221846
1.945687500,0.005023006
1.945750000,0.005082718
1.945812500,0.005331021
1.945875000,0.005612004
1.945937500,0.005756860
1.946000000,0.005647464
1.946062500,0.005269583
1.946125000,0.004701162
1.946187500,0.004088540
1.946250000,0.003576728
1.946312500,0.003252295
1.946375000,0.003099140
1.946437500,0.003027310
1.946500000,0.002917857
1.946562500,0.002686114
1.946625000,0.002317123
1.946687500,0.001881778
1.946750000,0.001505991
1.946812500,0.001317697
1.946875000,0.001396270
1.946937500,0.001738135
1.947000000,0.002258986
1.947062500,0.002817310
1.947125000,0.003294376
1.947187500,0.003613088
1.947250000,0.003764976
1.947312500,0.003783678
1.947375000,0.003752857
1.947437500,0.003719703
1.947500000,0.003670852
1.947562500,0.003504562
1.947625000,0.003139096
1.947687500,0.002503518
1.947750000,0.001600115
1.947812500,0.000495340
1.947875000,-0.000618915
1.947937500,-0.001551633
1.948000000,-0.002164861
1.948062500,-0.002455802
1.948125000,-0.002480329
1.948187500,-0.002390516
1.948250000,-0.002353110
1.948312500,-0.002510144
1.948375000,-0.002846888
1.948437500,-0.003258043
1.948500000,-0.003576728
1.948562500,-0.003674989
1.948625000,-0.003457402
1.948687500,-0.002965468
1.948750000,-0.002353110
1.948812500,-0.001851934
1.948875000,-0.001609106
1.948937500,-0.001660559
1.949000000,-0.001882488
1.949062500,-0.002048252
1.949125000,-0.001851775
1.949187500,-0.001083389
1.949250000,0.000282373
1.949312500,0.002029517
1.949375000,0.003853559
1.949437500,0.005434113
1.949500000,0.006588709
1.949562500,0.007321703
1.949625000,0.007906326
1.949687500,0.008697454
1.949750000,0.009977187
1.949812500,0.011779973
1.949875000,0.013935533
1.949937500,0.016072357
1.950000000,0.017789513
1.950062500,0.018800203
1.950125000,0.019112080
1.950187500,0.018964669
1.950250000,0.018730756
1.950312500,0.018730262
1.950375000,0.019152932
1.950437500,0.019952701
1.950500000,0.020895619
1.950562500,0.021649588
1.950625000,0.021976631
1.950687500,0.021789869
1.950750000,0.021177992
1.950812500,0.020330660
1.950875000,0.019501349
1.950937500,0.018880734
1.951000000,0.018542508
1.951062500,0.018419206
1.951125000,0.018390235
1.951187500,0.018328143
1.951250000,0.018166009
1.951312500,0.017917087
1.951375000,0.017714217
1.951437500,0.017741099
1.951500000,0.018166009
1.951562500,0.019054173
1.951625000,0.020376688
1.951687500,0.021979282
1.951750000,0.023625227
1.951812500,0.025036892
1.951875000,0.026025105
1.951937500,0.026492391
1.952000000,0.026448958
1.952062500,0.025960976
1.952125000,0.025174610
1.952187500,0.024210919
1.952250000,0.023154603
1.952312500,0.022032287
1.952375000,0.020892769
1.952437500,0.019772166
1.952500000,0.018730756
1.952562500,0.017828660
1.952625000,0.017193230
1.952687500,0.016894335
1.952750000,0.016942395
1.952812500,0.017245870
1.952875000,0.017715497
1.952937500,0.018196214
1.953000000,0.018542508
1.953062500,0.018626884
1.953125000,0.018466702
1.953187500,0.018102095
1.953250000,0.017601265
1.953312500,0.016996598
1.953375000,0.016371759
1.953437500,0.015751073
1.953500000,0.015154029
1.953562500,0.014587864
1.953625000,0.014151972
1.953687500,0.013918032
1.953750000,0.013930413
1.953812500,0.014152584
1.953875000,0.014563497
1.953937500,0.015080091
1.954000000,0.015624652
1.954062500,0.016117156
1.954125000,0.016588785
1.954187500,0.017036511
1.954250000,0.017413015
1.954312500,0.017563183
1.954375000,0.017389990
1.954437500,0.016779339
1.954500000,0.015718777
1.954562500,0.014298224
1.954625000,0.012840121
1.954687500,0.011663199
1.954750000,0.011012556
1.954812500,0.010924684
1.954875000,0.011347860
1.954937500,0.012056574
1.955000000,0.012800919
1.955062500,0.013366835
1.955125000,0.013780116
1.955187500,0.014143642
1.955250000,0.014589284
1.955312500,0.015133619
1.955375000,0.015780807
1.955437500,0.016403230
1.955500000,0.016848268
1.955562500,0.016972395
1.955625000,0.016837267
1.955687500,0.016559530
1.955750000,0.016283523
1.955812500,0.016062735
1.955875000,0.015951417
1.955937500,0.015892951
1.956000000,0.015812902
1.956062500,0.015646035
1.956125000,0.015503551
1.956187500,0.015537658
1.956250000,0.015907025
1.956312500,0.016654966
1.956375000,0.017798651
1.956437500,0.019212577
1.956500000,0.020707369
1.956562500,0.022050841
1.956625000,0.023160027
1.956687500,0.023993725
1.956750000,0.024566470
1.956812500,0.024874723
1.956875000,0.024995243
1.956937500,0.024968160
1.957000000,0.024848843
1.957062500,0.024696540
1.957125000,0.024671869
1.957187500,0.024911067
1.957250000,0.025507715
1.957312500,0.026452621
1.957375000,0.027680429
1.957437500,0.029028881
1.957500000,0.030308058
1.957562500,0.031341191
1.957625000,0.032055221
1.957687500,0.032425281
1.957750000,0.032472920
1.957812500,0.032225579
1.957875000,0.031734362
1.957937500,0.031021155
1.958000000,0.030119810
1.958062500,0.029093591
1.958125000,0.028073901
1.958187500,0.027187141
1.958250000,0.026543085
1.958312500,0.026200328
1.958375000,0.026183804
1.958437500,0.026446480
1.958500000,0.026919581
1.958562500,0.027535064
1.958625000,0.028260235
1.958687500,0.029029993
1.958750000,0.029743314
1.958812500,0.030251775
1.958875000,0.030415088
1.958937500,0.030102668
1.959000000,0.029272690
1.959062500,0.027993210
1.959125000,0.026470175
1.959187500,0.024905058
1.959250000,0.023436978
1.959312500,0.022073537
1.959375000,0.020747606
1.959437500,0.019297764
1.959500000,0.017601265
1.959562500,0.015647810
1.959625000,0.013613612
1.959687500,0.011720470
1.959750000,0.010165436
1.959812500,0.009014523
1.959875000,0.008216262
1.959937500,0.007553490
1.960000000,0.006776957
1.960062500,0.005706446
1.960125000,0.004363989
1.960187500,0.002868874
1.960250000,0.001411866
1.960312500,0.000154000
1.960375000,-0.000772578
1.960437500,-0.001389062
1.960500000,-0.001788364
1.960562500,-0.002082618
1.960625000,-0.002286411
1.960687500,-0.002410679
1.960750000,-0.002447235
1.960812500,-0.002413756
1.960875000,-0.002313038
1.960937500,-0.002211452
1.961000000,-0.002164861
1.961062500,-0.002191034
1.961125000,-0.002193044
1.961187500,-0.002081308
1.961250000,-0.001788364
1.961312500,-0.001333106
1.961375000,-0.000754443
1.961437500,-0.000197226
1.961500000,0.000188249
1.961562500,0.000287777
1.961625000,0.000150163
1.961687500,-0.000141259
1.961750000,-0.000470622
1.961812500,-0.000764704
1.961875000,-0.000939384
1.961937500,-0.001010785
1.962000000,-0.001035369
1.962062500,-0.001096180
1.962125000,-0.001186589
1.962187500,-0.001298905
1.962250000,-0.001411866
1.962312500,-0.001537720
1.962375000,-0.001651919
1.962437500,-0.001764289
1.962500000,-0.001882488
1.962562500,-0.002023915
1.962625000,-0.002123762
1.962687500,-0.002122235
1.962750000,-0.001976613
1.962812500,-0.001718263
1.962875000,-0.001377543
1.962937500,-0.001029524
1.963000000,-0.000752995
1.963062500,-0.000625716
1.963125000,-0.000631075
1.963187500,-0.000705016
1.963250000,-0.000752995
1.963312500,-0.000709771
1.963375000,-0.000502536
1.963437500,-0.000104721
1.963500000,0.000470622
1.963562500,0.001155941
1.963625000,0.001919534
1.963687500,0.002732496
1.963750000,0.003576728
1.963812500,0.004410573
1.963875000,0.005238051
1.963937500,0.006058221
1.964000000,0.006871082
1.964062500,0.007648578
1.964125000,0.008413414
1.964187500,0.009183909
1.964250000,0.009977187
1.964312500,0.010780468
1.964375000,0.011601225
1.964437500,0.012433792
1.964500000,0.013271542
1.964562500,0.014097744
1.964625000,0.014926789
1.964687500,0.015775999
1.964750000,0.016660020
1.964812500,0.017567057
1.964875000,0.018493334
1.964937500,0.019422218
1.965000000,0.020330872
1.965062500,0.021174168
1.965125000,0.021925166
1.965187500,0.022541806
1.965250000,0.022966355
1.965312500,0.023113862
1.965375000,0.022950858
1.965437500,0.022494528
1.965500000,0.021836862
1.965562500,0.021118272
1.965625000,0.020535503
1.965687500,0.020249398
1.965750000,0.020330872
1.965812500,0.020716522
1.965875000,0.021269511
1.965937500,0.021813888
1.966000000,0.022213360
1.966062500,0.022408178
1.966125000,0.022463800
1.966187500,0.022494031
1.966250000,0.022589857
1.966312500,0.022732394
1.966375000,0.022824345
1.966437500,0.022681195
1.966500000,0.022119237
1.966562500,0.021023873
1.966625000,0.019454731
1.966687500,0.017596949
1.966750000,0.015718777
1.966812500,0.014070055
1.966875000,0.012849312
1.966937500,0.012106362
1.967000000,0.011765551
1.967062500,0.011662284
1.967125000,0.011670728
1.967187500,0.011704250
1.967250000,0.011765551
1.967312500,0.011914122
1.967375000,0.012282578
1.967437500,0.012933793
1.967500000,0.013836288
1.967562500,0.014832709
1.967625000,0.015749240
1.967687500,0.016374413
1.967750000,0.016565897
1.967812500,0.016283084
1.967875000,0.015663898
1.967937500,0.014884023
1.968000000,0.014118661
1.968062500,0.013466410
1.968125000,0.012984430
1.968187500,0.012626862
1.968250000,0.012330297
1.968312500,0.012057325
1.968375000,0.011875734
1.968437500,0.011856788
1.968500000,0.012047924
1.968562500,0.012402250
1.968625000,0.012832759
1.968687500,0.013152521
1.968750000,0.013177417
1.968812500,0.012777831
1.968875000,0.012014570
1.968937500,0.011020475
1.969000000,0.009977187
1.969062500,0.009012383
1.969125000,0.008256031
1.969187500,0.007715304
1.969250000,0.007341704
1.969312500,0.007047833
1.969375000,0.006853136
1.969437500,0.006783220
1.969500000,0.006871082
1.969562500,0.007083882
1.969625000,0.007412628
1.969687500,0.007780001
1.969750000,0.008094699
1.969812500,0.008250233
1.969875000,0.008254596
1.969937500,0.008128859
1.970000000,0.007906451
1.970062500,0.007567164
1.970125000,0.007137577
1.970187500,0.006596766
1.970250000,0.005929837
1.970312500,0.005114117
1.970375000,0.004255077
1.970437500,0.003456845
1.970500000,0.002823732
1.970562500,0.002383862
1.970625000,0.002210264
1.970687500,0.002302639
1.970750000,0.002635483
1.970812500,0.003130361
1.970875000,0.003819026
1.970937500,0.004717036
1.971000000,0.005835713
1.971062500,0.007106815
1.971125000,0.008523029
1.971187500,0.010011919
1.971250000,0.011483178
1.971312500,0.012800062
1.971375000,0.013967545
1.971437500,0.015011058
1.971500000,0.016001150
1.971562500,0.016969165
1.971625000,0.018033056
1.971687500,0.019229388
1.971750000,0.020519121
1.971812500,0.021733450
1.971875000,0.022768436
1.971937500,0.023510579
1.972000000,0.023907598
1.972062500,0.023930764
1.972125000,0.023727736
1.972187500,0.023455411
1.972250000,0.023248728
1.972312500,0.023117149
1.972375000,0.023097182
1.972437500,0.023152677
1.972500000,0.023248728
1.972562500,0.023336321
1.972625000,0.023524383
1.972687500,0.023931801
1.972750000,0.024660595
1.972812500,0.025686271
1.972875000,0.026989570
1.972937500,0.028453540
1.973000000,0.029931562
1.973062500,0.031243250
1.973125000,0.032357600
1.973187500,0.033286233
1.973250000,0.034073036
1.973312500,0.034704149
1.973375000,0.035222575
1.973437500,0.035635363
1.973500000,0.035955522
1.973562500,0.036174372
1.973625000,0.036403738
1.973687500,0.036746200
1.973750000,0.037273265
1.973812500,0.037936516
1.973875000,0.038701508
1.973937500,0.039457295
1.974000000,0.040096994
1.974062500,0.040519841
1.974125000,0.040790625
1.974187500,0.040995445
1.974250000,0.041226488
1.974312500,0.041486692
1.974375000,0.041800369
1.974437500,0.042091288
1.974500000,0.042261858
1.974562500,0.042201888
1.974625000,0.041951753
1.974687500,0.041566949
1.974750000,0.041132364
1.974812500,0.040689435
1.974875000,0.040339693
1.974937500,0.040109538
1.975000000,0.040002871
1.975062500,0.039983749
1.975125000,0.040097743
1.975187500,0.040337406
1.975250000,0.040661745
1.975312500,0.040949903
1.975375000,0.041133307
1.975437500,0.041095685
1.975500000,0.040755868
1.975562500,0.040065404
1.975625000,0.039156340
1.975687500,0.038172580
1.975750000,0.037273265
1.975812500,0.036541123
1.975875000,0.036079366
1.975937500,0.035835449
1.976000000,0.035673149
1.976062500,0.035383280
1.976125000,0.034888625
1.976187500,0.034127645
1.976250000,0.033131793
1.976312500,0.031969506
1.976375000,0.030849215
1.976437500,0.029880827
1.976500000,0.029084442
1.976562500,0.028340695
1.976625000,0.027582757
1.976687500,0.026685942
1.976750000,0.025601838
1.976812500,0.024356969
1.976875000,0.023187442
1.976937500,0.022280216
1.977000000,0.021742739
1.977062500,0.021500709
1.977125000,0.021452054
1.977187500,0.021352343
1.977250000,0.020989744
1.977312500,0.020246020
1.977375000,0.019291991
1.977437500,0.018358612
1.977500000,0.017695390
1.977562500,0.017416794
1.977625000,0.017594563
1.977687500,0.018079475
1.977750000,0.018636633
1.977812500,0.019007267
1.977875000,0.019138295
1.977937500,0.019022996
1.978000000,0.018730756
1.978062500,0.018315291
1.978125000,0.017910507
1.978187500,0.017544841
1.978250000,0.017224766
1.978312500,0.016937410
1.978375000,0.016794387
1.978437500,0.016853010
1.978500000,0.017130643
1.978562500,0.017540002
1.978625000,0.018014541
1.978687500,0.018393908
1.978750000,0.018542508
1.978812500,0.018378388
1.978875000,0.018015239
1.978937500,0.017585443
1.979000000,0.017224766
1.979062500,0.016978448
1.979125000,0.016882764
1.979187500,0.016847227
1.979250000,0.016754145
1.979312500,0.016499365
1.979375000,0.016138047
1.979437500,0.015768262
1.979500000,0.015530528
1.979562500,0.015520356
1.979625000,0.015837025
1.979687500,0.016446298
1.979750000,0.017224766
1.979812500,0.017969526
1.979875000,0.018552590
1.979937500,0.018854847
1.980000000,0.018824881
1.980062500,0.018455546
1.980125000,0.017849442
1.980187500,0.017097998
1.980250000,0.016283523
1.980312500,0.015443606
1.980375000,0.014646665
1.980437500,0.013915724
1.980500000,0.013271542
1.980562500,0.012720743
1.980625000,0.012326782
1.980687500,0.012107470
1.980750000,0.012047924
1.980812500,0.012075771
1.980875000,0.012152235
1.980937500,0.012215205
1.981000000,0.012236172
1.981062500,0.012209114
1.981125000,0.012228539
1.981187500,0.012357773
1.981250000,0.012612671
1.981312500,0.012907934
1.981375000,0.013161915
1.981437500,0.013246292
1.981500000,0.013083293
1.981562500,0.012670104
1.981625000,0.012179113
1.981687500,0.011815495
1.981750000,0.011765551
1.981812500,0.012091180
1.981875000,0.012784275
1.981937500,0.013688221
1.982000000,0.014589284
1.982062500,0.015263561
1.982125000,0.015632814
1.982187500,0.015677633
1.982250000,0.015436403
1.982312500,0.014926767
1.982375000,0.014230002
1.982437500,0.013381424
1.982500000,0.012424421
1.982562500,0.011393219
1.982625000,0.010443127
1.982687500,0.009695330
1.982750000,0.009224192
1.982812500,0.008977940
1.982875000,0.008924092
1.982937500,0.008965717
1.983000000,0.009035943
1.983062500,0.009089010
1.983125000,0.009262542
1.983187500,0.009689239
1.983250000,0.010447809
1.983312500,0.011438365
1.983375000,0.012548732
1.983437500,0.013567392
1.983500000,0.014306910
1.983562500,0.014622991
1.983625000,0.014623751
1.983687500,0.014486110
1.983750000,0.014401034
1.983812500,0.014423281
1.983875000,0.014599348
1.983937500,0.014847427
1.984000000,0.015059905
1.984062500,0.015120400
1.984125000,0.015115979
1.984187500,0.015175699
1.984250000,0.015436403
1.984312500,0.015904689
1.984375000,0.016600570
1.984437500,0.017426927
1.984500000,0.018260136
1.984562500,0.018948041
1.984625000,0.019542199
1.984687500,0.020126224
1.984750000,0.020801496
1.984812500,0.021559432
1.984875000,0.022451522
1.984937500,0.023438036
1.985000000,0.024472345
1.985062500,0.025483897
1.985125000,0.026580468
1.985187500,0.027874904
1.985250000,0.029460939
1.985312500,0.031293228
1.985375000,0.033329740
1.985437500,0.035415977
1.985500000,0.037367389
1.985562500,0.038979977
1.985625000,0.040223390
1.985687500,0.041130360
1.985750000,0.041791238
1.985812500,0.042249706
1.985875000,0.042599302
1.985937500,0.042841103
1.986000000,0.042920731
1.986062500,0.042717237
1.986125000,0.042238258
1.986187500,0.041536976
1.986250000,0.040755868
1.986312500,0.040055521
1.986375000,0.039683934
1.986437500,0.039786398
1.986500000,0.040379371
1.986562500,0.041300744
1.986625000,0.042370573
1.986687500,0.043367088
1.986750000,0.044144347
1.986812500,0.044651303
1.986875000,0.045017287
1.986937500,0.045383617
1.987000000,0.045838587
1.987062500,0.046328422
1.987125000,0.046744946
1.987187500,0.046905056
1.987250000,0.046685707
1.987312500,0.046083249
1.987375000,0.045297198
1.987437500,0.044560697
1.987500000,0.044050224
1.987562500,0.043767322
1.987625000,0.043585747
1.987687500,0.043230198
1.987750000,0.042450108
1.987812500,0.041141819
1.987875000,0.039471373
1.987937500,0.037728216
1.988000000,0.036237895
1.988062500,0.035204932
1.988125000,0.034701284
1.988187500,0.034546040
1.988250000,0.034449533
1.988312500,0.034135204
1.988375000,0.033519458
1.988437500,0.032612339
1.988500000,0.031531677
1.988562500,0.030414864
1.988625000,0.029413123
1.988687500,0.028525490
1.988750000,0.027672576
1.988812500,0.026745347
1.988875000,0.025724571
1.988937500,0.024585111
1.989000000,0.023342853
1.989062500,0.022022711
1.989125000,0.020699745
1.989187500,0.019362781
1.989250000,0.017977761
1.989312500,0.016504345
1.989375000,0.015008408
1.989437500,0.013531767
1.989500000,0.012142048
1.989562500,0.010896232
1.989625000,0.009890475
1.989687500,0.009088052
1.989750000,0.008377072
1.989812500,0.007586231
1.989875000,0.006631435
1.989937500,0.005419482
1.990000000,0.003953225
1.990062500,0.002327851
1.990125000,0.000793437
1.990187500,-0.000460207
1.990250000,-0.001317742
1.990312500,-0.001801202
1.990375000,-0.001984129
1.990437500,-0.002089599
1.990500000,-0.002353110
1.990562500,-0.002948168
1.990625000,-0.003852958
1.990687500,-0.004969054
1.990750000,-0.006118086
1.990812500,-0.007124828
1.990875000,-0.007815489
1.990937500,-0.008172642
1.991000000,-0.008282948
1.991062500,-0.008298638
1.991125000,-0.008304853
1.991187500,-0.008368560
1.991250000,-0.008471197
1.991312500,-0.008531086
1.991375000,-0.008394931
1.991437500,-0.007991579
1.991500000,-0.007341704
1.991562500,-0.006573847
1.991625000,-0.005840699
1.991687500,-0.005333180
1.991750000,-0.005176842
1.991812500,-0.005385821
1.991875000,-0.005813634
1.991937500,-0.006255056
1.992000000,-0.006494584
1.992062500,-0.006386649
1.992125000,-0.005880655
1.992187500,-0.005070710
1.992250000,-0.004141474
1.992312500,-0.003300989
1.992375000,-0.002696457
1.992437500,-0.002392779
1.992500000,-0.002353110
1.992562500,-0.002355883
1.992625000,-0.002387894
1.992687500,-0.002445202
1.992750000,-0.002541359
1.992812500,-0.002534581
1.992875000,-0.002441927
1.992937500,-0.002242902
1.993000000,-0.001976613
1.993062500,-0.001657192
1.993125000,-0.001544593
1.993187500,-0.001812505
1.993250000,-0.002447235
1.993312500,-0.003081774
1.993375000,-0.003379468
1.993437500,-0.003058630
1.993500000,-0.002164861
1.993562500,-0.001043921
1.993625000,-0.000417993
1.993687500,-0.000802593
1.993750000,-0.002164861
1.993812500,-0.003725339
1.993875000,-0.004487190
1.993937500,-0.003667976
1.994000000,-0.001317742
1.994062500,0.001583480
1.994125000,0.003357888
1.994187500,0.002694958
1.994250000,-0.000470622
1.994312500,-0.004557977
1.994375000,-0.007081645
1.994437500,-0.005853907
1.994500000,-0.000470622
1.994562500,0.006961763
1.994625000,0.012125931
1.994687500,0.010261280
1.994750000,-0.001694239
1.994812500,-0.023403795
1.994875000,-0.050986473
1.994937500,-0.078238532
1.995000000,-0.099018879
1.995062500,-0.109547801
1.995125000,-0.109778546
1.995187500,-0.102959022
1.995250000,-0.093936160
1.995312500,-0.086933017
1.995375000,-0.084034413
1.995437500,-0.084729433
1.995500000,-0.086782701
1.995562500,-0.087701328
1.995625000,-0.086128391
1.995687500,-0.082284287
1.995750000,-0.077558510
1.995812500,-0.073521160
1.995875000,-0.071088843
1.995937500,-0.070109352
1.996000000,-0.069652058
1.996062500,-0.068652548
1.996125000,-0.066581696
1.996187500,-0.063636407
1.996250000,-0.060521994
1.996312500,-0.057951260
1.996375000,-0.056260142
1.996437500,-0.055235233
1.996500000,-0.054309785
1.996562500,-0.052914690
1.996625000,-0.050815538
1.996687500,-0.048183665
1.996750000,-0.045462091
1.996812500,-0.043103121
1.996875000,-0.041355528
1.996937500,-0.040182777
1.997000000,-0.039344002
1.997062500,-0.038557597
1.997125000,-0.037628718
1.997187500,-0.036515046
1.997250000,-0.035296652
1.997312500,-0.034113847
1.997375000,-0.033054624
1.997437500,-0.032143261
1.997500000,-0.031343430
1.997562500,-0.030554997
1.997625000,-0.029800771
1.997687500,-0.028964614
1.997750000,-0.027954949
1.997812500,-0.026731703
1.997875000,-0.025426175
1.997937500,-0.024067990
1.998000000,-0.022683984
1.998062500,-0.021301547
1.998125000,-0.020019645
1.998187500,-0.018801410
1.998250000,-0.017601265
1.998312500,-0.016418479
1.998375000,-0.015344359
1.998437500,-0.014388296
1.998500000,-0.013553915
1.998562500,-0.012862234
1.998625000,-0.012331625
1.998687500,-0.011853762
1.998750000,-0.011294928
1.998812500,-0.010591818
1.998875000,-0.009716220
1.998937500,-0.008628225
1.999000000,-0.007341704
1.999062500,-0.005986436
1.999125000,-0.004657461
1.999187500,-0.003365308
1.999250000,-0.002070737
1.999312500,-0.000785889
1.999375000,0.000576232
1.999437500,0.002131417
1.999500000,0.003953225
1.999562500,0.005942979
1.999625000,0.008050472
1.999687500,0.010224903
1.999750000,0.012424421
1.999812500,0.014520298
1.999875000,0.016556626
1.999937500,0.018622849
