{
  "k3": {
    "algorithm": "kmeans",
    "params": {
      "n_clusters": 3
    },
    "labels": [
      0,
      2,
      0,
      0,
      0,
      0,
      0,
      0,
      0,
      0,
      2,
      2,
      0,
      0,
      0,
      0,
      0,
      0,
      0,
      0,
      0,
      0,
      0,
      0,
      0,
      0,
      0,
      0,
      2,
      2,
      0,
      0,
      1,
      1,
      0,
      1,
      0,
      0,
      0
    ],
    "silhouette": 0.4989549231537596,
    "calinski_harabasz": 29.76122605397726,
    "davies_bouldin": 0.7058032639717982,
    "n_clusters": 3,
    "n_noise": 0
  },
  "k4": {
    "algorithm": "kmeans",
    "params": {
      "n_clusters": 4
    },
    "labels": [
      1,
      2,
      1,
      1,
      1,
      1,
      1,
      1,
      1,
      1,
      2,
      2,
      1,
      1,
      1,
      3,
      3,
      1,
      1,
      3,
      3,
      1,
      3,
      3,
      3,
      3,
      3,
      1,
      2,
      2,
      1,
      1,
      0,
      0,
      1,
      0,
      1,
      3,
      3
    ],
    "silhouette": 0.3463975023923353,
    "calinski_harabasz": 31.850682505505628,
    "davies_bouldin": 0.8730684681510876,
    "n_clusters": 4,
    "n_noise": 0
  },
  "k5": {
    "algorithm": "kmeans",
    "params": {
      "n_clusters": 5
    },
    "labels": [
      3,
      2,
      3,
      3,
      3,
      3,
      3,
      3,
      3,
      3,
      2,
      2,
      3,
      3,
      3,
      1,
      1,
      0,
      0,
      1,
      1,
      0,
      1,
      1,
      1,
      1,
      1,
      0,
      2,
      0,
      0,
      0,
      4,
      4,
      0,
      4,
      0,
      1,
      1
    ],
    "silhouette": 0.3740653774854994,
    "calinski_harabasz": 31.974370726449663,
    "davies_bouldin": 0.9338767378396712,
    "n_clusters": 5,
    "n_noise": 0
  },
  "hdbscan": {
    "algorithm": "hdbscan",
    "params": {
      "min_cluster_size": 25
    },
    "labels": [
      -1,
      -1,
      -1,
      -1,
      -1,
      -1,
      -1,
      -1,
      -1,
      -1,
      -1,
      -1,
      -1,
      -1,
      -1,
      -1,
      -1,
      -1,
      -1,
      -1,
      -1,
      -1,
      -1,
      -1,
      -1,
      -1,
      -1,
      -1,
      -1,
      -1,
      -1,
      -1,
      -1,
      -1,
      -1,
      -1,
      -1,
      -1,
      -1
    ],
    "silhouette": -1.0,
    "calinski_harabasz": 0.0,
    "davies_bouldin": Infinity,
    "n_clusters": 0,
    "n_noise": 39
  }
}