{
  "k3": {
    "algorithm": "kmeans",
    "params": {
      "n_clusters": 3
    },
    "labels": [
      0,
      0,
      0,
      0,
      0,
      0,
      0,
      2,
      0,
      2,
      0,
      0,
      0,
      0,
      0,
      0,
      1,
      1,
      1,
      1,
      1,
      1,
      1,
      1,
      1,
      1,
      1,
      1,
      2,
      2,
      2,
      2,
      2,
      2,
      1,
      1,
      1,
      1,
      1
    ],
    "silhouette": 0.26575623383979113,
    "calinski_harabasz": 15.543431840013106,
    "davies_bouldin": 1.3418899195255094,
    "n_clusters": 3,
    "n_noise": 0
  },
  "k4": {
    "algorithm": "kmeans",
    "params": {
      "n_clusters": 4
    },
    "labels": [
      1,
      1,
      1,
      3,
      1,
      3,
      1,
      3,
      3,
      3,
      1,
      1,
      1,
      3,
      2,
      2,
      2,
      2,
      2,
      2,
      2,
      2,
      2,
      2,
      2,
      2,
      2,
      2,
      0,
      0,
      0,
      0,
      0,
      0,
      2,
      2,
      2,
      2,
      2
    ],
    "silhouette": 0.27058098826589677,
    "calinski_harabasz": 12.757559502289268,
    "davies_bouldin": 1.454358325442613,
    "n_clusters": 4,
    "n_noise": 0
  },
  "k5": {
    "algorithm": "kmeans",
    "params": {
      "n_clusters": 5
    },
    "labels": [
      4,
      4,
      4,
      4,
      4,
      0,
      4,
      0,
      4,
      0,
      4,
      4,
      4,
      2,
      2,
      2,
      2,
      2,
      2,
      2,
      2,
      1,
      2,
      2,
      2,
      2,
      2,
      2,
      1,
      3,
      1,
      1,
      1,
      1,
      2,
      2,
      2,
      2,
      2
    ],
    "silhouette": 0.27960022674211465,
    "calinski_harabasz": 13.986007377946304,
    "davies_bouldin": 1.0134719660019518,
    "n_clusters": 5,
    "n_noise": 0
  },
  "hdbscan": {
    "algorithm": "hdbscan",
    "params": {
      "min_cluster_size": 25
    },
    "labels": [
      -1,
      -1,
      -1,
      -1,
      -1,
      -1,
      -1,
      -1,
      -1,
      -1,
      -1,
      -1,
      -1,
      -1,
      -1,
      -1,
      -1,
      -1,
      -1,
      -1,
      -1,
      -1,
      -1,
      -1,
      -1,
      -1,
      -1,
      -1,
      -1,
      -1,
      -1,
      -1,
      -1,
      -1,
      -1,
      -1,
      -1,
      -1,
      -1
    ],
    "silhouette": -1.0,
    "calinski_harabasz": 0.0,
    "davies_bouldin": Infinity,
    "n_clusters": 0,
    "n_noise": 39
  }
}