{
  "k3": {
    "algorithm": "kmeans",
    "params": {
      "n_clusters": 3
    },
    "labels": [
      0,
      0,
      0,
      0,
      0,
      0,
      0,
      0,
      0,
      1,
      0,
      0,
      0,
      0,
      0,
      2,
      0,
      0,
      0,
      0,
      0,
      0,
      0,
      0,
      0,
      0,
      0,
      0,
      0,
      0,
      0,
      0,
      0,
      0,
      0,
      0,
      0,
      0,
      0
    ],
    "silhouette": 0.6579396845428025,
    "calinski_harabasz": 21.474929485013057,
    "davies_bouldin": 0.19261485167005654,
    "n_clusters": 3,
    "n_noise": 0
  },
  "k4": {
    "algorithm": "kmeans",
    "params": {
      "n_clusters": 4
    },
    "labels": [
      1,
      1,
      1,
      1,
      1,
      1,
      1,
      3,
      3,
      2,
      1,
      1,
      1,
      1,
      1,
      0,
      1,
      1,
      1,
      1,
      1,
      1,
      1,
      1,
      1,
      1,
      1,
      1,
      1,
      1,
      1,
      1,
      3,
      1,
      1,
      1,
      1,
      1,
      3
    ],
    "silhouette": 0.49372019959404156,
    "calinski_harabasz": 28.543540126038916,
    "davies_bouldin": 0.5060720629297357,
    "n_clusters": 4,
    "n_noise": 0
  },
  "k5": {
    "algorithm": "kmeans",
    "params": {
      "n_clusters": 5
    },
    "labels": [
      1,
      2,
      1,
      1,
      2,
      2,
      1,
      0,
      0,
      3,
      2,
      2,
      2,
      1,
      2,
      4,
      1,
      2,
      2,
      1,
      1,
      2,
      2,
      1,
      1,
      2,
      2,
      2,
      2,
      2,
      2,
      2,
      0,
      2,
      2,
      2,
      2,
      1,
      0
    ],
    "silhouette": 0.30388133645821824,
    "calinski_harabasz": 31.333955716812053,
    "davies_bouldin": 0.7569923399062142,
    "n_clusters": 5,
    "n_noise": 0
  },
  "hdbscan": {
    "algorithm": "hdbscan",
    "params": {
      "min_cluster_size": 25
    },
    "labels": [
      -1,
      -1,
      -1,
      -1,
      -1,
      -1,
      -1,
      -1,
      -1,
      -1,
      -1,
      -1,
      -1,
      -1,
      -1,
      -1,
      -1,
      -1,
      -1,
      -1,
      -1,
      -1,
      -1,
      -1,
      -1,
      -1,
      -1,
      -1,
      -1,
      -1,
      -1,
      -1,
      -1,
      -1,
      -1,
      -1,
      -1,
      -1,
      -1
    ],
    "silhouette": -1.0,
    "calinski_harabasz": 0.0,
    "davies_bouldin": Infinity,
    "n_clusters": 0,
    "n_noise": 39
  }
}