{
  "kmeans_k3": {
    "representation": "mfcc_mean",
    "algorithm": "kmeans",
    "params": {
      "n_clusters": 3
    },
    "valid_runs": 7,
    "total_runs": 7,
    "silhouette_mean": 0.32729597703020513,
    "silhouette_std": 0.0,
    "calinski_harabasz_mean": 18.97358762514957,
    "calinski_harabasz_std": 2.6855991067210084e-15,
    "davies_bouldin_mean": 1.2339821235652642,
    "davies_bouldin_std": 0.0,
    "stability": 1.0,
    "quality_score": 0.32729597703020513
  },
  "kmeans_k4": {
    "representation": "mfcc_mean",
    "algorithm": "kmeans",
    "params": {
      "n_clusters": 4
    },
    "valid_runs": 7,
    "total_runs": 7,
    "silhouette_mean": 0.32101604554918745,
    "silhouette_std": 0.006860949893661679,
    "calinski_harabasz_mean": 17.150715843779498,
    "calinski_harabasz_std": 0.18224234977079373,
    "davies_bouldin_mean": 1.0158873112497335,
    "davies_bouldin_std": 0.0907360110315194,
    "stability": 0.9931390501063383,
    "quality_score": 0.31881357054561305
  },
  "kmeans_k5": {
    "representation": "mfcc_mean",
    "algorithm": "kmeans",
    "params": {
      "n_clusters": 5
    },
    "valid_runs": 7,
    "total_runs": 7,
    "silhouette_mean": 0.32011427728730013,
    "silhouette_std": 0.022706226557898605,
    "calinski_harabasz_mean": 16.78499875482837,
    "calinski_harabasz_std": 0.4257713169015061,
    "davies_bouldin_mean": 0.9817910598675931,
    "davies_bouldin_std": 0.10579097589447589,
    "stability": 0.9772937734421014,
    "quality_score": 0.3128456899827967
  },
  "hdbscan": {
    "representation": "mfcc_mean",
    "algorithm": "hdbscan",
    "params": {
      "min_cluster_size": 3
    },
    "valid_runs": 1,
    "total_runs": 7,
    "silhouette_mean": 0.4444167346362693,
    "silhouette_std": 0.0,
    "calinski_harabasz_mean": 17.21213019488457,
    "calinski_harabasz_std": 0.0,
    "davies_bouldin_mean": 0.8747073377328045,
    "davies_bouldin_std": 0.0,
    "stability": 1.0,
    "quality_score": 0.4444167346362693,
    "mean_clusters": 2.0,
    "mean_noise_ratio": 0.4358974358974359
  }
}