{
  "kmeans_k3": {
    "algorithm": "kmeans",
    "k": 3,
    "silhouette": 0.4157005356575419,
    "calinski_harabasz": 27.010212740778154,
    "davies_bouldin": 0.7550110860722246,
    "num_clusters": 3,
    "num_noise_points": 0,
    "labels": [
      2,
      1,
      1,
      1,
      1,
      1,
      1,
      0,
      1,
      0,
      1,
      1,
      1,
      1,
      1,
      1,
      2,
      1,
      1,
      2,
      2,
      1,
      1,
      2,
      2,
      1,
      1,
      1,
      1,
      1,
      1,
      1,
      1,
      1,
      1,
      1,
      1,
      2,
      1
    ]
  },
  "kmeans_k4": {
    "algorithm": "kmeans",
    "k": 4,
    "silhouette": 0.2711741545863096,
    "calinski_harabasz": 25.252397112810122,
    "davies_bouldin": 0.9733737909043085,
    "num_clusters": 4,
    "num_noise_points": 0,
    "labels": [
      0,
      3,
      1,
      1,
      1,
      1,
      1,
      1,
      3,
      2,
      1,
      1,
      1,
      1,
      3,
      1,
      0,
      3,
      3,
      0,
      0,
      3,
      1,
      0,
      0,
      1,
      3,
      3,
      3,
      3,
      1,
      1,
      3,
      3,
      3,
      3,
      3,
      0,
      3
    ]
  },
  "kmeans_k5": {
    "algorithm": "kmeans",
    "k": 5,
    "silhouette": 0.2676635692087447,
    "calinski_harabasz": 27.262984765023717,
    "davies_bouldin": 0.767659945567325,
    "num_clusters": 5,
    "num_noise_points": 0,
    "labels": [
      2,
      4,
      0,
      0,
      0,
      0,
      0,
      1,
      4,
      3,
      0,
      0,
      0,
      0,
      4,
      0,
      2,
      0,
      0,
      2,
      2,
      4,
      0,
      2,
      2,
      0,
      4,
      4,
      4,
      4,
      0,
      0,
      4,
      4,
      4,
      4,
      4,
      2,
      4
    ]
  },
  "hdbscan_min_cluster_size3": {
    "algorithm": "hdbscan",
    "min_cluster_size": 3,
    "silhouette": 0.4221805529108567,
    "calinski_harabasz": 3.8300075173694044,
    "davies_bouldin": 2.159662333560205,
    "num_clusters": 3,
    "num_noise_points": 14,
    "labels": [
      -1,
      2,
      2,
      -1,
      0,
      0,
      -1,
      -1,
      0,
      -1,
      -1,
      0,
      0,
      0,
      0,
      -1,
      -1,
      0,
      0,
      1,
      1,
      0,
      -1,
      -1,
      -1,
      1,
      0,
      0,
      0,
      -1,
      2,
      2,
      -1,
      2,
      2,
      2,
      2,
      -1,
      0
    ]
  }
}