{
  "kmeans_k3": {
    "algorithm": "kmeans",
    "k": 3,
    "silhouette": 0.32729597703020513,
    "calinski_harabasz": 18.97358762514957,
    "davies_bouldin": 1.2339821235652642,
    "num_clusters": 3,
    "num_noise_points": 0,
    "labels": [
      2,
      2,
      2,
      2,
      2,
      2,
      2,
      1,
      2,
      1,
      2,
      2,
      2,
      2,
      2,
      0,
      0,
      0,
      0,
      0,
      0,
      0,
      0,
      0,
      0,
      0,
      0,
      0,
      1,
      1,
      1,
      1,
      1,
      1,
      0,
      0,
      0,
      0,
      0
    ]
  },
  "kmeans_k4": {
    "algorithm": "kmeans",
    "k": 4,
    "silhouette": 0.3101741409136907,
    "calinski_harabasz": 17.225782662809454,
    "davies_bouldin": 1.1374124863348076,
    "num_clusters": 4,
    "num_noise_points": 0,
    "labels": [
      3,
      3,
      3,
      3,
      0,
      0,
      3,
      0,
      3,
      0,
      3,
      3,
      3,
      3,
      3,
      1,
      1,
      1,
      1,
      1,
      1,
      1,
      1,
      1,
      1,
      1,
      1,
      1,
      0,
      2,
      0,
      0,
      0,
      0,
      1,
      1,
      1,
      1,
      1
    ]
  },
  "kmeans_k5": {
    "algorithm": "kmeans",
    "k": 5,
    "silhouette": 0.33619157514937115,
    "calinski_harabasz": 17.14122324736727,
    "davies_bouldin": 0.9333165268043988,
    "num_clusters": 5,
    "num_noise_points": 0,
    "labels": [
      1,
      1,
      1,
      1,
      1,
      3,
      1,
      3,
      1,
      3,
      1,
      1,
      1,
      1,
      1,
      0,
      0,
      0,
      0,
      0,
      0,
      0,
      0,
      0,
      0,
      0,
      0,
      0,
      2,
      4,
      2,
      2,
      2,
      2,
      0,
      0,
      0,
      0,
      0
    ]
  },
  "hdbscan_min_cluster_size3": {
    "algorithm": "hdbscan",
    "min_cluster_size": 3,
    "silhouette": 0.4444167346362693,
    "calinski_harabasz": 9.604865272600845,
    "davies_bouldin": 2.0398844164150702,
    "num_clusters": 2,
    "num_noise_points": 17,
    "labels": [
      -1,
      -1,
      0,
      -1,
      0,
      -1,
      0,
      -1,
      0,
      -1,
      -1,
      -1,
      0,
      -1,
      -1,
      -1,
      1,
      1,
      1,
      1,
      1,
      1,
      1,
      1,
      1,
      1,
      1,
      1,
      -1,
      -1,
      -1,
      -1,
      -1,
      -1,
      1,
      1,
      1,
      1,
      1
    ]
  }
}