{
  "kmeans_k3": {
    "algorithm": "kmeans",
    "k": 3,
    "silhouette": 0.35138250960419043,
    "calinski_harabasz": 23.990373985575797,
    "davies_bouldin": 1.0377588396681598,
    "num_clusters": 3,
    "num_noise_points": 0,
    "labels": [
      1,
      0,
      1,
      0,
      1,
      0,
      1,
      1,
      0,
      1,
      0,
      0,
      0,
      0,
      1,
      1,
      1,
      2,
      1,
      1,
      1,
      2,
      1,
      1,
      1,
      1,
      1,
      1,
      0,
      0,
      0,
      1,
      2,
      2,
      1,
      2,
      1,
      1,
      1
    ]
  },
  "kmeans_k4": {
    "algorithm": "kmeans",
    "k": 4,
    "silhouette": 0.33254564450260793,
    "calinski_harabasz": 24.272429645718425,
    "davies_bouldin": 0.9154372718283733,
    "num_clusters": 4,
    "num_noise_points": 0,
    "labels": [
      0,
      1,
      0,
      0,
      0,
      0,
      0,
      0,
      1,
      0,
      1,
      1,
      0,
      0,
      0,
      3,
      3,
      2,
      2,
      3,
      3,
      2,
      2,
      2,
      3,
      2,
      2,
      0,
      1,
      1,
      2,
      2,
      1,
      1,
      2,
      2,
      2,
      3,
      3
    ]
  },
  "kmeans_k5": {
    "algorithm": "kmeans",
    "k": 5,
    "silhouette": 0.3294466480506997,
    "calinski_harabasz": 25.042248743850173,
    "davies_bouldin": 0.9466028419010828,
    "num_clusters": 5,
    "num_noise_points": 0,
    "labels": [
      0,
      2,
      0,
      0,
      0,
      0,
      0,
      0,
      2,
      0,
      2,
      2,
      0,
      0,
      0,
      3,
      3,
      1,
      1,
      3,
      3,
      4,
      1,
      1,
      3,
      1,
      1,
      0,
      2,
      2,
      1,
      1,
      4,
      4,
      1,
      4,
      1,
      3,
      3
    ]
  },
  "hdbscan_min_cluster_size3": {
    "algorithm": "hdbscan",
    "min_cluster_size": 3,
    "silhouette": 0.467529908950777,
    "calinski_harabasz": 5.327878454693712,
    "davies_bouldin": 1.5102980324474753,
    "num_clusters": 3,
    "num_noise_points": 22,
    "labels": [
      1,
      -1,
      -1,
      -1,
      1,
      -1,
      1,
      -1,
      -1,
      -1,
      -1,
      -1,
      -1,
      -1,
      1,
      2,
      2,
      -1,
      0,
      2,
      2,
      -1,
      0,
      -1,
      -1,
      0,
      0,
      0,
      -1,
      -1,
      -1,
      0,
      -1,
      -1,
      -1,
      -1,
      0,
      2,
      2
    ]
  }
}