{
  "k3": {
    "algorithm": "kmeans",
    "params": {
      "n_clusters": 3
    },
    "labels": [
      1,
      0,
      1,
      0,
      0,
      0,
      1,
      2,
      0,
      2,
      0,
      0,
      0,
      0,
      0,
      0,
      1,
      0,
      0,
      1,
      1,
      0,
      1,
      1,
      1,
      0,
      0,
      0,
      0,
      0,
      0,
      0,
      0,
      1,
      0,
      0,
      0,
      1,
      0
    ],
    "silhouette": 0.3086750368312278,
    "calinski_harabasz": 19.34328917593649,
    "davies_bouldin": 1.0382144565908995,
    "n_clusters": 3,
    "n_noise": 0
  },
  "k4": {
    "algorithm": "kmeans",
    "params": {
      "n_clusters": 4
    },
    "labels": [
      1,
      1,
      1,
      1,
      1,
      1,
      1,
      3,
      3,
      2,
      1,
      1,
      1,
      1,
      1,
      1,
      1,
      1,
      1,
      1,
      1,
      1,
      1,
      0,
      1,
      1,
      1,
      1,
      3,
      3,
      1,
      3,
      3,
      1,
      1,
      1,
      1,
      1,
      3
    ],
    "silhouette": 0.38587867577522317,
    "calinski_harabasz": 25.808126264321928,
    "davies_bouldin": 0.5985942501517696,
    "n_clusters": 4,
    "n_noise": 0
  },
  "k5": {
    "algorithm": "kmeans",
    "params": {
      "n_clusters": 5
    },
    "labels": [
      2,
      0,
      2,
      0,
      0,
      0,
      2,
      3,
      3,
      1,
      0,
      0,
      0,
      0,
      0,
      0,
      2,
      0,
      0,
      2,
      2,
      0,
      2,
      4,
      2,
      0,
      0,
      0,
      3,
      3,
      0,
      3,
      3,
      2,
      0,
      0,
      0,
      2,
      3
    ],
    "silhouette": 0.31935785296933167,
    "calinski_harabasz": 29.508791864689734,
    "davies_bouldin": 0.6885172385467736,
    "n_clusters": 5,
    "n_noise": 0
  },
  "hdbscan": {
    "algorithm": "hdbscan",
    "params": {
      "min_cluster_size": 25
    },
    "labels": [
      -1,
      -1,
      -1,
      -1,
      -1,
      -1,
      -1,
      -1,
      -1,
      -1,
      -1,
      -1,
      -1,
      -1,
      -1,
      -1,
      -1,
      -1,
      -1,
      -1,
      -1,
      -1,
      -1,
      -1,
      -1,
      -1,
      -1,
      -1,
      -1,
      -1,
      -1,
      -1,
      -1,
      -1,
      -1,
      -1,
      -1,
      -1,
      -1
    ],
    "silhouette": -1.0,
    "calinski_harabasz": 0.0,
    "davies_bouldin": Infinity,
    "n_clusters": 0,
    "n_noise": 39
  }
}