{
  "k3": {
    "algorithm": "kmeans",
    "params": {
      "n_clusters": 3
    },
    "labels": [
      2,
      2,
      2,
      2,
      2,
      2,
      2,
      2,
      2,
      2,
      2,
      2,
      2,
      2,
      2,
      2,
      1,
      1,
      1,
      1,
      1,
      1,
      1,
      1,
      1,
      1,
      1,
      1,
      0,
      0,
      0,
      0,
      0,
      0,
      1,
      1,
      1,
      1,
      1
    ],
    "silhouette": 0.35043694318533886,
    "calinski_harabasz": 20.369920296831218,
    "davies_bouldin": 1.0717516253583217,
    "n_clusters": 3,
    "n_noise": 0
  },
  "k4": {
    "algorithm": "kmeans",
    "params": {
      "n_clusters": 4
    },
    "labels": [
      1,
      3,
      1,
      1,
      1,
      1,
      1,
      1,
      1,
      1,
      3,
      3,
      3,
      3,
      1,
      1,
      0,
      0,
      0,
      0,
      0,
      0,
      0,
      0,
      0,
      0,
      0,
      0,
      2,
      2,
      2,
      2,
      2,
      2,
      0,
      0,
      0,
      0,
      0
    ],
    "silhouette": 0.31420868919160266,
    "calinski_harabasz": 17.519144087315798,
    "davies_bouldin": 1.2580371404935438,
    "n_clusters": 4,
    "n_noise": 0
  },
  "k5": {
    "algorithm": "kmeans",
    "params": {
      "n_clusters": 5
    },
    "labels": [
      3,
      2,
      2,
      2,
      3,
      2,
      3,
      2,
      2,
      3,
      2,
      2,
      2,
      2,
      3,
      3,
      0,
      0,
      0,
      0,
      0,
      0,
      0,
      0,
      0,
      0,
      0,
      0,
      4,
      1,
      4,
      4,
      4,
      4,
      0,
      0,
      0,
      0,
      0
    ],
    "silhouette": 0.2790905354338399,
    "calinski_harabasz": 15.20239492605664,
    "davies_bouldin": 1.1623047634198127,
    "n_clusters": 5,
    "n_noise": 0
  },
  "hdbscan": {
    "algorithm": "hdbscan",
    "params": {
      "min_cluster_size": 25
    },
    "labels": [
      -1,
      -1,
      -1,
      -1,
      -1,
      -1,
      -1,
      -1,
      -1,
      -1,
      -1,
      -1,
      -1,
      -1,
      -1,
      -1,
      -1,
      -1,
      -1,
      -1,
      -1,
      -1,
      -1,
      -1,
      -1,
      -1,
      -1,
      -1,
      -1,
      -1,
      -1,
      -1,
      -1,
      -1,
      -1,
      -1,
      -1,
      -1,
      -1
    ],
    "silhouette": -1.0,
    "calinski_harabasz": 0.0,
    "davies_bouldin": Infinity,
    "n_clusters": 0,
    "n_noise": 39
  }
}