{
  "k3": {
    "algorithm": "kmeans",
    "params": {
      "n_clusters": 3
    },
    "labels": [
      0,
      1,
      0,
      1,
      0,
      0,
      0,
      0,
      1,
      0,
      1,
      1,
      1,
      1,
      0,
      0,
      0,
      0,
      0,
      0,
      0,
      0,
      0,
      0,
      0,
      0,
      0,
      0,
      1,
      1,
      1,
      0,
      1,
      1,
      1,
      2,
      1,
      0,
      0
    ],
    "silhouette": 0.41092652110180755,
    "calinski_harabasz": 32.98059707183465,
    "davies_bouldin": 0.7017354395029605,
    "n_clusters": 3,
    "n_noise": 0
  },
  "k4": {
    "algorithm": "kmeans",
    "params": {
      "n_clusters": 4
    },
    "labels": [
      0,
      1,
      0,
      1,
      0,
      0,
      0,
      0,
      1,
      0,
      1,
      1,
      1,
      1,
      0,
      0,
      3,
      0,
      0,
      3,
      3,
      0,
      3,
      3,
      3,
      3,
      3,
      0,
      1,
      1,
      1,
      0,
      1,
      1,
      0,
      2,
      1,
      3,
      3
    ],
    "silhouette": 0.3317007281140325,
    "calinski_harabasz": 33.540661590686874,
    "davies_bouldin": 0.804038103332641,
    "n_clusters": 4,
    "n_noise": 0
  },
  "k5": {
    "algorithm": "kmeans",
    "params": {
      "n_clusters": 5
    },
    "labels": [
      2,
      0,
      2,
      0,
      2,
      2,
      2,
      2,
      3,
      2,
      3,
      3,
      0,
      3,
      2,
      2,
      1,
      2,
      2,
      1,
      1,
      2,
      1,
      1,
      1,
      1,
      1,
      2,
      3,
      3,
      3,
      2,
      3,
      3,
      2,
      4,
      0,
      1,
      1
    ],
    "silhouette": 0.3503320453261261,
    "calinski_harabasz": 36.79717588427188,
    "davies_bouldin": 0.8844601426574027,
    "n_clusters": 5,
    "n_noise": 0
  },
  "hdbscan": {
    "algorithm": "hdbscan",
    "params": {
      "min_cluster_size": 25
    },
    "labels": [
      -1,
      -1,
      -1,
      -1,
      -1,
      -1,
      -1,
      -1,
      -1,
      -1,
      -1,
      -1,
      -1,
      -1,
      -1,
      -1,
      -1,
      -1,
      -1,
      -1,
      -1,
      -1,
      -1,
      -1,
      -1,
      -1,
      -1,
      -1,
      -1,
      -1,
      -1,
      -1,
      -1,
      -1,
      -1,
      -1,
      -1,
      -1,
      -1
    ],
    "silhouette": -1.0,
    "calinski_harabasz": 0.0,
    "davies_bouldin": Infinity,
    "n_clusters": 0,
    "n_noise": 39
  }
}