file_path,filename,original_filename,segment_index,logmel_0,logmel_1,logmel_2,logmel_3,logmel_4,logmel_5,logmel_6,logmel_7,logmel_8,logmel_9,logmel_10,logmel_11,logmel_12,logmel_13,logmel_14,logmel_15,logmel_16,logmel_17,logmel_18,logmel_19,logmel_20,logmel_21,logmel_22,logmel_23,logmel_24,logmel_25,logmel_26,logmel_27,logmel_28,logmel_29,logmel_30,logmel_31,logmel_32,logmel_33,logmel_34,logmel_35,logmel_36,logmel_37,logmel_38,logmel_39,logmel_40,logmel_41,logmel_42,logmel_43,logmel_44,logmel_45,logmel_46,logmel_47,logmel_48,logmel_49,logmel_50,logmel_51,logmel_52,logmel_53,logmel_54,logmel_55,logmel_56,logmel_57,logmel_58,logmel_59,logmel_60,logmel_61,logmel_62,logmel_63
/Users/yunhwang/Desktop/Stethoscope_Project/Audio shared/ML test sound list/RAW sound_ML test sound list/KP001_WWS.wav,KP001_WWS_seg1,KP001_WWS.wav,0,-19.022164996393894,-6.106326471929671,-4.067175822145842,-4.876639949883382,-5.985199544901236,-8.437021689412838,-12.498790249124726,-17.13593430810723,-21.09659567270129,-24.010278679259866,-27.418938049891032,-30.49210194039963,-32.16213640304549,-34.385459530177286,-36.95057507356847,-39.585408108006455,-43.12933762185049,-45.433541471885135,-48.54808388760378,-50.434137134176446,-52.89399108508728,-54.54968261313835,-55.87397329841263,-56.80411330235831,-57.347248052109244,-58.97682843349728,-59.94788896113269,-60.65132256801134,-61.45443314059853,-62.61952773314363,-64.87108066417113,-67.28183767154358,-69.24126958227843,-71.72561837332216,-76.32248579736303,-79.77832663538265,-77.61971098253771,-75.46245650799199,-70.72710322207384,-68.0168069377423,-66.20995285786645,-67.35927496862462,-67.24865591416003,-64.65702924259794,-62.948274764412865,-66.09476935744067,-64.59265047929344,-63.841947577520756,-61.30038261316056,-57.86567090836577,-58.151418811980385,-62.37822509636843,-63.81927675087347,-63.93984940459246,-63.25931035144829,-65.40987966398374,-65.07034061914955,-65.06354345769971,-62.681450070586486,-61.42498719145022,-59.90204142230726,-58.53295465024524,-55.7901025735928,-53.163038855114145
/Users/yunhwang/Desktop/Stethoscope_Project/Audio shared/ML test sound list/RAW sound_ML test sound list/KP001_WWS.wav,KP001_WWS_seg2,KP001_WWS.wav,1,-23.876829705362013,-8.831465962563353,-6.448603837270357,-7.649418417124729,-9.19617949456982,-12.152566400421952,-16.777351319139317,-22.00472341649736,-26.401023135955903,-29.63865324654589,-32.593199670923596,-35.403172181767815,-36.966017572732156,-38.89658964149311,-41.15236596003389,-44.809826831941116,-48.04986866229739,-51.3202360207038,-54.617988496873245,-56.826988272266696,-58.63501634257002,-60.189770444229886,-61.248701044002416,-62.31260551048423,-63.53868465409162,-64.49363229123333,-65.29777127072947,-66.36293087906371,-66.80269097500276,-67.65228859544645,-69.58943229144475,-71.513956907763,-73.49526524967922,-74.96247492835603,-78.09532872488175,-79.84270050613159,-79.20074495021768,-75.58979552953481,-71.03981848760424,-68.87236941388635,-67.38839216125241,-67.0628794421704,-66.96094438651832,-67.61682239611429,-67.86707109964138,-67.94258169459927,-67.91792136624255,-66.87121250982464,-62.49255160998889,-60.87696014755698,-59.211430066298874,-62.360679703120894,-63.941248871047925,-64.15648722486623,-67.65584930287191,-65.68185406797208,-64.77380005142348,-69.14746545336298,-66.20548813824236,-61.802215234381755,-64.72392553389335,-62.7983184229759,-58.659890286488185,-50.73929506992794
/Users/yunhwang/Desktop/Stethoscope_Project/Audio shared/ML test sound list/RAW sound_ML test sound list/KP001_WWS.wav,KP001_WWS_seg3,KP001_WWS.wav,2,-34.406677271003836,-13.202828604354774,-10.168431134729271,-13.128000407666448,-14.400988282069202,-18.75936654119442,-22.180974053780957,-25.034191485868774,-28.057312113903205,-30.726479778613857,-33.50628494499347,-35.16795717259288,-37.24069038143719,-39.7051658406344,-42.29100565938915,-43.825924220638306,-47.43075091632539,-52.09739181966936,-54.593807461209074,-55.93004363474847,-57.48011308418533,-58.38205321554519,-59.10784557873159,-59.10441605782391,-59.26834888972563,-60.513357040554176,-61.502275637969944,-62.2863526194931,-62.8774798727256,-61.29434078262148,-63.09435673288599,-66.27014337831062,-67.9992936840867,-69.99534994782839,-76.27390959293058,-79.83625445646807,-79.43996986918836,-79.09100530102194,-78.18050921940849,-78.02016166595897,-76.30643333590498,-74.99742824963363,-74.58909719292704,-75.93722306046998,-74.30134328720291,-73.8861979664303,-72.03048731193319,-71.67528881911048,-71.15066285117884,-64.65811441844163,-62.63448015468018,-63.854932548612965,-62.66099645060155,-62.82788581980804,-63.443632716451965,-61.34864425380136,-58.804119918955124,-59.533897719963385,-55.50561950958177,-55.05371497809943,-59.41170958183779,-58.755902892324706,-58.65342944846292,-58.82650509359859
/Users/yunhwang/Desktop/Stethoscope_Project/Audio shared/ML test sound list/RAW sound_ML test sound list/KP011_WWS.wav,KP011_WWS_seg1,KP011_WWS.wav,0,-18.016333668673013,-5.121483746923163,-3.3862450349139377,-3.7680985456814557,-4.294296624463061,-4.927216496161122,-5.981805676596737,-6.951133115916848,-7.71652395217289,-8.525641397099472,-9.382521700169006,-10.86184968542808,-12.256594505419509,-12.825119614778737,-13.657890341225553,-14.954712865325334,-16.009047366057185,-17.46016537172448,-19.49133184902378,-21.021607684167815,-22.42881605565815,-24.099715641269636,-25.51112786349884,-26.630795097491024,-28.64259721304711,-29.879561178515505,-30.84539267655767,-32.843897519049,-34.23639860221489,-35.5795534663436,-38.35018985739977,-40.62383792953106,-43.71971438546264,-48.01300789524568,-55.91988989400943,-76.21162893203591,-78.83600266042653,-77.33889286868532,-75.99616605658129,-74.29809654682504,-75.12811264038673,-75.0639098921138,-73.07985987407005,-70.2645830712767,-68.9166717960118,-70.44943663473416,-70.33321653807052,-69.49459622525222,-69.39080916875747,-65.28188277664778,-64.02320462394586,-64.58261702114169,-63.58320380406908,-64.58495366158924,-63.54426413659293,-61.11400825610728,-62.888017835699046,-63.657162445544955,-56.9558054329505,-51.21327522663299,-51.66783859554072,-52.87985146733837,-51.93858427172081,-55.053618694387644
/Users/yunhwang/Desktop/Stethoscope_Project/Audio shared/ML test sound list/RAW sound_ML test sound list/KP011_WWS.wav,KP011_WWS_seg2,KP011_WWS.wav,1,-17.18194256834975,-4.713191824636983,-3.3454838563608797,-3.655529458044762,-4.220501708599468,-4.584987706269313,-5.824830793346397,-6.9278949676114445,-7.658825465237899,-8.452248401605463,-9.46350115837206,-10.676008843521634,-11.995518941373648,-12.77850663736242,-13.72791985044025,-14.737005473116724,-15.871924623461016,-17.452592647628194,-18.976690270133613,-20.76358961250698,-22.57966100787427,-23.537143286025596,-24.814872369751594,-26.11193343387005,-27.84861046220781,-29.26321975195943,-30.314665066138513,-31.570683217812142,-32.874391201928674,-34.74612351828732,-37.75210460562501,-39.68285484708649,-42.52756598713629,-46.58315230125938,-54.58221631630287,-75.03433661741225,-79.61031398421845,-79.13812295465951,-77.19775409670295,-73.25046278299772,-69.88619103894071,-68.24689731311359,-67.89947591081929,-67.46511749632019,-68.7706848995942,-70.437261364835,-71.02273000612807,-71.69455884800453,-69.64257809646416,-62.71459535234061,-61.41285235982709,-64.56407804835595,-64.34314732361659,-63.889708134084486,-62.55511529459869,-64.98820683389016,-65.04778718026633,-59.40398548571758,-55.67735293822346,-53.526728432042724,-53.88473195438096,-55.34340121562571,-50.48240705885364,-52.050192368737605
/Users/yunhwang/Desktop/Stethoscope_Project/Audio shared/ML test sound list/RAW sound_ML test sound list/KP011_WWS.wav,KP011_WWS_seg3,KP011_WWS.wav,2,-16.99521982652839,-4.674861216375315,-3.352818984309974,-3.593005071249353,-3.8748984567149916,-4.241426010991036,-5.173884818381503,-6.03307456482181,-6.856421691341672,-7.378003599821237,-7.910631755086059,-9.380286271358122,-10.269498690206122,-10.869220342954165,-11.708370555811939,-12.774942467138976,-14.18157218857612,-15.73302072283695,-16.641010662613947,-18.362224087062376,-19.82641671900309,-21.34430564130766,-22.834805174010956,-24.20572571354103,-25.190393941610452,-25.96402978382479,-27.328219888524206,-28.708540481224958,-30.248690316929164,-31.734436838455757,-34.10032379965883,-36.42926914131039,-40.35757574898949,-44.38778623601713,-52.77022754205479,-75.54024154250848,-79.74468085025381,-77.94830841043286,-78.09508111802054,-77.39294184119623,-75.48252581960195,-75.32498090417785,-74.33297381394928,-73.79215862630599,-71.80134768256842,-70.69973442775724,-70.67406800934846,-70.93192752586424,-67.20658901655655,-61.620724674453385,-61.92283895382024,-66.04217243441117,-66.72155862160328,-64.400151181332,-62.33107666716657,-61.887765987681654,-60.885257167226804,-61.88897897024183,-56.83535691155066,-52.762671113497966,-46.99428716961935,-46.73774470792951,-51.77166222172222,-57.682685171336004
/Users/yunhwang/Desktop/Stethoscope_Project/Audio shared/ML test sound list/RAW sound_ML test sound list/WEBSS-005 TP6_seg-1.wav,WEBSS-005 TP6_seg-1_seg1,WEBSS-005 TP6_seg-1.wav,0,-18.000916559734506,-5.402782868175438,-3.529989082436194,-3.8017288205128716,-3.8933188905581955,-4.209875804663993,-4.334523523985392,-4.803474956068638,-5.302107551464445,-5.909440947809492,-6.059801123234571,-6.39437128646636,-6.784165990477383,-8.472725843567032,-11.310120570006355,-14.783680335960328,-17.921706130949413,-19.663169897797466,-22.453535123020064,-25.025190044617386,-26.727511044143437,-28.135975735120173,-28.8978549113445,-31.065991267760094,-32.336955987447396,-33.46179755103768,-33.667911912021694,-35.76081415573155,-39.28521621223882,-43.47532881428107,-47.429995707881005,-50.92543055447595,-54.2316379925688,-57.803583387307064,-64.66276913025473,-79.25714057064728,-79.06025529748892,-75.71270339983695,-73.6209093517618,-72.51788317409772,-73.77451736938508,-74.98952683704833,-74.76117952956845,-74.1458425628911,-74.85930915269908,-74.95440243430471,-74.10023677756058,-72.94352038674957,-69.75082476880698,-64.69970508801072,-64.44454685186318,-64.59698162338981,-66.541775964212,-65.7511106671491,-66.68265860548219,-64.54140313816394,-61.460414731125326,-60.473561339792354,-62.142133248655625,-60.719386001576844,-57.898560147210674,-61.8396524876262,-54.090874307518604,-49.362458720055464
/Users/yunhwang/Desktop/Stethoscope_Project/Audio shared/ML test sound list/RAW sound_ML test sound list/WEBSS-005 TP6_seg-1.wav,WEBSS-005 TP6_seg-1_seg2,WEBSS-005 TP6_seg-1.wav,1,-20.189186793785048,-9.104643865440563,-7.588112569972459,-7.88675493067887,-7.871576234508913,-8.062305108474316,-8.359503653447883,-8.868370917656895,-9.462478379329422,-9.938071203268287,-10.220531823009985,-10.204929803318853,-10.499068314260223,-11.884785522515143,-14.132202471178935,-17.20588561190213,-19.635386363888063,-22.145232265535423,-24.487130019876652,-26.51856705376897,-28.625847446837515,-30.605932520460115,-31.435552590079894,-32.53434760945601,-33.81099202703464,-34.786457953159626,-35.295502566140165,-36.72425722861553,-39.85324559587036,-44.65293781327809,-48.86841460023214,-52.74590541812954,-55.103734660149954,-58.46042286585838,-65.86180640442049,-79.54672107599717,-77.98864438614403,-76.93228036417413,-75.840424409086,-73.83608982332214,-73.55976886091273,-72.73341694231478,-72.66872291971495,-71.9201925646748,-73.27439391726638,-72.54528237638483,-71.79620984503181,-70.62757072074216,-68.92642794846722,-64.94014397857158,-64.0292834146403,-69.05259959278678,-70.24094581501471,-66.35845791134598,-64.49093268160031,-64.82081203819608,-62.87706356834553,-63.806849835607736,-64.1872028855196,-60.33173156891445,-58.87143921332132,-57.67201376425096,-57.20350663930245,-57.26120569805443
/Users/yunhwang/Desktop/Stethoscope_Project/Audio shared/ML test sound list/RAW sound_ML test sound list/WEBSS-005 TP6_seg-1.wav,WEBSS-005 TP6_seg-1_seg3,WEBSS-005 TP6_seg-1.wav,2,-19.2528509395469,-5.896047207094536,-3.7852808405474008,-4.07111692342102,-4.035182897098023,-4.578394257891554,-5.0901006012677845,-5.573870799836647,-6.041003696006039,-6.845283614500455,-7.247544679813265,-7.541600501885064,-8.059057380251938,-9.487103942236931,-12.05112580036506,-16.09915939547891,-19.054710734676,-20.655851553322183,-23.14492576858756,-25.729195372538854,-28.02904940348959,-29.582057726039423,-30.93966962587353,-32.27305958475812,-33.58641718163158,-34.990155488789476,-36.37564957080112,-38.270749309340495,-41.5142121706528,-45.22813023222968,-48.66447879143595,-52.55262180896258,-56.40156133955346,-60.184343709366985,-67.4194092919001,-79.56708188499036,-79.6604666922022,-76.93528732589422,-74.35819848536761,-71.94040408023872,-71.94399737879476,-73.69072474862746,-75.9480815015677,-73.42204978400575,-73.26262145905636,-75.03049514220216,-71.19722037959362,-67.36178432561277,-65.17508802736712,-63.680073908419935,-62.986321118472446,-65.53739821445241,-66.45357660350125,-64.9480433322492,-65.32811206031218,-63.21488385229312,-61.8160961853782,-59.120120489486524,-62.61703032109705,-67.98229973871757,-59.04211357389803,-52.425520244093796,-50.61805853417112,-51.186801014101704
/Users/yunhwang/Desktop/Stethoscope_Project/Audio shared/ML test sound list/RAW sound_ML test sound list/KP008_WWS.wav,KP008_WWS_seg1,KP008_WWS.wav,0,-17.37705425261027,-4.896590219241172,-3.2359460909037736,-3.5727430869624084,-4.7446053238311094,-6.277531451895241,-8.26762215817922,-10.295714006681244,-13.219831789513492,-14.531329690774964,-15.484939783922659,-16.312449808781043,-17.163405901843014,-18.950608681151145,-20.161949024991095,-20.636810394017335,-24.402244345872905,-27.527527908602234,-30.269357550229746,-31.79022054218878,-32.50896437416556,-34.407408928076585,-36.20359752121408,-36.826643992905936,-38.32556423273407,-39.42321832667376,-40.51590913413166,-41.53184381319023,-42.41686313235013,-42.835164059817025,-42.896098156173,-44.57023174008689,-46.30419330947243,-47.166373042586216,-55.72401016193357,-78.5904208988391,-78.81026071022583,-77.88308729246987,-77.90748606770536,-76.31181800645264,-76.07058369063289,-73.719687224839,-74.04594004303151,-72.07076171111284,-71.38012199486671,-71.05802501376778,-69.49495168908145,-69.18963693497165,-69.17715451715962,-65.56854128026619,-64.95704232327829,-65.84823994039876,-66.46997854945221,-66.44492285870157,-63.509911082476386,-61.094167090802635,-60.82918652429906,-63.388091090451255,-61.862575941928256,-59.281373989755586,-56.65463448895634,-52.45037341078519,-52.57572098534789,-51.66517300511698
/Users/yunhwang/Desktop/Stethoscope_Project/Audio shared/ML test sound list/RAW sound_ML test sound list/KP008_WWS.wav,KP008_WWS_seg2,KP008_WWS.wav,1,-18.35982037558871,-5.027630916057306,-3.141507581438641,-3.4955080850492464,-4.858063212662641,-6.946750412726358,-9.148695982784592,-11.305539723762134,-14.32992304561224,-16.613520490156176,-17.46946683543122,-18.274991944327,-19.245382371273774,-21.053442224522822,-22.89113022113395,-23.98653629365682,-26.852981969362013,-29.549542443007443,-32.73006272028046,-34.80521057625992,-36.18101330738425,-36.89598295913579,-38.88499997758933,-39.733934385083025,-40.43715104631246,-41.528265813850815,-42.46881990848804,-43.76130406089737,-44.12592162612841,-44.9178934265078,-44.940527898670055,-45.82002371064804,-47.786511799561836,-49.64413416119311,-56.90581533036862,-78.44492529987853,-79.62045494632751,-78.76052177026858,-75.53345354755649,-73.80462076283077,-73.24434588091964,-72.2451242296851,-72.1464462976731,-70.54573175584054,-70.4885084373003,-73.18996740382802,-73.7427466778898,-73.60486830036137,-72.18080080069426,-63.65981926195825,-62.38194149559573,-61.61501333133386,-63.218750708462935,-64.6774557698296,-63.762237579908984,-65.05224832914466,-66.14557657586933,-63.538858043569675,-57.01214475687641,-55.82733497125914,-55.03450144777559,-51.86955480951666,-51.90141032863471,-52.27880313254034
/Users/yunhwang/Desktop/Stethoscope_Project/Audio shared/ML test sound list/RAW sound_ML test sound list/KP008_WWS.wav,KP008_WWS_seg3,KP008_WWS.wav,2,-17.053307888269675,-4.810747445893206,-2.950890788530003,-3.1700596572098187,-4.247755421169868,-5.8780079908998495,-8.111833989288508,-10.33446988273439,-13.04540448129888,-14.448026548724576,-15.64174509140286,-17.123038328075417,-18.216163415091366,-19.278335334177385,-21.380383161407806,-23.107071764096613,-25.352403059323528,-27.42318698692708,-29.956923291444383,-31.784685530422234,-32.63441717874242,-34.597768228147544,-36.59152830561845,-37.375602459848295,-39.00043900178105,-39.566640057142855,-39.64055104120272,-40.87256868586001,-42.00596910758803,-41.97502762258397,-42.37040748007178,-42.98735256553402,-45.60407510375021,-46.82625966893623,-54.128366781631506,-78.26041426571301,-79.723596488815,-77.29271134170801,-76.43904040538861,-76.62836418664395,-75.46014003588148,-74.0521235658289,-73.86363724189097,-71.39189018090516,-72.27585123957056,-74.95399020391079,-74.28068704174721,-72.04602875462425,-71.685744178334,-65.78924938869285,-64.00501870735741,-63.227725126757136,-64.526382515792,-64.04730246701132,-64.2405095362434,-64.68358992221951,-63.16782378713502,-58.15345939135807,-56.487851836238484,-59.53564322795898,-58.97697809584674,-49.00147114124605,-47.70486532459202,-55.790053340049745
/Users/yunhwang/Desktop/Stethoscope_Project/Audio shared/ML test sound list/RAW sound_ML test sound list/KP009_WWS.wav,KP009_WWS_seg1,KP009_WWS.wav,0,-25.246370446713367,-9.038033760063232,-5.699961397685382,-6.922111019994773,-8.796241916295626,-10.337932880952776,-11.781203663787537,-13.321648798996721,-15.38030561588304,-17.07644943597498,-17.250901260144737,-17.9585019729722,-19.59633530365858,-21.52478914616952,-22.592758744111432,-23.69860726295121,-24.3349776222331,-26.99520138999955,-28.54304667530317,-30.47418135033078,-32.42186078326099,-34.27856330566743,-36.434287732638026,-37.34122230583333,-37.785723240542225,-38.35638194322013,-39.57079203567144,-40.38008145947677,-41.47707204315709,-43.8853678411427,-46.055258577593264,-48.575216312065876,-51.43574231776777,-53.394377469096966,-63.57161231456559,-77.68217326961327,-79.70182712736842,-78.85121697589605,-78.2426239120539,-77.51743993217033,-76.63446614794327,-75.9904732260041,-74.93549272217847,-71.5851565118432,-72.03145125246128,-76.13217860412645,-74.54063230240638,-74.08461971038308,-73.74480575707916,-70.37337657853575,-70.81020392528583,-71.16659333692081,-67.75693499526022,-63.23670864358356,-60.55520571426652,-57.23462332922903,-57.037521755753794,-53.749686609927934,-56.51202206357883,-61.518904280114626,-52.1520861097464,-49.395210831049525,-52.42212581220571,-57.90221225290585
/Users/yunhwang/Desktop/Stethoscope_Project/Audio shared/ML test sound list/RAW sound_ML test sound list/KP009_WWS.wav,KP009_WWS_seg2,KP009_WWS.wav,1,-21.758663876706027,-7.540937982985427,-4.59892296661444,-5.510212998039487,-7.397564804676579,-9.214732359168774,-10.283940997823068,-11.229977913557251,-11.981899006273736,-13.041241326654665,-14.697702555363966,-15.851176420898287,-16.928203986312045,-18.705009399116047,-20.390795349823602,-20.74922980107534,-21.316550101276125,-22.89368116605703,-26.332623520660782,-29.00208431307227,-30.326345690498684,-32.36925994368919,-35.39912409193208,-36.24100357901925,-36.05476314300531,-36.49340204445327,-38.25808077325325,-39.96998152132143,-40.46433200081376,-41.16387198920966,-42.56480163807118,-44.33556055050347,-47.24898449723791,-49.01291498259931,-60.53397054565017,-78.29942014994813,-78.8737649475471,-78.87516285253778,-78.5113368915665,-76.21663518918096,-74.7271881379207,-73.13649494509998,-73.02112121130283,-72.89443050681884,-73.14286259695687,-75.80594274929807,-75.49951353406401,-74.62597850550618,-71.98779102497456,-67.04498289944901,-67.45416337337991,-69.63496412598589,-65.5104555941825,-64.55586752963913,-62.24451884566845,-59.18131060046494,-59.77446566041029,-58.52489021019206,-52.566979125648054,-48.92326281579646,-46.59073589395434,-46.33445788668762,-51.20034081801191,-59.82909790194178
/Users/yunhwang/Desktop/Stethoscope_Project/Audio shared/ML test sound list/RAW sound_ML test sound list/KP009_WWS.wav,KP009_WWS_seg3,KP009_WWS.wav,2,-24.188296984147236,-8.760424921953556,-5.6175019419192385,-6.82955801631243,-8.92591738367245,-10.904858355952177,-12.077715389919682,-13.839988704709679,-15.059173570601914,-15.96959065018795,-16.16475969269905,-18.56140743984782,-19.18865867774227,-19.97092202708308,-21.795753583857294,-22.36556808207121,-21.653024035468185,-24.48186673018262,-26.69286100355357,-29.847018928435403,-33.113163604911215,-35.127222411733335,-37.71058976110313,-38.603962318092876,-39.64861657974351,-40.61185053833074,-41.604505248889666,-43.01304212645526,-45.405906696953586,-45.06148965754076,-45.553467873020516,-49.931122188328224,-52.95203296449653,-54.95907130934057,-64.15898943540292,-78.92422016580669,-79.75251892166699,-79.74146482743151,-78.03240918179328,-75.90204761765332,-74.38743406902869,-72.41612976492249,-70.11238435989851,-69.16660850185609,-70.09210470234096,-72.2886697822068,-73.80210711912626,-73.94481779572864,-74.54759376058627,-65.86711081790799,-64.71682402850213,-67.53710616657372,-66.79209289437216,-64.69220803662836,-61.412356296783095,-61.801407816048886,-57.37480999257601,-55.95978779973889,-59.652880646458556,-54.63513845950932,-48.55169307811436,-44.64995884754082,-48.13864529334804,-61.85322851362008
/Users/yunhwang/Desktop/Stethoscope_Project/Audio shared/ML test sound list/RAW sound_ML test sound list/KP010_WWS.wav,KP010_WWS_seg1,KP010_WWS.wav,0,-17.2418540274954,-5.27537268313357,-3.6842713038034716,-4.150326033302744,-4.875976193067906,-5.6064747447428855,-6.6901427632396535,-7.672083628678949,-9.195793436927946,-10.017299188820127,-11.087001377030152,-12.071727133424927,-12.736963195198998,-13.922895024749037,-14.554661789651115,-14.916716351625105,-16.205382289119434,-18.502211960731962,-20.60888064385204,-21.663933903886363,-23.840845286568502,-25.504388165830537,-26.373401370551594,-26.813263540265343,-28.696879149993677,-30.420628544283545,-31.492874925505806,-32.74724383745064,-34.260468704154796,-34.900989239464565,-36.3170294341327,-39.370269250210455,-43.829748680573694,-47.600547154707805,-55.340133625015326,-78.19573535339076,-79.67361225876088,-79.22355537751895,-78.72060445995386,-75.55058358601845,-75.17498098294898,-77.01064856103245,-73.6300258777236,-72.0075686494009,-71.2485449345597,-71.24927289715096,-69.65403967035078,-68.46178483944564,-67.93538874193104,-62.75577724709491,-61.90342042743715,-62.607781635787255,-62.96699014427484,-65.81342368514414,-62.36309327620127,-62.48883875525251,-65.29226218269396,-62.87678949535449,-61.73466431416193,-58.6263056661407,-54.762207182291625,-52.00167617225443,-50.84403510007659,-54.64554688047041
/Users/yunhwang/Desktop/Stethoscope_Project/Audio shared/ML test sound list/RAW sound_ML test sound list/KP010_WWS.wav,KP010_WWS_seg2,KP010_WWS.wav,1,-16.335951858933157,-4.6831318318228785,-3.2393944843823173,-3.447021702616221,-3.864118414492213,-4.657469615656518,-5.8380191102861385,-6.760377078464505,-7.5148542578770865,-8.724824444225277,-9.470505024092555,-10.595205315796402,-12.32281241260551,-13.125154258630893,-14.120087140512332,-15.349762871576202,-16.018217435958725,-17.785552689205144,-19.835488809093487,-20.94722472983616,-22.43596937029665,-23.47571539856224,-25.03520208298389,-26.210185326475848,-26.938696834066377,-29.10172183492535,-30.784810846619166,-32.305687012402934,-33.978061358875316,-35.43175492134905,-37.07108356250306,-39.79288138056704,-42.94680855824899,-46.50276225787819,-53.51272910746245,-77.4783005988384,-79.69564954852733,-77.97535157336394,-75.70583144170482,-73.07049509766712,-72.7273213736732,-72.90183147361807,-71.0408743210132,-69.28786075854885,-70.16785867522526,-74.21410597364542,-74.52943323440036,-71.0010498479532,-64.36433474764533,-61.879837533383586,-62.23975877803634,-66.16224124229473,-62.92632226763742,-62.004094839853096,-65.08411700908283,-63.793427895482644,-63.32261539396257,-59.17280535005008,-57.49268272357571,-61.3878646568575,-55.53173463032712,-49.84475932890561,-51.67419668631809,-52.7213660650725
/Users/yunhwang/Desktop/Stethoscope_Project/Audio shared/ML test sound list/RAW sound_ML test sound list/KP010_WWS.wav,KP010_WWS_seg3,KP010_WWS.wav,2,-18.65711109071205,-7.279243763634953,-5.792120706508798,-6.105285383825068,-6.550018359248547,-7.310729003382118,-8.323495896588797,-9.12116631535611,-9.811725909004876,-10.767339279249084,-11.877152994071489,-13.03155367755242,-14.196757448396887,-15.319617212466675,-16.578756783504417,-17.852104558984433,-18.204271562571474,-19.665870326836682,-21.5701621450366,-23.06615347612131,-24.82949500093149,-26.052078696625482,-27.487919831341873,-28.652976907781827,-30.18913952023446,-31.348458692147386,-32.45361600612708,-34.70617115276449,-35.288255969067635,-36.816214235023935,-39.65002530523905,-42.105255342623664,-45.27055190814972,-48.473449143222126,-55.33517593555202,-78.2255067791559,-79.55550899620067,-78.77866507195115,-78.05091154303466,-75.61005891192414,-73.01467617130204,-71.38729192704348,-68.95207718157712,-69.31772261857154,-68.20220978794816,-70.11014930992565,-70.04419442652264,-70.16243461643155,-67.64407121288656,-63.34976457839975,-64.10799361315073,-67.0925774033724,-64.5661674282541,-63.37836829344159,-64.59186554442039,-65.8974196098473,-63.721866893095275,-61.28266872214471,-58.56868844014063,-58.220894558250464,-54.22184156842833,-50.21134543258152,-50.048907919220895,-53.644338618751824
/Users/yunhwang/Desktop/Stethoscope_Project/Audio shared/ML test sound list/RAW sound_ML test sound list/H004.wav,H004_seg1,H004.wav,0,-15.112778280562791,-4.245932224238418,-3.0491904571533848,-3.5434309755098807,-4.568801046142507,-5.39384251289814,-7.022959803255896,-9.012617857768213,-11.561404408404806,-13.96209977480358,-15.367238689733652,-16.95953794974693,-18.90560838633692,-20.751873296010906,-21.65702793292133,-23.236939133439744,-24.2926594160632,-25.96118406737469,-26.167216858674955,-27.214721335844143,-29.459702160132746,-31.556256473077624,-32.399769395555595,-33.41299895256075,-34.49910702106518,-34.91413653179229,-35.50824973640092,-36.8971804416647,-37.90017135059942,-38.80218742581299,-39.58350031472502,-40.59290475189533,-42.09819542468656,-44.10795790236117,-50.44198601517492,-76.61910071695077,-79.73506278683178,-78.87615531794152,-77.20981108891417,-76.16609041939238,-68.9407689366719,-67.82415456585711,-68.20571573285382,-67.99910239043069,-68.82462444914904,-69.25356020134984,-71.5874510787154,-73.29376388554499,-69.39004821072213,-65.30112334278142,-65.2212464453378,-65.21855006596233,-66.71748527790598,-65.12714902160401,-58.59944349645177,-59.722666693100535,-60.37882966369217,-61.21267506951899,-60.59493056907765,-54.38232393858451,-48.5196610005093,-45.920952156063166,-51.10578591450962,-55.85609141111565
/Users/yunhwang/Desktop/Stethoscope_Project/Audio shared/ML test sound list/RAW sound_ML test sound list/H004.wav,H004_seg2,H004.wav,1,-11.76332801593291,-3.007294237515824,-2.291009129775436,-2.5205195945777716,-2.8247089016310953,-3.3138902499245013,-4.227149639598891,-5.834971228334991,-7.615467270082466,-9.338192552209769,-9.949571316049486,-11.277798573325331,-12.673510802395237,-13.507193382018537,-14.506342484791011,-15.97879742329184,-16.918144393309863,-17.7421319690898,-18.15318062821702,-19.637617989181653,-21.70135209328504,-23.582251180932047,-25.33650452235438,-25.4910463526962,-26.589790808775636,-25.325138457983748,-26.069052055826074,-28.785188065362615,-29.93089201708352,-31.426755197556755,-32.57977746913991,-33.60143386219864,-35.661036196696,-38.77313288680016,-44.86478976688652,-70.7560461371703,-79.67733622014818,-77.48969252311761,-74.64423885766597,-71.42830074891243,-72.68429192912156,-73.48901079695646,-73.39911014385575,-72.22784596659822,-73.14456199361844,-74.76373338471456,-72.6503620016449,-70.96603911123725,-69.56527761852138,-64.13570558557049,-62.90688145433555,-64.28866912564584,-64.6953919153983,-64.28354824776744,-62.39783777565075,-61.29845677349156,-64.8425828177967,-60.201841715864646,-55.5459550063372,-52.116020887277735,-49.28838729847278,-48.1703243875857,-48.165702033018945,-53.56779888614108
/Users/yunhwang/Desktop/Stethoscope_Project/Audio shared/ML test sound list/RAW sound_ML test sound list/H004.wav,H004_seg3,H004.wav,2,-12.27692756204768,-3.8061832255835464,-3.3243324164550287,-3.620492056212953,-4.082634085774099,-4.687750746687079,-5.499068599858702,-6.883495627941408,-8.895868375035487,-9.777847040358141,-11.340951660870152,-12.559586013138171,-13.642817774036226,-14.995505053335213,-15.503431836195576,-16.7780343735807,-17.75239096135512,-18.57074445381426,-19.60094636201657,-20.48658267760442,-22.68138576819947,-24.714612692754333,-26.298142553188427,-26.82495644436585,-28.226754769644558,-28.651828467504913,-29.737009477198054,-31.592972914151918,-32.57032111444712,-33.85509339282647,-34.88765873235745,-35.957433175943905,-37.71517736354918,-39.693047196750804,-46.20786373812352,-72.33379060184683,-79.57203998646769,-78.97624233769298,-77.7389230711635,-74.93345654899028,-74.38502649404002,-72.11110728923518,-68.99039786007239,-67.27267974319527,-66.75142294746577,-68.69392790773809,-68.94728117524775,-68.06124806705577,-67.89426543898243,-63.015757937695426,-61.70879846828187,-63.7130187704351,-66.20824199291333,-66.06628359052378,-62.98455512942295,-61.52516343690654,-59.36379015572283,-60.47626485109762,-61.55050814327888,-57.19096911095845,-53.88199159451582,-48.94239935763972,-49.1637000830833,-56.14972652674891
/Users/yunhwang/Desktop/Stethoscope_Project/Audio shared/ML test sound list/RAW sound_ML test sound list/WEBSS-007 TP4_seg-1.wav,WEBSS-007 TP4_seg-1_seg1,WEBSS-007 TP4_seg-1.wav,0,-28.36671087207845,-9.833740441284089,-5.770078041791097,-7.238122314629258,-9.934460014380168,-13.654341041969252,-18.682704881256658,-23.220358945959507,-26.696225257059,-28.138239974947613,-30.10230428829572,-32.53548286393812,-34.441625007869284,-36.829491237550585,-38.54127187846817,-40.28195797585694,-39.76720924060811,-39.023743769161,-39.617187511849174,-45.53966868444303,-47.885487722897324,-48.66743760451081,-48.7396112037638,-52.26573091585982,-55.05944455605326,-57.0382097709424,-58.66746106187088,-61.282239727900716,-63.71162211526107,-61.330222942803346,-59.626001971983435,-61.10929371653818,-64.1240689090806,-65.97421721304251,-71.29339115948503,-79.38663324570201,-79.8556034873335,-79.86217032302116,-78.26963674584628,-77.95363853319287,-78.5144689197599,-78.13722570877653,-76.92508110782808,-75.77526868699039,-75.1388362046016,-76.1952330872933,-75.8835766927921,-73.8328189389189,-71.82085427373221,-69.62697956236102,-65.88077592559713,-64.64334582284162,-67.8787750808901,-65.63716986903893,-63.50405209757633,-63.75077863030956,-63.57176690381969,-61.586856042412045,-59.0383379012589,-52.75556222499914,-48.50482940948562,-45.74287963104273,-48.90750064388817,-51.90818905663517
/Users/yunhwang/Desktop/Stethoscope_Project/Audio shared/ML test sound list/RAW sound_ML test sound list/WEBSS-007 TP4_seg-1.wav,WEBSS-007 TP4_seg-1_seg2,WEBSS-007 TP4_seg-1.wav,1,-22.682566643258333,-7.479981279010557,-4.8879724086832566,-6.0433621232392225,-8.044310201440206,-11.032917424105564,-14.807786399241271,-18.27127331833775,-19.65020391248707,-19.157294232376117,-21.934649023984612,-25.814024025451577,-27.3086417964711,-27.653648027440532,-28.126510390387136,-28.868204614510482,-29.601060102811267,-31.615008510682028,-32.538706852881354,-35.8319825344299,-39.00692426411121,-40.77552009741915,-43.55429504215409,-46.04824522335215,-47.28278122555676,-48.30181791746896,-50.13489418231217,-53.22624096090007,-54.36684895039442,-54.532052654253405,-53.50348445178823,-56.07409094177153,-59.11433661335245,-61.63584564550891,-68.26110678155923,-79.21645790997746,-79.78078421332933,-77.38964755264058,-75.51566457602054,-76.41767477537019,-76.92869628152307,-76.69328576451798,-76.88941534220037,-75.86522133246191,-76.60686118980293,-76.10641480362465,-74.08917447168353,-73.47101351304448,-71.06636764071845,-68.61021042776565,-66.0883158401073,-64.37240656300008,-66.45857112231907,-67.5721688525689,-63.856050903519844,-62.80580274724104,-64.13418431799435,-63.268440628677084,-59.991272474415446,-54.55725025722596,-49.000564674901575,-46.89912380449821,-46.02045160990261,-53.25832348518642
/Users/yunhwang/Desktop/Stethoscope_Project/Audio shared/ML test sound list/RAW sound_ML test sound list/WEBSS-007 TP4_seg-1.wav,WEBSS-007 TP4_seg-1_seg3,WEBSS-007 TP4_seg-1.wav,2,-24.11063345428929,-8.09336445413224,-5.331686734290716,-6.7973908201763065,-8.442259849367797,-11.150810862753904,-15.285519319129602,-16.468555217732142,-17.525878834504653,-18.962283288231934,-20.63300295381513,-24.260202536465865,-26.7041549819018,-28.359029017880836,-27.76078996099432,-28.05573994386495,-28.458013701430225,-29.61825101921605,-31.68077477734089,-34.469051219799915,-35.78295703324953,-37.010744097387786,-39.273236547306354,-42.07778438361997,-44.32880802927921,-46.45743055443383,-48.40292023895727,-50.06686811798508,-50.36857758399018,-50.43208684714968,-50.48427638564102,-53.923954270419785,-56.784670065469086,-59.0316584098351,-65.69563147269454,-78.23444433519194,-79.8720383433996,-78.36544476825978,-76.25380313077866,-75.71814990259404,-74.43813510454687,-74.55241908069648,-75.84697897733241,-75.10488549224569,-75.361072400547,-76.55677989230163,-75.7254868672909,-74.19738378740655,-73.86276987197688,-72.04130717643837,-70.78701334331232,-69.11268097266523,-66.25629613451045,-62.850603816574264,-60.99974049182182,-62.486499094661916,-62.511869683296716,-58.37869288847497,-57.28823904627407,-53.85302932531294,-50.54219274630252,-49.41402460078366,-49.531583391941275,-56.18190929156227
/Users/yunhwang/Desktop/Stethoscope_Project/Audio shared/ML test sound list/RAW sound_ML test sound list/KP003_WWS_2.wav,KP003_WWS_2_seg1,KP003_WWS_2.wav,0,-23.194296266348765,-7.632528949459553,-4.702415177734014,-5.949245233856276,-9.543938633497424,-13.263856967470025,-15.131830713335125,-17.904480195682027,-19.680897414602352,-21.29689997062773,-22.051630414736692,-22.78570829756672,-23.931617243975445,-27.255077186407348,-29.415861204017737,-29.1047202962481,-30.63178319371031,-31.792148320019255,-31.848516606802114,-32.066838395472544,-34.81242254582808,-37.60842989485764,-39.981446126459765,-41.22028837099926,-42.37939968485528,-42.70640642855383,-43.14681962057491,-43.8165825749026,-43.77173205909817,-43.90395645829066,-44.7449115619706,-45.71397697364697,-46.92438654289343,-48.780480242278365,-54.939363031208416,-76.36054545251953,-79.6619039684343,-79.68284723954612,-78.97428043457747,-78.74406403677523,-77.05103773473516,-76.17439414570744,-74.65677129202803,-73.75029497652342,-72.11205863571628,-73.20937351069273,-73.04926527464053,-71.671855824063,-69.9071735224236,-67.26797536313724,-67.1834882213407,-66.67531977671793,-65.14889861956324,-63.027984628785674,-62.10437886331858,-60.904170818438146,-59.48803784491612,-57.185264686375554,-58.52898573102481,-53.075797181920066,-45.652890271066994,-43.777666097227275,-46.72714389304068,-54.86093732816866
/Users/yunhwang/Desktop/Stethoscope_Project/Audio shared/ML test sound list/RAW sound_ML test sound list/KP003_WWS_2.wav,KP003_WWS_2_seg2,KP003_WWS_2.wav,1,-14.424929234404667,-4.141898771525873,-2.9004351952227316,-3.1788106092369346,-4.169348975616533,-5.160535648810481,-5.906217016209222,-6.94856932455612,-7.806808831692456,-8.805382306734334,-9.714533576280509,-10.189798737967424,-10.2276512159289,-12.432594082869866,-14.46426660221846,-14.570026679895795,-15.360459160506279,-15.818969423702253,-15.767177902672168,-16.23967067023987,-18.205859069584733,-22.373775791138264,-24.362558845164767,-25.214323095459736,-26.2025228975477,-26.689930197038993,-26.62684825779203,-27.339408055870923,-26.799390239591297,-26.85935832445229,-28.106279312930234,-28.173569761846274,-29.11162987782775,-31.227880950698847,-37.36719669133369,-63.06888429350527,-79.6148873226244,-78.72703069158047,-77.14380772941682,-77.47731215583337,-75.11779630617022,-73.08203361381038,-74.59950376245101,-72.61452164637898,-73.44785557285404,-74.91058205386189,-75.2303710556902,-75.0791272544671,-73.82324449300262,-69.39589424645598,-68.66164025146018,-68.65649421953134,-67.01872131487453,-66.48669175002668,-61.11413076971849,-59.808557409145855,-60.06060996887657,-54.41334889819484,-53.88144064173089,-51.79031461326549,-45.34289863138339,-43.81253016534508,-45.307280978250446,-55.36071351550849
/Users/yunhwang/Desktop/Stethoscope_Project/Audio shared/ML test sound list/RAW sound_ML test sound list/KP003_WWS_2.wav,KP003_WWS_2_seg3,KP003_WWS_2.wav,2,-24.10204130861052,-7.970670265081915,-5.577140974344523,-6.898968909334541,-9.814379744758499,-13.613367136565381,-16.36040786927784,-17.690660972282245,-18.75545578287201,-21.78981809235241,-23.71981702579229,-24.346200354668937,-25.70430804684276,-28.497572987398854,-30.789780103734156,-31.953709356834736,-31.594888358229785,-31.45143585988635,-33.71935795894036,-35.20030154534906,-37.51084613011919,-40.83837824873694,-42.62384993969735,-43.94404438481249,-45.34706307783199,-46.45574598170117,-46.79057630454683,-46.74626963596133,-47.02435185943997,-47.20966069009856,-47.22543608575826,-47.67096305343092,-49.578710118506635,-51.99594814754798,-58.690222674295335,-76.16907007860463,-79.63233927946615,-79.63745318122167,-78.67658446833752,-77.89579040574726,-77.96039641756441,-77.89580786754513,-77.0833620423306,-74.91100984358863,-74.78619925400119,-74.57326355267905,-72.24184038326987,-71.15221543952782,-69.37199929123015,-63.6797279513841,-62.9753552016016,-65.54968721285934,-62.01132713733354,-62.69485211661392,-63.42559074227989,-62.408003738413356,-64.71130532237198,-59.31394801400312,-55.32040850579628,-51.277475201799284,-48.84469031484637,-45.21900871470618,-48.13497524701312,-57.20668490405869
/Users/yunhwang/Desktop/Stethoscope_Project/Audio shared/ML test sound list/RAW sound_ML test sound list/KP002_WWS.wav,KP002_WWS_seg1,KP002_WWS.wav,0,-28.397861274066187,-10.546921360251245,-8.786871291152714,-10.448729518381194,-13.226409932061225,-16.668068820495947,-20.05827478847648,-23.724449349956423,-23.897942986046843,-26.751395188691077,-31.941925126087266,-36.49010918082638,-35.60683203785564,-38.164352587485425,-24.722891656712974,-24.62859769259424,-44.22829902287261,-46.819310193574886,-46.936343897724896,-47.22873923943885,-48.831561191820185,-52.42534711473099,-55.431978684125646,-58.20820858514604,-59.112168518313226,-59.389503181665496,-60.5962984979381,-62.918212561238555,-63.85243001259776,-65.16831083001485,-65.55288670405722,-68.08721906226451,-69.2524454304906,-70.66544931123894,-78.16490629524996,-79.75995836412976,-79.78198535396406,-79.79247490931164,-79.75737725978388,-78.11387294088902,-71.8664788267829,-69.57107000717363,-69.25846839917773,-67.81637410295882,-68.69291694061944,-72.86305881381665,-73.24448448161195,-73.06951561037748,-73.89413556843851,-67.42370812837892,-67.40378587361094,-71.25633200345716,-70.94572565198831,-63.453740635061116,-61.14483673467494,-57.672672509457996,-50.86223264624949,-54.63202347148927,-56.27319397014429,-51.94682297296508,-46.849770810543035,-43.92674548558177,-45.91350949462642,-53.973655073015564
/Users/yunhwang/Desktop/Stethoscope_Project/Audio shared/ML test sound list/RAW sound_ML test sound list/KP002_WWS.wav,KP002_WWS_seg2,KP002_WWS.wav,1,-20.71969862914788,-9.677698677488387,-8.54369658208581,-8.590722494827704,-8.935742626398284,-9.542775809323754,-9.97117147256149,-10.643113771193548,-10.416182491777391,-11.610498836728688,-12.814947454341397,-14.227419185969962,-13.85099108158915,-15.213519974209703,-12.358374016133569,-12.598801805528025,-17.62850254442046,-18.934615519222,-19.15116641651559,-20.486702097296323,-21.788629785164094,-24.351938787087217,-25.999433919526805,-28.20423336850415,-28.61165551764006,-28.859947722364133,-30.54441252379122,-31.661831621019633,-32.286391779955444,-33.24542016581984,-33.8577912511614,-36.61233659089261,-36.95843449923841,-38.210767167341366,-46.37174798166256,-72.85250895478605,-79.61136158208068,-79.61527189626287,-79.6193331208651,-79.02121867506841,-78.40305334773359,-75.30725343164058,-74.81194489149178,-75.1309736989239,-74.7547705082294,-75.30844539143413,-74.28021676262624,-74.11404277851615,-72.87920433824242,-63.280055222501815,-62.34008897930504,-66.05234912122454,-66.182614907811,-67.2635133416025,-64.56115613842735,-63.0903757999947,-66.50017108872721,-63.757740090497585,-57.180788090771976,-54.37761819279921,-53.32932189438975,-49.161130343757605,-49.83085605443701,-58.31340360056979
/Users/yunhwang/Desktop/Stethoscope_Project/Audio shared/ML test sound list/RAW sound_ML test sound list/KP002_WWS.wav,KP002_WWS_seg3,KP002_WWS.wav,2,-14.968261372556102,-3.8676862159225074,-2.7525088133948783,-2.86412379729424,-3.333832745169958,-4.100890280475251,-4.845765288648237,-5.545454514878514,-5.149340333050706,-6.566088549941279,-8.720101814695717,-10.719520241551105,-10.561055105924392,-12.080221737752998,-7.632136644618275,-7.721191223557033,-15.609939521266487,-16.77919760254302,-16.602558901463304,-18.16913268447609,-19.7678416768731,-22.25539054436945,-23.90769038018496,-25.822132088877442,-26.744286914221757,-27.254215575687365,-29.30046791957569,-30.539809984846208,-31.327115493393304,-31.83260349598091,-32.96985008145222,-35.12388934415827,-35.5408301077433,-35.98005590601671,-45.5770286587739,-70.93978847680985,-79.76905534694694,-79.76161938561471,-78.62630456355114,-77.01006623582455,-72.11274471503417,-69.61609218321658,-68.45517923360882,-68.00073020304345,-67.14661565260565,-71.21669719056118,-70.88884826808734,-70.34351773284821,-68.3491106124176,-64.57971417975533,-64.74527315793115,-67.8464656990051,-64.63689435238282,-63.93111710038942,-63.8000191540329,-60.1835476122625,-58.47554326515157,-56.936563823590824,-53.494739675937126,-50.83092167224433,-43.84299564831729,-41.64139686156767,-45.070023573619466,-55.17819343145596
/Users/yunhwang/Desktop/Stethoscope_Project/Audio shared/ML test sound list/RAW sound_ML test sound list/KP003_WWS_1.wav,KP003_WWS_1_seg1,KP003_WWS_1.wav,0,-19.403469170138994,-5.992420722118457,-4.020572170392701,-4.8973104174466755,-5.735895328705121,-7.193655949447729,-9.484760207576707,-9.870711585122637,-10.329977846845894,-10.576168636150127,-10.685815879688972,-11.395494644621667,-13.304053827797224,-14.350146231548779,-15.068312989158873,-14.898339988805127,-16.602328987354117,-19.08613101472127,-20.36259516333436,-21.92567757837232,-22.734897936137898,-24.702449783648053,-26.501056092216942,-27.95088139355903,-28.41499514817383,-29.424823286028655,-29.912539866011844,-30.336443576930613,-30.509440822513724,-30.867043444038462,-31.825807018568298,-32.94596496372263,-34.406432379265325,-36.499959409817976,-42.49157828415236,-67.09065561022008,-79.64358594442737,-79.63320890002376,-78.27865711902784,-75.47120369260814,-75.6104591892622,-77.1770364863351,-76.72894052925706,-74.30642512558747,-74.8223704299781,-74.65240016630415,-72.47283082006946,-71.01193224996729,-70.53080050358405,-68.91257733972756,-68.0633897223072,-67.19874949856708,-65.46291393844277,-65.62201142848383,-61.85971678274424,-60.78898457733732,-61.034985447175956,-61.447597954962305,-57.64127066223312,-50.10319665544026,-45.78073617946662,-47.19598999763171,-51.49646268818459,-55.54850566618225
/Users/yunhwang/Desktop/Stethoscope_Project/Audio shared/ML test sound list/RAW sound_ML test sound list/KP003_WWS_1.wav,KP003_WWS_1_seg2,KP003_WWS_1.wav,1,-14.959195673259716,-4.6296892452330525,-3.266554968647932,-3.6336118482672144,-4.044361693078609,-4.837851995359936,-5.71982381429304,-6.017036465800118,-6.596424394772501,-6.829543826085285,-6.6056673157163575,-6.8311495759771645,-7.395400282878358,-7.162703978049303,-8.269961828809686,-8.667641231694903,-8.973786121983666,-10.327789419085505,-11.717084973370216,-12.508739012157674,-14.135690454944825,-15.531831810822082,-16.264252084666776,-16.99953534559608,-18.00111821376249,-18.655631733478458,-18.72584922491336,-19.690502052521982,-19.82282282154245,-20.237484927838256,-21.456507358234457,-22.372270858889436,-23.24254828812873,-24.841854937067573,-30.567471654384192,-55.454143170110854,-79.6387415518762,-79.65661647773808,-79.60893664250524,-78.6665002811097,-76.99993823965761,-75.77904005053392,-77.28218199327485,-77.80906923073529,-76.34776327947725,-76.67630272138041,-75.92132027499191,-74.08993000076804,-73.29045053957765,-70.29564347067338,-69.81073027470218,-70.25619133974641,-67.78127665999587,-65.51329967763336,-61.550815172981146,-60.899980701832895,-62.244511368272796,-57.97270760009551,-56.41173414741448,-51.58223774275488,-47.59045211938269,-43.80971520793034,-46.22349560248327,-59.682478259360444
/Users/yunhwang/Desktop/Stethoscope_Project/Audio shared/ML test sound list/RAW sound_ML test sound list/KP003_WWS_1.wav,KP003_WWS_1_seg3,KP003_WWS_1.wav,2,-54.5691790680001,-31.574282939149818,-27.92887392092312,-31.595184459149706,-35.06085746322956,-41.641383060901696,-47.73357682925436,-49.44772862593127,-50.65495684101051,-51.81469331587953,-52.078602718400504,-53.339564926419406,-57.048482905626464,-60.74583969960932,-62.70765263954826,-62.52329889002733,-63.625348321411174,-64.89522697836416,-65.97520788938742,-66.33829686591085,-69.29264031098609,-69.93371477650109,-71.1257560766158,-72.24652388391242,-72.93178350748414,-73.59914318151982,-74.0587834499034,-73.83081016038274,-74.49548271064492,-74.79925882340004,-75.39398344942468,-75.55157117069429,-76.20007563622458,-77.00510846361618,-78.38476083159354,-79.7571146855187,-80.0,-80.0,-79.07905925849506,-78.16465951626667,-75.53413588604427,-75.52026314116985,-76.59322232311197,-75.77989732150769,-74.69168062063093,-72.9231633162778,-72.9989505377114,-71.30343965799612,-67.3981714925129,-64.19931656398109,-64.38990779732475,-68.29543583106394,-68.20984015346666,-66.86659865758037,-62.96157543066831,-61.14021890466493,-63.679180916197154,-59.52549200376111,-56.0226674844576,-54.680097002056435,-53.96937489772912,-51.58294866372651,-54.920848712441966,-59.89909671579741
/Users/yunhwang/Desktop/Stethoscope_Project/Audio shared/ML test sound list/RAW sound_ML test sound list/H002.wav,H002_seg1,H002.wav,0,-20.451582697683605,-6.256555863105885,-4.090869080196425,-5.11135691780873,-7.104829949498982,-9.788960025930448,-12.885989148499016,-15.9463018198737,-19.177821623266674,-21.973152039453286,-25.534295438361248,-28.13558048930133,-29.958247518319602,-31.593477291184037,-33.56016911721754,-35.235261564233134,-36.97119111236103,-38.50458363040549,-39.24013775163772,-39.927718547961156,-40.969521403145606,-42.146045057408884,-43.578130768933654,-45.159392959495705,-46.20595812329587,-47.139919148372904,-47.57865230171166,-47.88971984836335,-48.08835234915928,-47.97524720589046,-48.379226244205896,-49.39145952210612,-51.05464147621784,-52.69922485378637,-58.48645152416099,-78.84383326627264,-79.7212173882375,-79.24060944594687,-77.90212936040894,-76.17518720174304,-76.25754371969495,-73.90094295343721,-72.73464859988047,-67.51876804496783,-68.63486713465295,-71.80567401609156,-72.20940711193636,-70.81334101408953,-69.82247462829626,-64.53182724247719,-63.21138443591678,-64.17852137271292,-64.82667994125232,-66.02374957502116,-62.242229355796624,-60.212188038131245,-56.54933169667454,-57.67780857457965,-55.60903939188618,-53.71427298118341,-53.72656923683448,-45.81193010864885,-45.65424292961893,-51.47488444267517
/Users/yunhwang/Desktop/Stethoscope_Project/Audio shared/ML test sound list/RAW sound_ML test sound list/H002.wav,H002_seg2,H002.wav,1,-41.35179510997216,-18.18432012250573,-14.546833879845119,-17.85618005978968,-23.256325022845463,-29.710770239284237,-36.4192503974318,-41.73704722448571,-45.86599314690756,-48.99183601016581,-52.212328822180055,-55.016141021189114,-57.52261566605058,-58.82630923396562,-60.941470177139884,-63.2790280438881,-64.91275159735338,-67.00459599167137,-67.87495249420417,-68.88925902839752,-69.93934057882232,-70.67515236475451,-72.36143109181062,-73.59639834539735,-74.6148587900121,-74.97756802075301,-75.34132822327334,-75.61397493283953,-75.93925430504932,-76.13304595871243,-76.50136735349831,-77.03746125697353,-77.67857265789948,-78.46544952104617,-79.13417786738056,-79.89517671986145,-79.17475050962133,-78.97983495501883,-78.9430255891614,-77.18945277237897,-75.45659965420131,-75.67902647332038,-75.01767651542797,-74.22570383860095,-72.4438277790814,-72.29700260783702,-72.08601483963736,-70.83430184666013,-67.98747982744344,-62.35073913915868,-60.944907299008314,-64.47723290630937,-65.85700562854666,-63.342930654792994,-63.600013919814316,-64.97022382212988,-60.62828496088692,-57.166918060891746,-56.92031149878566,-56.444943406243524,-48.63764006253129,-41.67340204057632,-43.46167452949709,-57.176463748454196
/Users/yunhwang/Desktop/Stethoscope_Project/Audio shared/ML test sound list/RAW sound_ML test sound list/H002.wav,H002_seg3,H002.wav,2,-13.176739431396394,-3.3153522883003186,-2.2217883146431294,-2.4745611945322854,-2.9282324317625954,-3.5847734774666047,-4.639934170395186,-5.87835837734587,-7.1777195896577926,-8.670067704791455,-10.429547681346236,-11.995637733506362,-13.278960019594733,-14.175570380915739,-15.381638381482894,-16.312273788461756,-17.768413965673815,-19.047110155371602,-20.12878297747774,-21.018894573140116,-21.972633775804695,-22.779351729649125,-24.03141805148633,-25.438454028004603,-26.145323230650167,-26.605577633953537,-27.35402729147,-27.776649425380462,-27.68216796540385,-27.848959788480197,-28.544051392295223,-29.276282995927005,-30.709258812570205,-32.32868618205212,-38.254361942499806,-63.8045484149682,-79.59247391420752,-79.60487918012979,-78.73052584554067,-77.1271100740945,-76.20806851132997,-75.1111479662172,-73.2838673865869,-73.71532811631813,-73.49494260159335,-74.90974299798205,-75.4938970082161,-74.14337338819047,-73.29343296984639,-65.94390610298417,-65.03320988765661,-66.5080262111616,-63.874202207934445,-64.74804972483732,-64.4171592084356,-63.42149658989482,-58.641713451636875,-56.230679244208666,-50.586159893509596,-52.96037428100904,-48.155569780347676,-43.10767655724738,-43.335214791625674,-55.46397528749921
/Users/yunhwang/Desktop/Stethoscope_Project/Audio shared/ML test sound list/RAW sound_ML test sound list/H003.wav,H003_seg1,H003.wav,0,-20.416254998084714,-7.188843817347936,-6.302765135727778,-8.812893952765116,-12.451319970793866,-17.161641924401625,-21.74871518475147,-25.870569467474823,-28.40382395546155,-31.171710005235703,-33.367774026404575,-35.43566811694438,-36.68091701116585,-38.22764011049974,-39.45444565563951,-40.73264395529466,-42.1553379545605,-44.19640746365937,-44.85171896982649,-45.33664473247974,-46.57766947674805,-48.91689933829782,-50.20142861904762,-52.23490644958888,-52.981210339678995,-53.67603149742111,-54.595530983808615,-55.44875516527197,-56.750433788022725,-57.46065502330887,-58.30822081911329,-59.18956335512715,-60.57576889738006,-62.47407032224162,-68.62314689116928,-79.6421759171127,-79.80054162383898,-79.8209141398627,-79.77410388445516,-77.13443164691152,-72.43035935166589,-70.14182909519359,-67.4096699679626,-66.28538099476812,-64.12482028452777,-67.01927206269222,-66.3205391620032,-65.01383891743602,-63.61909451825922,-58.852923527500195,-59.13820586266671,-65.72515513130628,-62.6196081269059,-60.211943698306506,-58.54571573933766,-54.488432702776414,-58.51625414508667,-62.7010987158888,-60.916303031005796,-55.55159075734947,-53.72225419701354,-51.39105720436611,-46.604047492265245,-49.23670460702136
/Users/yunhwang/Desktop/Stethoscope_Project/Audio shared/ML test sound list/RAW sound_ML test sound list/H003.wav,H003_seg2,H003.wav,1,-20.59221112508352,-7.387364858202314,-6.2347255720108645,-8.582415323898216,-11.985467439310588,-16.82711441000696,-21.640000992118924,-25.820670431279723,-28.994153344098635,-31.41669170076297,-33.74011016570954,-36.33056372032555,-37.975186569133896,-38.43160995904639,-39.527125708070606,-41.29531617207456,-43.39689081751805,-45.316571709883476,-46.67548975607349,-47.09291500488568,-48.68961164926283,-51.210066315749415,-52.838190449934174,-53.69611655850639,-54.63015572100773,-55.61307906952613,-56.519115578180966,-57.57614084921119,-58.59985885424088,-58.89629888900828,-59.6092165908156,-60.35349268031615,-61.43048697024697,-63.20865885901542,-69.54808437370494,-79.7145427689953,-78.83430229772881,-78.87401201005892,-78.83102294712134,-75.90083526734985,-71.99921931742156,-70.67936658504414,-68.00166582637043,-65.60045385337438,-66.02600111527522,-69.81863969333887,-68.84308142853597,-68.3504737762212,-66.81026136731047,-59.144196428943445,-59.374893052412574,-65.65074017346049,-64.8599793370404,-63.664557442823664,-60.167327260392895,-57.455153241898934,-58.3485728422553,-59.05238207873389,-57.2114516880266,-52.37802389226844,-50.85423133496996,-45.9899537793161,-47.042442503614836,-52.9950296610058
/Users/yunhwang/Desktop/Stethoscope_Project/Audio shared/ML test sound list/RAW sound_ML test sound list/H003.wav,H003_seg3,H003.wav,2,-20.033090995077462,-7.016303832410618,-6.094562076328596,-8.348205763100607,-11.759969807898647,-16.482596658818284,-21.025188977592258,-25.163847251753953,-27.790682496899855,-30.527443456888147,-33.031829313548585,-34.88193878623806,-36.42464397627904,-37.76547103992925,-38.90737655838921,-40.053509577333394,-41.717369862316765,-43.85366402545655,-44.534012045829435,-44.70620820677174,-46.245480006335015,-48.52946492754664,-49.93870041108076,-52.017258888107555,-52.87026993945267,-53.32181762738002,-54.343345975226,-55.38904188591083,-56.777543566413144,-57.18731601404737,-57.99083744165211,-59.03489323920712,-60.400170922918086,-62.51562437064636,-68.77540031090015,-79.58321140985537,-79.71640004235543,-78.81831505137372,-78.89098300789833,-77.72438035763298,-73.57845188223337,-69.2929682405486,-67.12191857869297,-65.82727552721633,-66.65243199302141,-66.88304025076674,-66.04745618094397,-65.38511807047233,-64.33662700517625,-55.94463977967979,-56.55191104256145,-61.787613836806166,-59.732390272992916,-58.95120844853183,-58.38462190293331,-62.35157354632956,-61.521191390525566,-59.71577640895363,-56.808554054714044,-54.4423798207714,-51.95745355438785,-47.63631489663455,-43.4981529583095,-48.408343322804946
/Users/yunhwang/Desktop/Stethoscope_Project/Audio shared/ML test sound list/RAW sound_ML test sound list/H001.wav,H001_seg1,H001.wav,0,-17.866478457676543,-5.969094386625814,-4.450594042842136,-5.372639563248308,-7.401068327458713,-9.732773045809429,-11.044312203989875,-13.972500981539703,-14.84706535893099,-15.652099666825821,-14.464442089485186,-12.182530216028455,-13.045450538309384,-17.17819010161173,-20.361997674059257,-22.511444512813245,-24.00393133828751,-22.19014541826297,-18.84443011385956,-19.429841802088617,-18.133455378428703,-21.376704785448954,-27.644070415242382,-31.668874062596835,-32.244366903252434,-35.47149809589116,-36.6276477913466,-37.52129166109173,-36.87898026477943,-36.635379257422194,-41.28989913727608,-47.46349979925273,-52.9268579233144,-56.686644130334635,-63.15404854939882,-79.76753944290202,-79.08489886566923,-78.88669593542203,-79.4051002473551,-76.59650500851706,-73.82038606900555,-74.04542828160726,-71.31482837850552,-68.29236985357068,-67.02411989432036,-68.7267516429543,-70.20011564436697,-70.25634092928438,-69.35692782935247,-63.1306409214815,-62.37177283131842,-64.61832418832381,-63.01455387603688,-64.29619718856463,-63.756099082405775,-64.08252116664973,-60.73516570817748,-61.33921304469045,-62.28265529543369,-54.622555450298364,-53.78613457066484,-54.76234147565311,-52.308281139603906,-53.618597587571266
/Users/yunhwang/Desktop/Stethoscope_Project/Audio shared/ML test sound list/RAW sound_ML test sound list/H001.wav,H001_seg2,H001.wav,1,-23.439165784072262,-11.453491264447392,-9.781129907417554,-10.3563110722052,-12.27634219621247,-14.508253030734103,-17.029907223118148,-19.156766143519473,-19.282719756452593,-19.727163725870238,-19.13202453516854,-17.267409639660016,-19.09187190919357,-22.97531626262745,-26.049982169461025,-27.327418762260173,-30.224077556161358,-27.79079607231114,-24.307328982628437,-24.702716223585192,-24.449051291110955,-27.924793949508008,-34.68316663903617,-37.90349738793273,-39.286162311907816,-41.693677602925014,-43.30274718210324,-43.98025650188937,-43.3477522745371,-43.58237794651425,-47.83940725993254,-53.629657233199545,-58.49436303753386,-62.310624296191314,-69.59821903481482,-79.67667888184879,-78.40475826523704,-77.84697945022431,-78.4609339706622,-76.71445141593318,-75.67512994728273,-73.52224281989264,-70.75771384899848,-71.74455493878541,-71.08807284252285,-72.76747127943375,-72.09372026365146,-70.61964406640271,-69.44201112346902,-65.70645394571143,-65.79131689212262,-67.88339025802962,-66.16328942478009,-66.86031227246608,-67.15116145972979,-68.40498096116428,-66.89578241250994,-60.36774179552441,-60.23897819773,-60.956258528153505,-60.59545854956626,-57.680497504287615,-57.10057088625361,-59.48152869400753
/Users/yunhwang/Desktop/Stethoscope_Project/Audio shared/ML test sound list/RAW sound_ML test sound list/H001.wav,H001_seg3,H001.wav,2,-17.475533060304723,-5.6192387887321535,-4.033952045516969,-4.723946713272537,-6.747949016682919,-9.33758379397315,-11.585475093296996,-13.56490922129332,-13.085457487426842,-13.88016743195295,-13.93186463637981,-11.790671689870637,-12.910181920612882,-16.708892699904137,-20.460753829553536,-22.681254890594197,-24.55870182064424,-22.645477758288457,-19.155701859056148,-19.563431548855313,-19.385921550201914,-22.424415200240897,-28.82957921273982,-32.162984174455914,-33.503990417527284,-35.98189346550344,-37.964986859607734,-38.585351362875365,-37.92584662584127,-38.46476462750944,-42.69195478538156,-48.660842666143125,-54.29823460904998,-58.28992046962707,-65.58021040102565,-79.35271181145745,-79.59290678825825,-79.59951732984831,-79.00261499052507,-77.73188518399624,-75.24044607146087,-73.84847268763487,-70.32648053546019,-69.86993900188666,-70.80976405284127,-72.85527302768331,-74.83454576949882,-74.53304971182179,-72.46990298158221,-68.53505300762018,-67.16806331157056,-66.4392562996804,-64.6750942610893,-63.97150960961853,-64.40757672067433,-62.864118850144145,-62.35192338816696,-58.51733580829111,-52.98240881463581,-51.00809998366229,-52.09736568455987,-57.82661357904949,-55.00927136027209,-54.12519480314701
/Users/yunhwang/Desktop/Stethoscope_Project/Audio shared/ML test sound list/RAW sound_ML test sound list/WEBSS-005 TP1_seg-1.wav,WEBSS-005 TP1_seg-1_seg1,WEBSS-005 TP1_seg-1.wav,0,-19.590553812903675,-5.905966344740605,-3.428053947746825,-3.2636643817174376,-3.337565812768406,-3.5214373966323396,-4.199513534813473,-4.700367065971168,-4.9191119059622626,-5.57200697831294,-6.270703377136206,-7.768691710539763,-10.219445487708297,-13.782460781260783,-18.162978908915782,-19.44201775091918,-20.411353814919078,-23.499338570216313,-27.29812324573145,-33.92955038783899,-35.0195360951962,-36.3820539420952,-38.42463998872497,-39.112551074273085,-38.87082611991937,-39.50367190161535,-39.897104681885125,-42.56222862263903,-46.815398100318674,-50.25822541344082,-53.38621547813798,-56.778697351260455,-59.16844444319233,-63.044867438109804,-69.88441574263663,-78.87134914403121,-76.65391203305228,-74.47930097510839,-74.7765023761504,-73.0269918459272,-72.56838171851194,-72.80090973088339,-72.60045983115461,-71.71957098834629,-70.10758420037689,-69.41069776198509,-70.22989157018945,-69.94573710183916,-67.66197023507965,-67.22719058632906,-67.74964866485287,-66.82434366009866,-68.4410490333827,-68.07522221753018,-67.16257570582052,-66.15576933956959,-64.86604990651693,-59.98282192822643,-58.609535727376766,-55.1923477326937,-50.68042265668716,-47.25665253314619,-47.65087547151589,-54.663098506030316
/Users/yunhwang/Desktop/Stethoscope_Project/Audio shared/ML test sound list/RAW sound_ML test sound list/WEBSS-005 TP1_seg-1.wav,WEBSS-005 TP1_seg-1_seg2,WEBSS-005 TP1_seg-1.wav,1,-18.740230786711958,-5.715573210396486,-3.8113077950131986,-3.6223149532161347,-3.6188698125192538,-3.896424402650967,-4.486942126956648,-4.950820292455319,-5.353278695177517,-5.802436836244941,-6.379151816029839,-8.099335056423604,-10.384820701553927,-13.665410115790351,-16.958550652953065,-20.922901187444143,-23.163062767381945,-24.66549542695726,-30.12455673424205,-35.760654766453804,-37.82975963657368,-39.333625887275964,-40.84488369820184,-40.92227796273765,-41.625094728604296,-40.99493595916895,-41.38403094800868,-43.99564461042289,-49.46542370911515,-53.4216739632663,-57.320077107810235,-60.26628697503122,-62.81802459912786,-65.84767704499038,-72.22907821657155,-79.10841718334575,-78.01018833040077,-73.1517627994906,-70.15573717067983,-70.51274911814352,-73.3225280286571,-73.63473606517645,-74.08331040038816,-74.63656146408452,-72.9981331665889,-72.87947166847407,-74.14862789193518,-72.68089651163413,-71.36921087001333,-68.4088629346556,-66.47168776776957,-68.20671931642514,-67.998342193189,-67.57959844671498,-65.85634874753157,-65.08040724221861,-64.0996720128328,-60.95329079928651,-58.07977039144867,-56.248535602594714,-54.019272106212505,-52.94466712965995,-50.91986150283199,-53.53505354619092
/Users/yunhwang/Desktop/Stethoscope_Project/Audio shared/ML test sound list/RAW sound_ML test sound list/WEBSS-005 TP1_seg-1.wav,WEBSS-005 TP1_seg-1_seg3,WEBSS-005 TP1_seg-1.wav,2,-19.007424771066677,-5.871996145240476,-3.757540768057795,-3.562968839392188,-3.683020520630301,-4.000902503807602,-4.5959021523699715,-5.114985183106221,-5.429859044248865,-5.65522160719864,-6.485899461885714,-7.728840121776699,-9.849017852639466,-12.996650251224075,-17.5129072021904,-20.631630135454493,-21.977027195591017,-23.298252765518612,-29.277702226384278,-33.08637505211718,-35.81564855527151,-39.17497895067512,-40.54280511512028,-41.1639994487706,-41.272120308488134,-40.32322876055408,-41.36480566793283,-44.25500977973962,-48.64929734363293,-52.9590325009944,-56.77126355132778,-59.086217743879715,-61.60921646206338,-64.15920964654217,-70.89968317771422,-79.72419319518676,-77.58015373307886,-76.14474956806848,-75.8858858295205,-75.84285652787858,-75.11683010598267,-76.0790454164793,-74.88701650626845,-74.92246098510878,-74.21034778720545,-73.98123520161937,-72.51581306696474,-72.18284718603195,-69.98824698046975,-68.5787949828831,-66.7801754527353,-66.06010809669986,-68.37419109715857,-69.42734459948485,-67.15240621493993,-63.62117093176552,-61.47731771388787,-60.47698560845236,-57.469191706334435,-57.08384487868834,-50.100298599365296,-46.999246739142784,-46.91723557544306,-54.41875051851556
/Users/yunhwang/Desktop/Stethoscope_Project/Audio shared/ML test sound list/RAW sound_ML test sound list/WEBSS-007 TP7_seg-1.wav,WEBSS-007 TP7_seg-1_seg1,WEBSS-007 TP7_seg-1.wav,0,-21.78251750890523,-7.1969517914916645,-4.8534673622687405,-5.693827169888495,-7.002003595969625,-9.497622498970316,-12.4936957544883,-14.988578961557314,-17.300603203860952,-18.25261494782986,-20.251786235807277,-22.559773785156942,-23.11677151179229,-23.87345897699681,-26.26842065498321,-26.696839190309134,-26.409366927650108,-26.255623966804123,-26.76650988774556,-28.237346082697233,-30.790964816971847,-34.06154271596143,-36.054446288019356,-37.34423048145669,-37.47058177031496,-38.40570865554983,-40.195839395840764,-43.31995563786048,-44.38280788883109,-44.84686862604456,-47.65948360997178,-51.59830237621461,-53.55362238035171,-55.86993793555644,-62.40535436503289,-78.31648322658994,-79.73523655474874,-77.21169365584319,-76.98853231358414,-76.19577820883134,-74.53606296790524,-74.64636119794673,-74.77130150071704,-72.0673095163225,-71.5525043320873,-72.1244946488004,-72.17611428340942,-70.93501852629215,-68.98065412789515,-65.87523392796328,-65.81164868658288,-64.21547133966276,-62.67157525084468,-63.96794978348277,-62.42983923092969,-59.60107419348652,-58.81061083556135,-62.01963100087052,-63.26106477315932,-59.788264560194975,-55.82907569836738,-59.64131195716409,-60.020372637634935,-55.279765751061234
/Users/yunhwang/Desktop/Stethoscope_Project/Audio shared/ML test sound list/RAW sound_ML test sound list/WEBSS-007 TP7_seg-1.wav,WEBSS-007 TP7_seg-1_seg2,WEBSS-007 TP7_seg-1.wav,1,-28.568507816553765,-14.455343827375794,-12.275551914394427,-12.787746303444386,-13.802447834458887,-15.500583953559095,-17.225331778403042,-19.662346677908552,-21.46856646128753,-21.905844503878054,-21.923976734656534,-25.064310047760788,-25.97643623806363,-26.716101500784582,-28.052633098503698,-27.102771432625662,-26.608944697897993,-24.620890906412775,-29.298867124489636,-31.540551980606864,-32.71004207871036,-37.52627270246952,-39.39227073253713,-39.42441399925711,-42.5802598217765,-43.79360042284398,-45.23967203807276,-45.664612851878815,-46.46259061090849,-47.60824985958978,-49.31646351773939,-50.35568359669746,-51.67177016138189,-54.968943736907676,-63.42646679606883,-79.08350248286872,-79.77449625089612,-78.81894441480134,-77.58852762732572,-77.97078392185878,-77.01041169194485,-76.35543415359389,-73.80450861859379,-74.28953613591662,-74.44195647480699,-74.57329458672864,-73.96150466537867,-71.01944541153351,-67.66672598658292,-64.68008824103244,-65.61945092774621,-68.69232972638605,-69.00291365007966,-69.38571527034819,-69.61681169982425,-67.72631374556875,-67.01629331018741,-66.42333156152316,-63.83961580558617,-64.56123944393444,-64.68236117122422,-63.93588618932797,-66.50275768840979,-63.460486027226324
/Users/yunhwang/Desktop/Stethoscope_Project/Audio shared/ML test sound list/RAW sound_ML test sound list/WEBSS-007 TP7_seg-1.wav,WEBSS-007 TP7_seg-1_seg3,WEBSS-007 TP7_seg-1.wav,2,-29.31494405680749,-14.782770282997395,-12.142689291601274,-12.622863174105273,-13.455481432719207,-15.000931131051635,-17.3255169969869,-19.539721122537223,-22.029892605784465,-23.951794426905987,-25.72501728112398,-26.745301105641797,-27.34304413549987,-27.746286379965362,-29.35738508920623,-29.39874443272603,-26.631350342685252,-26.82989606713522,-30.045789884173626,-34.61004133690356,-36.888162922990155,-39.24083992051959,-40.715382755475424,-42.08078301305915,-43.41887702973523,-45.39872972391562,-47.41238131562762,-48.737087994994575,-49.5611484317121,-52.11111095729505,-53.795218044560094,-55.40746015618911,-54.43275790897823,-55.533215644168415,-62.689017122910194,-78.79985403218188,-79.20050350949816,-78.92445361824328,-77.01525900314891,-74.53081849122486,-73.53576768191068,-74.0762595938129,-72.47107406382851,-71.22298152690014,-70.70019766709923,-71.21383550691175,-70.80541788392723,-70.59468473929255,-70.50945729429087,-67.17923649119402,-65.31268306582541,-68.13345350594598,-69.36456650012492,-69.97037201379848,-67.99179440119492,-65.80137443110814,-69.39083843966064,-70.06864368019757,-65.32389841399545,-63.77464113738539,-67.31267433726931,-64.80096156802033,-65.40702223401937,-59.3280640679672
/Users/yunhwang/Desktop/Stethoscope_Project/Audio shared/ML test sound list/RAW sound_ML test sound list/KP006_WWS.wav,KP006_WWS_seg1,KP006_WWS.wav,0,-19.340250917763218,-6.534791758790719,-5.534255971382429,-7.334147668775952,-8.70489505447645,-9.864770277741219,-11.929385446778097,-13.383758602644098,-15.660093712245693,-17.879807914990675,-19.0161920123812,-19.837180766664094,-20.931233631345194,-20.61547675767287,-22.327451691908248,-24.329691800902694,-24.93973099441739,-26.41161280608445,-31.270048398884985,-32.500986970469235,-33.43430718065173,-36.49031176600522,-38.26762778906988,-39.83649652989764,-39.82621603069488,-40.953325189668774,-43.50474664172301,-45.25583970315294,-46.24711332946527,-46.86512387492108,-47.42911950939944,-50.27327919248317,-51.96331841583257,-54.474368455205145,-62.34252793873248,-78.81485059825673,-79.67878087093594,-78.93234732065835,-77.92457708383213,-77.3968270418696,-75.94099585258948,-71.62176716211242,-70.11054793186763,-66.64688493432203,-65.1536290583137,-65.79439443364667,-65.12537568613948,-65.44366350085228,-64.428424266825,-55.89022457763272,-56.08910839854816,-62.70929121823061,-62.29358117874816,-63.38625181551092,-60.888129880659925,-56.63067129625417,-54.91490913301947,-56.692786433747926,-60.04505665539224,-59.69299251593949,-52.6181064053214,-49.5476401153881,-47.891765300310304,-53.259850020792065
/Users/yunhwang/Desktop/Stethoscope_Project/Audio shared/ML test sound list/RAW sound_ML test sound list/KP006_WWS.wav,KP006_WWS_seg2,KP006_WWS.wav,1,-41.71889497862884,-21.253650513101544,-19.283071337135503,-24.532106597298633,-27.264603277236752,-28.75020024374295,-31.522579863310554,-35.702825549589924,-39.09676100959457,-40.98751592502962,-42.71086855970308,-43.913172954752675,-47.43074195951366,-47.967980950234484,-49.57738547800483,-51.74585310697018,-52.70268316583891,-54.22974795248727,-58.72266471509669,-61.02191194312832,-61.49771852551865,-64.40945178583907,-67.77238816594985,-69.75759855888543,-68.55563608220446,-69.19957120881344,-71.12029229203931,-72.66777757315528,-73.74950481910278,-74.27394598972676,-74.70371023412348,-76.01508031739965,-77.20272034201062,-77.75026565732043,-78.78633339614825,-79.21995585958089,-79.90242037184856,-79.90489996120493,-78.98365113183972,-77.57994129029218,-74.49562800922976,-74.4755168053368,-72.59013495858096,-70.37408129616784,-70.29389294385874,-73.21001313374191,-73.51871797591264,-74.15056579556024,-73.79803946380586,-62.96223299821902,-62.671966735537,-64.72146667476947,-62.84941501350406,-63.20234812616495,-60.473032481786426,-54.43656385450988,-54.98361091962902,-59.092026717184226,-55.192124841441604,-47.66874556714556,-47.84056214741946,-48.31110250970621,-48.779655551061,-57.759595375053244
/Users/yunhwang/Desktop/Stethoscope_Project/Audio shared/ML test sound list/RAW sound_ML test sound list/KP006_WWS.wav,KP006_WWS_seg3,KP006_WWS.wav,2,-22.91387274584174,-8.988676383472392,-7.305530378424335,-9.247378607044487,-9.760542446744008,-10.93140662920552,-13.45131671724806,-14.78849086900324,-15.982357429812634,-17.72414090776226,-18.800643803253344,-19.49304500603695,-21.844667271089747,-21.66949154243337,-22.38795329054364,-23.933179718642037,-24.535203547300107,-26.4354029067562,-31.29338790563152,-34.09366208073444,-36.09034937768821,-38.755922082759184,-40.70290334737639,-42.51912821764399,-40.14103401822419,-42.38066918943867,-44.276003427319154,-45.68829850178852,-47.09263597679587,-47.94057608054282,-48.750407567304784,-51.55072863504359,-54.31464018291801,-56.24601575916949,-64.74274573603643,-79.70240814266677,-79.81383468403726,-79.81814128464211,-79.82276255257503,-79.05231717529097,-76.00441542007827,-71.81396326816933,-69.04290157232981,-66.0099663370198,-67.06699197818776,-71.34678097565572,-69.98805060965468,-68.9515542142904,-68.10330905643201,-60.761851722821504,-61.09327065901237,-66.31313470120206,-65.15989699197407,-63.99515197702423,-61.533298978664014,-60.91554762688388,-58.61640629573965,-57.428408198673736,-55.30353315401271,-51.574341495618874,-50.04439979011696,-49.30858001439182,-54.97274170935875,-62.46475306358347
/Users/yunhwang/Desktop/Stethoscope_Project/Audio shared/ML test sound list/RAW sound_ML test sound list/WEBSS-007 TP1_seg-1.wav,WEBSS-007 TP1_seg-1_seg1,WEBSS-007 TP1_seg-1.wav,0,-19.489351389639683,-5.943410131732295,-3.714776783060044,-3.8785440736093775,-4.37151734287747,-5.375707756392388,-6.502215273413913,-7.970264653876537,-9.548143804439935,-11.272494251220598,-12.457177831669107,-13.988574675681825,-16.522995102572494,-18.97049912936876,-20.340287916770727,-20.823768691417584,-18.23046104845388,-16.662186765637152,-18.872939643294647,-22.585375406735924,-24.75249868285873,-26.287286421021737,-25.467749285152014,-24.161346162121493,-25.247378140534487,-23.478623767887935,-22.190957373042508,-21.493012745900895,-24.189567159662268,-27.88604324229362,-31.38409644962705,-33.48055607164332,-36.235572787050955,-37.0271570165161,-41.53009605069444,-67.22122782764365,-79.64968328129585,-79.66533158886075,-78.23241545212079,-77.97054135880288,-79.05726354050395,-78.9369985100007,-77.23832176292119,-75.80058663539492,-75.80782690487914,-76.37248184715179,-75.80778402638771,-74.97918564091542,-69.65797256380844,-67.29077224172445,-64.47029151316396,-64.93319186091992,-66.89889127466994,-66.92081285166293,-63.81977765445686,-64.72014929364731,-63.33115490120963,-60.065631369239775,-55.96428314823315,-56.71877808857591,-57.96934596030959,-50.96695741975373,-52.84646597761214,-53.22198298174523
/Users/yunhwang/Desktop/Stethoscope_Project/Audio shared/ML test sound list/RAW sound_ML test sound list/WEBSS-007 TP1_seg-1.wav,WEBSS-007 TP1_seg-1_seg2,WEBSS-007 TP1_seg-1.wav,1,-21.858658372859868,-6.763634653324872,-3.9677109209730026,-4.102359189269587,-4.93225061534886,-6.0963049157694735,-7.6589035951676045,-9.353314188493917,-11.548090873530777,-12.846380741054473,-14.17131578588837,-15.504059965844798,-17.99585163759557,-21.19197995101608,-22.536523439677797,-23.875506011926056,-22.543999591027706,-22.1467066629237,-24.636604517593508,-27.282939583613565,-28.625482119871617,-28.65140592785028,-27.52286039141047,-27.605435711898267,-28.151074174211026,-26.831343262201116,-26.254894807021444,-25.002022822597027,-26.700876435445288,-30.38919313895555,-34.39411975740515,-38.305416221312036,-41.43359370673946,-42.37777996347849,-45.74687562173026,-71.08319881184238,-79.76443613358983,-79.76909432350698,-79.77316313142059,-79.77727472219553,-77.20468267618148,-74.66885394921941,-73.94950530367312,-72.91977371611029,-74.00838608833567,-74.32235498185501,-75.60382263386447,-75.4052523966077,-72.64736698065863,-68.38176466712567,-68.88967415440521,-69.58103994360853,-66.42969287068449,-64.69485714626128,-66.06808067419853,-63.81675264546724,-60.01377708267148,-54.44637775639205,-53.26054514102816,-55.23021823919184,-55.166910822374426,-53.91678384256044,-55.9532641431733,-55.82284296511842
/Users/yunhwang/Desktop/Stethoscope_Project/Audio shared/ML test sound list/RAW sound_ML test sound list/WEBSS-007 TP1_seg-1.wav,WEBSS-007 TP1_seg-1_seg3,WEBSS-007 TP1_seg-1.wav,2,-22.123367488166025,-6.611170872713476,-3.8434508058597396,-4.121824717378903,-4.894220887320178,-6.279315085269415,-8.115630066729342,-10.439125292194076,-12.7324954463729,-14.638727415754248,-15.808562582626033,-17.69256697901661,-20.630484734075363,-23.742930081922687,-24.572741695136283,-25.44691432946109,-23.860074428453164,-22.426139100644406,-22.87722542674549,-25.30058295930192,-27.467966383423157,-28.698623120938443,-28.072160324586047,-28.331743365659943,-30.298621810187072,-28.47233434658921,-27.71806967989051,-26.136844649019935,-26.94100008497727,-31.720752720980165,-35.9281560372551,-40.40812059237522,-42.73532015657932,-43.5361986522609,-47.81339132540359,-72.83687128869519,-79.7979329998042,-79.80538452191828,-78.91770482390714,-78.99343949167911,-79.8271334623604,-79.83450274921387,-76.34858413299021,-74.82937593940532,-74.83047567594056,-73.82429326613521,-74.52753161937832,-72.90707609683531,-69.93469426504073,-68.85422809634665,-66.64665519061987,-65.24883118379924,-67.30244769790099,-68.70965790230156,-65.7331334806351,-64.76974908850462,-60.08983144896564,-59.23122608887347,-59.98118263823997,-56.75683433124155,-53.36625340253385,-51.12594730197997,-49.87376847776006,-54.02237193203608
/Users/yunhwang/Desktop/Stethoscope_Project/Audio shared/ML test sound list/RAW sound_ML test sound list/WEBSS-003 TP1_seg-1.wav,WEBSS-003 TP1_seg-1_seg1,WEBSS-003 TP1_seg-1.wav,0,-20.713534537311425,-6.75076744424623,-4.650087450354323,-5.442073848337789,-6.687386811182379,-8.551180038775641,-8.322124863273247,-8.62427208051971,-10.683477540355833,-12.666726945445637,-14.217654342965318,-16.000925459620902,-17.60705940872209,-18.089280776865827,-18.202319585796083,-18.251862426566472,-19.230800168718265,-19.944772030751267,-21.029039929127023,-22.324586713725047,-22.510993244893267,-23.027969208363643,-23.86464752340588,-26.02744143571247,-29.761231731704253,-32.970265109907196,-35.9450915200466,-37.54526497419201,-38.19994291437262,-39.6217150049232,-41.38985597509464,-43.64264787435264,-47.5264798992996,-51.06204298557309,-57.764405801054224,-78.89518589687178,-79.74403325454047,-79.76184834937396,-78.94405604863452,-77.27204403015018,-77.97153511487076,-77.9948201448456,-74.58090730030773,-73.14337312599136,-73.89929798037026,-75.4343829169032,-74.0773262276736,-72.251124996322,-70.45846665101017,-67.738624079665,-67.79320756078694,-67.10247924039399,-67.33943979344498,-63.78249120150083,-60.01251415931439,-64.20143340222923,-61.013452098886425,-59.19725623414509,-56.000695027960376,-55.61370015022593,-54.0432864080717,-49.582090802149125,-50.78796641621543,-56.43196094014135
/Users/yunhwang/Desktop/Stethoscope_Project/Audio shared/ML test sound list/RAW sound_ML test sound list/WEBSS-003 TP1_seg-1.wav,WEBSS-003 TP1_seg-1_seg2,WEBSS-003 TP1_seg-1.wav,1,-18.88826152705715,-5.946880973864586,-4.010670065324715,-4.6542561910691544,-5.435765635828413,-6.580591727823825,-6.889886989599432,-7.542631462081182,-9.499650989987241,-11.254271990467727,-12.679826428494458,-13.729607908801844,-14.844807180141887,-16.530118868290167,-17.048291658541704,-16.587623021904005,-17.388880833535783,-18.300876763514896,-18.866251089329747,-19.90166962563475,-19.710624306637833,-20.48290484320121,-22.038568196527102,-24.425000761967965,-28.26983603747596,-31.258196806603898,-33.95123222427092,-35.826913895635265,-35.746491498867286,-36.94529150424435,-38.36020809942462,-41.00319611668484,-44.67856698011141,-48.1599096890899,-54.683663671260526,-76.37456469212233,-78.47760665219425,-78.25185033926171,-79.04051588469463,-79.77891564086201,-75.73058328675059,-73.98099940087833,-74.95363376182652,-75.42326042228983,-73.84552928222361,-74.20046680002496,-74.41163364089967,-73.01159973679272,-70.74818552758941,-68.94935365185789,-69.37272922839222,-68.52524352098726,-67.32909080613386,-66.58234348743822,-63.585167824930906,-63.42907402562313,-59.55749019049017,-53.810462932689525,-53.25007274765115,-55.5973993272267,-49.4701424516482,-46.24826723592065,-52.76111543417175,-59.2407505610128
/Users/yunhwang/Desktop/Stethoscope_Project/Audio shared/ML test sound list/RAW sound_ML test sound list/WEBSS-003 TP1_seg-1.wav,WEBSS-003 TP1_seg-1_seg3,WEBSS-003 TP1_seg-1.wav,2,-19.71919277169358,-6.39773599307926,-4.043429600520274,-4.577702984444539,-5.577140633590174,-6.343683660397676,-6.993013036835366,-6.878183535416677,-7.870873959229526,-9.468510204469759,-10.700047822326464,-11.03049489475082,-11.160438774335686,-12.854645171249482,-13.873803127978876,-14.128384661602055,-14.134636216930517,-15.308157054142542,-15.820950827066513,-16.845079439161463,-16.931393290943785,-18.219372700408528,-20.24369935591206,-22.183489025788933,-24.904731240184695,-27.277540897452102,-29.348001956270444,-31.553852329432814,-32.35251085009245,-33.67374647509368,-35.75383353274756,-38.69192362448478,-42.730681155089265,-46.219993917086086,-53.11019797360133,-76.7444511854861,-79.8232187118816,-78.98022125649148,-77.43290054475179,-76.35825239611758,-74.21678894858871,-75.55451542108501,-75.22576881685514,-75.7066839374196,-75.78908763620042,-76.02142363938002,-73.94825526417621,-74.4113249194033,-73.86447169401382,-69.13684110529299,-66.14037575225147,-67.27310998298367,-68.34408505277872,-65.93655655678229,-61.18928066518475,-62.35777915145893,-65.64427838802395,-62.309375349898865,-57.89343576494278,-54.8707695398887,-49.705859851839804,-51.9813933823677,-51.03040169437171,-55.33132231105577
/Users/yunhwang/Desktop/Stethoscope_Project/Audio shared/ML test sound list/RAW sound_ML test sound list/KP012_WWS_2.wav,KP012_WWS_2_seg1,KP012_WWS_2.wav,0,-22.925145222320037,-8.255411839939855,-6.9086309585539984,-10.552778368507527,-15.972921614184965,-21.628141473139994,-24.6292623960172,-28.25892039842717,-32.43981157143716,-33.72335480603369,-35.064161619904375,-36.13125137597063,-38.620712859260905,-40.717639686917494,-41.74874633817785,-44.04099026206698,-48.03899584213754,-51.221140779156606,-53.67344082589833,-55.72362496168119,-57.416142006999245,-59.24616505963453,-61.41046932130102,-62.68930152340344,-63.879595937789894,-65.12552165037216,-65.64483780084637,-65.79409399714325,-64.41582645198487,-63.68636539403782,-66.06013753255253,-69.06997175699027,-68.74060470475996,-68.19174813406151,-77.38539416040575,-79.65479926979103,-79.77258054491784,-79.7783325732492,-78.14951194615533,-76.41919297782248,-72.85995490688609,-69.86483077528473,-65.56524574111654,-58.32158350088643,-56.49553593305176,-59.93085094790281,-61.94249870004998,-61.284595147013235,-61.9061651369899,-52.2613032423838,-52.65556737685579,-62.56832634930694,-63.025858632757455,-58.30727419691476,-56.968658093675096,-59.077870158167194,-59.95308068532873,-59.337222376609375,-57.66745209393578,-54.474827738604496,-51.49762775213884,-46.64718775008355,-46.81715008269597,-53.70038101280613
/Users/yunhwang/Desktop/Stethoscope_Project/Audio shared/ML test sound list/RAW sound_ML test sound list/KP012_WWS_2.wav,KP012_WWS_2_seg2,KP012_WWS_2.wav,1,-15.863601061839994,-4.8468675633144835,-3.800250381242017,-5.315021806136499,-7.6896370398266845,-10.956583513783475,-12.837271110588906,-15.68296183552248,-18.42588605787184,-20.284698132768806,-21.203355167874623,-22.373841526289468,-23.808667764981514,-25.47552678487634,-26.793341648753668,-29.006885683493852,-32.29375457474318,-35.012958328733376,-37.30304519945882,-39.50802999106793,-41.06785256544229,-43.333448203634646,-45.43022564351236,-46.04065716604146,-47.11800563981089,-48.01969072438038,-48.3788526212157,-49.02231425672511,-47.51247274398857,-46.33030369030493,-49.16629479837679,-51.477972561393315,-52.0225451221118,-51.651822448437315,-62.93851788661023,-78.94697880483363,-79.74447452611307,-79.74846252035309,-79.19497139467288,-77.19280765193383,-74.4815522131531,-72.5981797443584,-67.17114970302073,-61.468492571507284,-59.71536919524899,-64.50654977671249,-64.79847451703934,-64.99559496069875,-65.188370731504,-56.35736353998192,-56.730384725714494,-64.17254997053294,-62.90450599846273,-63.781464503496515,-62.8022051335751,-61.157685935790006,-59.459061355964636,-55.99570635325993,-56.140837086307,-53.02017283447985,-49.91380354450335,-45.810413459647705,-48.390703547486794,-55.805497054984954
/Users/yunhwang/Desktop/Stethoscope_Project/Audio shared/ML test sound list/RAW sound_ML test sound list/KP012_WWS_2.wav,KP012_WWS_2_seg3,KP012_WWS_2.wav,2,-18.350940021675974,-6.033494216645193,-4.832542711232123,-6.873584081563555,-10.22292655499429,-13.95579810994536,-15.253396079311655,-18.608548262621774,-22.605443870613758,-23.961483482625844,-25.04006301613307,-26.759879873778857,-28.802654790123867,-30.751789411436054,-32.217075691647025,-33.88715774508296,-37.978157400646296,-40.36799437185179,-43.387377447953746,-44.91872736613218,-46.192100101092585,-49.41751660681215,-51.14352030031452,-52.3493026149473,-53.67239854959803,-54.07765723065633,-54.64715284714921,-54.32686537415905,-53.29532609636701,-52.0389686424344,-54.33527129714465,-57.38938198978044,-57.942358735240404,-58.00053772958864,-68.8112635167636,-79.30242061870922,-79.77149989709693,-78.95803745718547,-78.57591906831779,-75.78482452923042,-76.22118245214264,-70.34593765973014,-67.44507634373034,-65.5120693492102,-64.18639392595051,-63.253361286080384,-65.52988563682425,-67.07817623066725,-66.99361563657189,-56.531831566705435,-56.739537468726944,-62.73162119982827,-58.79500132344035,-58.857975944987835,-61.08329941154092,-60.17302343705145,-60.34054398951123,-60.863715714921966,-57.561157654758496,-54.64085415876267,-49.23395932118289,-46.58686531903982,-44.988046645788366,-52.414846057717654
/Users/yunhwang/Desktop/Stethoscope_Project/Audio shared/ML test sound list/RAW sound_ML test sound list/KP007_WWS.wav,KP007_WWS_seg1,KP007_WWS.wav,0,-20.725736038147826,-7.21201436194656,-5.59942057302239,-6.535391130991225,-8.335136715348495,-11.235765057183938,-13.522720446459465,-15.505827981095777,-18.162141697298846,-18.560046980118937,-19.328187369586548,-19.499883450489275,-19.675084702876724,-20.52367980466992,-22.208962570758615,-23.730897359451617,-27.054564613718096,-30.36473704091319,-33.84448956100157,-35.63805878971356,-37.316058311289204,-39.66226807903735,-41.42108823206451,-41.60553713969428,-42.07738289837166,-42.94941583754567,-42.94999137305455,-42.56604836134895,-41.90755746155575,-40.58213064952813,-42.43421142128896,-43.98230770201995,-44.746337488719384,-46.19501390022646,-54.05004468229932,-74.32424079953992,-79.55921497885107,-79.56937124913321,-78.70819276581737,-77.09870047537726,-74.07736942916132,-71.41080426811698,-65.31917083822788,-60.63414228728521,-62.52139579369368,-61.658179401784764,-60.46773392519728,-59.071282737833165,-61.685025996930115,-55.11066560948193,-55.50026460112048,-62.537632495620116,-62.26014054640411,-62.88966172935803,-63.4496661517757,-60.06288887759058,-57.20223849932728,-60.75095754775394,-59.86312459334009,-52.71926299556274,-51.00333252110875,-52.21265272697268,-53.004380610493094,-54.398098020368145
/Users/yunhwang/Desktop/Stethoscope_Project/Audio shared/ML test sound list/RAW sound_ML test sound list/KP007_WWS.wav,KP007_WWS_seg2,KP007_WWS.wav,1,-25.065495625036878,-9.642239165268021,-7.99726958704093,-10.141376728300564,-12.342600008630113,-15.94596520959227,-19.29653302802455,-21.587812193654607,-23.680945570703777,-24.0865834805322,-25.018651675739292,-25.169185518919026,-26.521821593997625,-27.882191392870805,-28.260386909748874,-28.493951616384315,-33.92663975170541,-36.827262840463796,-40.3627844494517,-43.21567075416651,-45.69850670066627,-48.53948960332104,-50.33469355136935,-50.82085096088956,-51.770073994599926,-52.00493845094358,-52.065134874129335,-51.36294241245311,-50.04566216971511,-49.572436962252524,-50.85279816545732,-53.189896141836854,-53.92244846289368,-56.062610729666154,-64.99923577031161,-77.52206002565113,-79.91163273145787,-79.10683784398573,-79.03010158931883,-79.02958573901186,-75.96656665554828,-71.5679523262938,-65.796340226885,-59.45085262730223,-62.57829844732471,-63.13038366088396,-63.03824355135277,-63.474693348558304,-64.39374975595288,-51.967567481447524,-51.99729829148771,-59.61760066206371,-59.525294556985465,-59.73367525388285,-57.469566082714636,-56.46843964826362,-58.36563226039619,-58.640289792736965,-57.29249964958385,-57.14969783757129,-53.16970986707222,-52.32451161006967,-54.016514646464536,-58.04198203881758
/Users/yunhwang/Desktop/Stethoscope_Project/Audio shared/ML test sound list/RAW sound_ML test sound list/KP007_WWS.wav,KP007_WWS_seg3,KP007_WWS.wav,2,-22.61896538342943,-7.743864412963716,-6.0305440786602915,-7.488982539335115,-9.124203468996763,-12.440230320607949,-14.572119427300679,-16.47503100560317,-19.133127453457067,-19.984572552586545,-20.422948679100543,-21.20209506057827,-21.965415534043327,-22.888465963503517,-23.862583021689588,-24.61811821485551,-28.937226689269114,-32.366134242483305,-35.384481126875194,-38.11075342649136,-40.23553908490549,-42.874881859304985,-44.43145249708519,-45.471190410620814,-46.608456794378185,-47.108894403156874,-47.20955257289738,-46.77216693612603,-45.43235590710483,-44.52420043680883,-45.53322705954641,-46.82309286399429,-48.620960718870435,-50.85306126132062,-59.759255625278634,-75.82309445944348,-78.82785303688394,-78.42967483983854,-78.94056377585336,-77.78630403599539,-74.58173160673297,-73.16239005105318,-71.04595150743062,-63.09740647194443,-64.61273159830827,-68.799346317939,-67.44080349388462,-66.93587806147814,-67.55862390800377,-60.00883217808375,-60.20980388774254,-65.79829469812589,-64.9026358828351,-62.608832248728206,-62.81694056739777,-60.957736314093346,-57.00743205143943,-53.75753127921961,-53.88153974329368,-52.76005009931811,-50.475385329849914,-48.33661184713477,-50.74397926463983,-56.097601691001486
/Users/yunhwang/Desktop/Stethoscope_Project/Audio shared/ML test sound list/RAW sound_ML test sound list/WEBSS-002 TP 3_seg-1.wav,WEBSS-002 TP 3_seg-1_seg1,WEBSS-002 TP 3_seg-1.wav,0,-15.609828199136127,-4.9663294291985265,-3.6736984959988073,-4.221986972791979,-4.727792065015895,-5.489778201386524,-6.1677531544054585,-7.611894605766635,-9.42442374322716,-11.680713534107937,-14.544868915004857,-18.46616851235945,-21.20088054261335,-23.466205164601334,-24.106673705502303,-24.48297655132666,-24.607834196987103,-24.005736800150295,-23.400097562294697,-23.1148240786586,-22.70105426911575,-22.267280603272983,-22.171756433561132,-21.915665579921736,-21.430988451638054,-22.15794025169402,-23.42304630743169,-24.51737049388856,-25.672731876164754,-27.77781472677271,-31.935310800689216,-39.32300063163494,-45.482143378607326,-50.72289180357863,-58.759674721316834,-79.25041634863062,-79.59914406523252,-79.61514344323172,-77.93758742585808,-76.17361875959185,-76.37728176055347,-77.79173345075851,-77.61526068583099,-74.7122115339445,-74.32200783065498,-75.23570955138557,-74.79988399991268,-75.05061320697571,-74.86218378934649,-66.99809183115953,-65.62426136343731,-66.71387852927825,-65.32289045722628,-64.34628527260267,-63.712272993613134,-62.39518236554236,-62.74844135271039,-63.35297894923005,-60.58487242218142,-54.17009661061873,-47.68272594823799,-47.093358244384994,-50.68000193576144,-58.32089141158267
/Users/yunhwang/Desktop/Stethoscope_Project/Audio shared/ML test sound list/RAW sound_ML test sound list/WEBSS-002 TP 3_seg-1.wav,WEBSS-002 TP 3_seg-1_seg2,WEBSS-002 TP 3_seg-1.wav,1,-17.403125540993187,-5.848339518267462,-4.369269176573146,-5.260401424551608,-5.988695064963907,-6.708813238021984,-7.30053319315462,-9.29711526394479,-11.569704975511764,-13.237061408819413,-16.4164181799686,-20.817549169334843,-24.554293278200316,-26.515505971611745,-27.779532676078727,-28.122178110824404,-28.062281497997198,-27.691307676201728,-26.2954919837387,-25.404402501480412,-24.69678930377852,-24.433515749882737,-24.674105562122225,-23.242125090013122,-23.60774027010935,-25.30901990984886,-26.13659928154505,-27.20875558927843,-27.469983256220626,-29.24444571845136,-33.95992713255498,-41.72902183212336,-47.583875648317715,-52.49474101747651,-59.57232141573207,-79.33869233098551,-79.69614415307714,-79.70423932147176,-79.0672486396711,-76.34976255995562,-74.05947182118473,-72.34937310078237,-71.19734771777331,-69.23792024339856,-69.93434287426486,-74.82522366835786,-74.12111010944982,-73.73742302319934,-71.78264123399089,-68.04136382349238,-66.69628825332923,-67.64686930589704,-66.53187989479576,-66.31092723687168,-60.164793321928194,-57.98484413840243,-59.584998470434726,-60.44285311476605,-54.26294602904301,-53.215056889257795,-50.93125929528645,-47.17397762599219,-50.57034935163662,-57.783412838630866
/Users/yunhwang/Desktop/Stethoscope_Project/Audio shared/ML test sound list/RAW sound_ML test sound list/WEBSS-002 TP 3_seg-1.wav,WEBSS-002 TP 3_seg-1_seg3,WEBSS-002 TP 3_seg-1.wav,2,-15.044607633291326,-4.901713670944679,-3.7377963100712877,-4.3121788162116355,-5.0749827866035115,-5.7898049946001535,-6.176736969599179,-7.875174797908341,-10.041546821695269,-12.135285319568407,-15.18763420999345,-18.549558984985598,-21.25434589082373,-22.20092085345512,-23.984163588156573,-25.00625510256717,-25.482222845767502,-24.509277828578767,-23.683290332398006,-23.183584324686368,-22.136627600729405,-20.835468880881905,-19.764695016862035,-18.69739295683208,-18.608766520640835,-17.800756357829826,-18.841867982361862,-20.211341718016744,-21.95821108360955,-25.646148246674255,-30.731941351423647,-37.330617588028566,-41.86339096942039,-46.66625080368566,-53.334841511845624,-77.74861814011693,-78.98960842152005,-77.90095067851975,-77.38676889877183,-77.96745358868993,-77.03346234247994,-75.00359804244391,-74.02555369849465,-74.45076489759151,-75.6617155349723,-76.37002384884178,-75.18127629262582,-73.32141854048572,-70.7334977555436,-69.36413049067848,-69.85913890350014,-70.44698864819148,-69.10732167015202,-63.48743458452949,-59.99828387676572,-62.95110470504579,-61.95055112291945,-57.939230981041995,-56.36515317436706,-50.18642218475673,-50.097930980867105,-50.33869528148133,-52.797282087555324,-57.87375096194842
/Users/yunhwang/Desktop/Stethoscope_Project/Audio shared/ML test sound list/RAW sound_ML test sound list/WEBSS-003 TP3 _seg-1.wav,WEBSS-003 TP3 _seg-1_seg1,WEBSS-003 TP3 _seg-1.wav,0,-18.70915320157,-5.605476670625356,-3.924027716971115,-4.919354385514797,-6.360338975146916,-7.545564307044401,-9.059302104078172,-11.385068301411268,-13.01942856836494,-14.48255114917988,-16.063983642219863,-17.376285015058457,-18.64554191300828,-20.151605595872656,-20.74744217629307,-18.55300102952137,-16.345406314054514,-15.69716474441725,-16.634988109625155,-16.663315788843178,-19.01003577971875,-21.53367594046852,-24.522939292637382,-26.01552204557294,-28.649646746546736,-28.04092211988506,-30.746432527732733,-32.1367244685767,-33.882551644683055,-35.79276398843426,-40.254865528991736,-43.972972559921516,-47.30869918787006,-51.485416079336815,-59.76716191331911,-78.84029305569136,-79.65506856394356,-79.65695302534327,-78.77953383065838,-76.14050349305369,-73.70307193021887,-75.26934093738024,-75.78695670080765,-76.39806784491776,-76.84762961572535,-77.58760200036286,-77.63438344660275,-75.77464013898823,-74.00311338805909,-69.03012143905903,-67.12643087936604,-68.3531497484517,-66.87859772000945,-64.91927138500404,-65.19820044209906,-66.15007037175673,-60.36425658037667,-55.101001334057884,-55.625806789569786,-53.22599521203809,-49.9243081621455,-48.67292871510486,-49.636594887912906,-58.431883289244404
/Users/yunhwang/Desktop/Stethoscope_Project/Audio shared/ML test sound list/RAW sound_ML test sound list/WEBSS-003 TP3 _seg-1.wav,WEBSS-003 TP3 _seg-1_seg2,WEBSS-003 TP3 _seg-1.wav,1,-21.717156422206685,-6.830829330010158,-4.50415187242847,-5.783319660213592,-7.971511907757806,-9.34185949028973,-11.400724861989412,-14.496555185229377,-14.981954473951546,-17.105902813996753,-19.37270591153206,-20.626182945699494,-22.260311321694857,-22.93823466230516,-23.317565911337663,-21.097945576789257,-19.41868439114166,-19.69122685632305,-21.570060895069897,-21.472622873300693,-23.397496563564157,-25.969629142451968,-28.782316818849193,-30.030021223939116,-32.136021902667316,-31.278730036711114,-33.51506834639833,-35.301397177497186,-36.511307451915926,-39.41150998152091,-42.97574721848613,-46.446485549760176,-50.44849978733603,-55.04891919373005,-62.70641597141598,-79.47556081893993,-79.84661425556577,-78.34863760252944,-76.29716670591324,-75.8168814188643,-75.34781752515819,-73.62512986353603,-74.89169491042838,-73.07269947398795,-71.7727228328141,-73.13715896234716,-73.44142672370387,-72.11758387086115,-70.4406215230153,-66.05465933931325,-64.58561012666796,-68.1239789483029,-66.5158001683555,-64.26597037555491,-63.77714126299199,-60.43673407893569,-58.361727415079315,-58.949056877512405,-60.292067833182806,-55.02371321649169,-50.19079448117203,-49.60800308754229,-49.674182361567226,-55.89775476136668
/Users/yunhwang/Desktop/Stethoscope_Project/Audio shared/ML test sound list/RAW sound_ML test sound list/WEBSS-003 TP3 _seg-1.wav,WEBSS-003 TP3 _seg-1_seg3,WEBSS-003 TP3 _seg-1.wav,2,-15.097327995013199,-4.536803093420214,-3.257464955175047,-3.515125924871934,-3.795357190197672,-4.193160182774919,-4.836390662961058,-5.312063941132227,-5.63372929604402,-6.08300522582094,-6.896879936316098,-7.738159322989019,-7.930755497269823,-8.425170345074019,-8.865528659702125,-8.58307421731578,-8.207529827786441,-8.208289057886498,-9.051379021710725,-9.399870129076039,-9.823116070408258,-10.653609808223925,-12.131665312841125,-12.527591523177724,-14.786442627063945,-14.831955376225718,-17.80586680357071,-19.810633997989978,-21.428755960986685,-22.439452303110915,-24.691280182611436,-27.636577331960577,-30.46009244183565,-34.063937248521526,-42.9910980105956,-69.52114717892954,-79.73829521196517,-78.92925021650584,-77.98752072945778,-75.51063356210179,-74.82920535421442,-75.45039912811724,-75.58535455542881,-74.3010187802703,-73.19271230683003,-73.823876606455,-74.35136311289237,-75.11251523731859,-70.49560063012052,-68.01323345616987,-67.90682123787211,-69.2487848777408,-67.26956365662468,-65.13507633076821,-64.4520819182571,-62.358079128599286,-60.8016301762194,-60.20311698039153,-57.76824975109701,-49.49773665723135,-50.266479020005036,-48.26168367764263,-46.93736481730154,-56.86754754171127
/Users/yunhwang/Desktop/Stethoscope_Project/Audio shared/ML test sound list/RAW sound_ML test sound list/KP012_WWS_1.wav,KP012_WWS_1_seg1,KP012_WWS_1.wav,0,-18.561667306986696,-6.0637882133346865,-4.591422538962836,-6.817830265429879,-10.120600435003624,-13.572922175116867,-14.728023716289258,-17.40165627161444,-21.33238061171337,-23.095006695813147,-23.846044731335414,-24.23713853825411,-26.620552806997324,-28.28455149463001,-29.838514988264116,-30.822354599631716,-34.57559844916769,-38.50022221233212,-41.16464803276023,-44.11858110888573,-46.75072126949897,-48.94508620043661,-50.85503619166823,-52.111454609666474,-53.58037615147972,-53.16612699215377,-53.73296544824894,-54.98545198366304,-53.513946259014034,-52.58573217762425,-54.24997791481694,-57.496062499258635,-58.48926694563243,-60.362996800898095,-71.11790193336378,-79.02738742465438,-77.67643396810273,-76.86536115335086,-76.62217012930189,-74.06212961940822,-72.84232932729375,-67.18765540241459,-61.45495364697265,-58.59040828814491,-58.89391900176328,-61.910197624596485,-63.17711941859358,-63.791984820715854,-64.14702094363501,-55.41189153464268,-55.57895947326205,-60.3254985998568,-60.20442876600728,-60.66313928453448,-60.336092282462616,-58.142341363977586,-61.42658966213789,-63.66128824615924,-58.34375835911341,-54.4549478562346,-51.171872682493024,-48.918715469677494,-52.66129391688832,-55.638164885956904
/Users/yunhwang/Desktop/Stethoscope_Project/Audio shared/ML test sound list/RAW sound_ML test sound list/KP012_WWS_1.wav,KP012_WWS_1_seg2,KP012_WWS_1.wav,1,-24.744222097757138,-9.325800579880578,-7.721602383963505,-11.375217119077002,-17.281816995328924,-23.141758690881066,-26.032869398715462,-29.85629374339681,-33.17162244611788,-35.94666834267783,-37.738800542857845,-38.807507290387875,-40.469158023234534,-42.687546544000355,-44.35758627503394,-46.08915859274091,-49.39768190659874,-52.87069348850928,-55.82228203622464,-58.66029343618623,-60.798350882299886,-63.38121496630227,-65.38949077445218,-66.054915052267,-66.8290452107236,-67.26342077010672,-68.26368275794464,-68.89725500286923,-67.90948317948923,-67.41663236656441,-69.23368339907732,-71.64193289475507,-71.58293635362837,-72.2053429503992,-77.02098275785644,-79.63227706211893,-79.09497008648322,-78.95548248310033,-77.49002427129899,-76.8768785055182,-73.47798935999235,-71.10300507444184,-69.91832913436018,-65.14614816184891,-61.72614496028232,-64.11810466206119,-62.61052689681379,-62.9484000130735,-64.14471923056571,-55.61062823247579,-55.94106057368702,-63.67381707512721,-65.21590102125329,-62.076320839222625,-58.074491011108485,-59.92996234358299,-61.636055692726536,-58.50728513086954,-53.12340490215047,-51.08704594519897,-50.55326400663236,-48.82429045660282,-47.55480215516245,-54.1354976199591
/Users/yunhwang/Desktop/Stethoscope_Project/Audio shared/ML test sound list/RAW sound_ML test sound list/KP012_WWS_1.wav,KP012_WWS_1_seg3,KP012_WWS_1.wav,2,-18.52286017674318,-6.172280324246869,-4.781972845960088,-6.728623456913511,-10.632603759628715,-15.293688941380456,-18.678146703160845,-22.16155473466273,-26.228740004196403,-27.651712400708544,-28.806912915280286,-30.69964276102134,-32.26277362467448,-34.39796182862316,-35.20167233060648,-35.951574174178255,-39.26109437492189,-42.38129137836636,-44.34009044918456,-46.67089728866877,-48.715327056898204,-50.407922121464,-52.33680978849558,-53.22949141750648,-53.717929356704275,-54.70043482110934,-55.97117725494377,-56.494243343288616,-55.4853825102625,-54.91249606202231,-57.30567837610681,-60.05167986121428,-61.026288299463374,-61.97080204118703,-71.34491879078162,-77.93478102073172,-79.91513729328392,-77.53587868045985,-73.562396586169,-71.88020274795441,-69.72697920605938,-67.63621693664066,-64.5088077081869,-62.32915171886649,-62.067129123518,-66.15587210743931,-65.98979884299362,-66.72911614552049,-68.73163643443812,-52.551355523852095,-52.3203650084847,-58.2008962881383,-58.64687880176346,-58.29393415418253,-58.05919734223184,-60.9953375347395,-61.5081749260157,-59.12046615289819,-57.30565613314077,-54.34560503968414,-51.631842747527934,-45.535079555949814,-48.04679176699711,-56.27882761729348
/Users/yunhwang/Desktop/Stethoscope_Project/Audio shared/ML test sound list/RAW sound_ML test sound list/WEBSS-002 TP 4_seg-1.wav,WEBSS-002 TP 4_seg-1_seg1,WEBSS-002 TP 4_seg-1.wav,0,-14.364577472485024,-4.384415038650058,-3.3862444834440453,-3.7919307977750605,-4.340957181721709,-4.943030608447039,-6.62846128078319,-8.037444720949619,-9.710976196526406,-12.811992115084989,-16.53801203140575,-20.211761989207773,-23.807220485312516,-27.763196693417022,-30.084235497359717,-31.037633804496668,-33.02185986469753,-34.31906265578827,-34.32071706235137,-35.290704331613846,-35.869471149853574,-36.253699232343436,-35.594328535517185,-32.958901063848316,-31.25968581848426,-30.775880999738963,-31.14161439998101,-32.4492580636405,-34.40443763719771,-38.626067504776856,-43.4671613141076,-48.34034815509341,-52.73957989827267,-57.05604221883815,-64.43931378559914,-79.31916439625167,-79.57891302945369,-78.70329444572171,-74.65818385322424,-71.8893554394152,-70.91513154692477,-71.76233592839553,-68.86287206034851,-65.48433068811518,-67.48600158276308,-68.14282690565824,-67.89132949020839,-68.21661134147216,-67.5247217810937,-62.827369609470544,-62.230037125375446,-65.52558349511504,-65.69651389366736,-65.89612193757078,-61.657740325683655,-61.75394735965224,-62.122243005410176,-60.756869504038605,-56.368032531259836,-54.08233430605685,-51.88213576817389,-45.963134983677996,-44.167832049676946,-54.39645931346341
/Users/yunhwang/Desktop/Stethoscope_Project/Audio shared/ML test sound list/RAW sound_ML test sound list/WEBSS-002 TP 4_seg-1.wav,WEBSS-002 TP 4_seg-1_seg2,WEBSS-002 TP 4_seg-1.wav,1,-15.71740440232709,-5.041736901798419,-3.655639488340108,-4.194884022239581,-4.816298031266137,-5.616800704566071,-7.034717345035798,-9.051203076272841,-10.10428565835659,-12.70513039359244,-16.482655971704038,-20.76591622873719,-24.78837744189623,-27.494758311461315,-30.25117049838291,-33.203968931091296,-33.963843537258505,-34.89830792476083,-35.31654445546454,-36.0923931255569,-35.51211660372101,-35.30783632395637,-35.940118546176606,-34.62713875003462,-32.21663628681854,-30.981778566315942,-30.164437056002946,-30.193394441991003,-32.74330574125745,-37.49780158495498,-42.66211667738822,-48.266501003417254,-53.20940136907055,-56.90585613235376,-63.602599443467206,-79.57810329371463,-78.82987848958761,-78.80110438902607,-78.8246342409435,-74.69441308688717,-73.01510810542648,-69.81699656372265,-68.55268831048022,-69.44668116981228,-68.37342734318683,-71.04099131504076,-72.27753170411584,-74.21756302725021,-69.89481141960887,-64.73429683105512,-64.58653164196156,-65.13836953177241,-65.1454653231042,-64.1792845830137,-60.954420093256694,-62.70389605393924,-60.983374197629715,-58.832794699293466,-53.406783456517275,-52.02623291175441,-49.798563004894916,-48.011136988784926,-47.34411944194958,-53.74742361013085
/Users/yunhwang/Desktop/Stethoscope_Project/Audio shared/ML test sound list/RAW sound_ML test sound list/WEBSS-002 TP 4_seg-1.wav,WEBSS-002 TP 4_seg-1_seg3,WEBSS-002 TP 4_seg-1.wav,2,-16.29046149754066,-5.177329663768655,-3.907416896304318,-4.560715270804527,-5.3549959192120085,-6.41124720252534,-7.96237724449646,-10.491323973127946,-12.304337091580953,-14.846017387066961,-18.56967175317209,-22.556330844419314,-27.378193656924594,-29.871360874209426,-31.367875425579857,-33.12665555066871,-35.55176046496333,-36.39837459363695,-36.48830251512714,-38.16783756824587,-38.997451094469106,-38.52170435188464,-36.605969500204004,-33.437075220876594,-31.932556352803996,-30.72776953091569,-30.775667161854287,-31.484681205386416,-34.379797219095636,-38.689870822995694,-43.52391053496617,-48.907335688699156,-52.93540857381893,-56.61759992540955,-64.07315015396243,-79.67869096784793,-79.69142152578783,-79.69741224291694,-79.70353346739442,-76.7193896242109,-73.2341275378574,-72.68357160219415,-69.49955224362728,-65.25216873362244,-66.87434709490816,-71.93942217455444,-72.19159739965568,-72.8767496077196,-68.14563771520648,-58.807027152168736,-58.85116165119645,-61.71165074704702,-64.85257617475243,-67.33182508182662,-63.762132921931304,-58.10760325873493,-60.294550497773365,-63.63318501305482,-55.71205543140359,-48.9778940875673,-45.90414017622034,-45.08041141998111,-45.46616372762245,-55.42930441827682
/Users/yunhwang/Desktop/Stethoscope_Project/Audio shared/ML test sound list/RAW sound_ML test sound list/WEBSS-006 TP3_seg-1.wav,WEBSS-006 TP3_seg-1_seg1,WEBSS-006 TP3_seg-1.wav,0,-23.7096623302293,-8.572440278990948,-5.9990527493337735,-7.822800178866054,-10.79847958781051,-13.485289800666335,-16.221040016087045,-19.508600490391526,-22.368325070146188,-24.218279680285182,-25.699162503785285,-27.328474699753308,-28.683789499803737,-29.590786798220645,-31.745684867211896,-33.79656729645292,-37.62601415888407,-41.84756461693776,-44.37716140421897,-46.91965617159449,-49.71758175618549,-52.14663800826067,-54.13970985365431,-56.170372627311025,-58.355681961845015,-60.41887124017979,-62.24768819571059,-63.717945562338556,-66.06705593015312,-68.83679709893752,-70.9957889269078,-73.23044330398132,-74.6976294109692,-76.04161552255286,-78.48619026067136,-79.75742916755075,-79.03407527222382,-78.84048418716007,-77.15476588103549,-74.69045453142034,-68.18494178187609,-63.376224754549334,-62.06054821511463,-58.73376715859955,-56.860575721152095,-58.77135742321926,-59.7026760011405,-60.637404002047795,-63.37318596625939,-54.249917993005035,-54.59464954698014,-60.711351174822944,-61.148353147878126,-60.28741975247958,-62.2553337883076,-62.76672017870028,-60.43231596957805,-61.765988883508605,-62.50699706692804,-63.68878206687896,-59.51982746694254,-54.61056759555877,-55.59104689655856,-54.71185404373629
/Users/yunhwang/Desktop/Stethoscope_Project/Audio shared/ML test sound list/RAW sound_ML test sound list/WEBSS-006 TP3_seg-1.wav,WEBSS-006 TP3_seg-1_seg2,WEBSS-006 TP3_seg-1.wav,1,-18.8133610824898,-6.159308934507049,-4.122119487995016,-4.793162151918677,-6.158715694980425,-7.899525124426315,-9.813862764423776,-11.894666447289953,-13.11501478322468,-14.610043184336602,-15.927467703228917,-17.074129384033682,-18.51966809434118,-19.59424268445911,-21.085911107554413,-23.661583229328443,-27.339432720629308,-31.797881138533874,-35.643393490780454,-38.973346416280975,-41.56432946662134,-44.09069586086037,-46.35199774268252,-48.589602216980296,-50.77630559591235,-52.645035462637395,-54.31800057499306,-55.433594002906275,-57.86818510201606,-60.39229555482376,-61.813602754700646,-65.67235784789206,-67.73696085818366,-68.81288917078021,-74.29032798833519,-79.54768798020221,-79.5526525446125,-78.76335182367413,-74.39895946301733,-71.72343564701798,-67.0193610449442,-63.38444878488207,-62.30267295649149,-62.828927664996854,-63.67327668786865,-64.2457079085691,-64.90251980421007,-65.0260289119255,-64.30455230874286,-58.057550157378145,-57.75742523667303,-61.33223122339141,-62.66044936527329,-62.87045094723183,-62.61435209444394,-63.3027409384855,-61.040778959848346,-61.596024528002516,-63.59253405624915,-58.969515194788585,-57.248371347620115,-51.34995165614087,-49.033525441507464,-53.092425861959946
/Users/yunhwang/Desktop/Stethoscope_Project/Audio shared/ML test sound list/RAW sound_ML test sound list/WEBSS-006 TP3_seg-1.wav,WEBSS-006 TP3_seg-1_seg3,WEBSS-006 TP3_seg-1.wav,2,-19.63549677365365,-6.198612680143445,-3.760960406264799,-4.8967987935860835,-6.783536350296016,-9.239351273572074,-12.071973239301135,-14.946044813767749,-16.887508133239884,-18.55342731402611,-20.07776543207362,-21.46248173367663,-23.45947019050461,-25.260377812820185,-26.95444281468326,-29.661828683485794,-33.645045662034384,-38.13488976453037,-42.372295039831435,-44.788651417962605,-47.4465148643828,-49.829476426041126,-51.832960167560984,-53.592293848411174,-54.6907768590845,-56.83164184857428,-57.938111188934585,-59.00861428105796,-61.08773501597861,-63.13558865645386,-66.57758913874201,-69.86384255442586,-71.84187363778764,-73.25009017769685,-77.50126367870126,-79.68067477730706,-78.80900906674641,-78.00338073345557,-77.36828808848965,-74.39976473546493,-69.21330653695613,-66.10091895155098,-60.604040296200516,-59.209097689626276,-58.765300060153294,-60.03450163042075,-59.31279837790898,-59.4708737346367,-62.34436901628277,-54.38524849164964,-54.43578737746325,-59.60509128447977,-59.79362441787432,-62.97606514193028,-64.61523739004627,-62.20774421830699,-58.59436330221269,-57.8887070829087,-58.45215983005681,-56.901427618352855,-55.296408422978615,-51.57633120229539,-50.326776135541735,-52.5661332317866
/Users/yunhwang/Desktop/Stethoscope_Project/Audio shared/ML test sound list/RAW sound_ML test sound list/KP005_WWS.wav,KP005_WWS_seg1,KP005_WWS.wav,0,-19.418950001203118,-5.7317303273611975,-3.489595548710417,-3.639497842235491,-4.149570230482262,-5.154867350288111,-6.124824074959222,-7.296855230289515,-9.587794657698469,-10.168343074328492,-9.851633211797381,-11.142519318288286,-12.37148964146682,-13.623592550911914,-14.830278204677597,-16.55999606675453,-19.562064326199682,-23.046184991940297,-25.86923555345416,-28.081771925637852,-29.3210709375286,-31.185688507167065,-32.34000030597604,-32.96346425439567,-33.64280556153083,-33.907613024546166,-34.024649908060944,-34.16327447183283,-33.46456437895695,-32.722529465148305,-34.87197626951922,-36.654681146151965,-37.694312044567035,-39.20557761896152,-46.33878040331789,-71.52870079461097,-79.71059120991241,-79.72508423323593,-78.86091726064907,-78.00991722973527,-77.59222017262887,-74.0115341341197,-70.85189026285929,-67.53401129273949,-69.13414091727734,-71.2822105934217,-69.7647272688993,-70.98700237327728,-71.49982167852777,-58.39592300896923,-58.0928971599716,-65.46562376635775,-64.92642634306229,-60.857559115342866,-58.93233258044131,-62.00780420548582,-58.17629410954193,-58.38446273564712,-58.08344349922227,-51.68453391275412,-49.02729434845213,-44.29861799544968,-49.567759014655216,-55.61017365919917
/Users/yunhwang/Desktop/Stethoscope_Project/Audio shared/ML test sound list/RAW sound_ML test sound list/KP005_WWS.wav,KP005_WWS_seg2,KP005_WWS.wav,1,-18.39316678152484,-5.768490517068169,-3.5678894884719017,-3.7454621940649067,-4.2032714491898355,-5.225917319852503,-6.146163516878232,-7.444669719934307,-8.987939711248128,-9.519444732034767,-9.905127131863766,-10.964261881959207,-12.484353183697383,-13.467511993387948,-14.623335384620319,-16.096418321043625,-18.998149190954717,-22.453902505771183,-25.08345548709873,-26.013548562124168,-27.647777842478853,-29.41141823319795,-30.883809453853253,-31.823474377590436,-31.779288151836052,-32.32766975212582,-32.46256645657304,-32.05657669641094,-30.464314499909158,-29.372110362968716,-31.89906197488469,-34.0192869227289,-35.156191839619076,-36.98379542223204,-43.599601128616015,-68.99166721655817,-79.68787023633932,-79.66913139327481,-78.71772598358174,-78.00694394391276,-77.05373355035486,-74.72905208277236,-72.63430563600834,-69.13459211364979,-69.32387309246874,-73.03754802597808,-71.40564425576018,-70.29173653697768,-70.61731115582846,-66.48234435260366,-66.86436550068075,-69.24242775695026,-63.066442133990904,-60.31636583695078,-63.954611283312445,-65.60668941599832,-57.52552078553442,-57.0358175228499,-58.15898275804034,-52.43052641078604,-48.7761793039421,-45.94016454562224,-47.0284603077401,-55.80508216443398
/Users/yunhwang/Desktop/Stethoscope_Project/Audio shared/ML test sound list/RAW sound_ML test sound list/KP005_WWS.wav,KP005_WWS_seg3,KP005_WWS.wav,2,-19.950767723671746,-5.8418595544189795,-3.401488584230171,-3.598121024382072,-4.201794288170192,-5.415427812749018,-6.613178908728569,-8.272213401694057,-10.536004771971461,-11.110246853788263,-10.604482843434303,-11.569730400429524,-12.9650542577672,-14.123986787553525,-14.838222213355111,-16.61280851309966,-20.998205692795757,-24.256568151315307,-27.494495207045667,-29.102528243223357,-31.50232845152408,-33.8819071150456,-35.07551892392074,-36.22158459304632,-36.62936088856989,-36.78879997717771,-36.936624726224935,-36.24341777723657,-35.400437136604296,-34.979658149449406,-37.02903962785123,-39.20909836440733,-41.053135610194644,-42.474193011912085,-49.456196915804675,-74.67755712589754,-79.78865771255134,-79.16934459712277,-76.6336385822163,-75.74957246047029,-73.54593811095799,-69.37136143987513,-69.73294826472623,-67.81553088134487,-68.62931834848767,-74.80305051208808,-74.72147196436462,-72.24003000222936,-69.3555496376364,-64.6580550292998,-65.15212763067477,-70.91139079811234,-66.04143835649774,-60.30196300386502,-59.54687834626649,-58.30564306065672,-59.97879348669545,-57.63018702683791,-54.44125348549989,-53.26173364134633,-45.77671976635917,-44.42844506469365,-46.142863919680245,-56.94425094504195
/Users/yunhwang/Desktop/Stethoscope_Project/Audio shared/ML test sound list/RAW sound_ML test sound list/KP004_WWS.wav,KP004_WWS_seg1,KP004_WWS.wav,0,-19.03244949459389,-5.918285705433658,-4.25926370949951,-5.622492028968735,-6.996371888426098,-7.932072522808754,-10.274926979099671,-12.576805893150151,-14.328362678751565,-15.906410446832634,-17.11551643495251,-19.27588504434775,-20.487405661784226,-20.793449758026878,-20.2701371665506,-21.72546040390111,-23.420133711614877,-25.41097221708486,-27.169867442881785,-28.887906483641206,-30.309271437566117,-32.19292689962513,-34.09546433203546,-35.060353265272944,-35.34195980917108,-36.19278635140841,-37.06356341204518,-37.82058141336786,-37.89919714571896,-37.97713461503626,-38.49889237976656,-41.44319793828181,-44.20522114510853,-47.46556247216567,-54.84656721665051,-76.93217393207723,-79.77943405493981,-78.9391561331568,-78.97157160705378,-77.1745348572336,-77.42000552283508,-77.4360167867872,-73.83376389972024,-69.19366008126315,-70.84409854347919,-73.56938012033442,-71.66263655989576,-71.07758558535478,-67.66285109192377,-56.89381350712014,-56.61955904293129,-61.08603408612553,-60.87767921367157,-63.35802975574828,-62.149811120740054,-60.757975079304885,-57.42232139726714,-57.98773742775097,-59.165407774476364,-54.5471092794978,-53.91745499173871,-48.578388328914755,-54.464148015875054,-58.978997265312444
/Users/yunhwang/Desktop/Stethoscope_Project/Audio shared/ML test sound list/RAW sound_ML test sound list/KP004_WWS.wav,KP004_WWS_seg2,KP004_WWS.wav,1,-18.85721681592079,-6.164000252509919,-4.637079931529611,-6.0257914114820545,-7.145418493808797,-8.648108874906642,-10.668011153695787,-12.880099292355917,-15.029028382835074,-16.96384833759122,-18.76423136780469,-19.505927468024396,-20.850262105055595,-21.44669133788281,-21.48073344074518,-22.61593801967632,-23.896653013219172,-26.212744977880323,-27.920167692283293,-29.655050031517487,-31.307067943190987,-32.952127158992504,-35.11675413929353,-36.90557431204201,-37.065464276644505,-38.10794053452642,-39.066534920692234,-39.48936517334795,-39.8800758307458,-39.68769618267543,-40.14015449720286,-43.04190596002777,-44.72282945963533,-49.00205619606035,-56.80178097099332,-77.96356706699109,-79.8441197460135,-79.85003248423882,-78.97563609978559,-77.78217713347702,-74.4931348824596,-70.61650255029897,-70.79995374856243,-67.84402797599543,-65.4319486359816,-66.77601558146814,-67.00345717200696,-69.77329361280565,-68.0876559954626,-59.64319025201555,-59.714545598997404,-66.27687821691343,-65.1496369332342,-65.31396450127556,-63.98713163141863,-63.163541701605034,-61.11857564268954,-59.97710984264269,-55.73302464343258,-49.93058598081241,-49.36383367664526,-49.9855001490873,-52.25553467527886,-59.089243226665566
/Users/yunhwang/Desktop/Stethoscope_Project/Audio shared/ML test sound list/RAW sound_ML test sound list/KP004_WWS.wav,KP004_WWS_seg3,KP004_WWS.wav,2,-18.86417575072017,-6.146992050096261,-4.7021317102314875,-6.10641340791216,-7.138007469375917,-8.58118429420766,-10.572503711899651,-13.452045825853247,-15.12547998019842,-16.464607029385217,-17.922222483434794,-19.497490227101665,-20.97851315690322,-21.012435069875444,-21.018750253255384,-22.574911631160074,-24.3551614180924,-26.154503566103752,-28.33392282097481,-29.864019057634692,-30.827603208733542,-32.92221199005467,-35.38621457388186,-36.30445377038971,-37.438154277493965,-37.87094577631815,-38.461628358348705,-38.99708169045632,-39.055290124499976,-39.521528033197605,-40.00309496185873,-42.43478327706515,-45.277295058413046,-48.68800649347519,-55.65209586777407,-77.72774230837858,-79.66564626734629,-79.67093613985044,-79.67601005171342,-79.12724275531649,-75.27805679444546,-71.93616516883824,-66.02094723925185,-63.666182674355376,-62.626979097478575,-65.95256665346048,-66.39568569796221,-66.68686636553477,-65.83028779722507,-58.876570262941506,-58.05523343941107,-59.63397711984748,-60.44146936866492,-61.08097302118113,-58.31033355717924,-58.969380394644645,-60.8540518297557,-61.30354341834952,-59.23637040101104,-54.58994349801898,-52.00704392389902,-49.30909807421552,-50.20411584153534,-56.40312885772624
/Users/yunhwang/Desktop/Stethoscope_Project/Audio shared/ML test sound list/RAW sound_ML test sound list/WEBSS-006 TP8_seg-1.wav,WEBSS-006 TP8_seg-1_seg1,WEBSS-006 TP8_seg-1.wav,0,-18.54226873309028,-5.122368243318317,-3.0776248315289734,-4.038984222436084,-5.101791011061225,-6.516089058402193,-8.720526164169362,-10.75692497698835,-12.219649612873523,-13.606777915704305,-15.371596094147419,-17.5181244652021,-18.97300283613815,-20.32655389898583,-21.835756935268655,-23.872433474254805,-26.348338321671342,-28.324249503974308,-30.761904356421358,-36.083449456038224,-39.57744119123797,-42.01017623883827,-44.112601637978266,-46.93807427108769,-49.24895469677492,-51.32300660917935,-53.49986178757912,-55.39730784403743,-57.28419043524667,-59.85138854959314,-62.66837239142718,-65.80050942366438,-69.02033826350728,-72.47457921326212,-76.3336560964703,-78.7575064367962,-79.6775482418589,-78.03458453957711,-73.91481099975279,-73.70896813134398,-73.0755571297486,-69.63620212232831,-67.41782380874393,-65.85644973564527,-66.31264648070261,-67.85032247932459,-68.50611151641972,-68.24867886877387,-68.29031700273573,-64.4859116451601,-64.43954163124147,-65.46651514747958,-64.7788392956096,-65.23805604347581,-63.24940925299107,-60.82081103493383,-57.908631988687226,-58.74650742712049,-55.33473125455021,-56.66928752900181,-53.96883767896098,-52.82369942503499,-51.637339931056694,-54.13585787566397
/Users/yunhwang/Desktop/Stethoscope_Project/Audio shared/ML test sound list/RAW sound_ML test sound list/WEBSS-006 TP8_seg-1.wav,WEBSS-006 TP8_seg-1_seg2,WEBSS-006 TP8_seg-1.wav,1,-16.93445075951252,-4.8464269929916295,-3.0371138412212617,-3.8624216927629442,-4.977574638608267,-6.389367686875265,-8.288317768298555,-10.18364670608145,-11.361659124672302,-12.2647771964807,-13.881512267933015,-15.719828853988652,-17.1298149571158,-18.62730321441431,-19.940560412759847,-22.33958559177956,-25.059333155867403,-26.967904727868866,-29.577943932370186,-33.9325479941664,-37.485896425356465,-39.684693626100184,-42.23001383354267,-43.94263845679213,-46.27993650255948,-48.02980528366204,-50.03300530985036,-52.27531708162922,-54.122980779594684,-56.868933549972716,-59.63445392860103,-62.55342430513283,-65.36476294533252,-67.84735913463417,-74.60188242118576,-79.69172214164567,-79.69568670834444,-78.77578360074642,-77.2430670911548,-74.40733111221215,-69.7489806427648,-66.55513586713599,-65.21146239618895,-66.68311194192049,-65.5721980817299,-64.7273650574982,-66.79977016584452,-67.55439381530769,-65.71912434918073,-57.048251247263195,-57.29841309506435,-60.926991582994255,-60.012956664674675,-62.076394564149915,-60.883556312924625,-61.31887174116636,-62.05785183730381,-57.3644431369406,-56.59030061921695,-56.69964564193911,-57.02549286534579,-55.81419423092273,-53.040222409699005,-53.61233605643372
/Users/yunhwang/Desktop/Stethoscope_Project/Audio shared/ML test sound list/RAW sound_ML test sound list/WEBSS-006 TP8_seg-1.wav,WEBSS-006 TP8_seg-1_seg3,WEBSS-006 TP8_seg-1.wav,2,-19.104781371457317,-5.683925914268457,-3.632585260511915,-4.774098316287877,-6.0670203998533925,-7.922833683081222,-10.337629277186261,-11.978509816240209,-12.99840523584573,-14.117124351740845,-15.605576802176184,-16.98932581594421,-18.91469666482489,-20.353969149462646,-22.266496795281444,-24.69320036507352,-26.59648384160471,-28.21896541149073,-29.948169085842856,-35.452442664448384,-39.45175150437581,-41.382384325171834,-43.89397538239898,-46.10441090335915,-48.80996968740639,-50.67959809746816,-52.92813564954053,-54.188828184475035,-56.06352585265435,-59.22841359869616,-61.70695635505104,-64.74088499840563,-67.36217306598968,-70.55317732296442,-76.31908317067101,-79.59828230603122,-79.60279682215868,-78.71423011295333,-75.06406476846007,-72.81883092966619,-72.22563492922113,-66.26250766308415,-62.02497009149363,-59.306688758734936,-61.28275728668063,-63.218747640332445,-62.75928807514299,-62.44648072237152,-63.64297667157796,-56.274734506209846,-56.39736414343492,-62.382923387581386,-61.69977667081009,-61.91541966011604,-60.46418356209561,-62.724820677029435,-59.54731758117066,-54.6968824697801,-57.49110599711029,-58.592873349041824,-53.81918915242656,-48.12078800946992,-50.114176852396284,-54.598583348828974
