file_path,filename,original_filename,segment_index,logmel_0,logmel_1,logmel_2,logmel_3,logmel_4,logmel_5,logmel_6,logmel_7,logmel_8,logmel_9,logmel_10,logmel_11,logmel_12,logmel_13,logmel_14,logmel_15,logmel_16,logmel_17,logmel_18,logmel_19,logmel_20,logmel_21,logmel_22,logmel_23,logmel_24,logmel_25,logmel_26,logmel_27,logmel_28,logmel_29,logmel_30,logmel_31,logmel_32,logmel_33,logmel_34,logmel_35,logmel_36,logmel_37,logmel_38,logmel_39,logmel_40,logmel_41,logmel_42,logmel_43,logmel_44,logmel_45,logmel_46,logmel_47,logmel_48,logmel_49,logmel_50,logmel_51,logmel_52,logmel_53,logmel_54,logmel_55,logmel_56,logmel_57,logmel_58,logmel_59,logmel_60,logmel_61,logmel_62,logmel_63
/Users/yunhwang/Desktop/Stethoscope_Project/Audio shared/ML test sound list/RAW sound_ML test sound list/KP001_WWS.wav,KP001_WWS_seg1,KP001_WWS.wav,0,-38.626710631870026,-25.222056346155327,-22.4779476442381,-24.93225539977105,-27.371986492503616,-31.419798555376556,-37.07855625572412,-41.924091760699255,-45.75756017278127,-48.17424828986853,-50.58694586217779,-52.5481803247716,-53.613563041289034,-54.908050811795825,-56.53510579616523,-58.30372706302846,-60.56035818350952,-61.79095760436118,-63.47352125829105,-64.40752888843862,-65.64979475431817,-66.46257500388474,-67.12993934456425,-67.67675064461591,-67.88520337910202,-68.73618643982101,-69.15100246912948,-69.50511860577086,-69.80665008873964,-70.1633812054421,-71.19695280781494,-72.19753770286597,-72.86555837589948,-73.80975891407338,-77.41815797254455,-79.96991694480558,-79.98197484912048,-79.98439768857874,-79.98571991693602,-79.98704270626926,-79.98830912985078,-79.9895661155923,-79.99079965107302,-79.99201105065566,-79.99320747069964,-79.9943864021864,-79.99553984749642,-79.99666826218485,-79.99777881155725,-79.9988658187136,-79.99991042485784,-80.0,-80.0,-80.0,-80.0,-80.0,-80.0,-80.0,-80.0,-80.0,-80.0,-80.0,-80.0,-80.0
/Users/yunhwang/Desktop/Stethoscope_Project/Audio shared/ML test sound list/RAW sound_ML test sound list/KP001_WWS.wav,KP001_WWS_seg2,KP001_WWS.wav,1,-43.692587676143155,-30.396157847093484,-27.76655832601279,-29.704892207510916,-31.91698596042703,-36.22107691794551,-41.45858531001467,-46.21747201018159,-50.213374773924436,-52.681536684857186,-54.9256399848005,-56.63541231873602,-57.51717386753506,-58.5916486405979,-59.98394222615422,-62.30540006754268,-64.23766887862176,-65.88770349412118,-67.60171437290835,-68.66905775142541,-69.56846426496676,-70.3366568777248,-70.8895139262195,-71.34080050119354,-71.9487331152514,-72.35929605834045,-72.81429140624988,-73.19243842490656,-73.31679737049147,-73.6685493757612,-74.53675031995057,-75.42198277404133,-76.24803769040604,-76.72341192825724,-78.89896209343999,-79.96623439373522,-79.97828247175516,-79.98675786529274,-79.99453155095892,-80.0,-80.0,-80.0,-80.0,-80.0,-80.0,-80.0,-80.0,-80.0,-80.0,-80.0,-80.0,-80.0,-80.0,-80.0,-80.0,-80.0,-80.0,-80.0,-80.0,-80.0,-80.0,-80.0,-80.0,-80.0
/Users/yunhwang/Desktop/Stethoscope_Project/Audio shared/ML test sound list/RAW sound_ML test sound list/KP001_WWS.wav,KP001_WWS_seg3,KP001_WWS.wav,2,-48.443192278009576,-35.382596524039066,-32.69136972028757,-35.45537615601228,-36.90732590444892,-40.5313009098295,-43.667047965210195,-46.12453132536716,-48.65199539291205,-50.22203876346048,-51.91907453634784,-52.82398544918152,-54.00699398547165,-55.46242065688183,-57.03595976313724,-57.95850638600694,-60.136151396441115,-62.33949049872221,-63.51818719791302,-64.23857883599682,-64.91107100371866,-65.50874216098761,-65.83091882435563,-65.93906869227754,-65.92249583452244,-66.46150891792844,-66.97200440740441,-67.28373224590784,-67.44337635283068,-66.51760119577382,-67.28104078070479,-68.64482235438204,-69.05082442164424,-69.60704418754237,-74.0268466430886,-79.90884381984604,-79.93427986450527,-79.94782199899113,-79.96318913760341,-79.98002369432244,-79.98942333826467,-79.99862059402683,-80.0,-80.0,-80.0,-80.0,-80.0,-80.0,-80.0,-80.0,-80.0,-80.0,-80.0,-80.0,-80.0,-80.0,-80.0,-80.0,-80.0,-80.0,-80.0,-80.0,-80.0,-80.0
/Users/yunhwang/Desktop/Stethoscope_Project/Audio shared/ML test sound list/RAW sound_ML test sound list/KP011_WWS.wav,KP011_WWS_seg1,KP011_WWS.wav,0,-32.10059793683054,-19.944394632744192,-18.41840038091642,-19.655116615606012,-21.753099821796773,-23.38582308993624,-26.035934670650327,-28.24058125774623,-29.663849922527437,-30.66304050046419,-31.694898268211954,-33.25683174970689,-34.4091739096832,-34.934364420949144,-35.48523894694451,-36.57746929828185,-37.49487890897978,-38.609741174607066,-40.14227233429271,-41.22169059222467,-42.21106043392216,-43.25439861597949,-44.158560087430644,-44.756910837541675,-45.88616172861619,-46.563813439956235,-47.10165073023501,-48.145461900334574,-48.747610869636354,-49.40202161894105,-50.79006806393451,-51.75828807316026,-53.108588149604785,-54.876519440746584,-59.6177042079731,-76.73009743324916,-79.84368144858774,-79.86358485892204,-79.88360837982462,-79.90428095767564,-79.92527774632633,-79.94610635121911,-79.95762693862137,-79.96758771481454,-79.96903121653905,-79.97043494507935,-79.97179279118595,-79.9731069619489,-79.97438613334954,-79.97562593433706,-79.97680891968778,-79.97796357949012,-79.97906341353746,-79.98011107110017,-79.98111329428816,-79.98205375784057,-79.9829335720758,-79.98374770199135,-79.98448781168885,-79.98514388025889,-79.98571491065003,-79.9861786862491,-79.98653432653668,-79.98675709052033
/Users/yunhwang/Desktop/Stethoscope_Project/Audio shared/ML test sound list/RAW sound_ML test sound list/KP011_WWS.wav,KP011_WWS_seg2,KP011_WWS.wav,1,-29.722238036266557,-17.08513302660455,-15.768236121991709,-17.231911860471204,-19.388593814740556,-20.5493231667635,-23.557403381215142,-25.928928918220592,-27.275958359102265,-28.636987417903118,-29.894322157878584,-31.06662527687673,-32.24167268743987,-32.93726953719449,-33.60424820280739,-34.46742130377855,-35.44888903728693,-36.64383845864585,-37.84430709802029,-39.192644134491196,-40.478337324927914,-41.22042027506924,-42.01206092982694,-42.758258106344904,-43.74246881312516,-44.50569203408182,-45.059876444206246,-45.68624946471435,-46.234848858005684,-47.20275599787556,-48.718793652594755,-49.565657572610334,-50.79732636708712,-52.57423596740216,-57.42659466319217,-75.27579843331854,-79.87527710403099,-79.89051203093508,-79.90725633825534,-79.92542424536674,-79.94442237903222,-79.96021742948581,-79.97084901471285,-79.97753889956861,-79.97867695724119,-79.97981051620097,-79.98092828097948,-79.98202831275935,-79.98311614725712,-79.9841848579435,-79.98521461230756,-79.98623209644559,-79.98720929679567,-79.98814740443798,-79.98905205153473,-79.98990595097122,-79.99070936902146,-79.99145661571988,-79.992138836687,-79.99274562585107,-79.99327578442264,-79.9937070635946,-79.99403876948723,-79.9942466269273
/Users/yunhwang/Desktop/Stethoscope_Project/Audio shared/ML test sound list/RAW sound_ML test sound list/KP011_WWS.wav,KP011_WWS_seg3,KP011_WWS.wav,2,-35.44288094169521,-23.50165368583161,-21.963336797474312,-23.528267514377607,-25.384364048164613,-26.839382992432746,-29.426623810640372,-31.81241867209452,-33.32161268061127,-34.3201946178697,-35.25881826623789,-37.05570391261275,-37.878665116246324,-38.37278348607445,-38.87640491995964,-39.9512514228395,-41.18625464184457,-42.48012944819665,-43.34333672260913,-44.586682674684624,-45.65963703937038,-46.711303555774336,-47.682202133251096,-48.492370335559876,-49.09734089893586,-49.57236307060094,-50.28666642629403,-50.989133660191406,-51.81644996664053,-52.51421929530186,-53.67002401910386,-54.74472384744485,-56.48907527773848,-58.24036412958858,-63.2393120565373,-78.25688661377066,-79.87344438809212,-79.88749004291827,-79.90365069726539,-79.92146363926334,-79.94022014907793,-79.95416285853999,-79.9646850366368,-79.96966070076033,-79.97074549891754,-79.97183500767478,-79.97291581891844,-79.97398452040532,-79.97504554632953,-79.97609116283105,-79.97710091593667,-79.97810098978088,-79.97906300958857,-79.97998784698234,-79.98088089692034,-79.98172467584935,-79.98251928867298,-79.98325892097716,-79.98393462063376,-79.98453590780404,-79.9850615366623,-79.9854892358021,-79.98581831689599,-79.98602454464232
/Users/yunhwang/Desktop/Stethoscope_Project/Audio shared/ML test sound list/RAW sound_ML test sound list/WEBSS-005 TP6_seg-1.wav,WEBSS-005 TP6_seg-1_seg1,WEBSS-005 TP6_seg-1.wav,0,-39.17239539764928,-23.412299548458382,-19.243793575119614,-17.390116189892964,-18.21811531214186,-24.27074451983936,-26.07819209209976,-27.33509176682424,-28.8080496379336,-31.839119427350152,-33.980245731975636,-35.03152597929325,-35.49018365285445,-38.338798638630735,-42.50272477491904,-45.96039955202325,-48.27689308754053,-49.50633412301522,-51.363945835624044,-52.94362301091377,-53.93384937986865,-54.704645876121425,-55.1420773849935,-56.3116127516449,-57.02662641662527,-57.60951300275814,-57.65650309169138,-58.7202558768908,-60.477526926992155,-62.514188981685834,-64.35794329994093,-65.82109293332876,-67.15361932039328,-68.46145294151222,-72.5704612451628,-79.72296624350811,-79.87267503624653,-79.89207293888546,-79.91170541337013,-79.932051574041,-79.95251927014688,-79.96366009686857,-79.97365993189173,-79.97486266133676,-79.97605449017821,-79.97723168147476,-79.97838534052596,-79.97951524756746,-79.98062813895578,-79.98171800475318,-79.98276576310913,-79.98379861693738,-79.98478898906146,-79.98573841748804,-79.9866528053994,-79.98751508153426,-79.98832568891774,-79.98907907640653,-79.98976649820355,-79.99037763257827,-79.99091133815706,-79.99134540114402,-79.99167913695536,-79.99188824994539
/Users/yunhwang/Desktop/Stethoscope_Project/Audio shared/ML test sound list/RAW sound_ML test sound list/WEBSS-005 TP6_seg-1.wav,WEBSS-005 TP6_seg-1_seg2,WEBSS-005 TP6_seg-1.wav,1,-39.24079587834806,-26.28156264659461,-23.12458724977133,-20.944255058972818,-21.688544636174548,-27.09833903557931,-29.50448268891291,-30.93893056891634,-32.5367486774132,-34.99759109985668,-36.85269668094184,-37.151651906712885,-37.30730644757806,-39.775502253705895,-43.06359851928271,-46.5893103000337,-48.64853118480067,-50.59458975913243,-52.25457919243383,-53.48765613613247,-54.813032082225114,-56.04279460385592,-56.387811280361056,-57.08407768056469,-57.759073439242435,-58.30195896541943,-58.491543668500235,-59.191777765462575,-60.823836349170236,-63.24602710909518,-65.2609868652318,-66.86642730975814,-67.640775226119,-69.02102385803292,-73.41485990658653,-79.89717532621641,-79.90913310623758,-79.92400751128085,-79.94070381400536,-79.95890564779974,-79.96908819473136,-79.97962428765707,-79.98180306039256,-79.98310058860895,-79.98437675838505,-79.9856291354241,-79.98684988501878,-79.98803979369727,-79.98920638056266,-79.99034429658892,-79.99143506698812,-79.99250642518898,-79.99353120106551,-79.99451134383698,-79.99545306751374,-79.99633957576994,-79.99717155347892,-79.99794363661799,-79.99864722918521,-79.99927212105169,-79.99981723099687,-80.0,-80.0,-80.0
/Users/yunhwang/Desktop/Stethoscope_Project/Audio shared/ML test sound list/RAW sound_ML test sound list/WEBSS-005 TP6_seg-1.wav,WEBSS-005 TP6_seg-1_seg3,WEBSS-005 TP6_seg-1.wav,2,-37.637685222776454,-23.428926840363197,-20.318374643247815,-17.155524425001204,-17.78244321860373,-23.26483636651502,-25.110224694095468,-26.94925431190358,-27.527830871562045,-30.445757088317826,-32.86493655539725,-33.778008466992205,-34.382349933122754,-36.45163589037601,-39.63584119784345,-43.297208902253175,-45.42074870481743,-46.49208832165073,-48.037625835663654,-49.47314614502152,-50.76502096307216,-51.596852381925636,-52.28976419278996,-53.133900527809615,-53.89680149419527,-54.541440971554685,-55.14428275424221,-56.23975490106193,-57.837788257432734,-59.67558460726025,-61.26074047856509,-63.006196620786234,-64.50817464973619,-65.9314447829911,-70.23529238278765,-79.65190665144411,-79.7005007808092,-79.7190913109286,-79.73858075223026,-79.75917017900049,-79.78031051670357,-79.80198308169453,-79.82398153623487,-79.84625944057683,-79.86423115933479,-79.8770098111668,-79.8839938626435,-79.88651089693516,-79.88896041402283,-79.89133539741773,-79.89360194150265,-79.8958177649835,-79.89793033881931,-79.89994509203615,-79.90187562440887,-79.90368930220463,-79.90538828838609,-79.90696247380936,-79.90839515690408,-79.90966629602354,-79.91077398536503,-79.91167397189798,-79.91236481744626,-79.91279756144897
/Users/yunhwang/Desktop/Stethoscope_Project/Audio shared/ML test sound list/RAW sound_ML test sound list/KP008_WWS.wav,KP008_WWS_seg1,KP008_WWS.wav,0,-36.25033200316762,-20.80198798030227,-16.912577918686935,-18.221990130163164,-23.316416848780925,-28.818477902039323,-33.100642908580944,-36.469033898389675,-39.926317518275305,-41.44077376940904,-42.6363817881138,-43.307244149946854,-44.017909563657845,-45.515906179648084,-46.64928159127715,-47.10565495793936,-49.33131142076601,-51.22885951778608,-52.84085733547418,-53.78739627807733,-54.11957534474078,-55.15845878104996,-56.11547550854971,-56.458828386541995,-57.18289046873526,-57.7270432254658,-58.29055214157987,-58.80970492795825,-59.13811567052594,-59.256002137214324,-59.105788882023035,-59.71615120010683,-60.33057476772749,-60.42872704465029,-65.39415345727016,-79.65265928839635,-79.82546526091886,-79.84567933743038,-79.86622675238613,-79.88759599018395,-79.90077516730598,-79.91304066421709,-79.91595178112492,-79.91832165774264,-79.92067474665664,-79.92300253649421,-79.92528641523083,-79.92752547771073,-79.92973281879136,-79.9318960988519,-79.9339769097208,-79.93602947189936,-79.9379984818297,-79.9398868626685,-79.9417063148151,-79.94342259518825,-79.94503651530788,-79.94653690321988,-79.94790622131448,-79.94912378600252,-79.95018729691165,-79.95105232164542,-79.95144285260041,-79.95165125023685
/Users/yunhwang/Desktop/Stethoscope_Project/Audio shared/ML test sound list/RAW sound_ML test sound list/KP008_WWS.wav,KP008_WWS_seg2,KP008_WWS.wav,1,-40.102112784347874,-24.617578700577432,-20.899929194452284,-22.43861462729223,-27.705761139725578,-33.5218188710324,-37.26633254544206,-40.4237166582328,-43.821543385469994,-45.81495328494354,-46.58137137845189,-47.23170363654478,-48.08670652153434,-49.432455131670935,-50.74552840252173,-51.497715902911594,-53.217525744433736,-54.885830424182835,-56.64768206933623,-57.77218891098473,-58.4929436907933,-58.86432579528608,-59.947229087583096,-60.32182844903768,-60.709207708297775,-61.30689783627986,-61.72846949879761,-62.31699095448975,-62.40074299580028,-62.70865420968604,-62.55535215022844,-62.76414060587978,-63.393974902133984,-63.941058055367066,-68.32165577695852,-79.91196814567625,-79.94113408802191,-79.9546660576169,-79.96676241159942,-79.97616892724103,-79.98454647775284,-79.98583516053434,-79.98709668414217,-79.9883330823439,-79.98955179520514,-79.99075078980012,-79.99192234443088,-79.99306709403709,-79.99419241259594,-79.99529275489049,-79.99634940235019,-79.9973898525295,-79.99838672898731,-79.99934175253782,-80.0,-80.0,-80.0,-80.0,-80.0,-80.0,-80.0,-80.0,-80.0,-80.0
/Users/yunhwang/Desktop/Stethoscope_Project/Audio shared/ML test sound list/RAW sound_ML test sound list/KP008_WWS.wav,KP008_WWS_seg3,KP008_WWS.wav,2,-38.33298343055825,-23.026492135688386,-18.918086483444775,-20.208278256003084,-25.53647540116789,-31.3181272822931,-35.5791885684704,-38.816499074084334,-42.202951748379625,-43.6995034209978,-44.846081947181304,-45.97553548374809,-46.95805891599921,-47.81484273261548,-49.355080064987476,-50.53129413797149,-51.94168272196783,-53.27126343515525,-54.68652809982643,-55.74538414803977,-56.28703160161542,-57.37177857658894,-58.32466225377201,-58.775028352664954,-59.56385350384915,-59.76228243971557,-59.820759720505166,-60.476324718034505,-61.002863100993586,-60.83773472824829,-60.860903650913926,-60.95020112573504,-61.93003277247072,-62.079884591217215,-66.71594211696781,-79.85434234908631,-79.91121725846347,-79.93066654205725,-79.94464573893613,-79.95611516205837,-79.96418120725491,-79.96662066949794,-79.96885951568457,-79.97093739179174,-79.97288749076202,-79.97472647934308,-79.97646116044035,-79.97810370013418,-79.9796702581597,-79.98116231839266,-79.98256746315136,-79.98391809176385,-79.98519082639693,-79.98639112271222,-79.98752788058904,-79.98858659007584,-79.98956990891777,-79.99047400565291,-79.99129149884944,-79.9920130908838,-79.99263822275161,-79.99314485732138,-79.99353197665343,-79.99377430891512
/Users/yunhwang/Desktop/Stethoscope_Project/Audio shared/ML test sound list/RAW sound_ML test sound list/KP009_WWS.wav,KP009_WWS_seg1,KP009_WWS.wav,0,-37.37865897137679,-25.353282035805574,-22.51575139013928,-25.056911481641226,-27.644361323574664,-29.62931616114139,-31.224628579659512,-32.8736396256186,-34.814089687624474,-36.17857715922404,-36.555646015516245,-37.331960146281176,-38.37702163620799,-39.64427847165026,-40.29936178127602,-40.96005234279978,-41.40283033640748,-43.12227182093968,-44.03292356480939,-45.2388815945255,-46.3888510910898,-47.512472190171486,-48.77608121156103,-49.209270832462586,-49.484106333259746,-49.782325936039726,-50.4995978510062,-50.822053316883725,-51.343659671237496,-52.40855179855452,-53.32157175455231,-54.42612300406744,-55.5927296834391,-56.34579976218202,-61.9175532792045,-77.84581637499548,-79.91313163654902,-79.93315152981806,-79.95297494962828,-79.97337907615389,-79.98499347561952,-79.9962447552521,-79.99770212010593,-79.99906173585013,-80.0,-80.0,-80.0,-80.0,-80.0,-80.0,-80.0,-80.0,-80.0,-80.0,-80.0,-80.0,-80.0,-80.0,-80.0,-80.0,-80.0,-80.0,-80.0,-80.0
/Users/yunhwang/Desktop/Stethoscope_Project/Audio shared/ML test sound list/RAW sound_ML test sound list/KP009_WWS.wav,KP009_WWS_seg2,KP009_WWS.wav,1,-32.7012200886147,-20.981829624904165,-18.348352581628326,-21.008366498970346,-23.76402277644548,-26.158484117506195,-27.639329622350314,-29.11041527403685,-30.000503730405555,-31.06374679037416,-32.54499913700157,-33.56603635724564,-34.28246532950471,-35.57991830413216,-36.96197932866067,-37.265128418103146,-37.60565217629002,-38.616221875400925,-40.56655920357025,-42.296447466407244,-43.14548701621172,-44.4406982991711,-46.044328808400955,-46.53802514946786,-46.37560726379507,-46.669418763986165,-47.5747496715629,-48.41708554446981,-48.593728137570615,-48.823203431176644,-49.41262781404709,-50.152949514046675,-51.42752013730268,-52.034769572058835,-58.09571532346005,-75.97478696105158,-79.83091322014603,-79.84593253508288,-79.8628148016738,-79.8811635542705,-79.90032776772185,-79.92016820809471,-79.94045477327226,-79.95396039857584,-79.9650716696133,-79.96825222891037,-79.96942081834698,-79.9705610749991,-79.97168096494978,-79.97277533320793,-79.97382577475379,-79.97485999601348,-79.97585078194854,-79.97679995697179,-79.97771363647972,-79.97857491490545,-79.97938436086493,-79.9801365193793,-79.98082272051545,-79.98143270323621,-79.98196537628192,-79.9823985688988,-79.98273163598286,-79.98294032074621
/Users/yunhwang/Desktop/Stethoscope_Project/Audio shared/ML test sound list/RAW sound_ML test sound list/KP009_WWS.wav,KP009_WWS_seg3,KP009_WWS.wav,2,-31.17150788566241,-19.838538781918064,-17.55660116314251,-20.29118925038807,-23.05448864204534,-25.305451801825427,-26.765924078536884,-28.39805116789696,-29.413668293334236,-30.42400030988985,-30.645164819815534,-32.44942450412809,-32.912021065099275,-33.36699900398754,-34.759096923462224,-35.033022534204115,-34.46044174890821,-36.69686747245524,-38.0156777424365,-39.74221905776941,-41.545454222695525,-42.82473201896087,-44.24194867651099,-44.81312165046677,-45.233769969896514,-45.7644486042059,-46.2174650423587,-46.891807244091325,-48.118252713661434,-47.833766401855556,-47.8947294672317,-50.00396568698945,-50.922407464268524,-51.57201874321658,-56.673516615366054,-74.83609224938102,-79.59251002962483,-79.61867533537816,-79.64387178750951,-79.66919290137712,-79.69443602630261,-79.71976808507709,-79.74508466078615,-79.77040758383812,-79.7957978188141,-79.8212958732146,-79.84694705718198,-79.8728535706447,-79.89744992956832,-79.91300500101595,-79.92339182036754,-79.92734714897826,-79.93107809147625,-79.9345942919235,-79.93791077272878,-79.94099578404176,-79.94385213256103,-79.94646883241303,-79.94882739668864,-79.95090498457792,-79.95191089839281,-79.95263670239096,-79.95318794083614,-79.95353367465977
/Users/yunhwang/Desktop/Stethoscope_Project/Audio shared/ML test sound list/RAW sound_ML test sound list/KP010_WWS.wav,KP010_WWS_seg1,KP010_WWS.wav,0,-31.759372494045685,-17.691528499201258,-16.22624770826305,-19.119203895177233,-22.649113720016583,-26.04099234415031,-29.220781644288277,-31.659713891634052,-33.88725983302815,-35.16221720479115,-36.52658556913114,-37.52340086193959,-37.95171665192664,-38.91216705116018,-39.495354845287146,-39.697612198313585,-40.707717191329095,-42.41913031733566,-43.99488411976587,-44.77102667144102,-46.15007258837534,-47.139004999685426,-47.683188974213934,-47.79741787692574,-48.899821167376274,-49.89163822966068,-50.43128304174412,-51.03257314284733,-51.8640740296942,-52.026470172646015,-52.75220504804524,-54.16925614117768,-55.92537277316543,-57.36945052871664,-62.06059515010605,-78.87867761168594,-79.83168353796403,-79.85039297438293,-79.86961876081828,-79.88967855331714,-79.91017218321754,-79.93108711595788,-79.95226203093725,-79.96962895711644,-79.98107112727867,-79.98710896683721,-79.98830026486732,-79.98946245075999,-79.99060310394246,-79.99171693704326,-79.99278543415629,-79.99383631986849,-79.99484236803164,-79.99580544957487,-79.99673172292587,-79.99760432592466,-79.998423880159,-79.99918497213469,-79.9998789665148,-80.0,-80.0,-80.0,-80.0,-80.0
/Users/yunhwang/Desktop/Stethoscope_Project/Audio shared/ML test sound list/RAW sound_ML test sound list/KP010_WWS.wav,KP010_WWS_seg2,KP010_WWS.wav,1,-30.326553343719016,-16.283915443175662,-14.657578846733019,-17.262220724366944,-20.89410060149426,-25.08868902659684,-29.042513204225607,-31.251484723115162,-32.676838238443274,-34.4754994024459,-35.54952446011498,-36.72146013072082,-38.41839094395809,-39.07235080010689,-39.86152843777372,-40.87421691696832,-41.40574058970536,-42.626931067539445,-43.93022845066578,-44.643002730323886,-45.58764554377965,-46.1643917022765,-47.09786887660275,-47.75241609090846,-48.157153650856365,-49.348291651756476,-50.18619499775763,-51.013033745502035,-51.79699361254455,-52.42058309804379,-53.112676747594705,-54.28519021291336,-55.54487387378384,-56.88174580308225,-61.10961419524224,-78.23630860000294,-79.68025495290038,-79.69677844352512,-79.71486835971209,-79.734410804996,-79.75472784251494,-79.77573121548839,-79.79717434958305,-79.8189838244398,-79.84115843037314,-79.86249407795361,-79.8750903644875,-79.88493038677605,-79.88714763147784,-79.88931858987263,-79.89140535057724,-79.89346252783209,-79.89543509969738,-79.89732623378289,-79.89914779971808,-79.90086569923231,-79.90248084736149,-79.90398216200872,-79.90535216945402,-79.90657024148948,-79.90763411709149,-79.9084993967744,-79.90916475234597,-79.90958165198828
/Users/yunhwang/Desktop/Stethoscope_Project/Audio shared/ML test sound list/RAW sound_ML test sound list/KP010_WWS.wav,KP010_WWS_seg3,KP010_WWS.wav,2,-29.989775725882996,-15.642850588721032,-13.369852073630025,-16.499524244038053,-20.206360166198166,-24.607516751486276,-28.0604690988313,-29.841646908776287,-31.21681732671096,-32.67131527044925,-34.2094048651226,-35.53836453848434,-36.78153690160436,-37.79939468408183,-38.79314416471604,-39.802949176397554,-40.13967058334215,-41.11599485937061,-42.3872783068751,-43.37924218924152,-44.449349400345405,-45.20587457424772,-46.04054278758394,-46.69841939544731,-47.58418404656038,-48.243399076148854,-48.82510535767727,-49.91373470511067,-50.16785293043958,-50.95370822288437,-52.183576974560886,-53.154336760571354,-54.449913176741894,-55.59078617844443,-59.91145320145244,-77.79952698630545,-79.77069666012454,-79.78634408103764,-79.80397780973092,-79.823260833106,-79.8434275994114,-79.86434562688358,-79.88079896321356,-79.8928095504913,-79.89937184864685,-79.90162271084394,-79.90384028351774,-79.9060217866031,-79.90817893808138,-79.91029835233694,-79.91234066102098,-79.91435938945422,-79.91629864214484,-79.91816084142064,-79.91995728267644,-79.92165339731093,-79.92324970723847,-79.92473482523525,-79.92609103421808,-79.92729751979212,-79.92835189604287,-79.92920969410108,-79.92986957913101,-79.93028308883653
/Users/yunhwang/Desktop/Stethoscope_Project/Audio shared/ML test sound list/RAW sound_ML test sound list/H004.wav,H004_seg1,H004.wav,0,-26.69893496204951,-15.32665311478097,-14.581602651702873,-17.048378490917788,-20.853390171082346,-23.282655089744868,-26.364822337519442,-29.574706595253954,-32.791654511271076,-35.63505367207081,-36.94744488607022,-38.2238316957898,-39.721854262616226,-40.97642920343162,-41.46927292285021,-42.591497228935225,-43.29786035178405,-44.30981877263085,-44.50117247209333,-45.0682297179361,-46.288485646465745,-47.43564225779706,-47.91025501027465,-48.442330655385106,-48.99341975138297,-49.203858019467475,-49.471141089955715,-50.234970080204825,-50.66314413715468,-50.94839302783391,-51.200675578792,-51.42736515717158,-51.89015550989137,-52.428364924076,-56.46399486691243,-74.82535823989322,-79.79891435923037,-79.81975862364,-79.84053760229953,-79.86200726202368,-79.8838022342468,-79.90598944478168,-79.92110611523434,-79.93359133942128,-79.93756297322739,-79.93989660939543,-79.9421862479682,-79.94443099540561,-79.9466439611499,-79.94881274833565,-79.95089889535477,-79.95205297468516,-79.95304060284812,-79.95398769827848,-79.95490010150155,-79.9557606917969,-79.95656987042615,-79.95732205256672,-79.95800846574812,-79.95861876682947,-79.95915179902545,-79.95958533809477,-79.95991869453327,-79.96012757403035
/Users/yunhwang/Desktop/Stethoscope_Project/Audio shared/ML test sound list/RAW sound_ML test sound list/H004.wav,H004_seg2,H004.wav,1,-21.963403355832057,-11.099940563165063,-11.098312055701838,-14.298581149439581,-16.959095400582076,-19.31903268354371,-22.796281067003665,-26.830594306456366,-30.14757213609323,-32.61953418018955,-33.028281005492715,-34.42043758367002,-36.10474268437727,-36.87302068434044,-37.44996680855926,-38.80777682670398,-39.69371356578442,-40.30187491605965,-40.3971112383335,-41.52629609542927,-43.02360911807466,-44.373655610311445,-45.43753659202578,-45.45347356947034,-46.0686868329903,-44.99252627056832,-45.42313051245071,-47.151366774783035,-47.74847946056139,-48.61610729345341,-48.951507590279256,-49.220293371523574,-50.001173498433516,-51.197739502474995,-54.90296774686317,-73.01673174497786,-79.72629557698814,-79.74327280884829,-79.76168484452099,-79.78147295678367,-79.80198742817579,-79.82315531254326,-79.8447388272239,-79.86667008340223,-79.88895142583239,-79.91158268060018,-79.92931297633388,-79.94218125373493,-79.94774452848286,-79.9499663644033,-79.951636692641,-79.95268566624989,-79.95369020552113,-79.95465210309078,-79.95557745039294,-79.9564493365942,-79.9572683396919,-79.95802901215258,-79.9587226910572,-79.95933911713055,-79.95987718761417,-79.96031470566194,-79.96065097756464,-79.9608616663774
/Users/yunhwang/Desktop/Stethoscope_Project/Audio shared/ML test sound list/RAW sound_ML test sound list/H004.wav,H004_seg3,H004.wav,2,-21.96718830268561,-11.264544886835353,-11.598427665759713,-15.2808889773687,-18.657741683423577,-21.61040278755674,-24.26659705646573,-27.517788967296177,-31.10887729207614,-32.97989892253759,-34.734164861101256,-36.249452561290575,-37.46308237453546,-38.61815955615676,-38.931426938017545,-40.16490576549596,-40.8570936277928,-41.488624570446426,-42.230483033435206,-43.060735344463566,-44.597438902308426,-46.05319754343728,-47.06326900542078,-47.14220737013484,-47.89800423695927,-48.14631093294923,-48.773053057777574,-49.83564448042161,-50.34904106644546,-50.94758732988401,-51.35782204184271,-51.65679253407001,-52.21811363127103,-52.80324242293502,-56.89037265880751,-74.90214550047754,-79.7740170775616,-79.79804883899233,-79.82161720468484,-79.8455743323246,-79.86960918151901,-79.88995100610731,-79.90471712513967,-79.91526259323514,-79.91989253083324,-79.92425664258512,-79.92837025119958,-79.93225937296467,-79.9359573067763,-79.93946778337212,-79.9427674266711,-79.94592201235672,-79.94888550510518,-79.95140623336786,-79.95271855786757,-79.95393667539892,-79.95506362541178,-79.9560958023716,-79.95702595648304,-79.95784480336008,-79.9585515574159,-79.95912371955575,-79.95955946407489,-79.95983223767257
/Users/yunhwang/Desktop/Stethoscope_Project/Audio shared/ML test sound list/RAW sound_ML test sound list/WEBSS-007 TP4_seg-1.wav,WEBSS-007 TP4_seg-1_seg1,WEBSS-007 TP4_seg-1.wav,0,-42.02767520787117,-28.374494023962963,-24.403039840717668,-27.13865816365317,-30.801117790020623,-34.35926924071201,-38.40962381559622,-41.83574541504658,-44.07642112175194,-45.073241526755865,-46.298980877072076,-47.64099351578309,-48.75179872081725,-50.05914130626655,-51.12959806041374,-52.09628028635271,-51.80455932716944,-51.64541861744731,-51.92672046134543,-54.97931918707615,-56.06086477109742,-56.630292719492964,-56.60318875529638,-58.42785738953533,-59.53585554131463,-60.585688627304464,-61.378495315413524,-62.6921404256435,-63.856483246438124,-62.778780808220034,-61.948304956835685,-62.556600297325865,-63.372042822559514,-64.1584716165671,-68.32074276137946,-79.39377521327661,-79.98251496492098,-79.99142443087523,-80.0,-80.0,-80.0,-80.0,-80.0,-80.0,-80.0,-80.0,-80.0,-80.0,-80.0,-80.0,-80.0,-80.0,-80.0,-80.0,-80.0,-80.0,-80.0,-80.0,-80.0,-80.0,-80.0,-80.0,-80.0,-80.0
/Users/yunhwang/Desktop/Stethoscope_Project/Audio shared/ML test sound list/RAW sound_ML test sound list/WEBSS-007 TP4_seg-1.wav,WEBSS-007 TP4_seg-1_seg2,WEBSS-007 TP4_seg-1.wav,1,-41.140077435626466,-27.50997488435473,-24.625523283157328,-28.022645689426827,-32.168410665702716,-36.002610586338356,-40.17339998426461,-43.29348967814867,-44.38556171465545,-44.401369259279384,-46.31968803193132,-48.69645766408235,-49.6309033494651,-50.06351648703383,-50.36516434153973,-50.64679949470984,-51.11785388014411,-52.19082207598764,-52.64412999708616,-54.6200833348754,-56.171223063694526,-57.220522477270556,-58.57745549859993,-59.78208212597024,-60.411354397220386,-60.975298714299896,-61.93062350087757,-63.381869208875685,-63.899793265369354,-63.85472406113739,-63.43423818230656,-64.49095529249252,-65.51359844032417,-66.35514643123005,-70.63573539139453,-79.744216423559,-79.95052915694475,-79.96573192735805,-79.97636134699394,-79.9861876466649,-79.99151961856667,-79.9928020455331,-79.99405748032422,-79.9952883871806,-79.99650227598,-79.99769707087135,-79.99886494554745,-80.0,-80.0,-80.0,-80.0,-80.0,-80.0,-80.0,-80.0,-80.0,-80.0,-80.0,-80.0,-80.0,-80.0,-80.0,-80.0,-80.0
/Users/yunhwang/Desktop/Stethoscope_Project/Audio shared/ML test sound list/RAW sound_ML test sound list/WEBSS-007 TP4_seg-1.wav,WEBSS-007 TP4_seg-1_seg3,WEBSS-007 TP4_seg-1.wav,2,-47.860961918238594,-34.61565328865118,-31.779291077354543,-35.68631748501268,-38.997032134767004,-42.12051099510409,-46.371698860684056,-47.65843876169709,-48.205478991458605,-49.36898966152649,-50.536819629165464,-52.66257412308163,-54.327160975742736,-55.7005030234625,-55.337431609239545,-55.51718113361425,-55.840073511054065,-56.56813851847355,-57.70380872505625,-59.6422990174089,-60.19207785441796,-60.81412151754069,-62.10391066746111,-63.69500182351778,-64.82707554016052,-65.91424328383478,-66.79701130378945,-67.50266801340469,-67.69219060078068,-67.92380847773762,-67.75759099865341,-69.22248486242873,-70.03166537402713,-70.85969005438601,-74.28954915878684,-79.88308978912568,-79.95651553256361,-79.97046379812299,-79.98363349776865,-79.99209227028739,-80.0,-80.0,-80.0,-80.0,-80.0,-80.0,-80.0,-80.0,-80.0,-80.0,-80.0,-80.0,-80.0,-80.0,-80.0,-80.0,-80.0,-80.0,-80.0,-80.0,-80.0,-80.0,-80.0,-80.0
/Users/yunhwang/Desktop/Stethoscope_Project/Audio shared/ML test sound list/RAW sound_ML test sound list/KP003_WWS_2.wav,KP003_WWS_2_seg1,KP003_WWS_2.wav,0,-37.54612583339808,-25.643357659727037,-23.064613183945877,-26.187977119210537,-31.897753499943995,-36.08854572694842,-37.8091092829942,-39.86154484277749,-41.04443309611776,-42.05178259449538,-42.513767520088486,-43.04565472760805,-43.62783984119943,-45.71126546731895,-46.87337061595795,-46.68199023971166,-47.521675531172136,-48.17420374108168,-48.288782929315744,-48.329369525972744,-49.94807434169793,-51.45511177779074,-52.63527788669675,-53.2362177743727,-53.86888972504712,-53.98961293976482,-54.215366422528525,-54.49548837772982,-54.353731354786476,-54.335591215141726,-54.53904610715601,-54.795812279445734,-55.05398116566825,-55.515658859121494,-59.478552139679444,-76.72557357286611,-79.7550022360749,-79.77302527051073,-79.79136707887496,-79.81040466182583,-79.82985514907126,-79.84968785597276,-79.86977072471855,-79.89008491626791,-79.91065374481235,-79.93150694515563,-79.9526938435128,-79.97430617011717,-79.98865119649462,-80.0,-80.0,-80.0,-80.0,-80.0,-80.0,-80.0,-80.0,-80.0,-80.0,-80.0,-80.0,-80.0,-80.0,-80.0
/Users/yunhwang/Desktop/Stethoscope_Project/Audio shared/ML test sound list/RAW sound_ML test sound list/KP003_WWS_2.wav,KP003_WWS_2_seg2,KP003_WWS_2.wav,1,-23.812830758010616,-12.728046438553866,-10.648675062274817,-13.533953777516473,-19.233047110991944,-22.905793101135814,-24.993532484328163,-26.59720178573113,-27.752170230465115,-29.123210219495306,-30.315980437957187,-30.954341063971803,-30.98688793773008,-33.00051400846906,-34.77820355586752,-34.817289638311884,-35.19780004567309,-35.556199149509894,-35.65146976460914,-35.915431645042496,-37.4694549243963,-40.21958054534649,-41.32458792247183,-41.82720195688577,-42.33427798021,-42.68376097001127,-42.60370135338919,-42.981763117864624,-42.60180404311823,-42.54123883541656,-43.04708227448657,-42.777495870440085,-43.000474658754065,-43.726929709702134,-47.68567831898529,-65.79471236403091,-79.71613352054395,-79.73249565723957,-79.75043111834974,-79.76984332488699,-79.79005714354922,-79.8109800866718,-79.83236098630223,-79.85412246065316,-79.87625989432192,-79.89495820583672,-79.90751087711635,-79.91466734034002,-79.91683932409512,-79.91897224671222,-79.92102685533543,-79.92305675212147,-79.92500610799584,-79.92687743194017,-79.92868207259431,-79.93038551875506,-79.931988341262,-79.93347919339584,-79.93484038830623,-79.93605113561937,-79.93710905765836,-79.93796968224363,-79.93863165305686,-79.93904646357709
/Users/yunhwang/Desktop/Stethoscope_Project/Audio shared/ML test sound list/RAW sound_ML test sound list/KP003_WWS_2.wav,KP003_WWS_2_seg3,KP003_WWS_2.wav,2,-38.00711483443435,-26.256231290552744,-25.23186758026598,-27.966105265377593,-32.010127634719545,-35.986551167841675,-38.49472563463338,-39.32126795814557,-39.95422901430004,-42.21480533905604,-43.26818948743506,-43.633344560230924,-44.591681009046575,-46.26506175711796,-47.60737288343273,-48.163750845255315,-47.877743116412894,-47.829686425887495,-49.13817733501171,-49.89378978070159,-51.23068635521739,-53.071529613457784,-54.085020240392495,-54.7544663998359,-55.495180162248964,-56.03900922796565,-56.133055154392984,-56.17011459341761,-56.12748478071653,-56.09221650921441,-55.91426269897361,-55.85121174917166,-56.56286476181508,-57.35801927125637,-61.628225190224185,-77.26798892987918,-79.96722432432648,-79.9737154527083,-79.98178217743781,-79.98680712066732,-79.98794355051159,-79.9891445181279,-79.9903652853102,-79.99158977703158,-79.99281459122265,-79.99403077241155,-79.99522612306248,-79.9963983808633,-79.99755294469438,-79.99868293626012,-79.99976878391693,-80.0,-80.0,-80.0,-80.0,-80.0,-80.0,-80.0,-80.0,-80.0,-80.0,-80.0,-80.0,-80.0
/Users/yunhwang/Desktop/Stethoscope_Project/Audio shared/ML test sound list/RAW sound_ML test sound list/KP002_WWS.wav,KP002_WWS_seg1,KP002_WWS.wav,0,-37.75657531149463,-25.78030149903081,-25.850041100705955,-28.686614101936158,-31.300800902183628,-33.973628160001844,-36.28189387536162,-38.62160500076316,-38.73258016666197,-40.627957175816846,-43.42766223282724,-45.7890463467051,-45.31520928232217,-46.88905540595664,-40.70360049844574,-40.77793822136059,-49.86667873570017,-51.11382729942764,-51.10751865210748,-51.24861547140175,-52.12496678944999,-53.88354928737421,-55.46409578129507,-56.858774872395955,-57.31564826709028,-57.476425041288664,-58.04505577992675,-59.164981179649246,-59.518105488953964,-60.10192099186333,-59.99906555899514,-61.117825005524125,-61.303950742493484,-61.69653222637866,-66.92411531091679,-79.72704585859431,-79.84380051841805,-79.86319153922602,-79.88274966738273,-79.90300911856329,-79.923636462026,-79.94464776999578,-79.96589553558077,-79.98398689972188,-79.99422384633611,-80.0,-80.0,-80.0,-80.0,-80.0,-80.0,-80.0,-80.0,-80.0,-80.0,-80.0,-80.0,-80.0,-80.0,-80.0,-80.0,-80.0,-80.0,-80.0
/Users/yunhwang/Desktop/Stethoscope_Project/Audio shared/ML test sound list/RAW sound_ML test sound list/KP002_WWS.wav,KP002_WWS_seg2,KP002_WWS.wav,1,-22.352661725318484,-9.67985360465342,-9.779258365609449,-11.258772791479956,-13.34989582773483,-16.59590968432901,-18.732629534614187,-20.81960539352803,-20.24559412078866,-22.44605449029007,-24.99712417962104,-26.92078174388358,-26.44578963933443,-27.885869454873678,-19.807207907285132,-19.594919964709174,-30.42197729344734,-31.56605769432449,-31.751293618259623,-32.843084645607874,-33.786587711553786,-35.50688279304574,-36.62304402266222,-37.89067765228787,-38.0910179826521,-38.27732219963121,-39.11262467798343,-39.74914463869193,-40.040900153605754,-40.434690884507965,-40.604187669276655,-41.82015107897567,-41.661080274948155,-42.00972798006978,-46.80493307311734,-65.53810614888361,-79.72445633252347,-79.74311574524141,-79.76224563187536,-79.78236500371017,-79.80302281407666,-79.82423485951283,-79.8458070675011,-79.86769603141319,-79.88991815886081,-79.90379728962908,-79.9164316715464,-79.91886174013509,-79.92111569999615,-79.92331483304964,-79.9254233034896,-79.92749726736605,-79.92948284305768,-79.9313840659153,-79.93321345554428,-79.93493741198213,-79.93655723921066,-79.93806215291339,-79.93943491074188,-79.9406550634581,-79.94172048667762,-79.94258688339053,-79.94325299857012,-79.9436703443815
/Users/yunhwang/Desktop/Stethoscope_Project/Audio shared/ML test sound list/RAW sound_ML test sound list/KP002_WWS.wav,KP002_WWS_seg3,KP002_WWS.wav,2,-25.55777047076758,-13.02568050314789,-12.994667387832918,-15.394833461545643,-18.080036397431982,-21.608614179878412,-23.414698104610157,-25.03494062651592,-24.548567063463295,-26.93162306828785,-29.953636258010313,-32.15706771830907,-32.09426719791265,-33.462033037982586,-24.406444989848623,-24.11367274392089,-36.214071856355005,-37.022585527538546,-36.8623929701325,-37.93505087485192,-38.991409545680895,-40.504546898477976,-41.42275673175461,-42.52072004150901,-43.03453821264845,-43.286985709362334,-44.360081260363536,-44.99816902207827,-45.33847284264597,-45.47215622334981,-45.869774774521254,-46.693845778245894,-46.58936673396737,-46.6113357110981,-51.928761984194395,-69.52978663441637,-79.7349945856486,-79.75844806014469,-79.77822375717996,-79.79889887353823,-79.82003721326774,-79.8416055723385,-79.86342994570983,-79.8854757665012,-79.90776187076173,-79.93030748893418,-79.95314829420428,-79.97000246899525,-79.98287007292929,-79.98671364704641,-79.98852766748244,-79.99026015467356,-79.99188782281026,-79.99341667228884,-79.99485574851666,-79.99619069916646,-79.99742440423793,-79.9985530054046,-79.99956896206126,-80.0,-80.0,-80.0,-80.0,-80.0
/Users/yunhwang/Desktop/Stethoscope_Project/Audio shared/ML test sound list/RAW sound_ML test sound list/KP003_WWS_1.wav,KP003_WWS_1_seg1,KP003_WWS_1.wav,0,-34.369319153504435,-22.449965959569255,-20.975695545802097,-24.3667149308027,-27.07687230360383,-30.10962473320993,-33.42186106767011,-33.82647951953582,-34.08612501417017,-34.340076949952476,-34.45256385548099,-35.032467560914355,-36.906409017340835,-37.70449368701625,-38.30502874119371,-38.37450481585992,-39.912969408171726,-41.83247235561398,-42.74592176798952,-43.791423741979806,-44.25037633352582,-45.43929872036355,-46.46921116439528,-47.30410503724261,-47.52755969870333,-48.10954075107695,-48.31188119967235,-48.5819411301101,-48.564855977003475,-48.62553791065891,-48.96610761347917,-49.27804291620697,-49.70055992817449,-50.37067440912791,-54.136510910064395,-72.0350120988543,-79.87014424595833,-79.89129069366294,-79.91211055691569,-79.93331578815055,-79.95065911557982,-79.96212113768705,-79.96825355935,-79.96953829002778,-79.97079652897027,-79.97202823563572,-79.97322713269244,-79.97439496629677,-79.97553990864348,-79.97665701849334,-79.97772807654056,-79.97878094746521,-79.97978856233306,-79.98075288904788,-79.98168015577313,-79.98255355621653,-79.98337375198868,-79.98413536037964,-79.98482976923165,-79.98544675908727,-79.98598525750819,-79.98642309048562,-79.98675958016288,-79.98697039857605
/Users/yunhwang/Desktop/Stethoscope_Project/Audio shared/ML test sound list/RAW sound_ML test sound list/KP003_WWS_1.wav,KP003_WWS_1_seg2,KP003_WWS_1.wav,1,-25.815542921339578,-14.143668219644427,-12.43000891044956,-15.916012496354396,-18.834952202245162,-22.052240559980802,-24.940246701201023,-25.625968664772625,-26.636518380596083,-26.910541747886604,-26.477283509191174,-26.867301826805527,-26.77866333026526,-25.212861699580742,-26.60413255799615,-27.72336879244624,-29.005058950458796,-31.58639415254787,-33.408425681504,-34.18432301158847,-35.4430474451598,-36.57984618676051,-37.25368640643834,-37.77007705517883,-38.421366433888934,-38.93794632857845,-38.9735045108203,-39.58023927327561,-39.54688534613419,-39.69644581042023,-40.290338976598065,-40.56926813252579,-40.76759407809184,-41.28901662221882,-45.206460745012926,-63.4102335450113,-79.83876622601132,-79.85192039800138,-79.86178195862739,-79.87244617794332,-79.87517237235555,-79.87756286004038,-79.87991739888125,-79.88223924197678,-79.88454174291458,-79.88681919002087,-79.88905448295081,-79.89124749155161,-79.89341174402949,-79.89553511495609,-79.89757917237282,-79.89959809581255,-79.90153648336364,-79.90339711235144,-79.90519154812029,-79.90688541940507,-79.90847939941874,-79.90996221470198,-79.91131623789845,-79.91252072433939,-79.9135733480171,-79.91442969223519,-79.91508847286481,-79.91550128036425
/Users/yunhwang/Desktop/Stethoscope_Project/Audio shared/ML test sound list/RAW sound_ML test sound list/KP003_WWS_1.wav,KP003_WWS_1_seg3,KP003_WWS_1.wav,2,-60.969917918907825,-48.901795304741185,-47.76303158909559,-50.46331938366892,-52.68724817901076,-56.49960081617769,-59.724926778212364,-60.53934322069186,-61.36160621493852,-61.98819704480919,-62.06849529256504,-62.66121546002989,-64.65001058693989,-66.56932981993567,-67.51123864624219,-67.44586219019443,-68.00114095497187,-68.72683650114926,-69.2901674551622,-69.51601339690282,-71.2177542545871,-71.56473315542594,-72.43882209617816,-73.1118314778968,-73.67708682662187,-74.1700853479589,-74.4921565060661,-74.45387972102225,-74.89598927925887,-74.93714592540498,-75.33370793814068,-75.43183797421517,-75.740635680241,-76.27575895008901,-78.04080616026641,-79.88056045100826,-80.0,-80.0,-80.0,-80.0,-80.0,-80.0,-80.0,-80.0,-80.0,-80.0,-80.0,-80.0,-80.0,-80.0,-80.0,-80.0,-80.0,-80.0,-80.0,-80.0,-80.0,-80.0,-80.0,-80.0,-80.0,-80.0,-80.0,-80.0
/Users/yunhwang/Desktop/Stethoscope_Project/Audio shared/ML test sound list/RAW sound_ML test sound list/H002.wav,H002_seg1,H002.wav,0,-27.230282078950733,-14.746942922581924,-13.398135427471608,-16.86740146993069,-20.790714790388368,-24.982485141490773,-28.500290785835986,-31.10905373293097,-33.39298516530582,-35.189532348745075,-37.298785894208386,-38.75804312609755,-39.78496265802372,-40.63718872559173,-41.7860464142174,-42.637217517930594,-43.58692538320261,-44.40239290925807,-44.79981090349791,-45.0848034122494,-45.6134950840511,-46.252595183868436,-46.872141094025054,-47.69934603467193,-48.22965070697354,-48.6543465666953,-48.89970757932152,-49.033407422554944,-48.98768873210025,-48.77930304364988,-48.83595342556806,-49.06980677401967,-49.564068960496286,-49.906693194101756,-53.61007555878759,-71.7781828880921,-79.78689272346455,-79.80694767561238,-79.82669955685395,-79.8469782472501,-79.86755482285083,-79.88848736276181,-79.90964722778284,-79.931024189063,-79.95002557674077,-79.96151779696142,-79.96865988673117,-79.96972224159718,-79.97077281814518,-79.9718056089721,-79.97280130425509,-79.97378687192735,-79.9747344937866,-79.97564539460504,-79.97652522348304,-79.97735666758821,-79.97813994127208,-79.97886931153725,-79.97953588544789,-79.98012923135852,-79.98064815642961,-79.9810704512792,-79.98139551071915,-79.98159921635789
/Users/yunhwang/Desktop/Stethoscope_Project/Audio shared/ML test sound list/RAW sound_ML test sound list/H002.wav,H002_seg2,H002.wav,1,-45.07268548043357,-32.08137106554946,-30.57715422770173,-33.48310794988314,-37.05460444998902,-40.89712908056765,-44.50161578418981,-47.33923017141394,-49.348448562454394,-51.05379746524301,-52.763437811464044,-54.17846440547234,-55.473373825107956,-56.13497193083791,-57.20840898303087,-58.39190599679592,-59.24388323819694,-60.388567351197246,-60.76388887350816,-61.25231158623536,-61.86108969322964,-62.326573550998084,-63.268338466364675,-63.86473953979314,-64.56572482991272,-64.8745996093391,-65.12468687030137,-65.30514327488059,-65.3618494027957,-65.32287886472659,-65.49801695916992,-65.81328739985355,-66.16868970681566,-67.04577474856175,-70.93076274215551,-79.88403953942144,-79.99820964340088,-80.0,-80.0,-80.0,-80.0,-80.0,-80.0,-80.0,-80.0,-80.0,-80.0,-80.0,-80.0,-80.0,-80.0,-80.0,-80.0,-80.0,-80.0,-80.0,-80.0,-80.0,-80.0,-80.0,-80.0,-80.0,-80.0,-80.0
/Users/yunhwang/Desktop/Stethoscope_Project/Audio shared/ML test sound list/RAW sound_ML test sound list/H002.wav,H002_seg3,H002.wav,2,-24.8744363127242,-12.250105045095305,-10.92345823557493,-14.092015715977963,-18.025370505611754,-22.114666455235607,-25.734179319262882,-28.61050849735177,-30.79641688402438,-32.670798775933164,-34.57313392084846,-36.03476026781567,-37.16367494180716,-37.80731102850036,-38.748055828235536,-39.44760888991606,-40.48084120508024,-41.31733869499216,-42.064817425855104,-42.57293805840592,-43.1555156936134,-43.63984412968823,-44.359940044555934,-45.15450819216313,-45.536454186684594,-45.75830218659035,-46.14895971190491,-46.333524575020604,-46.17148616403569,-46.14284590873025,-46.33720457997875,-46.44566306830094,-46.90657198946512,-47.25092256488441,-51.111204346900244,-69.02446181191009,-79.73779931539485,-79.75420571872564,-79.77171339300149,-79.79044302001454,-79.8098746946033,-79.82991839031077,-79.85036625970064,-79.87115895314945,-79.89229857378919,-79.91379195599859,-79.93566495418982,-79.95799783251316,-79.97028486672528,-79.9799565780841,-79.98105309847644,-79.98212806149672,-79.98315484757568,-79.98413584471523,-79.98507759783092,-79.98596356570316,-79.98679463152017,-79.98756558750064,-79.98826795979234,-79.98889163629234,-79.98943561643347,-79.98987776644275,-79.99021741235273,-79.9904301865601
/Users/yunhwang/Desktop/Stethoscope_Project/Audio shared/ML test sound list/RAW sound_ML test sound list/H003.wav,H003_seg1,H003.wav,0,-28.38625585186727,-18.543446522475097,-20.934410180307015,-26.458303264900753,-30.612467518875494,-34.740392531677685,-38.064864696492286,-40.65555228102786,-42.161926018676446,-43.71307361076782,-44.833781761519845,-45.93288497098883,-46.52950460375972,-47.37869616303158,-48.02435374143607,-48.66100004125892,-49.529333269754794,-50.56270234711049,-50.79263641072375,-51.1407462107342,-51.73569711636166,-52.96854127974135,-53.559357626527905,-54.625070170029865,-54.955586846695034,-55.25776891892292,-55.62722485903987,-56.016683395208446,-56.62299725996301,-56.80509157331356,-57.06012376243079,-57.173155452438266,-57.506988521607845,-58.10541669804503,-61.91774249754449,-78.9909447075404,-79.81408272996023,-79.8343156625334,-79.85431029121573,-79.87483754017447,-79.89564346238531,-79.91678025814097,-79.93811898463585,-79.95965178328451,-79.97973182923343,-79.99135644985435,-79.99958520044414,-80.0,-80.0,-80.0,-80.0,-80.0,-80.0,-80.0,-80.0,-80.0,-80.0,-80.0,-80.0,-80.0,-80.0,-80.0,-80.0,-80.0
/Users/yunhwang/Desktop/Stethoscope_Project/Audio shared/ML test sound list/RAW sound_ML test sound list/H003.wav,H003_seg2,H003.wav,1,-27.190602098652437,-17.702087772055624,-19.755610385861498,-24.830039483897977,-28.69717828729561,-32.89966775085166,-36.15117186614571,-38.68870513743119,-40.43410393176426,-41.7231571101024,-42.983902878019165,-44.331261124994164,-45.15717176793405,-45.378993767246854,-46.011904484389774,-46.887555092984584,-48.04782807299643,-49.018403079839366,-49.702624701836086,-49.83100749038033,-50.6560972317223,-51.8970735555014,-52.73339002347094,-53.16526275640697,-53.62530168147321,-54.07408485758627,-54.521840416055454,-54.97145352587815,-55.370479625539005,-55.37666530476915,-55.62019443307211,-55.667291605832716,-55.82180569667607,-56.363581767055905,-60.35371987692715,-77.92037091542824,-79.77975018229661,-79.79560366072239,-79.81330460767447,-79.83257772837541,-79.85269226319903,-79.87353565876074,-79.89484841287089,-79.91050001066556,-79.92268260280632,-79.92808185398995,-79.93032955043465,-79.93253535249579,-79.93471227912842,-79.93684784902197,-79.93890346985543,-79.94093314766727,-79.94288148660438,-79.94475123891681,-79.9465539721019,-79.9482553295619,-79.9498560067533,-79.95125620146648,-79.9519358190046,-79.95254029571535,-79.95306847010964,-79.95349812937349,-79.95382861843223,-79.95403570793304
/Users/yunhwang/Desktop/Stethoscope_Project/Audio shared/ML test sound list/RAW sound_ML test sound list/H003.wav,H003_seg3,H003.wav,2,-28.135523267519556,-18.34708927687078,-20.742559098979704,-25.987067279668043,-30.017052716364525,-34.32382698310503,-37.70743732674021,-40.36935689698723,-41.89254178492961,-43.425736709513714,-44.75360451922936,-45.72773252247507,-46.51208917755236,-47.24833026568469,-47.837848564683505,-48.418161042149194,-49.42289676930786,-50.506556150155106,-50.743188565563635,-50.923266195790255,-51.69993778883388,-52.86290973462715,-53.54235364055512,-54.63430954156209,-55.00024815944055,-55.172677150600975,-55.6378013773771,-56.13011815371318,-56.73411184255915,-56.757843979535934,-56.96248785843819,-57.21447293235156,-57.50948913216456,-58.20330078692521,-62.033823451206324,-78.92897676080044,-79.8246744086835,-79.84093677376609,-79.85826311254051,-79.87680987731252,-79.8960754090206,-79.91597442084947,-79.9362976108255,-79.95256425379974,-79.96370292516465,-79.96966345136588,-79.97085806222876,-79.9720209310344,-79.97316064308468,-79.97427252233582,-79.97533849332184,-79.97638653004553,-79.97738960988767,-79.9783497319217,-79.97927313904262,-79.9801430316037,-79.98096006937145,-79.98171886773926,-79.98241081183282,-79.9830256805885,-79.98356240436325,-79.98399881664739,-79.98433425457414,-79.98454441569754
/Users/yunhwang/Desktop/Stethoscope_Project/Audio shared/ML test sound list/RAW sound_ML test sound list/H001.wav,H001_seg1,H001.wav,0,-30.554354364672715,-17.985731012935606,-16.288593742474852,-19.935334690162794,-25.97816727310514,-31.47460167362749,-33.61496887692049,-36.87322256175312,-37.7512585172648,-37.80639910674819,-36.68019690193044,-35.12097154248405,-36.3347896909001,-39.71533128953582,-42.05838906856237,-43.371453745572246,-44.355529069762056,-43.494668033737454,-41.31687101047281,-41.70987509235363,-39.89126601128273,-42.30872259205419,-46.820577028938494,-48.83952015825879,-49.155341484595276,-51.00995348197384,-51.406119432189634,-51.840029009040364,-51.54357987280682,-51.23361595476849,-53.60262865959437,-56.454556694029165,-58.77248425455885,-60.04581442878371,-64.05298813237398,-79.57432285920041,-79.88036390528185,-79.90003125594143,-79.91989169576084,-79.94042349168984,-79.95695993157948,-79.96822573209953,-79.97424701666677,-79.97554480932308,-79.97682054757149,-79.9780719156766,-79.9792912551143,-79.98047944486976,-79.98164410772519,-79.98277997458842,-79.98386865785095,-79.98493792338192,-79.98596064918674,-79.98693881627031,-79.98787866575778,-79.98876341954342,-79.98959377626129,-79.99036438469106,-79.99106665867664,-79.99169039711833,-79.99223452879767,-79.99267686336562,-79.9930166811309,-79.99322957760428
/Users/yunhwang/Desktop/Stethoscope_Project/Audio shared/ML test sound list/RAW sound_ML test sound list/H001.wav,H001_seg2,H001.wav,1,-33.933624619954585,-20.761607026791474,-18.27127778613235,-21.430803593916266,-27.530919289246405,-32.96818288195683,-36.260089524609036,-39.02988167626126,-39.32120561388283,-39.453386180624314,-39.15922416341622,-37.81455736544449,-39.93124088131503,-42.99099064675901,-45.30615661711848,-46.22853837870186,-48.06412856653854,-46.859082910099346,-44.54856195937394,-44.81441302336252,-43.886790886496364,-46.28189735534504,-50.88327746562047,-52.51611613057463,-53.23465643963652,-54.56431400974724,-55.34600138153,-55.5399816007449,-55.37235284236102,-55.39341808502701,-57.56693469148236,-60.02885021611655,-62.06419454594073,-63.497563892654085,-67.91776306960753,-79.82662368239863,-79.85737809456346,-79.87360614343633,-79.89165487330624,-79.90685629522773,-79.91826054042279,-79.92631319555284,-79.92877225417212,-79.93119490409666,-79.93359197377386,-79.93595673448033,-79.93827192409181,-79.9405376652134,-79.94276783668609,-79.94495075768852,-79.94704852244027,-79.94911576928709,-79.9510975003704,-79.95208007653324,-79.95299475870551,-79.9538572001631,-79.95466787957011,-79.95542127308335,-79.9561086575401,-79.95671972905961,-79.95725336098742,-79.95768735154101,-79.95802102618106,-79.95823009773855
/Users/yunhwang/Desktop/Stethoscope_Project/Audio shared/ML test sound list/RAW sound_ML test sound list/H001.wav,H001_seg3,H001.wav,2,-33.27059391982889,-20.82484546001528,-19.02448311549009,-22.347021505296357,-28.397059879089383,-33.99142340320719,-37.04289943006392,-39.333833548357234,-38.844695756608935,-39.30489240934601,-39.005734602954256,-37.17038491053688,-38.70279026577626,-42.067362743812936,-44.89741204367032,-46.227995295788354,-47.533380233059226,-46.526580960050616,-44.19042346061888,-44.47345469127365,-43.69739736163231,-45.85119753010475,-50.220564056867964,-51.86406754275827,-52.55585385984225,-53.8643055642911,-54.81973483490704,-55.099088874210395,-54.790817715163186,-54.98697706418969,-57.04929763658891,-59.82940842035524,-62.18159376665223,-63.70249251639784,-68.00509977807202,-79.68540395244669,-79.78952962135124,-79.8075936354283,-79.82675790270326,-79.84576132104601,-79.86515781950364,-79.88518160396944,-79.90561881138186,-79.92640696619901,-79.94411409016075,-79.9555049816324,-79.9623201338561,-79.9635488774526,-79.96474769108801,-79.96591249482675,-79.96702585514652,-79.96811625526621,-79.96915713724724,-79.9701509484435,-79.97110428654894,-79.9720006636565,-79.97284101629042,-79.9736201776547,-79.97432970738619,-79.97495951652797,-79.97550861017976,-79.97595484317912,-79.9762975060087,-79.97651216326356
/Users/yunhwang/Desktop/Stethoscope_Project/Audio shared/ML test sound list/RAW sound_ML test sound list/WEBSS-005 TP1_seg-1.wav,WEBSS-005 TP1_seg-1_seg1,WEBSS-005 TP1_seg-1.wav,0,-39.32320535730668,-25.761843023819456,-18.27884575736049,-17.80974628110968,-18.28954168438137,-18.741198121991065,-21.583004717850358,-21.195873534360345,-22.15606403595265,-28.05150490317968,-31.428807505876076,-34.850929005804176,-38.21029046325328,-41.75294685460956,-45.33387978480704,-46.473693560313855,-47.077351890734434,-49.17752858734672,-51.31972903224767,-55.04473113061454,-55.4805798356256,-56.28208021140942,-57.18267622592118,-57.57811560305414,-57.40615625064991,-57.68843933500394,-57.791486996513974,-59.22310496998658,-61.365449664138175,-63.019399206776946,-64.32795760947387,-65.7929359241347,-66.66752093533573,-68.21005146427974,-72.4384145183414,-79.65263673995439,-79.80219779420162,-79.82110278222733,-79.84038070267758,-79.86044624957812,-79.88092875929333,-79.90182687873248,-79.92298370145565,-79.94437449000174,-79.95587392785681,-79.96595301186164,-79.967081697246,-79.96818908954566,-79.96928169967498,-79.970353307107,-79.97138462060586,-79.97240269381294,-79.97337980621526,-79.97431735827408,-79.97522114534503,-79.97607400022973,-79.97687628190573,-79.97762237233417,-79.97830347289407,-79.9789092224599,-79.97943845954916,-79.97986896831341,-79.98020008563314,-79.98040756749467
/Users/yunhwang/Desktop/Stethoscope_Project/Audio shared/ML test sound list/RAW sound_ML test sound list/WEBSS-005 TP1_seg-1.wav,WEBSS-005 TP1_seg-1_seg2,WEBSS-005 TP1_seg-1.wav,1,-41.20543833709874,-27.689129263034268,-19.975589051637705,-18.96827437880153,-21.744207486561375,-23.254431175659903,-25.099136408172168,-25.20580848959015,-26.932012418119363,-30.659705884921696,-33.69047697449739,-37.67839479787055,-42.08256335247063,-45.45904003624276,-48.011451022919346,-51.029567553005776,-52.3951584931978,-53.310605823379596,-56.70851593629016,-59.63213714355351,-60.56683384502627,-61.38623752582661,-62.108276390940084,-62.1453106413745,-62.48457714855573,-62.0759202874999,-62.247494313693565,-63.710331916057335,-66.32985421437037,-68.22807204372667,-69.9891684022693,-71.20167054358863,-72.12872485403999,-73.16436941400033,-77.02266237873293,-79.93304315720872,-79.94478436112747,-79.95874204004932,-79.97439854274673,-79.98630200842652,-79.99522637274592,-80.0,-80.0,-80.0,-80.0,-80.0,-80.0,-80.0,-80.0,-80.0,-80.0,-80.0,-80.0,-80.0,-80.0,-80.0,-80.0,-80.0,-80.0,-80.0,-80.0,-80.0,-80.0,-80.0
/Users/yunhwang/Desktop/Stethoscope_Project/Audio shared/ML test sound list/RAW sound_ML test sound list/WEBSS-005 TP1_seg-1.wav,WEBSS-005 TP1_seg-1_seg3,WEBSS-005 TP1_seg-1.wav,2,-41.265694069692486,-27.759863530017817,-20.18819240920627,-19.57828826804998,-21.066978082403022,-21.771268429403133,-24.632618494292668,-25.45078996793017,-25.973088064104193,-29.357632927397823,-33.20442602776951,-36.90650138410903,-40.34483954969548,-43.940552472720746,-47.6288091072942,-49.9803472127602,-51.129996921976655,-51.83691888934174,-55.45252147602064,-57.37988481682714,-58.87752903123979,-60.55856463471749,-61.120791826286634,-61.42860673179892,-61.46465104253995,-60.97025097952733,-61.51585621979706,-62.92674433878322,-65.17897295460855,-67.18225650586518,-68.86312216105378,-69.76466372700321,-70.61014672052512,-71.52093931210318,-75.57023161589512,-79.86506136809011,-79.88052460025989,-79.89155089439556,-79.90282266230867,-79.90787126953909,-79.91095584148586,-79.91392398960106,-79.91677187060083,-79.91951890031925,-79.92219040682319,-79.924789786576,-79.92730729477469,-79.92974873782735,-79.9321322528866,-79.93444944962908,-79.93666522931049,-79.93883639076384,-79.94090966114204,-79.94288979943914,-79.94478989378672,-79.94657687636314,-79.94825254176438,-79.94980649357619,-79.95119503424874,-79.95182324478438,-79.95237102126951,-79.95281621265126,-79.95315811149823,-79.95337229430359
/Users/yunhwang/Desktop/Stethoscope_Project/Audio shared/ML test sound list/RAW sound_ML test sound list/WEBSS-007 TP7_seg-1.wav,WEBSS-007 TP7_seg-1_seg1,WEBSS-007 TP7_seg-1.wav,0,-47.03809600315226,-33.303018433886,-29.90120797890464,-33.00999178389687,-37.5935081308805,-38.136256991842046,-40.95729405250886,-46.17014443544629,-49.638494769081824,-50.24303479421134,-51.67412832637119,-52.37997757208776,-51.94499764420013,-52.675504918993695,-54.99568347496329,-55.99934488915502,-55.80231852536671,-55.5885323248055,-55.43585613773008,-56.44677601331586,-58.18592393325205,-60.01081216144279,-61.26719914370487,-62.042244309331224,-61.84033508488579,-62.52319396077156,-63.39083622966729,-64.82000192098528,-65.32919569631449,-65.29782031838039,-66.69360798131295,-68.39802331038206,-69.21056440179862,-69.92707660403168,-73.47176085230225,-79.76236646114965,-79.82388647075705,-79.83579247554343,-79.84765055391694,-79.85030459769827,-79.85286947670451,-79.85542729837485,-79.8579433135032,-79.86041686132829,-79.86285983396925,-79.86526622007081,-79.86761926494574,-79.86991947617975,-79.87218102991334,-79.87439248405929,-79.87651617308423,-79.87860693262928,-79.88060992357315,-79.88252854250698,-79.88437482534695,-79.88611483685754,-79.88774963796718,-79.88926826399359,-79.89065333131954,-79.89188427966474,-79.89295887248488,-79.89383269770981,-79.89450436073841,-79.89492519462975
/Users/yunhwang/Desktop/Stethoscope_Project/Audio shared/ML test sound list/RAW sound_ML test sound list/WEBSS-007 TP7_seg-1.wav,WEBSS-007 TP7_seg-1_seg2,WEBSS-007 TP7_seg-1.wav,1,-48.92768282283346,-34.731577934051316,-31.396229356036688,-34.49778852752245,-37.24870069349826,-37.33878330631374,-39.77157429530191,-45.527006600044984,-49.362512526057685,-49.965275651169634,-49.26059877075606,-51.32346677030353,-52.07260099517766,-52.44660173229534,-53.996570176049524,-54.172872140323456,-54.25881979204117,-52.631720779455534,-56.10550513936508,-57.22167515486314,-58.03407057528213,-61.110520467791446,-62.09926302103082,-62.1015556738111,-63.67489589915403,-64.28615470039664,-65.08812033313421,-65.2276451957728,-65.52221668967388,-65.99602595457783,-66.68092781685269,-67.06428895052859,-67.4481239154969,-68.6573435870894,-73.31530825668227,-79.69814544259539,-79.77622488789932,-79.79322881406262,-79.81173282277531,-79.83164292696739,-79.85228923752656,-79.8735895478415,-79.89012456763308,-79.9023853463768,-79.90892832313699,-79.91135605414574,-79.91372783241233,-79.91604456810629,-79.91832078083749,-79.92054526024867,-79.92268056043426,-79.92478167666945,-79.92679390178267,-79.92872074883076,-79.93057435022789,-79.93232084453803,-79.93396136141449,-79.93548498708306,-79.93687438000467,-79.93810900812885,-79.93918665221625,-79.94006290286517,-79.94073635182747,-79.94115829796921
/Users/yunhwang/Desktop/Stethoscope_Project/Audio shared/ML test sound list/RAW sound_ML test sound list/WEBSS-007 TP7_seg-1.wav,WEBSS-007 TP7_seg-1_seg3,WEBSS-007 TP7_seg-1.wav,2,-50.382441512070514,-36.93689755493338,-32.20676903690096,-33.61997929669402,-35.68682682030226,-35.607005762121666,-39.94288719199313,-47.12065149523483,-50.21155110791744,-51.77952341759885,-53.41988486051099,-52.95411134604577,-53.0115731898427,-54.099143402798305,-55.91442033342064,-56.40817568372437,-54.60853414718159,-54.58516140797774,-56.72223762946376,-59.51452648623416,-60.98738043776951,-62.36850020986474,-63.12165495642898,-63.68715195297117,-64.35566918038195,-65.37144038830873,-66.49276371754678,-67.17829923267904,-67.51627706045508,-68.72280008932238,-69.32319177158932,-69.824496888393,-69.08904953877125,-69.42959739291294,-73.40211114365219,-79.87465096492927,-79.92706083071052,-79.941989813838,-79.95840771418095,-79.97611570471321,-79.98786304117935,-79.9973892872331,-80.0,-80.0,-80.0,-80.0,-80.0,-80.0,-80.0,-80.0,-80.0,-80.0,-80.0,-80.0,-80.0,-80.0,-80.0,-80.0,-80.0,-80.0,-80.0,-80.0,-80.0,-80.0
/Users/yunhwang/Desktop/Stethoscope_Project/Audio shared/ML test sound list/RAW sound_ML test sound list/KP006_WWS.wav,KP006_WWS_seg1,KP006_WWS.wav,0,-30.17385849560122,-20.777962820763054,-21.891571394098087,-26.438969317940725,-28.473724415568004,-29.611807042558013,-31.92541784272707,-33.502115822631424,-35.32830166205015,-37.05966745598949,-37.986495316847446,-38.63950889134522,-39.39375555400187,-39.04213778037237,-40.34465184097805,-41.536245621012434,-41.909129980640046,-43.01146754998226,-45.69242499106754,-46.25993576412914,-46.882646215542806,-48.54303797040641,-49.39842117386815,-50.176625102363154,-50.21007588154813,-50.81012322689166,-52.14429855980973,-52.91018632203395,-53.318064483286804,-53.545856230247516,-53.555644969881065,-54.889831465202015,-55.26889557985423,-56.154372815309095,-60.69941143502816,-77.3205778175115,-79.80752118255157,-79.82621092556093,-79.84531269041122,-79.86522952038453,-79.8855874827158,-79.90638104392066,-79.92744980906502,-79.9469107281553,-79.95825060276404,-79.96634276490659,-79.96743905725481,-79.96851783778202,-79.96958516654679,-79.97063441921505,-79.97164592869325,-79.97264648126168,-79.97360808830287,-79.97453192084822,-79.9754235957089,-79.97626579295292,-79.97705873768113,-79.97779670751264,-79.9784708202732,-79.97907065124411,-79.97959500057713,-79.98002163684275,-79.98034990970488,-79.9805556233526
/Users/yunhwang/Desktop/Stethoscope_Project/Audio shared/ML test sound list/RAW sound_ML test sound list/KP006_WWS.wav,KP006_WWS_seg2,KP006_WWS.wav,1,-29.76698424481336,-20.491083438477713,-20.92516241915983,-24.80317449765899,-26.38929369437091,-27.32579170575065,-29.04206370654566,-31.41240794162582,-33.11199324331859,-33.99539700424189,-34.850166214533076,-35.519622487870926,-37.38849081184254,-37.53883987454326,-38.351299241782556,-39.531862516083585,-39.92761285415155,-40.73542165368479,-42.981800497564365,-44.08701996052241,-44.32039703269467,-45.89455288319022,-47.46189795532263,-48.44367836313537,-47.84739656471712,-48.22389220036003,-49.186419602481486,-50.156017498111126,-50.724422605323646,-50.8541061706409,-50.97099177825789,-51.68256416687543,-52.21095704595118,-52.93635024033637,-57.6530817702983,-75.37865567373206,-79.78272200892928,-79.79806904988595,-79.81482017948873,-79.83305384446349,-79.85213115093865,-79.87190871591334,-79.8921503745097,-79.91277943108898,-79.93378707350959,-79.9486759377251,-79.9601344246794,-79.96354673579985,-79.96465981174987,-79.96574992969173,-79.96679792453686,-79.96783105065782,-79.9688216608902,-79.96977129966625,-79.97068586641572,-79.97154829155436,-79.97235902035362,-79.973112505386,-79.97380000396532,-79.97441119753398,-79.97494494773677,-79.97537904306773,-79.97571280088808,-79.97592192678518
/Users/yunhwang/Desktop/Stethoscope_Project/Audio shared/ML test sound list/RAW sound_ML test sound list/KP006_WWS.wav,KP006_WWS_seg3,KP006_WWS.wav,2,-33.286467881678355,-23.839884422816347,-24.09826299435045,-27.69897927074016,-28.449591058512343,-29.51950384804601,-32.03143003231355,-33.49627125890978,-34.46054730632589,-35.72208731846625,-36.67548884657779,-37.11015151787678,-38.42954874057579,-38.54791575510071,-39.1598504389888,-40.06728514220936,-40.404819545814604,-41.74722621652684,-44.5973967769957,-46.10293489713336,-47.19368289981959,-48.573063893111595,-49.58460491350689,-50.57941287566398,-49.245614878541616,-50.48552757035248,-51.32196191113846,-52.021320148304234,-52.6357684432348,-52.97491402870831,-53.07800392523523,-54.28148904770138,-55.31076692646173,-55.8609690176331,-60.828339553922895,-77.93486779796204,-79.8169760303532,-79.84287842053342,-79.86616873213556,-79.8871750291121,-79.90645291760804,-79.9251998368247,-79.94401085142914,-79.96318483602965,-79.97999852240717,-79.99008415896483,-79.99633061119202,-79.9965690611114,-79.9969092296974,-79.99732904828447,-79.99779434917234,-79.99832015339649,-79.9988688182001,-79.9994329272428,-80.0,-80.0,-80.0,-80.0,-80.0,-80.0,-80.0,-80.0,-80.0,-80.0
/Users/yunhwang/Desktop/Stethoscope_Project/Audio shared/ML test sound list/RAW sound_ML test sound list/WEBSS-007 TP1_seg-1.wav,WEBSS-007 TP1_seg-1_seg1,WEBSS-007 TP1_seg-1.wav,0,-39.41792596711569,-24.50210258696526,-19.954098283154718,-19.695853067442744,-22.46369462372814,-26.68623596588949,-30.822736185372868,-33.96634066674028,-36.53560489801984,-39.44548042495864,-41.11646119662302,-42.68503018865501,-44.96607943637005,-46.88898647050115,-47.80698327596494,-48.16402353384911,-46.406363692691684,-44.900704739731516,-46.61113102765844,-49.396103982903895,-50.75821437635411,-51.674341371141466,-51.26090230765986,-50.38155892457992,-51.0694540595037,-50.02699767623093,-49.089302034557804,-48.68368739584974,-50.260965916999425,-52.27768327600083,-54.05409909119839,-54.918880303925675,-56.083202625157085,-55.96470030327289,-58.91495580021624,-76.20303687382122,-79.86537316628632,-79.8878521440445,-79.90949451558211,-79.93130384551212,-79.95314236020566,-79.97513216265314,-79.98863993502819,-79.99972098548544,-80.0,-80.0,-80.0,-80.0,-80.0,-80.0,-80.0,-80.0,-80.0,-80.0,-80.0,-80.0,-80.0,-80.0,-80.0,-80.0,-80.0,-80.0,-80.0,-80.0
/Users/yunhwang/Desktop/Stethoscope_Project/Audio shared/ML test sound list/RAW sound_ML test sound list/WEBSS-007 TP1_seg-1.wav,WEBSS-007 TP1_seg-1_seg2,WEBSS-007 TP1_seg-1.wav,1,-50.66427426101973,-35.68680734300917,-31.44819699384742,-31.283940717146432,-33.49087613239446,-36.975764819040165,-41.500576814882415,-44.85634163732392,-47.53946653271364,-49.2011704878846,-50.721667463483115,-52.13394607539402,-54.082454113233446,-56.333384004991636,-57.22196616964735,-58.14079883932878,-57.194974211027734,-56.839589065580505,-58.54380319949576,-60.11476903797558,-60.937822100725484,-60.9703388036672,-60.376454469142494,-60.26838194111841,-60.69166979250275,-59.88117275284224,-59.56384981916127,-58.7436923522125,-59.69445666927917,-61.687474337874825,-63.64949083811961,-65.37785588398111,-66.63143427582744,-66.58337487008264,-68.9434974269791,-79.9801607093399,-80.0,-80.0,-80.0,-80.0,-80.0,-80.0,-80.0,-80.0,-80.0,-80.0,-80.0,-80.0,-80.0,-80.0,-80.0,-80.0,-80.0,-80.0,-80.0,-80.0,-80.0,-80.0,-80.0,-80.0,-80.0,-80.0,-80.0,-80.0
/Users/yunhwang/Desktop/Stethoscope_Project/Audio shared/ML test sound list/RAW sound_ML test sound list/WEBSS-007 TP1_seg-1.wav,WEBSS-007 TP1_seg-1_seg3,WEBSS-007 TP1_seg-1.wav,2,-37.98531946700535,-22.779810646034353,-18.883558691420355,-19.74080800941753,-22.017403252395194,-25.776568704196507,-29.9037092810358,-33.551115278094414,-36.34853763146549,-38.15595138302851,-39.35432150141964,-40.99169998757032,-43.07713192492251,-45.15466689382958,-45.6146051669541,-46.16898715985252,-45.28671489863792,-44.290640252418825,-44.435640044814456,-45.97106850563875,-47.41840801981688,-48.0907437860041,-47.674969888415795,-47.79092608287689,-48.851724200912095,-47.83140335835918,-47.378257834307234,-46.54180382675399,-46.94431438864472,-49.37930066605787,-51.393581267412735,-53.42761564512481,-54.249953511770194,-54.18876625995567,-56.93603987964421,-74.69322798642358,-79.87136675165691,-79.88320594017101,-79.89831724912226,-79.91212960759262,-79.92189238235692,-79.92932655270475,-79.93072505670453,-79.93227343868413,-79.93393921613296,-79.93568542088005,-79.93747250488961,-79.93928378381905,-79.94112067778623,-79.94296185607841,-79.94476135080515,-79.94656763474214,-79.94832081013334,-79.95001979181943,-79.95142128036015,-79.95220676782716,-79.9529503950615,-79.95364574168218,-79.95428337410975,-79.95485244680238,-79.95535149009585,-79.95575813718216,-79.95607176128729,-79.95626838299358
/Users/yunhwang/Desktop/Stethoscope_Project/Audio shared/ML test sound list/RAW sound_ML test sound list/WEBSS-003 TP1_seg-1.wav,WEBSS-003 TP1_seg-1_seg1,WEBSS-003 TP1_seg-1.wav,0,-36.704912129088946,-22.878998879657882,-20.921199331565905,-25.30707902006505,-28.633805625871876,-31.871025762582693,-32.397188912896425,-33.21466536362941,-35.69290346950872,-37.53710869348953,-39.073354344271635,-40.537638227782374,-41.78708061123294,-42.14880649554063,-42.27624795455126,-42.37045169621893,-43.11473477206539,-43.535981482915986,-44.26188513688775,-45.125924662999175,-45.204236665989455,-45.52443840344933,-46.03012122700279,-47.276664546763875,-49.35217217798806,-51.05508203544814,-52.6475370454087,-53.31062634512223,-53.54747044938786,-54.164355154585884,-54.95163317743175,-55.808894473647754,-57.443243844536624,-58.7492797840021,-62.76926268919153,-78.99834912666122,-79.86804374900618,-79.88743068453698,-79.90703993496528,-79.92734775056554,-79.9473542866339,-79.95846326377878,-79.96804594918967,-79.96922778344249,-79.97039808137588,-79.97155400570246,-79.9726871396904,-79.9737975494556,-79.97489215142333,-79.975965007102,-79.97699703677843,-79.97801544322363,-79.97899262121133,-79.97993005192205,-79.98083359273232,-79.98168612442548,-79.98248804138741,-79.9832337527852,-79.98391448131942,-79.98451988268523,-79.98504880943008,-79.98547905767391,-79.98580997538505,-79.98601732968059
/Users/yunhwang/Desktop/Stethoscope_Project/Audio shared/ML test sound list/RAW sound_ML test sound list/WEBSS-003 TP1_seg-1.wav,WEBSS-003 TP1_seg-1_seg2,WEBSS-003 TP1_seg-1.wav,1,-36.179256174434826,-23.503421722769755,-20.996958513642312,-23.873016031764674,-27.414224170314103,-30.66230700769809,-32.11364233792218,-33.27250580565989,-35.830145408292445,-37.86262940684204,-39.21786226775372,-40.205200859456575,-41.15738351317926,-42.4565626824179,-42.963119325035066,-42.72045080140175,-43.3216610994631,-44.00574756778563,-44.33747209635699,-45.11925574134304,-45.04849062146228,-45.48500141340864,-46.42343794376017,-47.92386661108139,-50.08923525547698,-51.62406894968159,-53.087542527295454,-54.00587175075894,-53.84192322816482,-54.3814762367695,-54.92977945807115,-56.01496334355405,-57.5431700136412,-58.78755743977026,-62.6417486728146,-78.5873690047816,-79.85939711499303,-79.8744935563753,-79.89134727890438,-79.90967771985133,-79.92884670149186,-79.94871208598586,-79.96885058869927,-79.97982518393675,-79.99019948005868,-79.991444437966,-79.99266284868989,-79.99385401412087,-79.99502435670604,-79.99616770764345,-79.99726499294414,-79.99834347819926,-79.9993756513159,-80.0,-80.0,-80.0,-80.0,-80.0,-80.0,-80.0,-80.0,-80.0,-80.0,-80.0
/Users/yunhwang/Desktop/Stethoscope_Project/Audio shared/ML test sound list/RAW sound_ML test sound list/WEBSS-003 TP1_seg-1.wav,WEBSS-003 TP1_seg-1_seg3,WEBSS-003 TP1_seg-1.wav,2,-36.77063221521939,-23.290291751689846,-20.029763379970536,-23.388902573536708,-27.410219979457498,-29.74712668928442,-31.225164842023243,-30.92209302860118,-32.095679254090506,-34.756596320724675,-36.10350806070123,-35.44426151554603,-35.23536962859331,-37.79760117194681,-39.26697966445716,-39.63731284805541,-39.489895561784756,-40.554631427496545,-41.265237666811174,-42.22695138721253,-42.45716245555759,-43.38099836146663,-44.7592182060106,-46.12280615748287,-47.73751118831933,-49.17879497387353,-50.265304533648084,-51.540119488281526,-51.79323455732392,-52.497220209296735,-53.416128525364144,-54.73756833564083,-56.425746377263025,-57.680372264307074,-61.7575932803621,-78.38445443274084,-79.8467617742986,-79.86747233956959,-79.88851625426751,-79.90897986058977,-79.92227258144896,-79.93514200795758,-79.93896958531693,-79.94254801913137,-79.94593226281846,-79.94914733825576,-79.95167949137705,-79.95313397699789,-79.95453093193593,-79.95587006274494,-79.95713723712387,-79.95836351477897,-79.95952440926025,-79.96062426275742,-79.96167112866519,-79.96264975214194,-79.96356212561302,-79.96440390567366,-79.96516730718245,-79.9658427382991,-79.96642950497507,-79.96690558432016,-79.96727016946893,-79.96749845446273
/Users/yunhwang/Desktop/Stethoscope_Project/Audio shared/ML test sound list/RAW sound_ML test sound list/KP012_WWS_2.wav,KP012_WWS_2_seg1,KP012_WWS_2.wav,0,-27.8185642893721,-17.599736988404857,-18.18238816071345,-23.13160043775811,-27.96127568533949,-31.835572971818653,-33.73527837296862,-36.18105997043595,-38.57114407219876,-39.442819683852946,-40.228649714382776,-40.72815653159754,-42.15568396556305,-43.4307104317694,-44.25358693013532,-45.607088858736866,-47.65722105567485,-49.30300825707362,-50.56059874159864,-51.61090151792013,-52.444653440982556,-53.369109600951475,-54.45116832192504,-55.06579884100435,-55.59280410118818,-56.268455144450876,-56.47548679109974,-56.48671040618781,-55.75746399630481,-55.186913828124354,-56.34739322838762,-57.5180303249718,-57.185852407918226,-56.735498458887754,-62.94659857450092,-78.98621289462508,-79.85494206445644,-79.87250132718778,-79.89048593872769,-79.90923450749274,-79.9284452512032,-79.94807531560413,-79.96798470137495,-79.98454707247983,-79.99475318208364,-80.0,-80.0,-80.0,-80.0,-80.0,-80.0,-80.0,-80.0,-80.0,-80.0,-80.0,-80.0,-80.0,-80.0,-80.0,-80.0,-80.0,-80.0,-80.0
/Users/yunhwang/Desktop/Stethoscope_Project/Audio shared/ML test sound list/RAW sound_ML test sound list/KP012_WWS_2.wav,KP012_WWS_2_seg2,KP012_WWS_2.wav,1,-27.409195856389204,-17.276723087487092,-17.50767061371588,-21.671419520254553,-26.14077187021947,-30.254677307510942,-32.01971566448264,-34.5325084302156,-36.61293971121566,-38.026603731449114,-38.75078080495342,-39.51530564137821,-40.51853915410694,-41.678963524933685,-42.62966666433993,-44.046000686274,-45.935500038476796,-47.61816525323441,-48.97120004288224,-50.19719293058818,-50.98326011145418,-52.24729508517344,-53.34418753121208,-53.64767923113231,-54.26525815833749,-54.64168037012993,-54.78024347959504,-55.11871343138914,-54.24267528859456,-53.448042546127695,-54.81603138768102,-55.74118530653296,-55.954895390554945,-55.50885173174648,-61.56922452838902,-78.50495359578056,-79.80258402312587,-79.81751746715234,-79.83416237641015,-79.85228591925066,-79.87125972566135,-79.89094371384633,-79.91110201332313,-79.93165705426453,-79.95259917065789,-79.96414105957659,-79.97457752282752,-79.97569155467966,-79.97679005454854,-79.9778669022343,-79.97890286634119,-79.97992506113967,-79.9809058322063,-79.98184662885743,-79.98275328137261,-79.98360866102382,-79.98441315629752,-79.98516117252686,-79.98584393080202,-79.98645108455563,-79.98698148140168,-79.98741290901712,-79.98774470121316,-79.98795260260438
/Users/yunhwang/Desktop/Stethoscope_Project/Audio shared/ML test sound list/RAW sound_ML test sound list/KP012_WWS_2.wav,KP012_WWS_2_seg3,KP012_WWS_2.wav,2,-26.810766815164417,-16.5784634505238,-16.837871040348976,-21.04118506557143,-25.68939804904836,-29.27952109793373,-30.629474976533853,-33.32461727845923,-36.01246632319892,-37.00873177137365,-37.66192611435573,-38.76175803769061,-39.9994477708188,-41.12675413410237,-42.22296313771692,-43.33479221663401,-45.59022890271097,-47.02268825078753,-48.698010404528425,-49.54386642817408,-50.20461474250423,-51.83055054662015,-52.775802288728094,-53.42789697608846,-54.05998529483465,-54.255326199028964,-54.497538343008195,-54.30789376222328,-53.74874589597207,-52.89040870327388,-54.03937418798494,-55.21975395853484,-55.30386335747776,-55.07172639168576,-60.800676734734054,-78.04168175576517,-79.71293312734556,-79.7397954431052,-79.76554564081134,-79.79133146379482,-79.81697603129143,-79.84266324743794,-79.86829914941585,-79.8905424042177,-79.90629928588952,-79.91766279805016,-79.92295047596625,-79.9279789351581,-79.93278155070371,-79.93736064822285,-79.94169206622945,-79.94583914664426,-79.94975247475014,-79.95228710970514,-79.95402641270493,-79.95564522791834,-79.95714464448875,-79.9585187335872,-79.95975773316275,-79.96084962713314,-79.96179036602986,-79.96255369482029,-79.9631332712832,-79.96349696769927
/Users/yunhwang/Desktop/Stethoscope_Project/Audio shared/ML test sound list/RAW sound_ML test sound list/KP007_WWS.wav,KP007_WWS_seg1,KP007_WWS.wav,0,-35.11339876181138,-23.32592458174437,-22.601870522389213,-25.14491078932849,-28.398591506247904,-32.14217881129896,-34.9041107974318,-36.913547231744005,-38.88406643725546,-39.22474415287401,-39.74355272440182,-39.94357153514996,-39.972930198081215,-40.51204265944048,-41.61740385715963,-42.786601321422644,-44.822864117354584,-47.15660357353944,-49.38984197039901,-50.63329432101609,-51.84099006154709,-53.256603086232204,-54.184452747125576,-54.2533492992982,-54.52012914009711,-54.996954587322875,-54.99724037628726,-54.78648885465819,-54.33852179317825,-53.50726978640682,-54.239806666511484,-54.809672816155114,-54.84071216558675,-55.27805322549221,-60.032051105924474,-76.59065947718099,-79.7748779808797,-79.79264409139422,-79.81079134068891,-79.82967294797265,-79.84899475632429,-79.86871901528728,-79.88870931446901,-79.90894362096547,-79.92944302570343,-79.95023555175729,-79.97136917501535,-79.98689919291559,-79.99794410569145,-80.0,-80.0,-80.0,-80.0,-80.0,-80.0,-80.0,-80.0,-80.0,-80.0,-80.0,-80.0,-80.0,-80.0,-80.0
/Users/yunhwang/Desktop/Stethoscope_Project/Audio shared/ML test sound list/RAW sound_ML test sound list/KP007_WWS.wav,KP007_WWS_seg2,KP007_WWS.wav,1,-34.87540690838106,-23.55862996884841,-23.306981931364582,-26.656554504609296,-29.184028022460488,-32.66726942434621,-35.363825388486326,-37.26577042732317,-38.82372906070185,-39.11919011583075,-39.67440730595769,-39.603900030513685,-40.43786695449038,-40.95185907221026,-41.314969904810816,-41.60206328328962,-44.69298869477128,-46.619869484769545,-48.66619840582553,-50.35298550501727,-51.83532185570145,-53.2775390387664,-54.215306873986755,-54.515423854939975,-55.00969070976553,-55.0931477358052,-55.151539105104355,-54.741043999428065,-54.01368343542899,-53.61670504508429,-54.144311640799614,-55.15945106413687,-55.05040764376911,-55.82043833823196,-60.953212337785345,-77.03828446382212,-79.82105045033443,-79.83627018900869,-79.85311315727131,-79.87138558355186,-79.89047747647298,-79.9102588840446,-79.93049942554686,-79.95112544288116,-79.96629373667223,-79.97756063475931,-79.98184824992816,-79.98297866606165,-79.98409257524975,-79.98518378378454,-79.98623308284179,-79.9872675844267,-79.98825963197655,-79.9892107200032,-79.99012671114737,-79.99099050645285,-79.99180252940359,-79.99255721246696,-79.99324579755957,-79.99385795241786,-79.99439252522723,-79.99482729108944,-79.99516155208397,-79.99537099535097
/Users/yunhwang/Desktop/Stethoscope_Project/Audio shared/ML test sound list/RAW sound_ML test sound list/KP007_WWS.wav,KP007_WWS_seg3,KP007_WWS.wav,2,-34.96688081946941,-22.800502456705928,-22.344189567562683,-25.048129373842134,-27.848632206580866,-31.487353825375298,-33.71956716536984,-35.752463337531225,-37.632471558625596,-38.36629724182637,-38.75734486541353,-39.197581470816004,-39.574532623803584,-40.197757541635475,-40.870790337922706,-41.54393640701963,-44.165593531910915,-46.31789322566419,-48.18109015618259,-49.85064137148787,-51.12650573800117,-52.46272818866355,-53.31586891375383,-53.89527280623896,-54.46080021200983,-54.68928934983394,-54.72112417923025,-54.46688724086474,-53.69584053493911,-53.04458171315947,-53.3611222737114,-53.83989968662061,-54.38348622106823,-55.23899489022009,-60.40177627746828,-76.63157871446603,-79.76259278881611,-79.7848414663518,-79.80696855926716,-79.82964188460781,-79.85249957271617,-79.87562568703481,-79.89887380313242,-79.92223897610188,-79.93893224903543,-79.95077999077787,-79.95511237862841,-79.956704594315,-79.95822683935324,-79.95967976082765,-79.9610502260459,-79.96237007980216,-79.96361550878558,-79.9647915697456,-79.9659068597661,-79.9669466137911,-79.96791327036992,-79.96880282906223,-79.96960777535983,-79.9703187120203,-79.97093502370595,-79.97143465640004,-79.97181662466758,-79.97205575128358
/Users/yunhwang/Desktop/Stethoscope_Project/Audio shared/ML test sound list/RAW sound_ML test sound list/WEBSS-002 TP 3_seg-1.wav,WEBSS-002 TP 3_seg-1_seg1,WEBSS-002 TP 3_seg-1.wav,0,-30.346495500878984,-18.698275927821065,-17.915329066258618,-22.1232429306009,-24.576851650452607,-26.76639352994032,-29.106307447982857,-32.1171663039836,-34.86783288214008,-37.318026951337934,-40.06060355326828,-43.241463746320385,-44.9508984363704,-46.31589331932073,-46.79771605256806,-47.000962774437994,-47.00292898075213,-46.661606885156914,-46.20957447748894,-46.064061319044505,-45.84309136457774,-45.5315669867083,-45.47675128906895,-45.39124164489927,-45.0303666353272,-45.21948114079709,-45.92880339784003,-46.81303075644266,-47.40523644134402,-48.54088332916422,-50.81325628269514,-54.34117574172722,-57.12588916524012,-59.25969459579036,-64.12769790971085,-79.42701043722221,-79.76221921451184,-79.78289308065465,-79.80374568091375,-79.82533587487444,-79.8472511742762,-79.86954611409911,-79.89205523304595,-79.91096793687973,-79.92363315440556,-79.93103641977861,-79.93336714154117,-79.93564548540738,-79.9378860147521,-79.94007753633979,-79.94218251552819,-79.94425585831422,-79.94624276423123,-79.94814661819554,-79.94997944740142,-79.95143550062693,-79.95224759216245,-79.95300218722403,-79.95369058634647,-79.95430250372547,-79.9548368250403,-79.95527135601932,-79.95560542441778,-79.95581473940791
/Users/yunhwang/Desktop/Stethoscope_Project/Audio shared/ML test sound list/RAW sound_ML test sound list/WEBSS-002 TP 3_seg-1.wav,WEBSS-002 TP 3_seg-1_seg2,WEBSS-002 TP 3_seg-1.wav,1,-32.349047544937186,-21.119711567380214,-20.238026001023364,-24.145777627040154,-27.15087643389262,-28.719883404716605,-30.627159836732375,-34.0042879660487,-36.866547200025344,-38.72427789786916,-41.624720418788286,-44.9093723466619,-47.19710031173388,-48.29792832051774,-49.05640623650848,-49.25792247761445,-49.20456345787415,-49.00546642104605,-48.15867361785899,-47.59623494478628,-47.18539270146809,-47.02766026132467,-47.144799447849024,-46.14292449530511,-46.35109671964189,-47.42420848412657,-47.88586141521423,-48.535439915621374,-48.67749875899329,-49.61715687024714,-52.14608783887475,-55.95823487432732,-58.37556702547724,-60.40301227005161,-64.83537970199242,-79.6940340536563,-79.88713517745622,-79.90208827511778,-79.91908386010283,-79.93774002373979,-79.957311605324,-79.97573435374406,-79.98782162924861,-79.99747389117981,-80.0,-80.0,-80.0,-80.0,-80.0,-80.0,-80.0,-80.0,-80.0,-80.0,-80.0,-80.0,-80.0,-80.0,-80.0,-80.0,-80.0,-80.0,-80.0,-80.0
/Users/yunhwang/Desktop/Stethoscope_Project/Audio shared/ML test sound list/RAW sound_ML test sound list/WEBSS-002 TP 3_seg-1.wav,WEBSS-002 TP 3_seg-1_seg3,WEBSS-002 TP 3_seg-1.wav,2,-32.74707256410527,-22.244913780698372,-22.114635938059532,-25.702547335104747,-29.31414549889139,-31.275520998312338,-32.69249244080261,-36.165471154335904,-39.08587078643306,-41.35711190745924,-44.21579566074516,-46.90204884883754,-48.673708758187665,-49.30372827117375,-50.40993187776497,-50.991194191836875,-51.21192708884001,-50.70182892053633,-50.17792465913724,-49.824178252408636,-49.09019440571236,-48.24098167451036,-47.57539065435193,-46.75669267106887,-46.6137686432894,-45.41389986887281,-46.4251662769689,-47.845060996236704,-48.941152425968276,-51.05178556876102,-53.93810440684815,-56.97911199268958,-59.058951595832866,-61.024193308931046,-65.13203651644038,-79.65916014589911,-79.8584014086594,-79.88299010493787,-79.90722268820394,-79.93182756040696,-79.95656821931564,-79.98004486255326,-79.99006504254717,-79.99978645478451,-80.0,-80.0,-80.0,-80.0,-80.0,-80.0,-80.0,-80.0,-80.0,-80.0,-80.0,-80.0,-80.0,-80.0,-80.0,-80.0,-80.0,-80.0,-80.0,-80.0
/Users/yunhwang/Desktop/Stethoscope_Project/Audio shared/ML test sound list/RAW sound_ML test sound list/WEBSS-003 TP3 _seg-1.wav,WEBSS-003 TP3 _seg-1_seg1,WEBSS-003 TP3 _seg-1.wav,0,-31.122801488289902,-17.93659774078548,-16.48256510666369,-20.529948134872104,-25.22739731374371,-28.052320443362117,-30.331817434641593,-32.800320666519006,-34.355585469330705,-35.70684194449623,-36.93714848972787,-37.83496487210618,-38.80481905670742,-39.85939521668694,-40.31852461311738,-38.83901257951844,-37.22084947612281,-36.5758415565985,-37.28753459826143,-37.289969810606905,-39.16961766104652,-40.8355945723724,-42.783303569312935,-43.56749577542928,-45.155283662901475,-44.639372539497735,-46.28422158592086,-46.812943737152686,-47.67794094157431,-48.49867167591418,-50.661937766109084,-52.298727328487246,-53.64891483793937,-55.367643327440014,-60.21425518988247,-77.57631498097521,-79.87890278862278,-79.90092866428218,-79.92253876079492,-79.94446585122832,-79.9664858820511,-79.98133616407655,-79.99349817364006,-79.9970196819802,-79.99886491361659,-80.0,-80.0,-80.0,-80.0,-80.0,-80.0,-80.0,-80.0,-80.0,-80.0,-80.0,-80.0,-80.0,-80.0,-80.0,-80.0,-80.0,-80.0,-80.0
/Users/yunhwang/Desktop/Stethoscope_Project/Audio shared/ML test sound list/RAW sound_ML test sound list/WEBSS-003 TP3 _seg-1.wav,WEBSS-003 TP3 _seg-1_seg2,WEBSS-003 TP3 _seg-1.wav,1,-49.61368118502307,-37.04705339867274,-34.82028886977421,-38.245721107969985,-43.124982494506106,-45.414610345405,-48.09320735710783,-50.897720334618,-51.1185240295519,-52.79095646782243,-54.4190583225165,-54.92937180674038,-56.177848048198776,-56.74243993962117,-57.067515669706516,-55.62356891656088,-54.54363260997166,-54.65781459626992,-55.882119039433896,-55.62370342153948,-57.02275938605174,-58.6016565807426,-60.27868684159259,-60.9756092773698,-62.19706763757856,-61.68197127184362,-62.951483001117644,-63.75985783034479,-64.3625432778381,-65.79964810573732,-67.43266149967424,-68.96777677132907,-70.63234994403615,-72.5026217518617,-76.91303552527891,-79.99225539421055,-79.99706618781364,-80.0,-80.0,-80.0,-80.0,-80.0,-80.0,-80.0,-80.0,-80.0,-80.0,-80.0,-80.0,-80.0,-80.0,-80.0,-80.0,-80.0,-80.0,-80.0,-80.0,-80.0,-80.0,-80.0,-80.0,-80.0,-80.0,-80.0
/Users/yunhwang/Desktop/Stethoscope_Project/Audio shared/ML test sound list/RAW sound_ML test sound list/WEBSS-003 TP3 _seg-1.wav,WEBSS-003 TP3 _seg-1_seg3,WEBSS-003 TP3 _seg-1.wav,2,-31.417666894571475,-18.404465461093416,-14.216917516779876,-16.17256557854438,-21.82914564267252,-25.52339031102908,-28.213357098296232,-30.206361143003083,-31.044938713362917,-32.257312543729995,-33.75978104868462,-35.07431180322299,-35.38739188060951,-36.089236354666724,-36.8464298692758,-36.46503961821248,-35.74517619499507,-35.60048032317707,-36.74234443513374,-37.416501235161284,-38.12337225495016,-39.167719411161784,-40.62917158946513,-40.96820521786608,-42.891846182902846,-42.89090872648671,-45.096885019435746,-46.341671804277695,-47.29876330160239,-47.74904162990809,-48.913369807477594,-50.36914904285506,-51.54761503123769,-53.142949785878265,-58.40371129644239,-76.33640416563726,-79.77623519569924,-79.79522978982112,-79.81497759553889,-79.83575441241584,-79.85703955448868,-79.87882848779559,-79.90092276037848,-79.91507585206236,-79.92781837026916,-79.93154343021796,-79.93421000405206,-79.93678140904014,-79.9392786444616,-79.94169559327611,-79.94399913680533,-79.9462476182874,-79.94838901013813,-79.95042919997749,-79.95177145457619,-79.95268833992063,-79.95354662629936,-79.95434136080591,-79.95506427370914,-79.95570540580903,-79.9562638420183,-79.95671747172514,-79.95706556468753,-79.95728359631062
/Users/yunhwang/Desktop/Stethoscope_Project/Audio shared/ML test sound list/RAW sound_ML test sound list/KP012_WWS_1.wav,KP012_WWS_1_seg1,KP012_WWS_1.wav,0,-29.239089370698526,-18.449215525891326,-17.808146971915487,-22.033686469108584,-26.791254163688716,-30.37069437996785,-31.590578150988634,-33.96619047296184,-36.99504790427021,-38.50204599559569,-39.21168627323357,-39.484108979719785,-41.022613455364706,-42.16153927353647,-43.192040306301585,-43.97680400874838,-46.11581618421358,-48.47517739362744,-50.097274546018134,-51.740836356897105,-53.15626058227171,-54.337157357840695,-55.295360668143715,-55.9382611845565,-56.80538594852836,-56.508257084164626,-56.7964316364152,-57.322165247011064,-56.543606986148745,-55.952478523205734,-56.695828291178145,-57.95668447237413,-58.24053958841239,-58.96700834375826,-64.84289330917018,-78.59725828817876,-79.83927180617971,-79.85646063968433,-79.87477372774762,-79.89421252620203,-79.91425391175162,-79.93482426812243,-79.9557287015518,-79.97691998789108,-79.98953027251643,-79.99992938408639,-80.0,-80.0,-80.0,-80.0,-80.0,-80.0,-80.0,-80.0,-80.0,-80.0,-80.0,-80.0,-80.0,-80.0,-80.0,-80.0,-80.0,-80.0
/Users/yunhwang/Desktop/Stethoscope_Project/Audio shared/ML test sound list/RAW sound_ML test sound list/KP012_WWS_1.wav,KP012_WWS_1_seg2,KP012_WWS_1.wav,1,-31.18698021528363,-20.763234685742297,-20.82617819901938,-24.940642137533384,-30.00701571127039,-33.83728774716208,-35.57251487122852,-38.175357157257444,-40.29073175454532,-41.85988417571143,-42.80846427842393,-43.52542408627888,-44.61353395194082,-45.95747018463657,-47.043350926876876,-47.980165886607,-49.7228454509776,-51.62890856920008,-53.18752159260863,-54.65202702718705,-55.730752623148454,-57.05198810660842,-58.041381995357256,-58.44944369271474,-58.85721124894516,-58.97314742901412,-59.45134489844894,-59.747629595925375,-59.17006938338166,-58.730725437466305,-59.5663830361071,-60.82426570888746,-60.563690396158954,-60.73756622931549,-67.09245551800105,-79.05094167843676,-79.82406320001472,-79.84092147523053,-79.8592296323885,-79.87890014620255,-79.89806246458603,-79.9178940709273,-79.93706689140019,-79.94798312397283,-79.9573737287519,-79.95855540203058,-79.95971133736174,-79.96084197331673,-79.96195452041135,-79.96304330787113,-79.96408949926983,-79.96512048217076,-79.96610882071747,-79.96705615294194,-79.96796845647604,-79.96882871520872,-79.96963741469769,-79.97038903471676,-79.97107485507938,-79.97168457445675,-79.97221707089288,-79.97265014974316,-79.97298314795215,-79.9731917961364
/Users/yunhwang/Desktop/Stethoscope_Project/Audio shared/ML test sound list/RAW sound_ML test sound list/KP012_WWS_1.wav,KP012_WWS_1_seg3,KP012_WWS_1.wav,2,-26.904517268879523,-16.162273585191947,-15.921076087707018,-20.590906931703252,-25.837588996866128,-29.93806167616692,-32.58888030066257,-35.19984008457621,-37.81417575688218,-38.846497246955565,-39.49569375019224,-40.786986116508444,-41.766264375030154,-42.965726141980845,-43.78656409674983,-44.41343927542642,-46.32821411952058,-48.105923922032076,-49.23758827242125,-50.554443467828094,-51.6255379861579,-52.585799864295794,-53.60338486208739,-53.97669464294768,-54.31043364928286,-54.72431143398108,-55.40665351476927,-55.60071024622734,-55.06962723703433,-54.518493104004335,-55.580275149406816,-56.71410646772063,-56.89775446520169,-57.20213135280939,-62.95752237541021,-77.40565172712559,-79.76389730974893,-79.79006154303578,-79.81524121808947,-79.84054128259135,-79.86576050165988,-79.8910662280066,-79.91635363837145,-79.93682104403841,-79.94955771765828,-79.9565284387915,-79.95903031081211,-79.96140906931609,-79.96368059232678,-79.96584555994065,-79.9678914605641,-79.96984984425023,-79.97169611462675,-79.97343526134775,-79.97507498917305,-79.97659962083901,-79.97801075217514,-79.97930310030691,-79.98046763756695,-79.98149316917228,-79.98237662029898,-79.98309284457282,-79.98363679588762,-79.98397788828954
/Users/yunhwang/Desktop/Stethoscope_Project/Audio shared/ML test sound list/RAW sound_ML test sound list/WEBSS-002 TP 4_seg-1.wav,WEBSS-002 TP 4_seg-1_seg1,WEBSS-002 TP 4_seg-1.wav,0,-26.23348739673699,-15.598074809288425,-15.658646427321102,-19.36714967700872,-21.96846580901599,-24.182090928708348,-27.508984139326113,-29.33348050356563,-31.769293995850912,-36.00068371850878,-39.39089726644511,-42.05816168929776,-44.34401508745121,-46.65436465722674,-47.86249182294462,-48.165134732819716,-49.32778718770228,-50.18803900549274,-50.110715828861075,-50.70857261379795,-51.006869793939266,-51.24275636783503,-50.9133487818577,-49.42693651127683,-48.47688555615081,-48.27230104715051,-48.41022473707727,-49.10482141938759,-50.14986740513062,-52.222616341852714,-54.56634448428903,-56.741979038487166,-58.55601908558129,-60.339446310817664,-64.53578322511905,-79.32271739373182,-79.76018847749889,-79.77904610552903,-79.79838230900475,-79.81851196141771,-79.83904626821608,-79.85998269722312,-79.88116610659078,-79.90257443593384,-79.92423514337223,-79.94617370526134,-79.96843004193246,-79.98356662818671,-79.99569058653876,-79.99730178094848,-79.9983160528778,-79.99931803011918,-80.0,-80.0,-80.0,-80.0,-80.0,-80.0,-80.0,-80.0,-80.0,-80.0,-80.0,-80.0
/Users/yunhwang/Desktop/Stethoscope_Project/Audio shared/ML test sound list/RAW sound_ML test sound list/WEBSS-002 TP 4_seg-1.wav,WEBSS-002 TP 4_seg-1_seg2,WEBSS-002 TP 4_seg-1.wav,1,-27.253357547010065,-15.82974745134579,-15.416642322127105,-19.606876389436522,-22.234885449579952,-24.428577300060837,-27.42610049470966,-30.614832966135683,-32.3150039969791,-35.10484158012694,-38.57368753766437,-41.71188646961028,-44.31614526198904,-45.83904309330951,-47.365148340351354,-48.958206537635405,-49.33452477018697,-49.92330426990904,-50.09257567147206,-50.60609981028994,-50.1536495618441,-50.017568512785786,-50.45083068757488,-49.74552445195384,-48.345340396460315,-47.70863982285094,-47.29460182341834,-47.20137960041448,-48.570051368795305,-50.994445613568864,-53.59011634817797,-55.995680262423676,-58.0384930300303,-59.410941354318766,-63.414178044385864,-79.16382242893759,-79.75460340389775,-79.7706929084744,-79.78858803124483,-79.80802617411638,-79.82828251092073,-79.84924921203682,-79.87066993503555,-79.89005008879411,-79.90228784456022,-79.91131614796363,-79.91358576005804,-79.9158114245309,-79.91800627608163,-79.92015802068364,-79.92222819378856,-79.92427100463861,-79.92623111253867,-79.92811140622362,-79.9299235469157,-79.93163326261485,-79.9332413240914,-79.93473653807173,-79.93610134200686,-79.9373150399212,-79.93837532596905,-79.93923777626324,-79.93990106171321,-79.94031667797171
/Users/yunhwang/Desktop/Stethoscope_Project/Audio shared/ML test sound list/RAW sound_ML test sound list/WEBSS-002 TP 4_seg-1.wav,WEBSS-002 TP 4_seg-1_seg3,WEBSS-002 TP 4_seg-1.wav,2,-22.21708327451976,-11.997808051755117,-12.702069674866287,-16.374582955339825,-18.831664048178247,-21.120754119829122,-23.894826991589763,-27.30344214157217,-29.440921724389188,-31.73165730059143,-34.71564006134611,-37.457687645426425,-40.38644311749983,-41.73715342663488,-42.59756259673152,-43.583623744017956,-44.81299648026644,-45.282972451907156,-45.265608271047896,-46.124467280409256,-46.595321149914575,-46.39674846108128,-45.40217468432905,-43.65735595711145,-42.916276685345686,-42.22310642069825,-42.25636893164813,-42.64162786715645,-44.05975457529898,-46.18960368786264,-48.644148774668366,-51.026960719178675,-52.65962970280167,-54.0457728247518,-58.32145760848965,-75.45592411375229,-79.55331917581844,-79.57524647149488,-79.59709331759274,-79.61952095197091,-79.64216167717385,-79.66509450431289,-79.68816973635245,-79.71137945618719,-79.7347671791873,-79.75836270790889,-79.78220356338163,-79.80638624028356,-79.83103536182588,-79.85226531463837,-79.86650463924205,-79.87267171487039,-79.8750964707758,-79.8773890800607,-79.87956628694174,-79.88159816087982,-79.88348921356153,-79.88523116395302,-79.88680876086282,-79.88820304937728,-79.88941272986321,-79.8903937123286,-79.89114415944785,-79.8916140012502
/Users/yunhwang/Desktop/Stethoscope_Project/Audio shared/ML test sound list/RAW sound_ML test sound list/WEBSS-006 TP3_seg-1.wav,WEBSS-006 TP3_seg-1_seg1,WEBSS-006 TP3_seg-1.wav,0,-37.85806258510259,-27.18566990528413,-25.52803031177614,-28.849663520744677,-32.57798047105537,-35.36730046451546,-37.993679575968834,-40.71467020469654,-42.70372760240582,-44.072914849235694,-44.97810817867645,-46.09720349699209,-47.13872352073132,-47.67499709806721,-49.196969213315434,-50.59332189932531,-53.06007069260972,-55.42793228182408,-56.80138148266999,-58.15365468672484,-59.53129639940128,-60.741258839147115,-61.75539589477545,-62.783995274777986,-63.85968847684427,-64.87402643727806,-65.83009883586261,-66.4921387566043,-67.58863147319882,-68.90862608439821,-69.85514540455806,-70.87533531432317,-71.22941178557707,-71.73967003589136,-75.3204081682275,-79.88795936656518,-79.90924707732565,-79.92823874591376,-79.94753130382692,-79.95822653948863,-79.96878800181291,-79.97003783870178,-79.97127176906528,-79.972488096492,-79.97369194457286,-79.97487977560819,-79.97604278755989,-79.97718094302067,-79.97830112380767,-79.9793974222921,-79.9804508698425,-79.9814887550299,-79.98248357436124,-79.98343693455183,-79.98435478994588,-79.9852201150313,-79.98603339210246,-79.98678910002808,-79.9874785175175,-79.98809134140286,-79.988626441699,-79.98906160936752,-79.98939615639561,-79.98960577358667
/Users/yunhwang/Desktop/Stethoscope_Project/Audio shared/ML test sound list/RAW sound_ML test sound list/WEBSS-006 TP3_seg-1.wav,WEBSS-006 TP3_seg-1_seg2,WEBSS-006 TP3_seg-1.wav,1,-34.10239425842935,-23.226307078979946,-21.30292127457476,-23.680966295929274,-27.00171007447752,-30.100516344422413,-33.20912301981488,-35.770848783121345,-37.192629921588924,-38.496089783382814,-39.660871926240546,-40.89817972636974,-42.19115295946134,-43.00372264975273,-44.21219348715106,-46.254712035387456,-48.73509359201692,-51.48279558619224,-53.59031092732786,-55.29775030178038,-56.619650881055655,-57.975461321028526,-59.07598974677767,-60.2344826450831,-61.316710965203974,-62.223240680433236,-63.003277443682045,-63.45781249547964,-64.73078902707135,-65.82399923354383,-66.39788920155515,-68.0659828030556,-68.6704482289666,-68.79784166969601,-72.39843234051048,-79.8316117205092,-79.84553566765318,-79.85945247173443,-79.87497102340329,-79.89191557821873,-79.90973208579477,-79.92824400555938,-79.9472363551213,-79.96663500450994,-79.9836821894368,-79.99376349321977,-80.0,-80.0,-80.0,-80.0,-80.0,-80.0,-80.0,-80.0,-80.0,-80.0,-80.0,-80.0,-80.0,-80.0,-80.0,-80.0,-80.0,-80.0
/Users/yunhwang/Desktop/Stethoscope_Project/Audio shared/ML test sound list/RAW sound_ML test sound list/WEBSS-006 TP3_seg-1.wav,WEBSS-006 TP3_seg-1_seg3,WEBSS-006 TP3_seg-1.wav,2,-36.22944887927568,-25.49076057082716,-23.610518445979363,-26.731408428552445,-30.378855980896915,-33.64622418810098,-37.08017193197074,-39.845054309469795,-41.51189422281,-42.7744034520708,-43.9048181559066,-45.004648714516186,-46.376019600097415,-47.558468616059734,-48.6878249865497,-50.43867961589397,-52.77089110166766,-55.19611353105165,-57.43442764613133,-58.69657027827064,-59.94974954927569,-61.20046480193548,-62.207316731726685,-63.03441187578348,-63.58076786862086,-64.64483313770721,-65.10413015816495,-65.70957705236574,-66.74271621213671,-67.55559519545652,-69.22431303872575,-70.50307173107157,-71.16477821793228,-71.37638306428514,-74.91002063116655,-79.83676731835638,-79.90222855956905,-79.92705969505286,-79.93081219074408,-79.93127636105307,-79.92704784711339,-79.92441381470321,-79.92291561643418,-79.92221886710725,-79.92210911325,-79.92242625134304,-79.92304522617343,-79.92388898631084,-79.92491619096766,-79.92607420685614,-79.92729270059573,-79.92860212594518,-79.92992881920263,-79.93126033994298,-79.93259676680366,-79.93389444102147,-79.93514644054703,-79.93633562055327,-79.9374397434022,-79.93843454114324,-79.93931534150558,-79.94003640648693,-79.9405962984906,-79.94094783507427
/Users/yunhwang/Desktop/Stethoscope_Project/Audio shared/ML test sound list/RAW sound_ML test sound list/KP005_WWS.wav,KP005_WWS_seg1,KP005_WWS.wav,0,-24.555736288474712,-12.486455018961154,-10.084487881977706,-11.303510134814838,-13.179378183267051,-16.47903669748225,-19.068476101343293,-20.92060671822548,-23.716201335335434,-24.405876366057118,-24.052673828594294,-25.523875859995567,-26.475883159647847,-27.455369108268783,-28.527063025349886,-30.001496356967795,-32.02792378222478,-34.3604834002538,-36.09284500204372,-37.43823938897535,-38.24309500797514,-39.28425608282982,-39.96372516378421,-40.27066574383572,-40.605379417712314,-40.72577981174418,-40.75982871569537,-40.832788584624225,-40.38640489156548,-39.9312667550984,-40.88300654202522,-41.46542813129945,-41.655984936011315,-42.04875116724798,-46.28296771520511,-64.11111546295915,-79.72169310528948,-79.74200903761944,-79.76256385070695,-79.78389707072358,-79.80559286922318,-79.82770014847378,-79.85004891886726,-79.87184693469365,-79.88443150125178,-79.89486087698721,-79.89715244508707,-79.89939472201549,-79.9016023160479,-79.90376394424125,-79.90584189177414,-79.90789088165359,-79.9098559230977,-79.91174019528762,-79.91355556045553,-79.91526790195506,-79.91687810691678,-79.91837507054525,-79.91974129714208,-79.92095614185028,-79.92201733535725,-79.92288047997486,-79.92354426153922,-79.9239601805692
/Users/yunhwang/Desktop/Stethoscope_Project/Audio shared/ML test sound list/RAW sound_ML test sound list/KP005_WWS.wav,KP005_WWS_seg2,KP005_WWS.wav,1,-25.40547154376602,-13.64722702141425,-11.095960479098068,-12.40866109005178,-14.340640975947673,-17.804584773860444,-20.418895025665993,-22.76178024172258,-24.84029937729789,-25.439341893651175,-25.798256663432962,-26.820931572284895,-28.22441687410868,-29.030583560286548,-29.97574755966896,-31.29241236504087,-33.370482233395954,-35.57835599219808,-37.207494824569864,-37.83375779666713,-38.8896394901527,-39.84257032759049,-40.66315671778522,-41.19023896592458,-41.21401294961426,-41.453728374317684,-41.49031309775843,-41.249872628155046,-40.354870257136106,-39.60987759459598,-40.85672546328453,-41.646150490601315,-41.89097819824442,-42.45331020869516,-46.468041020616916,-64.06474903610216,-79.66263990470244,-79.68052949505403,-79.69871528390927,-79.71719662840982,-79.73644769455142,-79.75635553148048,-79.77669920843023,-79.7974108426689,-79.81848666030565,-79.83992946028577,-79.86176204413975,-79.88406235169045,-79.90693392089506,-79.93045504932697,-79.95141000929904,-79.96456270439047,-79.96935753969392,-79.97033547408932,-79.97127499482993,-79.97215936724848,-79.97298932146897,-79.97375952875753,-79.97446142045234,-79.9750848089115,-79.9756286337364,-79.97607071389865,-79.9764103385331,-79.97662311229693
/Users/yunhwang/Desktop/Stethoscope_Project/Audio shared/ML test sound list/RAW sound_ML test sound list/KP005_WWS.wav,KP005_WWS_seg3,KP005_WWS.wav,2,-25.391360260463657,-13.304625174123055,-11.141935537853534,-12.92388249664544,-14.396494174177521,-17.322740240651033,-19.777748026933775,-22.09661466182864,-24.647510164660613,-25.273602701511432,-24.767255830484686,-25.650033213582667,-26.72962342365628,-27.67964596316659,-28.339523506200308,-29.793828217356644,-32.736644852133985,-34.70545994325135,-36.64853901633119,-37.63077079450433,-39.03275670663904,-40.30653058851299,-40.973977571670254,-41.513697802949274,-41.77294306616257,-41.78418643359197,-41.89132669711128,-41.43964487958377,-40.9239240401744,-40.604090655848665,-41.508623614221,-42.323622751554666,-42.95247816299526,-43.19817233178321,-47.40880997368583,-65.28559648242761,-79.88879658559148,-79.89726064746301,-79.91028717392149,-79.92608068989058,-79.94343029846861,-79.96191938797644,-79.97342216329456,-79.98359792907381,-79.98588050511394,-79.98663051929809,-79.9874318509152,-79.98826771706958,-79.98913294900386,-79.9900127037773,-79.99088094885272,-79.99175969575347,-79.99261735810845,-79.99345212829058,-79.99426737951856,-79.99504399209489,-79.99578073625597,-79.99647076359673,-79.99710430969601,-79.99767027310752,-79.99816698952299,-79.99857194672082,-79.99888441552433,-79.99908035549115
/Users/yunhwang/Desktop/Stethoscope_Project/Audio shared/ML test sound list/RAW sound_ML test sound list/KP004_WWS.wav,KP004_WWS_seg1,KP004_WWS.wav,0,-29.503706340236278,-18.43589564088525,-18.03457586246205,-22.628881804285406,-25.480668114856993,-27.053594972912475,-29.794695855532133,-32.3452739043337,-34.134782323190876,-35.307061931798835,-36.13413479323838,-37.70986043121014,-38.35599071968074,-38.717934362444005,-38.338288662656005,-39.278656256641746,-40.271589996875825,-41.46809472164548,-42.599084898155716,-43.6637420204033,-44.53852321585358,-45.76828537338995,-46.828748414474575,-47.40655377145993,-47.46480344945863,-48.04272353609608,-48.38937380229983,-48.730959812014476,-48.732842527587636,-48.69304427183148,-48.80198797268675,-50.20231538583751,-51.23496975593298,-52.40500476175813,-56.88570416344498,-75.2291854230786,-79.818766321037,-79.83898288104936,-79.85908490306657,-79.87971629077629,-79.9006119601924,-79.92182562819211,-79.9432310569161,-79.96198560899941,-79.97350595183161,-79.9806762214732,-79.98186557298355,-79.98302332944745,-79.98415812047661,-79.98526532258285,-79.98632689466507,-79.98737081119489,-79.9883700708599,-79.98932667193162,-79.99024685956483,-79.99111383119575,-79.99192824105354,-79.99268470120847,-79.99337459375693,-79.99398769593354,-79.99452294074409,-79.99495816828423,-79.99529272866629,-79.99550234115074
/Users/yunhwang/Desktop/Stethoscope_Project/Audio shared/ML test sound list/RAW sound_ML test sound list/KP004_WWS.wav,KP004_WWS_seg2,KP004_WWS.wav,1,-29.74440135277136,-19.320296560721456,-18.740330032384012,-22.752138470383528,-24.996454233780945,-26.93062257932426,-29.37124144203542,-31.759671416410175,-33.61747965393514,-35.295062038762225,-36.57161550133945,-37.17590301796142,-38.10699146189464,-38.55927597134624,-38.56479480894553,-39.38256109696658,-40.15049577307127,-41.64089139171396,-42.67014293887643,-43.740178429508425,-44.64387348570609,-45.745112116748466,-47.02849900356901,-47.96678095001473,-48.00464134740448,-48.593448914282725,-49.040031784575504,-49.26528716079231,-49.34015682371579,-49.2495575457393,-49.31123696429796,-50.52879173397272,-51.066234080024536,-52.73938530506838,-57.42296972039159,-75.76004212817647,-79.79621206470202,-79.81264309308473,-79.83060967290642,-79.84895614331974,-79.8680040731887,-79.88773573257502,-79.90792514196684,-79.92850078623323,-79.94418574987883,-79.95540691795792,-79.9602167883594,-79.96130796476078,-79.96238588488748,-79.96344422315902,-79.96446356330088,-79.96547086123749,-79.9664382963179,-79.96736717549419,-79.96826321869067,-79.96910919129799,-79.96990539093365,-79.9706461513689,-79.97132263534824,-79.97192445293285,-79.97245042769386,-79.97287834199592,-79.9732075481054,-79.97341383955546
/Users/yunhwang/Desktop/Stethoscope_Project/Audio shared/ML test sound list/RAW sound_ML test sound list/KP004_WWS.wav,KP004_WWS_seg3,KP004_WWS.wav,2,-27.534238126684663,-16.860876059835654,-16.50681194754525,-20.50618674678378,-22.674435439250384,-24.819921377982446,-27.28262314425819,-30.31988426339993,-31.98012189467561,-32.984036889058416,-34.10528216502463,-35.33453215810885,-36.226495701200484,-36.27407431214623,-36.345425514879786,-37.30509931351091,-38.36411066035172,-39.49884746590634,-40.87233234265367,-41.84043100584472,-42.50211480721552,-43.76044233497512,-45.15328353083751,-45.612704198471846,-46.22792034760358,-46.47924576103551,-46.80057516648501,-46.98420940853503,-46.99435735085054,-47.125662460753986,-47.23800459151438,-48.328844476116814,-49.51842770607888,-50.76471985511909,-54.96965836785873,-73.56324647099513,-79.75936610095383,-79.78404066082595,-79.80774352296731,-79.83162530636065,-79.85548514582041,-79.87948073159544,-79.90211789550246,-79.92383952806074,-79.94191839866498,-79.95405622377523,-79.9610903607843,-79.96292643437427,-79.96467364764304,-79.96633378492739,-79.96789493035783,-79.96938982790562,-79.97079538538907,-79.9721175114386,-79.9733653919007,-79.97452480321013,-79.97559869672368,-79.97658342970156,-79.97747174688351,-79.9782543977409,-79.97893071561117,-79.97947840406805,-79.97989596499556,-79.98015734496282
/Users/yunhwang/Desktop/Stethoscope_Project/Audio shared/ML test sound list/RAW sound_ML test sound list/WEBSS-006 TP8_seg-1.wav,WEBSS-006 TP8_seg-1_seg1,WEBSS-006 TP8_seg-1.wav,0,-33.69317396623661,-20.863747745568432,-19.3770547450232,-23.830039868962633,-27.525759768592415,-30.064337667069108,-33.15123921309263,-35.4015741939236,-36.88940491299861,-37.96102704530182,-39.449583388221136,-41.15965531909745,-42.34136125762896,-43.35921987599613,-44.520710779678474,-45.84606850840171,-47.407904265880035,-48.74519896074604,-50.18515398226279,-53.118096598517724,-54.838210117379546,-56.07772781878475,-57.15311234979583,-58.673366972421455,-59.84551702745775,-60.80809171247977,-61.948600631525345,-62.92531383311286,-63.70400262504988,-64.96768597951815,-66.18310343885736,-67.51260441229041,-68.78990159698044,-70.18693934549985,-74.17387900718855,-79.53535661488702,-79.95122034367743,-79.9643897628998,-79.97399064534615,-79.98211473608076,-79.98338477822799,-79.98464798606038,-79.98588840663375,-79.98710675883241,-79.98830976373287,-79.98949482021793,-79.9906538628962,-79.99178735033675,-79.99290247402453,-79.99399357669272,-79.99504182432935,-79.99607465728086,-79.99706464085907,-79.9980134327133,-79.99892702578713,-79.99978842079632,-80.0,-80.0,-80.0,-80.0,-80.0,-80.0,-80.0,-80.0
/Users/yunhwang/Desktop/Stethoscope_Project/Audio shared/ML test sound list/RAW sound_ML test sound list/WEBSS-006 TP8_seg-1.wav,WEBSS-006 TP8_seg-1_seg2,WEBSS-006 TP8_seg-1.wav,1,-34.619124142894464,-23.254414229201462,-21.587856750881677,-25.88588392810439,-30.12985198835333,-32.5521794550385,-35.295757455632824,-37.428095672089036,-38.850725601224596,-39.833213729826944,-41.40268003079101,-43.00198129114586,-44.06293586316966,-45.17388156061848,-46.21378919922665,-48.06130740209835,-49.89175599165435,-51.13632401906404,-52.5963747799936,-54.983820637982774,-56.81070937017753,-57.94798318890243,-59.22336307872961,-60.063961400860535,-61.22806316438996,-62.10941794696964,-63.10974415220351,-64.15766081455071,-65.01869322101065,-66.2413861585032,-67.48174342469444,-68.71400695994981,-69.76057781059068,-70.53831439795708,-74.83325334206232,-79.85156511840226,-79.86523596512215,-79.88083125506898,-79.89799130679134,-79.91653456643996,-79.93586013957224,-79.95584461272873,-79.96971067350378,-79.98076282463764,-79.98484191294096,-79.9861387504339,-79.98739884097284,-79.9886236683406,-79.98982134165911,-79.99098697961992,-79.9921025232997,-79.99319598604164,-79.99424048313553,-79.99523820576587,-79.99619556094252,-79.99709591205924,-79.99794008824009,-79.99872283611872,-79.99943564782355,-80.0,-80.0,-80.0,-80.0,-80.0
/Users/yunhwang/Desktop/Stethoscope_Project/Audio shared/ML test sound list/RAW sound_ML test sound list/WEBSS-006 TP8_seg-1.wav,WEBSS-006 TP8_seg-1_seg3,WEBSS-006 TP8_seg-1.wav,2,-35.68006970075991,-23.82418004826004,-22.688682318215257,-27.00038745546939,-30.19336037310402,-32.662983389249796,-35.563559786384126,-37.37680505207588,-38.38256643672088,-39.506960026866565,-40.63371816360041,-41.7597460100778,-43.217821905512224,-44.256648826964934,-45.63275986343023,-47.24563411696619,-48.517569254650766,-49.57347288636465,-50.676370764642265,-53.746564626451715,-55.673086513303446,-56.55896373273188,-57.92181080778147,-58.961483715664414,-60.344417919767984,-61.37009588882858,-62.35636528616563,-62.96875618217486,-63.83080134658232,-65.2821066509572,-66.41699897424357,-67.65792789641345,-68.60519796174397,-69.79596792526479,-73.86822904053594,-79.69870440558992,-79.72704119500057,-79.75054526115878,-79.772993774445,-79.79316602473689,-79.81382579127495,-79.83493861778439,-79.85632962030064,-79.87796266579106,-79.89985568637967,-79.92202713220061,-79.94451218923008,-79.96050065439589,-79.97303411276827,-79.97600824316426,-79.97751598790373,-79.97896243072877,-79.98032408868607,-79.98160649952072,-79.9828185785418,-79.98394586931433,-79.98499111712617,-79.9859505311549,-79.98681674511278,-79.98758043654615,-79.98824092636823,-79.98877596165215,-79.98918416345724,-79.98943969710226
