{
  "kmeans_k3": {
    "representation": "logmel_mean",
    "algorithm": "kmeans",
    "params": {
      "n_clusters": 3
    },
    "Silhouette": 0.43234130417615535,
    "Calinski-Harabasz": 329.044536692225,
    "Davies-Bouldin": 0.6941692830875658,
    "n_clusters": 3,
    "n_noise": 0,
    "labels": [
      0,
      0,
      1,
      1,
      0,
      0,
      0,
      0,
      0,
      0,
      1,
      0,
      1,
      0,
      0,
      0,
      0,
      1,
      1,
      0,
      1,
      0,
      1,
      0,
      0,
      0,
      0,
      0,
      1,
      1,
      0,
      1,
      0,
      1,
      1,
      0,
      0,
      1,
      0,
      1,
      0,
      0,
      1,
      0,
      0,
      0,
      0,
      0,
      0,
      0,
      1,
      1,
      0,
      1,
      0,
      1,
      0,
      0,
      0,
      0,
      1,
      1,
      0,
      0,
      1,
      0,
      0,
      1,
      0,
      0,
      1,
      1,
      0,
      0,
      0,
      1,
      0,
      1,
      1,
      0,
      1,
      0,
      0,
      1,
      1,
      1,
      0,
      0,
      0,
      0,
      0,
      0,
      0,
      1,
      0,
      0,
      1,
      2,
      0,
      1,
      0,
      0,
      0,
      0,
      0,
      0,
      0,
      0,
      0,
      0,
      0,
      0,
      1,
      0,
      0,
      0,
      0,
      0,
      1,
      0,
      0,
      0,
      0,
      0,
      1,
      1,
      1,
      0,
      0,
      0,
      0,
      0,
      0,
      0,
      0,
      0,
      1,
      1,
      0,
      0,
      0,
      1,
      0,
      0,
      0,
      0,
      0,
      0,
      0,
      0,
      0,
      1,
      1,
      1,
      1,
      1,
      1,
      0,
      1,
      1,
      1,
      1,
      1,
      1,
      1,
      1,
      1,
      1,
      0,
      1,
      1,
      0,
      1,
      1,
      1,
      1,
      1,
      1,
      0,
      1,
      1,
      1,
      1,
      1,
      1,
      1,
      1,
      1,
      0,
      0,
      1,
      0,
      1,
      1,
      0,
      1,
      1,
      1,
      1,
      1,
      0,
      0,
      0,
      1,
      1,
      1,
      1,
      1,
      0,
      1,
      1,
      1,
      1,
      1,
      1,
      1,
      1,
      1,
      1,
      0,
      1,
      1,
      0,
      1,
      1,
      1,
      1,
      1,
      1,
      1,
      1,
      1,
      1,
      0,
      0,
      2,
      1,
      0,
      1,
      1,
      0,
      0,
      1,
      1,
      0,
      1,
      0,
      0,
      0,
      1,
      0,
      0,
      1,
      0,
      1,
      0,
      0,
      0,
      1,
      0,
      1,
      1,
      0,
      0,
      0,
      0,
      1,
      0,
      1,
      1,
      0,
      1,
      1,
      1,
      1,
      1,
      1,
      1,
      1,
      1,
      1,
      0,
      0,
      1,
      0,
      1,
      0,
      1,
      1,
      0,
      1,
      1,
      1,
      1,
      1,
      1,
      1,
      1,
      1,
      1,
      1,
      1,
      1,
      1,
      1,
      1,
      1,
      1,
      0,
      1,
      1,
      1,
      1,
      1,
      1,
      1,
      1,
      1,
      1,
      0,
      1,
      1,
      1,
      0,
      1,
      1,
      1,
      1,
      1,
      1
    ]
  },
  "kmeans_k4": {
    "representation": "logmel_mean",
    "algorithm": "kmeans",
    "params": {
      "n_clusters": 4
    },
    "Silhouette": 0.36402059793731983,
    "Calinski-Harabasz": 333.790420922216,
    "Davies-Bouldin": 0.7680411785532348,
    "n_clusters": 4,
    "n_noise": 0,
    "labels": [
      3,
      0,
      3,
      1,
      0,
      3,
      0,
      3,
      0,
      3,
      3,
      0,
      3,
      0,
      0,
      0,
      0,
      3,
      3,
      0,
      3,
      0,
      3,
      3,
      0,
      0,
      3,
      0,
      3,
      3,
      0,
      3,
      0,
      1,
      3,
      0,
      0,
      1,
      0,
      3,
      0,
      0,
      1,
      0,
      0,
      0,
      0,
      0,
      0,
      0,
      1,
      1,
      0,
      1,
      0,
      3,
      0,
      0,
      3,
      0,
      3,
      3,
      3,
      0,
      3,
      0,
      0,
      3,
      0,
      3,
      3,
      1,
      0,
      0,
      0,
      3,
      0,
      3,
      3,
      0,
      3,
      0,
      0,
      3,
      1,
      1,
      0,
      0,
      0,
      0,
      3,
      3,
      3,
      1,
      0,
      0,
      3,
      2,
      0,
      1,
      0,
      0,
      3,
      0,
      0,
      0,
      0,
      0,
      3,
      0,
      0,
      0,
      1,
      0,
      0,
      0,
      0,
      0,
      3,
      0,
      0,
      0,
      0,
      0,
      1,
      1,
      3,
      0,
      0,
      3,
      0,
      0,
      0,
      0,
      0,
      3,
      1,
      1,
      0,
      0,
      0,
      3,
      0,
      0,
      0,
      3,
      0,
      0,
      0,
      0,
      0,
      1,
      3,
      1,
      1,
      1,
      3,
      0,
      1,
      1,
      3,
      1,
      1,
      1,
      1,
      3,
      1,
      3,
      0,
      1,
      3,
      0,
      3,
      3,
      1,
      1,
      1,
      3,
      3,
      3,
      3,
      3,
      1,
      3,
      1,
      1,
      3,
      3,
      3,
      0,
      1,
      0,
      3,
      1,
      0,
      3,
      1,
      3,
      1,
      3,
      0,
      0,
      0,
      3,
      3,
      1,
      1,
      1,
      0,
      1,
      3,
      1,
      1,
      3,
      3,
      3,
      1,
      1,
      1,
      0,
      1,
      1,
      3,
      3,
      3,
      3,
      3,
      1,
      1,
      3,
      1,
      3,
      1,
      0,
      0,
      2,
      1,
      0,
      1,
      3,
      0,
      3,
      3,
      3,
      0,
      3,
      0,
      0,
      3,
      3,
      3,
      3,
      1,
      3,
      3,
      0,
      0,
      0,
      3,
      3,
      3,
      3,
      3,
      3,
      0,
      0,
      3,
      0,
      3,
      3,
      0,
      3,
      3,
      3,
      3,
      3,
      3,
      1,
      3,
      3,
      3,
      3,
      3,
      3,
      3,
      1,
      0,
      3,
      1,
      3,
      3,
      3,
      3,
      3,
      3,
      3,
      3,
      3,
      3,
      1,
      3,
      3,
      3,
      1,
      1,
      1,
      3,
      1,
      3,
      3,
      3,
      3,
      1,
      3,
      3,
      3,
      1,
      1,
      3,
      3,
      3,
      3,
      3,
      3,
      3,
      3,
      3,
      3,
      3,
      3
    ]
  },
  "kmeans_k5": {
    "representation": "logmel_mean",
    "algorithm": "kmeans",
    "params": {
      "n_clusters": 5
    },
    "Silhouette": 0.3859572976838524,
    "Calinski-Harabasz": 334.08018961840156,
    "Davies-Bouldin": 0.7495390728236214,
    "n_clusters": 5,
    "n_noise": 0,