{
  "kmeans_k3": {
    "representation": "mfcc_mean",
    "algorithm": "kmeans",
    "params": {
      "n_clusters": 3
    },
    "Silhouette": 0.32877809434899113,
    "Calinski-Harabasz": 171.0502500972345,
    "Davies-Bouldin": 1.053685140131275,
    "n_clusters": 3,
    "n_noise": 0,
    "labels": [
      0,
      0,
      1,
      1,
      0,
      0,
      0,
      0,
      0,
      0,
      0,
      0,
      2,
      0,
      0,
      0,
      0,
      1,
      0,
      0,
      2,
      0,
      1,
      0,
      0,
      0,
      0,
      0,
      1,
      1,
      0,
      0,
      0,
      1,
      1,
      0,
      0,
      2,
      0,
      1,
      0,
      0,
      2,
      0,
      0,
      0,
      0,
      0,
      0,
      0,
      1,
      1,
      0,
      0,
      0,
      1,
      0,
      0,
      0,
      0,
      0,
      1,
      0,
      0,
      0,
      0,
      0,
      2,
      0,
      0,
      0,
      1,
      0,
      0,
      0,
      1,
      0,
      2,
      1,
      0,
      0,
      0,
      0,
      0,
      1,
      1,
      0,
      0,
      0,
      0,
      0,
      0,
      0,
      1,
      0,
      0,
      1,
      0,
      0,
      1,
      0,
      0,
      0,
      0,
      0,
      0,
      0,
      0,
      0,
      0,
      0,
      0,
      2,
      0,
      0,
      0,
      0,
      0,
      0,
      0,
      0,
      0,
      0,
      0,
      1,
      1,
      1,
      0,
      0,
      0,
      0,
      0,
      0,
      0,
      0,
      0,
      1,
      1,
      0,
      0,
      0,
      0,
      0,
      0,
      0,
      0,
      0,
      0,
      0,
      0,
      0,
      1,
      1,
      1,
      1,
      1,
      1,
      1,
      1,
      1,
      1,
      1,
      1,
      1,
      1,
      1,
      1,
      1,
      1,
      1,
      1,
      0,
      1,
      1,
      1,
      1,
      1,
      1,
      2,
      1,
      2,
      1,
      1,
      1,
      1,
      2,
      1,
      1,
      1,
      0,
      1,
      0,
      1,
      1,
      1,
      1,
      1,
      1,
      1,
      1,
      0,
      0,
      0,
      1,
      1,
      1,
      1,
      1,
      0,
      1,
      1,
      1,
      1,
      1,
      1,
      1,
      1,
      1,
      1,
      0,
      1,
      1,
      1,
      1,
      1,
      1,
      1,
      1,
      1,
      1,
      1,
      1,
      1,
      0,
      0,
      0,
      1,
      0,
      1,
      2,
      2,
      2,
      2,
      2,
      2,
      2,
      0,
      2,
      2,
      2,
      2,
      2,
      2,
      2,
      2,
      2,
      2,
      2,
      2,
      2,
      2,
      2,
      2,
      2,
      0,
      2,
      2,
      2,
      2,
      2,
      0,
      2,
      2,
      2,
      1,
      2,
      2,
      2,
      2,
      2,
      2,
      2,
      2,
      1,
      1,
      1,
      1,
      1,
      1,
      1,
      1,
      1,
      1,
      1,
      1,
      1,
      1,
      1,
      1,
      1,
      1,
      1,
      1,
      1,
      1,
      1,
      1,
      1,
      1,
      1,
      1,
      1,
      1,
      1,
      1,
      1,
      1,
      1,
      1,
      1,
      1,
      1,
      1,
      1,
      1,
      1,
      1,
      1,
      1,
      1
    ]
  },
  "kmeans_k4": {
    "representation": "mfcc_mean",
    "algorithm": "kmeans",
    "params": {
      "n_clusters": 4
    },
    "Silhouette": 0.29978130120438434,
    "Calinski-Harabasz": 153.32022091020988,
    "Davies-Bouldin": 1.2138811883187313,
    "n_clusters": 4,
    "n_noise": 0,
    "labels": [
      1,
      1,
      2,
      2,
      0,
      1,
      1,
      1,
      1,
      1,
      1,
      1,
      3,
      1,
      1,
      1,
      1,
      1,
      1,
      1,
      3,
      1,
      1,
      1,
      0,
      1,
      1,
      1,
      1,
      1,
      1,
      1,
      1,
      2,
      1,
      0,
      0,
      3,
      1,
      1,
      0,
      1,
      3,
      1,
      1,
      1,
      1,
      0,
      0,
      1,
      2,
      1,
      1,
      1,
      1,
      1,
      0,
      1,
      1,
      0,
      1,
      1,
      1,
      0,
      1,
      1,
      1,
      3,
      1,
      1,
      1,
      2,
      1,
      0,
      1,
      1,
      1,
      1,
      1,
      1,
      1,
      0,
      1,
      1,
      2,
      2,
      1,
      0,
      0,
      0,
      1,
      1,
      1,
      2,
      0,
      1,
      2,
      0,
      0,
      1,
      0,
      0,
      1,
      0,
      1,
      0,
      0,
      0,
      1,
      0,
      1,
      0,
      3,
      1,
      0,
      0,
      1,
      0,
      1,
      0,
      0,
      0,
      0,
      1,
      2,
      2,
      2,
      0,
      1,
      1,
      1,
      0,
      1,
      0,
      1,
      1,
      1,
      1,
      1,
      0,
      1,
      1,
      1,
      0,
      0,
      1,
      0,
      0,
      0,
      1,
      1,
      2,
      2,
      2,
      2,
      2,
      2,
      2,
      2,
      2,
      2,
      2,
      2,
      2,
      2,
      2,
      2,
      2,
      2,
      2,
      2,
      1,
      2,
      2,
      2,
      2,
      2,
      2,
      3,
      2,
      3,
      2,
      2,
      2,
      2,
      3,
      2,
      2,
      2,
      1,
      2,
      1,
      2,
      2,
      1,
      2,
      2,
      2,
      2,
      2,
      1,
      1,
      1,
      2,
      2,
      2,
      2,
      2,
      1,
      2,
      2,
      2,
      2,
      2,
      2,
      2,
      2,
      2,
      2,
      1,
      2,
      2,
      1,
      2,
      2,
      2,
      2,
      2,
      2,
      2,
      2,
      2,
      2,
      1,
      1,
      0,
      2,
      1,
      2,
      3,
      3,
      3,
      3,
      3,
      3,
      3,
      0,
      1,
      3,
      3,
      3,
      3,
      3,
      3,
      3,
      3,
      1,
      3,
      3,
      3,
      3,
      3,
      3,
      3,
      1,
      3,
      3,
      3,
      3,
      3,
      1,
      3,
      3,
      3,
      2,
      3,
      3,
      3,
      3,
      3,
      3,
      3,
      3,
      2,
      2,
      2,
      1,
      2,
      2,
      2,
      2,
      2,
      2,
      2,
      2,
      2,
      2,
      2,
      2,
      2,
      2,
      2,
      2,
      2,
      2,
      2,
      2,
      2,
      2,
      2,
      2,
      2,
      2,
      2,
      2,
      2,
      2,
      2,
      2,
      2,
      2,
      2,
      2,
      2,
      2,
      2,
      2,
      2,
      2,
      2
    ]
  },
  "kmeans_k5": {
    "representation": "mfcc_mean",
    "algorithm": "kmeans",
    "params": {
      "n_clusters": 5
    },
    "Silhouette": 0.2641721702601962,
    "Calinski-Harabasz": 143.25708453834935,
    "Davies-Bouldin": 1.2707600141965862,
    "n_clusters": 5,
    "n_noise": 0,