{
  "kmeans_k3": {
    "representation": "raw_waveform_stats",
    "algorithm": "kmeans",
    "params": {
      "n_clusters": 3
    },
    "Silhouette": 0.3824116295221221,
    "Calinski-Harabasz": 80.8756896914296,
    "Davies-Bouldin": 0.9749881018261316,
    "n_clusters": 3,
    "n_noise": 0,
    "labels": [
      0,
      0,
      0,
      0,
      0,
      0,
      0,
      0,
      0,
      0,
      0,
      0,
      0,
      0,
      0,
      0,
      0,
      0,
      0,
      0,
      2,
      0,
      0,
      0,
      2,
      0,
      0,
      0,
      0,
      0,
      0,
      0,
      0,
      0,
      0,
      0,
      0,
      0,
      0,
      0,
      2,
      2,
      2,
      0,
      0,
      0,
      0,
      0,
      0,
      0,
      0,
      2,
      0,
      0,
      0,
      2,
      0,
      0,
      2,
      0,
      2,
      0,
      2,
      2,
      0,
      0,
      0,
      0,
      0,
      0,
      0,
      0,
      0,
      0,
      0,
      0,
      0,
      2,
      0,
      0,
      0,
      0,
      0,
      0,
      0,
      0,
      0,
      0,
      0,
      0,
      0,
      0,
      0,
      0,
      2,
      0,
      0,
      2,
      0,
      0,
      0,
      0,
      0,
      0,
      0,
      0,
      0,
      0,
      0,
      0,
      1,
      0,
      2,
      0,
      0,
      0,
      0,
      0,
      0,
      0,
      0,
      0,
      0,
      0,
      0,
      0,
      0,
      2,
      0,
      0,
      0,
      0,
      0,
      0,
      0,
      0,
      0,
      0,
      0,
      0,
      0,
      0,
      0,
      0,
      0,
      0,
      0,
      0,
      0,
      0,
      0,
      0,
      0,
      0,
      0,
      0,
      0,
      2,
      0,
      0,
      0,
      0,
      0,
      0,
      0,
      0,
      0,
      0,
      0,
      0,
      0,
      0,
      0,
      0,
      0,
      0,
      0,
      0,
      2,
      0,
      0,
      0,
      0,
      0,
      0,
      0,
      0,
      0,
      0,
      0,
      0,
      0,
      0,
      0,
      0,
      0,
      0,
      0,
      0,
      0,
      0,
      0,
      0,
      0,
      0,
      0,
      0,
      0,
      0,
      0,
      0,
      0,
      0,
      0,
      0,
      0,
      0,
      0,
      0,
      0,
      2,
      0,
      0,
      0,
      0,
      0,
      0,
      0,
      0,
      0,
      0,
      0,
      0,
      0,
      0,
      2,
      0,
      0,
      0,
      2,
      2,
      2,
      0,
      0,
      2,
      2,
      2,
      0,
      0,
      0,
      0,
      0,
      2,
      2,
      0,
      2,
      0,
      2,
      0,
      0,
      2,
      2,
      0,
      2,
      0,
      2,
      2,
      2,
      2,
      2,
      0,
      2,
      0,
      2,
      0,
      0,
      2,
      0,
      2,
      0,
      2,
      2,
      2,
      0,
      0,
      0,
      2,
      0,
      2,
      0,
      0,
      0,
      0,
      0,
      0,
      0,
      0,
      0,
      0,
      0,
      0,
      0,
      0,
      2,
      0,
      2,
      0,
      0,
      0,
      0,
      0,
      0,
      2,
      0,
      0,
      0,
      0,
      0,
      0,
      0,
      0,
      0,
      0,
      0,
      2,
      0,
      0,
      0,
      0,
      0
    ]
  },
  "kmeans_k4": {
    "representation": "raw_waveform_stats",
    "algorithm": "kmeans",
    "params": {
      "n_clusters": 4
    },
    "Silhouette": 0.25521772794526265,
    "Calinski-Harabasz": 94.41001005684039,
    "Davies-Bouldin": 1.0823657136443856,
    "n_clusters": 4,
    "n_noise": 0,
    "labels": [
      0,
      0,
      0,
      3,
      0,
      0,
      3,
      3,
      0,
      3,
      0,
      0,
      3,
      3,
      0,
      0,
      3,
      3,
      3,
      0,
      1,
      0,
      1,
      0,
      1,
      0,
      3,
      0,
      0,
      0,
      3,
      3,
      0,
      0,
      3,
      3,
      3,
      1,
      3,
      3,
      1,
      1,
      1,
      0,
      0,
      0,
      0,
      3,
      3,
      0,
      0,
      1,
      3,
      3,
      0,
      1,
      3,
      0,
      1,
      3,
      1,
      0,
      1,
      1,
      3,
      0,
      0,
      3,
      0,
      3,
      1,
      0,
      3,
      3,
      3,
      0,
      3,
      1,
      0,
      3,
      0,
      3,
      0,
      3,
      3,
      3,
      3,
      3,
      3,
      3,
      0,
      3,
      3,
      3,
      1,
      3,
      0,
      1,
      3,
      3,
      0,
      1,
      3,
      0,
      3,
      3,
      3,
      3,
      0,
      3,
      2,
      3,
      1,
      3,
      3,
      3,
      3,
      3,
      3,
      3,
      3,
      3,
      3,
      0,
      3,
      0,
      0,
      1,
      3,
      0,
      0,
      3,
      0,
      3,
      0,
      0,
      3,
      3,
      0,
      2,
      3,
      0,
      3,
      3,
      1,
      0,
      3,
      3,
      3,
      0,
      3,
      0,
      0,
      0,
      0,
      3,
      0,
      1,
      0,
      0,
      0,
      0,
      0,
      0,
      0,
      0,
      0,
      3,
      0,
      0,
      0,
      0,
      3,
      0,
      0,
      0,
      0,
      0,
      1,
      3,
      1,
      3,
      0,
      0,
      0,
      1,
      0,
      0,
      0,
      0,
      0,
      0,
      0,
      0,
      0,
      0,
      0,
      0,
      0,
      0,
      0,
      0,
      3,
      0,
      0,
      0,
      0,
      0,
      3,
      0,
      3,
      1,
      3,
      0,
      0,
      0,
      0,
      3,
      0,
      0,
      1,
      3,
      0,
      3,
      0,
      0,
      0,
      0,
      0,
      3,
      0,
      0,
      3,
      0,
      3,
      1,
      0,
      3,
      0,
      1,
      1,
      1,
      1,
      0,
      1,
      1,
      1,
      3,
      1,
      0,
      3,
      3,
      1,
      1,
      0,
      1,
      3,
      1,
      1,
      3,
      1,
      1,
      1,
      1,
      3,
      1,
      1,
      1,
      1,
      1,
      3,
      1,
      0,
      1,
      3,
      1,
      1,
      0,
      1,
      0,
      1,
      1,
      1,
      0,
      0,
      0,
      1,
      0,
      1,
      0,
      0,
      0,
      0,
      0,
      0,
      0,
      0,
      0,
      0,
      0,
      0,
      0,
      0,
      1,
      0,
      1,
      0,
      0,
      3,
      0,
      0,
      0,
      1,
      0,
      0,
      0,
      0,
      0,
      0,
      3,
      0,
      0,
      0,
      3,
      1,
      0,
      0,
      0,
      0,
      0
    ]
  },
  "kmeans_k5": {
    "representation": "raw_waveform_stats",
    "algorithm": "kmeans",
    "params": {
      "n_clusters": 5
    },
    "Silhouette": 0.2868818384980788,
    "Calinski-Harabasz": 112.55803426951094,
    "Davies-Bouldin": 0.9567255137471926,
    "n_clusters": 5,
    "n_noise": 0,