{
  "kmeans_k3": {
    "representation": "logmel_mean",
    "algorithm": "kmeans",
    "params": {
      "n_clusters": 3
    },
    "Silhouette": 0.42298404276530077,
    "Calinski-Harabasz": 261.1378231452207,
    "Davies-Bouldin": 0.7273964780709704,
    "n_clusters": 3,
    "n_noise": 0,
    "labels": [
      1,
      1,
      0,
      0,
      1,
      1,
      1,
      1,
      1,
      1,
      0,
      1,
      0,
      1,
      1,
      1,
      1,
      0,
      0,
      1,
      0,
      1,
      0,
      1,
      1,
      1,
      1,
      1,
      0,
      0,
      1,
      1,
      1,
      0,
      0,
      1,
      1,
      0,
      1,
      0,
      1,
      1,
      0,
      1,
      1,
      1,
      1,
      1,
      1,
      1,
      0,
      0,
      1,
      0,
      1,
      0,
      1,
      1,
      0,
      1,
      0,
      0,
      1,
      1,
      0,
      1,
      1,
      0,
      1,
      1,
      0,
      0,
      1,
      1,
      1,
      0,
      1,
      0,
      0,
      1,
      0,
      1,
      1,
      0,
      0,
      0,
      1,
      1,
      1,
      1,
      0,
      1,
      1,
      0,
      1,
      1,
      0,
      2,
      1,
      0,
      1,
      1,
      1,
      1,
      1,
      1,
      1,
      1,
      1,
      1,
      1,
      1,
      0,
      1,
      1,
      1,
      1,
      1,
      0,
      1,
      1,
      1,
      1,
      1,
      0,
      0,
      0,
      1,
      1,
      1,
      1,
      1,
      1,
      1,
      1,
      1,
      0,
      0,
      1,
      1,
      1,
      0,
      1,
      1,
      1,
      1,
      1,
      1,
      1,
      1,
      1,
      0,
      0,
      0,
      0,
      0,
      1,
      1,
      0,
      0,
      0,
      0,
      0,
      0,
      0,
      0,
      0,
      0,
      1,
      0,
      0,
      1,
      0,
      0,
      0,
      0,
      0,
      1,
      1,
      0,
      0,
      0,
      0,
      0,
      0,
      0,
      0,
      0,
      1,
      1,
      0,
      1,
      0,
      0,
      1,
      0,
      0,
      0,
      0,
      0,
      1,
      1,
      1,
      0,
      0,
      0,
      0,
      0,
      1,
      0,
      0,
      0,
      0,
      0,
      0,
      0,
      0,
      0,
      0,
      1,
      0,
      0,
      1,
      0,
      0,
      0,
      0,
      0,
      0,
      0,
      0,
      1,
      0,
      1,
      1,
      2,
      0,
      1,
      0,
      0,
      1,
      1,
      0,
      0,
      1,
      0,
      1,
      1,
      1,
      0,
      0,
      1,
      0,
      1,
      0,
      1,
      1,
      1,
      0,
      1,
      0,
      0,
      1,
      0,
      1,
      1,
      0,
      1,
      0,
      0,
      1,
      0,
      0,
      0,
      0,
      0,
      0,
      0,
      0,
      0,
      0,
      0,
      1,
      0,
      1,
      0,
      1,
      0,
      0,
      1,
      0,
      0,
      0,
      0,
      0,
      0,
      0,
      0,
      0,
      0,
      0,
      0,
      0,
      0,
      0,
      0,
      0,
      0,
      1,
      0,
      0,
      0,
      0,
      0,
      0,
      0,
      0,
      0,
      0,
      1,
      0,
      0,
      0,
      1,
      0,
      0,
      0,
      0,
      0,
      0
    ]
  },
  "kmeans_k4": {
    "representation": "logmel_mean",
    "algorithm": "kmeans",
    "params": {
      "n_clusters": 4
    },
    "Silhouette": 0.3528040099543842,
    "Calinski-Harabasz": 260.51059556011785,
    "Davies-Bouldin": 0.8237174152267913,
    "n_clusters": 4,
    "n_noise": 0,
    "labels": [
      0,
      2,
      3,
      3,
      2,
      0,
      0,
      0,
      2,
      0,
      0,
      2,
      0,
      2,
      2,
      2,
      2,
      3,
      0,
      2,
      3,
      0,
      3,
      0,
      2,
      2,
      0,
      2,
      0,
      3,
      2,
      0,
      2,
      3,
      0,
      2,
      2,
      3,
      0,
      0,
      2,
      2,
      3,
      2,
      2,
      2,
      2,
      2,
      2,
      2,
      3,
      3,
      2,
      3,
      2,
      0,
      2,
      2,
      0,
      2,
      0,
      0,
      0,
      2,
      3,
      2,
      2,
      3,
      2,
      0,
      0,
      3,
      2,
      2,
      2,
      0,
      0,
      0,
      0,
      2,
      0,
      2,
      2,
      0,
      3,
      3,
      0,
      2,
      2,
      2,
      0,
      0,
      0,
      3,
      2,
      2,
      0,
      1,
      2,
      3,
      2,
      2,
      0,
      2,
      2,
      2,
      2,
      2,
      0,
      2,
      2,
      2,
      3,
      2,
      2,
      2,
      2,
      2,
      0,
      2,
      2,
      2,
      2,
      2,
      3,
      0,
      3,
      2,
      0,
      0,
      2,
      2,
      2,
      2,
      2,
      0,
      3,
      3,
      2,
      2,
      2,
      0,
      2,
      2,
      2,
      0,
      2,
      2,
      2,
      2,
      2,
      3,
      0,
      3,
      3,
      3,
      0,
      2,
      3,
      3,
      0,
      3,
      3,
      3,
      3,
      3,
      3,
      0,
      2,
      3,
      0,
      2,
      0,
      0,
      3,
      3,
      3,
      0,
      2,
      0,
      0,
      0,
      3,
      3,
      3,
      3,
      0,
      3,
      0,
      2,
      3,
      2,
      0,
      3,
      2,
      0,
      3,
      0,
      3,
      0,
      2,
      2,
      2,
      0,
      0,
      3,
      3,
      3,
      2,
      3,
      0,
      3,
      3,
      0,
      3,
      0,
      3,
      3,
      3,
      2,
      3,
      3,
      0,
      0,
      0,
      0,
      0,
      3,
      3,
      3,
      3,
      0,
      3,
      2,
      2,
      1,
      3,
      2,
      3,
      0,
      0,
      0,
      0,
      0,
      2,
      0,
      2,
      2,
      0,
      3,
      0,
      0,
      3,
      0,
      0,
      0,
      2,
      2,
      0,
      0,
      3,
      0,
      0,
      0,
      2,
      0,
      0,
      2,
      0,
      0,
      2,
      0,
      0,
      0,
      0,
      0,
      0,
      3,
      0,
      0,
      0,
      0,
      0,
      0,
      0,
      3,
      2,
      0,
      3,
      0,
      0,
      0,
      0,
      0,
      0,
      0,
      0,
      0,
      0,
      3,
      0,
      0,
      0,
      3,
      3,
      3,
      0,
      3,
      0,
      0,
      0,
      0,
      3,
      0,
      0,
      0,
      3,
      3,
      0,
      0,
      0,
      0,
      0,
      0,
      0,
      0,
      0,
      0,
      0,
      0
    ]
  },
  "kmeans_k5": {
    "representation": "logmel_mean",
    "algorithm": "kmeans",
    "params": {
      "n_clusters": 5
    },
    "Silhouette": 0.37441981966603477,
    "Calinski-Harabasz": 293.70533247353103,
    "Davies-Bouldin": 0.6904007228121255,
    "n_clusters": 5,
    "n_noise": 0,