{
  "kmeans_k3": {
    "representation": "mfcc_mean",
    "algorithm": "kmeans",
    "params": {
      "n_clusters": 3
    },
    "Silhouette": 0.32938310232475765,
    "Calinski-Harabasz": 178.80720623381325,
    "Davies-Bouldin": 1.0803564003295583,
    "n_clusters": 3,
    "n_noise": 0,
    "labels": [
      1,
      1,
      2,
      2,
      1,
      1,
      1,
      1,
      1,
      1,
      1,
      1,
      2,
      1,
      1,
      1,
      1,
      2,
      1,
      1,
      2,
      1,
      2,
      1,
      1,
      1,
      1,
      1,
      0,
      2,
      1,
      1,
      1,
      0,
      1,
      1,
      1,
      2,
      1,
      0,
      1,
      1,
      2,
      1,
      1,
      1,
      1,
      1,
      1,
      1,
      0,
      2,
      1,
      2,
      1,
      0,
      1,
      1,
      1,
      1,
      1,
      2,
      1,
      1,
      1,
      1,
      1,
      2,
      1,
      1,
      1,
      0,
      1,
      1,
      1,
      0,
      1,
      2,
      0,
      1,
      1,
      1,
      1,
      1,
      0,
      0,
      1,
      1,
      1,
      1,
      1,
      1,
      1,
      0,
      1,
      1,
      0,
      1,
      1,
      0,
      1,
      1,
      1,
      1,
      1,
      1,
      1,
      1,
      1,
      1,
      1,
      1,
      2,
      1,
      1,
      1,
      1,
      1,
      1,
      1,
      1,
      1,
      1,
      1,
      0,
      0,
      0,
      1,
      1,
      1,
      1,
      1,
      1,
      1,
      1,
      1,
      0,
      0,
      1,
      1,
      1,
      1,
      1,
      1,
      1,
      1,
      1,
      1,
      1,
      1,
      1,
      0,
      0,
      0,
      0,
      0,
      0,
      0,
      0,
      0,
      0,
      0,
      0,
      0,
      0,
      0,
      0,
      0,
      0,
      0,
      0,
      1,
      0,
      0,
      0,
      0,
      0,
      0,
      2,
      0,
      2,
      0,
      0,
      0,
      0,
      2,
      0,
      0,
      0,
      1,
      0,
      1,
      0,
      0,
      1,
      0,
      0,
      0,
      0,
      0,
      1,
      1,
      1,
      0,
      0,
      0,
      0,
      0,
      1,
      0,
      0,
      0,
      2,
      0,
      0,
      0,
      0,
      0,
      0,
      1,
      0,
      0,
      0,
      0,
      0,
      0,
      0,
      0,
      0,
      0,
      0,
      0,
      0,
      1,
      1,
      1,
      0,
      1,
      0,
      2,
      2,
      2,
      2,
      2,
      2,
      2,
      1,
      1,
      2,
      2,
      2,
      2,
      2,
      2,
      2,
      2,
      1,
      2,
      2,
      2,
      2,
      2,
      2,
      2,
      1,
      2,
      2,
      2,
      2,
      2,
      1,
      2,
      2,
      2,
      2,
      2,
      2,
      2,
      2,
      2,
      2,
      2,
      2,
      0,
      0,
      0,
      0,
      0,
      0,
      0,
      0,
      0,
      0,
      0,
      0,
      0,
      0,
      0,
      0,
      0,
      0,
      0,
      0,
      0,
      0,
      0,
      0,
      0,
      0,
      0,
      0,
      0,
      0,
      0,
      0,
      0,
      0,
      0,
      0,
      0,
      0,
      0,
      0,
      0,
      0,
      0,
      0,
      0,
      0,
      0
    ]
  },
  "kmeans_k4": {
    "representation": "mfcc_mean",
    "algorithm": "kmeans",
    "params": {
      "n_clusters": 4
    },
    "Silhouette": 0.3032995731548205,
    "Calinski-Harabasz": 158.53836917169664,
    "Davies-Bouldin": 1.174360437060647,
    "n_clusters": 4,
    "n_noise": 0,
    "labels": [
      0,
      0,
      3,
      3,
      2,
      0,
      0,
      0,
      0,
      0,
      0,
      0,
      3,
      0,
      0,
      0,
      0,
      3,
      0,
      0,
      3,
      0,
      3,
      0,
      2,
      0,
      0,
      0,
      0,
      3,
      0,
      0,
      0,
      1,
      0,
      2,
      2,
      3,
      0,
      0,
      2,
      0,
      3,
      0,
      0,
      0,
      0,
      2,
      2,
      0,
      1,
      3,
      0,
      0,
      0,
      1,
      2,
      0,
      0,
      0,
      0,
      3,
      0,
      0,
      0,
      0,
      0,
      3,
      0,
      0,
      0,
      1,
      0,
      2,
      0,
      0,
      0,
      3,
      0,
      0,
      0,
      2,
      0,
      0,
      1,
      1,
      0,
      2,
      2,
      2,
      0,
      0,
      0,
      1,
      2,
      0,
      1,
      2,
      2,
      1,
      2,
      2,
      0,
      2,
      0,
      2,
      2,
      2,
      0,
      2,
      0,
      2,
      3,
      0,
      2,
      0,
      0,
      2,
      0,
      2,
      2,
      2,
      2,
      0,
      1,
      1,
      1,
      2,
      0,
      0,
      0,
      2,
      0,
      0,
      0,
      0,
      1,
      1,
      0,
      2,
      0,
      0,
      0,
      2,
      2,
      0,
      2,
      0,
      0,
      0,
      0,
      1,
      1,
      1,
      1,
      1,
      1,
      1,
      1,
      1,
      1,
      1,
      1,
      1,
      1,
      1,
      1,
      1,
      0,
      1,
      1,
      0,
      1,
      1,
      1,
      1,
      1,
      1,
      3,
      1,
      3,
      1,
      1,
      1,
      1,
      3,
      1,
      1,
      1,
      0,
      1,
      0,
      1,
      1,
      0,
      1,
      1,
      1,
      1,
      1,
      0,
      0,
      0,
      1,
      1,
      1,
      1,
      1,
      0,
      1,
      1,
      1,
      3,
      1,
      1,
      1,
      1,
      1,
      1,
      0,
      1,
      1,
      0,
      1,
      1,
      1,
      1,
      1,
      1,
      1,
      1,
      1,
      1,
      0,
      0,
      2,
      1,
      0,
      1,
      3,
      3,
      3,
      3,
      3,
      3,
      3,
      0,
      0,
      3,
      3,
      3,
      3,
      3,
      3,
      3,
      3,
      0,
      3,
      3,
      3,
      3,
      3,
      3,
      3,
      0,
      3,
      3,
      3,
      3,
      3,
      0,
      3,
      3,
      3,
      3,
      3,
      3,
      3,
      3,
      3,
      3,
      3,
      3,
      1,
      1,
      1,
      1,
      1,
      1,
      1,
      1,
      1,
      1,
      1,
      1,
      1,
      1,
      1,
      1,
      1,
      1,
      1,
      1,
      1,
      1,
      1,
      1,
      1,
      1,
      1,
      1,
      1,
      1,
      1,
      1,
      1,
      1,
      1,
      1,
      1,
      1,
      1,
      1,
      1,
      1,
      1,
      1,
      1,
      1,
      1
    ]
  },
  "kmeans_k5": {
    "representation": "mfcc_mean",
    "algorithm": "kmeans",
    "params": {
      "n_clusters": 5
    },
    "Silhouette": 0.28913058410610953,
    "Calinski-Harabasz": 154.92631522407768,
    "Davies-Bouldin": 1.1208806005975005,
    "n_clusters": 5,
    "n_noise": 0,