{
  "kmeans_k3": {
    "representation": "mfcc_mean",
    "algorithm": "kmeans",
    "params": {
      "n_clusters": 3
    },
    "Silhouette": 0.3810124576513458,
    "Calinski-Harabasz": 203.7912091722193,
    "Davies-Bouldin": 1.0795982941389342,
    "n_clusters": 3,
    "n_noise": 0,
    "labels": [
      2,
      0,
      2,
      2,
      0,
      2,
      0,
      0,
      0,
      0,
      0,
      2,
      2,
      0,
      0,
      0,
      0,
      2,
      1,
      0,
      2,
      0,
      2,
      0,
      0,
      0,
      0,
      0,
      0,
      0,
      0,
      0,
      0,
      1,
      0,
      0,
      0,
      2,
      0,
      1,
      0,
      2,
      2,
      0,
      0,
      0,
      0,
      0,
      0,
      0,
      1,
      2,
      0,
      0,
      0,
      0,
      0,
      0,
      0,
      0,
      0,
      2,
      0,
      0,
      0,
      0,
      0,
      2,
      0,
      1,
      0,
      1,
      0,
      0,
      0,
      0,
      0,
      2,
      0,
      0,
      0,
      0,
      0,
      0,
      1,
      1,
      0,
      0,
      0,
      0,
      0,
      0,
      0,
      1,
      0,
      1,
      1,
      0,
      0,
      1,
      0,
      0,
      1,
      0,
      0,
      0,
      0,
      0,
      0,
      0,
      0,
      0,
      2,
      0,
      0,
      0,
      0,
      0,
      0,
      0,
      0,
      0,
      0,
      1,
      1,
      1,
      1,
      0,
      0,
      0,
      0,
      0,
      0,
      0,
      0,
      0,
      1,
      1,
      0,
      0,
      0,
      0,
      1,
      0,
      0,
      0,
      0,
      0,
      0,
      0,
      0,
      1,
      1,
      1,
      1,
      1,
      1,
      1,
      1,
      1,
      1,
      1,
      1,
      1,
      1,
      1,
      1,
      1,
      1,
      1,
      1,
      1,
      1,
      1,
      1,
      1,
      1,
      1,
      2,
      1,
      2,
      1,
      1,
      1,
      1,
      2,
      1,
      1,
      1,
      1,
      1,
      1,
      1,
      1,
      1,
      1,
      1,
      1,
      1,
      1,
      1,
      1,
      1,
      1,
      1,
      1,
      1,
      1,
      1,
      1,
      1,
      1,
      1,
      1,
      1,
      1,
      1,
      1,
      1,
      1,
      1,
      1,
      1,
      1,
      1,
      1,
      1,
      1,
      1,
      1,
      1,
      1,
      1,
      1,
      1,
      2,
      1,
      1,
      1,
      2,
      2,
      2,
      2,
      2,
      2,
      2,
      2,
      2,
      2,
      2,
      2,
      2,
      2,
      2,
      2,
      2,
      2,
      2,
      2,
      2,
      2,
      2,
      2,
      2,
      2,
      2,
      2,
      2,
      2,
      2,
      2,
      2,
      2,
      2,
      2,
      2,
      2,
      2,
      2,
      2,
      2,
      2,
      2,
      1,
      1,
      1,
      1,
      1,
      1,
      1,
      1,
      1,
      1,
      1,
      1,
      1,
      1,
      1,
      1,
      1,
      1,
      1,
      1,
      1,
      1,
      1,
      1,
      1,
      1,
      1,
      1,
      1,
      1,
      1,
      1,
      1,
      1,
      1,
      1,
      1,
      1,
      1,
      1,
      1,
      1,
      1,
      1,
      1,
      1,
      1
    ]
  },
  "kmeans_k4": {
    "representation": "mfcc_mean",
    "algorithm": "kmeans",
    "params": {
      "n_clusters": 4
    },
    "Silhouette": 0.3442626740882661,
    "Calinski-Harabasz": 186.21505508714884,
    "Davies-Bouldin": 1.2284672185258696,
    "n_clusters": 4,
    "n_noise": 0,
    "labels": [
      3,
      3,
      3,
      3,
      3,
      3,
      3,
      3,
      3,
      3,
      3,
      3,
      3,
      3,
      3,
      3,
      3,
      3,
      3,
      3,
      3,
      3,
      3,
      3,
      0,
      3,
      0,
      0,
      3,
      3,
      0,
      0,
      3,
      3,
      3,
      0,
      0,
      3,
      0,
      3,
      0,
      3,
      3,
      0,
      0,
      0,
      0,
      0,
      0,
      0,
      3,
      3,
      0,
      3,
      0,
      3,
      0,
      0,
      3,
      0,
      3,
      3,
      0,
      0,
      3,
      0,
      0,
      3,
      0,
      3,
      3,
      3,
      0,
      0,
      0,
      3,
      0,
      3,
      3,
      0,
      3,
      0,
      0,
      0,
      3,
      3,
      0,
      0,
      0,
      0,
      0,
      0,
      0,
      3,
      0,
      3,
      3,
      0,
      0,
      3,
      0,
      0,
      1,
      0,
      0,
      0,
      0,
      0,
      0,
      0,
      0,
      0,
      3,
      0,
      0,
      0,
      0,
      0,
      0,
      0,
      0,
      0,
      0,
      3,
      3,
      1,
      3,
      0,
      0,
      3,
      3,
      0,
      0,
      0,
      3,
      3,
      3,
      3,
      0,
      0,
      3,
      3,
      3,
      0,
      0,
      3,
      0,
      0,
      0,
      0,
      0,
      1,
      1,
      1,
      1,
      1,
      1,
      1,
      1,
      1,
      1,
      1,
      1,
      1,
      1,
      1,
      1,
      1,
      1,
      1,
      1,
      1,
      1,
      1,
      1,
      1,
      1,
      1,
      2,
      1,
      2,
      1,
      1,
      1,
      1,
      2,
      1,
      1,
      1,
      1,
      1,
      1,
      1,
      1,
      1,
      1,
      1,
      1,
      1,
      1,
      1,
      1,
      1,
      1,
      1,
      1,
      1,
      1,
      1,
      1,
      1,
      1,
      1,
      1,
      1,
      1,
      1,
      1,
      1,
      1,
      1,
      1,
      1,
      1,
      1,
      1,
      1,
      1,
      1,
      1,
      1,
      1,
      1,
      1,
      1,
      2,
      1,
      1,
      1,
      2,
      2,
      2,
      2,
      2,
      2,
      2,
      2,
      2,
      2,
      2,
      2,
      3,
      2,
      2,
      2,
      2,
      2,
      2,
      2,
      2,
      2,
      2,
      2,
      2,
      2,
      2,
      2,
      2,
      2,
      2,
      2,
      2,
      2,
      2,
      2,
      2,
      2,
      2,
      2,
      2,
      2,
      2,
      2,
      1,
      1,
      1,
      1,
      1,
      1,
      1,
      1,
      1,
      1,
      1,
      1,
      1,
      1,
      1,
      1,
      1,
      1,
      1,
      1,
      1,
      1,
      1,
      1,
      1,
      1,
      1,
      1,
      1,
      1,
      1,
      1,
      1,
      1,
      1,
      1,
      1,
      1,
      1,
      1,
      1,
      1,
      1,
      1,
      1,
      1,
      1
    ]
  },
  "kmeans_k5": {
    "representation": "mfcc_mean",
    "algorithm": "kmeans",
    "params": {
      "n_clusters": 5
    },
    "Silhouette": 0.324124251025104,
    "Calinski-Harabasz": 164.87433127834515,
    "Davies-Bouldin": 1.3582235481452274,
    "n_clusters": 5,
    "n_noise": 0,