id,source_file,label_id,label_name,split
KP005_WWS_B000_0.95-2.04_0.00-1.00.wav,KP005_WWS_B000_0.95-2.04.wav,0,Crackle,train
KP005_WWS_B001_2.14-3.74_0.00-1.00.wav,KP005_WWS_B001_2.14-3.74.wav,0,Crackle,train
KP005_WWS_B001_2.14-3.74_0.25-1.25.wav,KP005_WWS_B001_2.14-3.74.wav,0,Crackle,train
KP005_WWS_B001_2.14-3.74_0.50-1.50.wav,KP005_WWS_B001_2.14-3.74.wav,0,Crackle,train
KP005_WWS_B002_4.16-5.61_0.00-1.00.wav,KP005_WWS_B002_4.16-5.61.wav,0,Crackle,train
KP005_WWS_B002_4.16-5.61_0.25-1.25.wav,KP005_WWS_B002_4.16-5.61.wav,0,Crackle,train
KP005_WWS_B004_8.25-9.67_0.00-1.00.wav,KP005_WWS_B004_8.25-9.67.wav,0,Crackle,train
KP005_WWS_B004_8.25-9.67_0.25-1.25.wav,KP005_WWS_B004_8.25-9.67.wav,0,Crackle,train
KP005_WWS_B005_9.97-11.16_0.00-1.00.wav,KP005_WWS_B005_9.97-11.16.wav,0,Crackle,train
KP005_WWS_B006_12.04-13.43_0.00-1.00.wav,KP005_WWS_B006_12.04-13.43.wav,0,Crackle,train
KP005_WWS_B006_12.04-13.43_0.25-1.25.wav,KP005_WWS_B006_12.04-13.43.wav,0,Crackle,train
KP005_WWS_B007_13.63-14.97_0.00-1.00.wav,KP005_WWS_B007_13.63-14.97.wav,0,Crackle,train
KP005_WWS_B007_13.63-14.97_0.25-1.25.wav,KP005_WWS_B007_13.63-14.97.wav,0,Crackle,train
KP005_WWS_B008_15.50-17.29_0.00-1.00.wav,KP005_WWS_B008_15.50-17.29.wav,0,Crackle,train
KP005_WWS_B008_15.50-17.29_0.25-1.25.wav,KP005_WWS_B008_15.50-17.29.wav,0,Crackle,train
KP005_WWS_B008_15.50-17.29_0.50-1.50.wav,KP005_WWS_B008_15.50-17.29.wav,0,Crackle,train
KP005_WWS_B008_15.50-17.29_0.75-1.75.wav,KP005_WWS_B008_15.50-17.29.wav,0,Crackle,train
KP005_WWS_B009_17.49-18.59_0.00-1.00.wav,KP005_WWS_B009_17.49-18.59.wav,0,Crackle,train
KP005_WWS_B010_20.51-21.95_0.00-1.00.wav,KP005_WWS_B010_20.51-21.95.wav,0,Crackle,train
KP005_WWS_B010_20.51-21.95_0.25-1.25.wav,KP005_WWS_B010_20.51-21.95.wav,0,Crackle,train
KP005_WWS_B012_23.30-24.67_0.00-1.00.wav,KP005_WWS_B012_23.30-24.67.wav,0,Crackle,train
KP005_WWS_B012_23.30-24.67_0.25-1.25.wav,KP005_WWS_B012_23.30-24.67.wav,0,Crackle,train
KP005_WWS_B013_25.02-26.31_0.00-1.00.wav,KP005_WWS_B013_25.02-26.31.wav,0,Crackle,train
KP005_WWS_B013_25.02-26.31_0.25-1.25.wav,KP005_WWS_B013_25.02-26.31.wav,0,Crackle,train
KP006_WWS_B000_0.75-2.39_0.00-1.00.wav,KP006_WWS_B000_0.75-2.39.wav,0,Crackle,train
KP006_WWS_B000_0.75-2.39_0.25-1.25.wav,KP006_WWS_B000_0.75-2.39.wav,0,Crackle,train
KP006_WWS_B000_0.75-2.39_0.50-1.50.wav,KP006_WWS_B000_0.75-2.39.wav,0,Crackle,train
KP007_WWS_B001_1.35-1.89_0.00-1.00.wav,KP007_WWS_B001_1.35-1.89.wav,0,Crackle,train
KP007_WWS_B003_3.16-3.64_0.00-1.00.wav,KP007_WWS_B003_3.16-3.64.wav,0,Crackle,train
KP007_WWS_B004_3.76-4.38_0.00-1.00.wav,KP007_WWS_B004_3.76-4.38.wav,0,Crackle,train
KP007_WWS_B005_5.11-5.61_0.00-1.00.wav,KP007_WWS_B005_5.11-5.61.wav,0,Crackle,train
KP007_WWS_B006_5.76-6.48_0.00-1.00.wav,KP007_WWS_B006_5.76-6.48.wav,0,Crackle,train
KP007_WWS_B007_6.95-7.40_0.00-1.00.wav,KP007_WWS_B007_6.95-7.40.wav,0,Crackle,train
KP007_WWS_B008_7.55-8.20_0.00-1.00.wav,KP007_WWS_B008_7.55-8.20.wav,0,Crackle,train
KP007_WWS_B010_9.34-9.89_0.00-1.00.wav,KP007_WWS_B010_9.34-9.89.wav,0,Crackle,train
KP007_WWS_B011_10.56-11.19_0.00-1.00.wav,KP007_WWS_B011_10.56-11.19.wav,0,Crackle,train
KP007_WWS_B012_11.31-11.81_0.00-1.00.wav,KP007_WWS_B012_11.31-11.81.wav,0,Crackle,train
KP007_WWS_B013_12.38-12.93_0.00-1.00.wav,KP007_WWS_B013_12.38-12.93.wav,0,Crackle,train
KP007_WWS_B019_18.09-18.74_0.00-1.00.wav,KP007_WWS_B019_18.09-18.74.wav,0,Crackle,train
KP007_WWS_B020_18.86-19.26_0.00-1.00.wav,KP007_WWS_B020_18.86-19.26.wav,0,Crackle,train
KP007_WWS_B022_20.71-21.28_0.00-1.00.wav,KP007_WWS_B022_20.71-21.28.wav,0,Crackle,train
KP007_WWS_B023_21.75-22.35_0.00-1.00.wav,KP007_WWS_B023_21.75-22.35.wav,0,Crackle,train
KP007_WWS_B025_23.55-24.05_0.00-1.00.wav,KP007_WWS_B025_23.55-24.05.wav,0,Crackle,train
KP007_WWS_B027_25.17-25.69_0.00-1.00.wav,KP007_WWS_B027_25.17-25.69.wav,0,Crackle,train
KP007_WWS_B029_26.64-27.01_0.00-1.00.wav,KP007_WWS_B029_26.64-27.01.wav,0,Crackle,train
KP007_WWS_B031_28.31-28.88_0.00-1.00.wav,KP007_WWS_B031_28.31-28.88.wav,0,Crackle,train
KP009_WWS_B000_0.10-1.07_0.00-1.00.wav,KP009_WWS_B000_0.10-1.07.wav,0,Crackle,train
KP011_WWS_B000_1.05-2.19_0.00-1.00.wav,KP011_WWS_B000_1.05-2.19.wav,0,Crackle,train
KP011_WWS_B001_2.52-3.19_0.00-1.00.wav,KP011_WWS_B001_2.52-3.19.wav,0,Crackle,train
KP011_WWS_B002_5.48-6.60_0.00-1.00.wav,KP011_WWS_B002_5.48-6.60.wav,0,Crackle,train
KP011_WWS_B003_6.88-7.58_0.00-1.00.wav,KP011_WWS_B003_6.88-7.58.wav,0,Crackle,train
KP011_WWS_B004_10.07-10.99_0.00-1.00.wav,KP011_WWS_B004_10.07-10.99.wav,0,Crackle,train
KP011_WWS_B005_11.24-11.88_0.00-1.00.wav,KP011_WWS_B005_11.24-11.88.wav,0,Crackle,train
KP011_WWS_B006_13.78-14.78_0.00-1.00.wav,KP011_WWS_B006_13.78-14.78.wav,0,Crackle,train
KP011_WWS_B007_15.05-15.62_0.00-1.00.wav,KP011_WWS_B007_15.05-15.62.wav,0,Crackle,train
KP011_WWS_B008_18.29-19.36_0.00-1.00.wav,KP011_WWS_B008_18.29-19.36.wav,0,Crackle,train
KP011_WWS_B009_19.48-20.73_0.00-1.00.wav,KP011_WWS_B009_19.48-20.73.wav,0,Crackle,train
KP011_WWS_B010_22.30-23.45_0.00-1.00.wav,KP011_WWS_B010_22.30-23.45.wav,0,Crackle,train
KP011_WWS_B011_23.70-24.97_0.00-1.00.wav,KP011_WWS_B011_23.70-24.97.wav,0,Crackle,train
KP011_WWS_B011_23.70-24.97_0.25-1.25.wav,KP011_WWS_B011_23.70-24.97.wav,0,Crackle,train
KP011_WWS_B012_26.46-27.51_0.00-1.00.wav,KP011_WWS_B012_26.46-27.51.wav,0,Crackle,train
KP011_WWS_B013_28.06-28.93_0.00-1.00.wav,KP011_WWS_B013_28.06-28.93.wav,0,Crackle,train
KP014_WWS_B000_1.11-2.42_0.00-1.00.wav,KP014_WWS_B000_1.11-2.42.wav,0,Crackle,train
KP014_WWS_B000_1.11-2.42_0.25-1.25.wav,KP014_WWS_B000_1.11-2.42.wav,0,Crackle,train
KP016_WWS_B000_0.26-2.07_0.00-1.00.wav,KP016_WWS_B000_0.26-2.07.wav,0,Crackle,train
KP016_WWS_B000_0.26-2.07_0.25-1.25.wav,KP016_WWS_B000_0.26-2.07.wav,0,Crackle,train
KP016_WWS_B000_0.26-2.07_0.50-1.50.wav,KP016_WWS_B000_0.26-2.07.wav,0,Crackle,train
KP016_WWS_B000_0.26-2.07_0.75-1.75.wav,KP016_WWS_B000_0.26-2.07.wav,0,Crackle,train
KP016_WWS_B001_2.39-3.48_0.00-1.00.wav,KP016_WWS_B001_2.39-3.48.wav,0,Crackle,train
KP016_WWS_B002_6.46-8.00_0.00-1.00.wav,KP016_WWS_B002_6.46-8.00.wav,0,Crackle,train
KP016_WWS_B002_6.46-8.00_0.25-1.25.wav,KP016_WWS_B002_6.46-8.00.wav,0,Crackle,train
KP016_WWS_B002_6.46-8.00_0.50-1.50.wav,KP016_WWS_B002_6.46-8.00.wav,0,Crackle,train
KP016_WWS_B003_8.26-9.44_0.00-1.00.wav,KP016_WWS_B003_8.26-9.44.wav,0,Crackle,train
KP016_WWS_B005_12.92-14.03_0.00-1.00.wav,KP016_WWS_B005_12.92-14.03.wav,0,Crackle,train
KP016_WWS_B006_15.77-16.85_0.00-1.00.wav,KP016_WWS_B006_15.77-16.85.wav,0,Crackle,train
KP016_WWS_B007_17.64-18.69_0.00-1.00.wav,KP016_WWS_B007_17.64-18.69.wav,0,Crackle,train
KP016_WWS_B008_20.62-22.03_0.00-1.00.wav,KP016_WWS_B008_20.62-22.03.wav,0,Crackle,train
KP016_WWS_B008_20.62-22.03_0.25-1.25.wav,KP016_WWS_B008_20.62-22.03.wav,0,Crackle,train
KP016_WWS_B009_22.39-23.64_0.00-1.00.wav,KP016_WWS_B009_22.39-23.64.wav,0,Crackle,train
KP016_WWS_B010_25.84-27.05_0.00-1.00.wav,KP016_WWS_B010_25.84-27.05.wav,0,Crackle,train
KP018_WWS_B001_2.57-3.72_0.00-1.00.wav,KP018_WWS_B001_2.57-3.72.wav,0,Crackle,train
KP018_WWS_B002_5.78-7.76_0.00-1.00.wav,KP018_WWS_B002_5.78-7.76.wav,0,Crackle,train
KP018_WWS_B002_5.78-7.76_0.25-1.25.wav,KP018_WWS_B002_5.78-7.76.wav,0,Crackle,train
KP018_WWS_B002_5.78-7.76_0.50-1.50.wav,KP018_WWS_B002_5.78-7.76.wav,0,Crackle,train
KP018_WWS_B002_5.78-7.76_0.75-1.75.wav,KP018_WWS_B002_5.78-7.76.wav,0,Crackle,train
KP018_WWS_B003_7.89-9.43_0.00-1.00.wav,KP018_WWS_B003_7.89-9.43.wav,0,Crackle,train
KP018_WWS_B003_7.89-9.43_0.25-1.25.wav,KP018_WWS_B003_7.89-9.43.wav,0,Crackle,train
KP018_WWS_B003_7.89-9.43_0.50-1.50.wav,KP018_WWS_B003_7.89-9.43.wav,0,Crackle,train
KP018_WWS_B004_11.13-12.71_0.00-1.00.wav,KP018_WWS_B004_11.13-12.71.wav,0,Crackle,train
KP018_WWS_B004_11.13-12.71_0.25-1.25.wav,KP018_WWS_B004_11.13-12.71.wav,0,Crackle,train
KP018_WWS_B004_11.13-12.71_0.50-1.50.wav,KP018_WWS_B004_11.13-12.71.wav,0,Crackle,train
KP018_WWS_B005_12.87-14.05_0.00-1.00.wav,KP018_WWS_B005_12.87-14.05.wav,0,Crackle,train
KP018_WWS_B008_20.79-22.75_0.00-1.00.wav,KP018_WWS_B008_20.79-22.75.wav,0,Crackle,train
KP018_WWS_B008_20.79-22.75_0.25-1.25.wav,KP018_WWS_B008_20.79-22.75.wav,0,Crackle,train
KP018_WWS_B008_20.79-22.75_0.50-1.50.wav,KP018_WWS_B008_20.79-22.75.wav,0,Crackle,train
KP018_WWS_B008_20.79-22.75_0.75-1.75.wav,KP018_WWS_B008_20.79-22.75.wav,0,Crackle,train
KP018_WWS_B009_22.94-24.26_0.00-1.00.wav,KP018_WWS_B009_22.94-24.26.wav,0,Crackle,train
KP018_WWS_B009_22.94-24.26_0.25-1.25.wav,KP018_WWS_B009_22.94-24.26.wav,0,Crackle,train
KP019_WWS_1_B000_0.00-1.96_0.00-1.00.wav,KP019_WWS_1_B000_0.00-1.96.wav,0,Crackle,train
KP019_WWS_1_B000_0.00-1.96_0.25-1.25.wav,KP019_WWS_1_B000_0.00-1.96.wav,0,Crackle,train
KP019_WWS_1_B000_0.00-1.96_0.50-1.50.wav,KP019_WWS_1_B000_0.00-1.96.wav,0,Crackle,train
KP019_WWS_1_B000_0.00-1.96_0.75-1.75.wav,KP019_WWS_1_B000_0.00-1.96.wav,0,Crackle,train
KP019_WWS_1_B001_5.39-7.80_0.00-1.00.wav,KP019_WWS_1_B001_5.39-7.80.wav,0,Crackle,train
KP019_WWS_1_B001_5.39-7.80_0.25-1.25.wav,KP019_WWS_1_B001_5.39-7.80.wav,0,Crackle,train
KP019_WWS_1_B001_5.39-7.80_0.50-1.50.wav,KP019_WWS_1_B001_5.39-7.80.wav,0,Crackle,train
KP019_WWS_1_B001_5.39-7.80_0.75-1.75.wav,KP019_WWS_1_B001_5.39-7.80.wav,0,Crackle,train
KP019_WWS_1_B001_5.39-7.80_1.00-2.00.wav,KP019_WWS_1_B001_5.39-7.80.wav,0,Crackle,train
KP019_WWS_1_B001_5.39-7.80_1.25-2.25.wav,KP019_WWS_1_B001_5.39-7.80.wav,0,Crackle,train
KP019_WWS_1_B003_14.37-16.14_0.00-1.00.wav,KP019_WWS_1_B003_14.37-16.14.wav,0,Crackle,train
KP019_WWS_1_B003_14.37-16.14_0.25-1.25.wav,KP019_WWS_1_B003_14.37-16.14.wav,0,Crackle,train
KP019_WWS_1_B003_14.37-16.14_0.50-1.50.wav,KP019_WWS_1_B003_14.37-16.14.wav,0,Crackle,train
KP019_WWS_1_B003_14.37-16.14_0.75-1.75.wav,KP019_WWS_1_B003_14.37-16.14.wav,0,Crackle,train
KP019_WWS_1_B004_18.45-21.14_0.00-1.00.wav,KP019_WWS_1_B004_18.45-21.14.wav,0,Crackle,train
KP019_WWS_1_B004_18.45-21.14_0.25-1.25.wav,KP019_WWS_1_B004_18.45-21.14.wav,0,Crackle,train
KP019_WWS_1_B004_18.45-21.14_0.50-1.50.wav,KP019_WWS_1_B004_18.45-21.14.wav,0,Crackle,train
KP019_WWS_1_B004_18.45-21.14_0.75-1.75.wav,KP019_WWS_1_B004_18.45-21.14.wav,0,Crackle,train
KP019_WWS_1_B004_18.45-21.14_1.00-2.00.wav,KP019_WWS_1_B004_18.45-21.14.wav,0,Crackle,train
KP019_WWS_1_B004_18.45-21.14_1.25-2.25.wav,KP019_WWS_1_B004_18.45-21.14.wav,0,Crackle,train
KP019_WWS_1_B004_18.45-21.14_1.50-2.50.wav,KP019_WWS_1_B004_18.45-21.14.wav,0,Crackle,train
KP019_WWS_1_B005_22.88-24.96_0.00-1.00.wav,KP019_WWS_1_B005_22.88-24.96.wav,0,Crackle,train
KP019_WWS_1_B005_22.88-24.96_0.25-1.25.wav,KP019_WWS_1_B005_22.88-24.96.wav,0,Crackle,train
KP019_WWS_1_B005_22.88-24.96_0.50-1.50.wav,KP019_WWS_1_B005_22.88-24.96.wav,0,Crackle,train
KP019_WWS_1_B005_22.88-24.96_0.75-1.75.wav,KP019_WWS_1_B005_22.88-24.96.wav,0,Crackle,train
KP019_WWS_1_B005_22.88-24.96_1.00-2.00.wav,KP019_WWS_1_B005_22.88-24.96.wav,0,Crackle,train
KP019_WWS_1_B006_27.11-30.00_0.00-1.00.wav,KP019_WWS_1_B006_27.11-30.00.wav,0,Crackle,train
KP019_WWS_1_B006_27.11-30.00_0.25-1.25.wav,KP019_WWS_1_B006_27.11-30.00.wav,0,Crackle,train
KP019_WWS_1_B006_27.11-30.00_0.50-1.50.wav,KP019_WWS_1_B006_27.11-30.00.wav,0,Crackle,train
KP019_WWS_1_B006_27.11-30.00_0.75-1.75.wav,KP019_WWS_1_B006_27.11-30.00.wav,0,Crackle,train
KP019_WWS_1_B006_27.11-30.00_1.00-2.00.wav,KP019_WWS_1_B006_27.11-30.00.wav,0,Crackle,train
KP019_WWS_1_B006_27.11-30.00_1.25-2.25.wav,KP019_WWS_1_B006_27.11-30.00.wav,0,Crackle,train
KP019_WWS_1_B006_27.11-30.00_1.50-2.50.wav,KP019_WWS_1_B006_27.11-30.00.wav,0,Crackle,train
KP019_WWS_1_B006_27.11-30.00_1.75-2.75.wav,KP019_WWS_1_B006_27.11-30.00.wav,0,Crackle,train
KP019_WWS_2_B000_1.76-4.65_0.00-1.00.wav,KP019_WWS_2_B000_1.76-4.65.wav,0,Crackle,train
KP019_WWS_2_B000_1.76-4.65_0.25-1.25.wav,KP019_WWS_2_B000_1.76-4.65.wav,0,Crackle,train
KP019_WWS_2_B000_1.76-4.65_0.50-1.50.wav,KP019_WWS_2_B000_1.76-4.65.wav,0,Crackle,train
KP019_WWS_2_B000_1.76-4.65_0.75-1.75.wav,KP019_WWS_2_B000_1.76-4.65.wav,0,Crackle,train
KP019_WWS_2_B000_1.76-4.65_1.00-2.00.wav,KP019_WWS_2_B000_1.76-4.65.wav,0,Crackle,train
KP019_WWS_2_B000_1.76-4.65_1.25-2.25.wav,KP019_WWS_2_B000_1.76-4.65.wav,0,Crackle,train
KP019_WWS_2_B000_1.76-4.65_1.50-2.50.wav,KP019_WWS_2_B000_1.76-4.65.wav,0,Crackle,train
KP019_WWS_2_B000_1.76-4.65_1.75-2.75.wav,KP019_WWS_2_B000_1.76-4.65.wav,0,Crackle,train
H001_B001_6.23-7.52_0.00-1.00.wav,H001_B001_6.23-7.52.wav,1,Healthy,train
H001_B001_6.23-7.52_0.25-1.25.wav,H001_B001_6.23-7.52.wav,1,Healthy,train
H001_B004_18.62-21.46_0.00-1.00.wav,H001_B004_18.62-21.46.wav,1,Healthy,train
H001_B004_18.62-21.46_0.25-1.25.wav,H001_B004_18.62-21.46.wav,1,Healthy,train
H001_B004_18.62-21.46_0.50-1.50.wav,H001_B004_18.62-21.46.wav,1,Healthy,train
H001_B004_18.62-21.46_0.75-1.75.wav,H001_B004_18.62-21.46.wav,1,Healthy,train
H001_B004_18.62-21.46_1.00-2.00.wav,H001_B004_18.62-21.46.wav,1,Healthy,train
H001_B004_18.62-21.46_1.25-2.25.wav,H001_B004_18.62-21.46.wav,1,Healthy,train
H001_B004_18.62-21.46_1.50-2.50.wav,H001_B004_18.62-21.46.wav,1,Healthy,train
H001_B004_18.62-21.46_1.75-2.75.wav,H001_B004_18.62-21.46.wav,1,Healthy,train
H001_B005_22.85-24.50_0.00-1.00.wav,H001_B005_22.85-24.50.wav,1,Healthy,train
H001_B005_22.85-24.50_0.25-1.25.wav,H001_B005_22.85-24.50.wav,1,Healthy,train
H001_B005_22.85-24.50_0.50-1.50.wav,H001_B005_22.85-24.50.wav,1,Healthy,train
H001_B006_26.85-28.76_0.00-1.00.wav,H001_B006_26.85-28.76.wav,1,Healthy,train
H001_B006_26.85-28.76_0.25-1.25.wav,H001_B006_26.85-28.76.wav,1,Healthy,train
H001_B006_26.85-28.76_0.50-1.50.wav,H001_B006_26.85-28.76.wav,1,Healthy,train
H001_B006_26.85-28.76_0.75-1.75.wav,H001_B006_26.85-28.76.wav,1,Healthy,train
H002_B000_2.36-3.58_0.00-1.00.wav,H002_B000_2.36-3.58.wav,1,Healthy,train
H002_B001_3.82-4.69_0.00-1.00.wav,H002_B001_3.82-4.69.wav,1,Healthy,train
H002_B002_6.23-8.46_0.00-1.00.wav,H002_B002_6.23-8.46.wav,1,Healthy,train
H002_B002_6.23-8.46_0.25-1.25.wav,H002_B002_6.23-8.46.wav,1,Healthy,train
H002_B002_6.23-8.46_0.50-1.50.wav,H002_B002_6.23-8.46.wav,1,Healthy,train
H002_B002_6.23-8.46_0.75-1.75.wav,H002_B002_6.23-8.46.wav,1,Healthy,train
H002_B002_6.23-8.46_1.00-2.00.wav,H002_B002_6.23-8.46.wav,1,Healthy,train
H002_B003_8.86-10.97_0.00-1.00.wav,H002_B003_8.86-10.97.wav,1,Healthy,train
H002_B003_8.86-10.97_0.25-1.25.wav,H002_B003_8.86-10.97.wav,1,Healthy,train
H002_B003_8.86-10.97_0.50-1.50.wav,H002_B003_8.86-10.97.wav,1,Healthy,train
H002_B003_8.86-10.97_0.75-1.75.wav,H002_B003_8.86-10.97.wav,1,Healthy,train
H002_B003_8.86-10.97_1.00-2.00.wav,H002_B003_8.86-10.97.wav,1,Healthy,train
H002_B004_11.30-13.60_0.00-1.00.wav,H002_B004_11.30-13.60.wav,1,Healthy,train
H002_B004_11.30-13.60_0.25-1.25.wav,H002_B004_11.30-13.60.wav,1,Healthy,train
H002_B004_11.30-13.60_0.50-1.50.wav,H002_B004_11.30-13.60.wav,1,Healthy,train
H002_B004_11.30-13.60_0.75-1.75.wav,H002_B004_11.30-13.60.wav,1,Healthy,train
H002_B004_11.30-13.60_1.00-2.00.wav,H002_B004_11.30-13.60.wav,1,Healthy,train
H002_B004_11.30-13.60_1.25-2.25.wav,H002_B004_11.30-13.60.wav,1,Healthy,train
H002_B006_20.92-22.76_0.00-1.00.wav,H002_B006_20.92-22.76.wav,1,Healthy,train
H002_B006_20.92-22.76_0.25-1.25.wav,H002_B006_20.92-22.76.wav,1,Healthy,train
H002_B006_20.92-22.76_0.50-1.50.wav,H002_B006_20.92-22.76.wav,1,Healthy,train
H002_B006_20.92-22.76_0.75-1.75.wav,H002_B006_20.92-22.76.wav,1,Healthy,train
H002_B007_22.98-23.79_0.00-1.00.wav,H002_B007_22.98-23.79.wav,1,Healthy,train
H002_B008_25.31-26.77_0.00-1.00.wav,H002_B008_25.31-26.77.wav,1,Healthy,train
H002_B008_25.31-26.77_0.25-1.25.wav,H002_B008_25.31-26.77.wav,1,Healthy,train
H003_B001_7.48-8.88_0.00-1.00.wav,H003_B001_7.48-8.88.wav,1,Healthy,train
H003_B001_7.48-8.88_0.25-1.25.wav,H003_B001_7.48-8.88.wav,1,Healthy,train
H003_B002_9.83-11.83_0.00-1.00.wav,H003_B002_9.83-11.83.wav,1,Healthy,train
H003_B002_9.83-11.83_0.25-1.25.wav,H003_B002_9.83-11.83.wav,1,Healthy,train
H003_B002_9.83-11.83_0.50-1.50.wav,H003_B002_9.83-11.83.wav,1,Healthy,train
H003_B002_9.83-11.83_0.75-1.75.wav,H003_B002_9.83-11.83.wav,1,Healthy,train
H003_B002_9.83-11.83_1.00-2.00.wav,H003_B002_9.83-11.83.wav,1,Healthy,train
H003_B005_16.88-18.80_0.00-1.00.wav,H003_B005_16.88-18.80.wav,1,Healthy,train
H003_B005_16.88-18.80_0.25-1.25.wav,H003_B005_16.88-18.80.wav,1,Healthy,train
H003_B005_16.88-18.80_0.50-1.50.wav,H003_B005_16.88-18.80.wav,1,Healthy,train
H003_B005_16.88-18.80_0.75-1.75.wav,H003_B005_16.88-18.80.wav,1,Healthy,train
H003_B006_24.05-25.78_0.00-1.00.wav,H003_B006_24.05-25.78.wav,1,Healthy,train
H003_B006_24.05-25.78_0.25-1.25.wav,H003_B006_24.05-25.78.wav,1,Healthy,train
H003_B006_24.05-25.78_0.50-1.50.wav,H003_B006_24.05-25.78.wav,1,Healthy,train
H003_B007_26.93-28.46_0.00-1.00.wav,H003_B007_26.93-28.46.wav,1,Healthy,train
H003_B007_26.93-28.46_0.25-1.25.wav,H003_B007_26.93-28.46.wav,1,Healthy,train
H003_B007_26.93-28.46_0.50-1.50.wav,H003_B007_26.93-28.46.wav,1,Healthy,train
H004_B000_1.71-3.61_0.00-1.00.wav,H004_B000_1.71-3.61.wav,1,Healthy,train
H004_B000_1.71-3.61_0.25-1.25.wav,H004_B000_1.71-3.61.wav,1,Healthy,train
H004_B000_1.71-3.61_0.50-1.50.wav,H004_B000_1.71-3.61.wav,1,Healthy,train
H004_B000_1.71-3.61_0.75-1.75.wav,H004_B000_1.71-3.61.wav,1,Healthy,train
H004_B001_5.24-6.74_0.00-1.00.wav,H004_B001_5.24-6.74.wav,1,Healthy,train
H004_B001_5.24-6.74_0.25-1.25.wav,H004_B001_5.24-6.74.wav,1,Healthy,train
H004_B001_5.24-6.74_0.50-1.50.wav,H004_B001_5.24-6.74.wav,1,Healthy,train
H004_B004_14.29-16.40_0.00-1.00.wav,H004_B004_14.29-16.40.wav,1,Healthy,train
H004_B004_14.29-16.40_0.25-1.25.wav,H004_B004_14.29-16.40.wav,1,Healthy,train
H004_B004_14.29-16.40_0.50-1.50.wav,H004_B004_14.29-16.40.wav,1,Healthy,train
H004_B004_14.29-16.40_0.75-1.75.wav,H004_B004_14.29-16.40.wav,1,Healthy,train
H004_B004_14.29-16.40_1.00-2.00.wav,H004_B004_14.29-16.40.wav,1,Healthy,train
H004_B005_17.94-20.34_0.00-1.00.wav,H004_B005_17.94-20.34.wav,1,Healthy,train
H004_B005_17.94-20.34_0.25-1.25.wav,H004_B005_17.94-20.34.wav,1,Healthy,train
H004_B005_17.94-20.34_0.50-1.50.wav,H004_B005_17.94-20.34.wav,1,Healthy,train
H004_B005_17.94-20.34_0.75-1.75.wav,H004_B005_17.94-20.34.wav,1,Healthy,train
H004_B005_17.94-20.34_1.00-2.00.wav,H004_B005_17.94-20.34.wav,1,Healthy,train
H004_B005_17.94-20.34_1.25-2.25.wav,H004_B005_17.94-20.34.wav,1,Healthy,train
H004_B006_21.39-24.03_0.00-1.00.wav,H004_B006_21.39-24.03.wav,1,Healthy,train
H004_B006_21.39-24.03_0.25-1.25.wav,H004_B006_21.39-24.03.wav,1,Healthy,train
H004_B006_21.39-24.03_0.50-1.50.wav,H004_B006_21.39-24.03.wav,1,Healthy,train
H004_B006_21.39-24.03_0.75-1.75.wav,H004_B006_21.39-24.03.wav,1,Healthy,train
H004_B006_21.39-24.03_1.00-2.00.wav,H004_B006_21.39-24.03.wav,1,Healthy,train
H004_B006_21.39-24.03_1.25-2.25.wav,H004_B006_21.39-24.03.wav,1,Healthy,train
H004_B006_21.39-24.03_1.50-2.50.wav,H004_B006_21.39-24.03.wav,1,Healthy,train
H004_B008_27.76-30.00_0.00-1.00.wav,H004_B008_27.76-30.00.wav,1,Healthy,train
H004_B008_27.76-30.00_0.25-1.25.wav,H004_B008_27.76-30.00.wav,1,Healthy,train
H004_B008_27.76-30.00_0.50-1.50.wav,H004_B008_27.76-30.00.wav,1,Healthy,train
H004_B008_27.76-30.00_0.75-1.75.wav,H004_B008_27.76-30.00.wav,1,Healthy,train
H004_B008_27.76-30.00_1.00-2.00.wav,H004_B008_27.76-30.00.wav,1,Healthy,train
H001_NB000_0.00-1.87_0.00-1.00.wav,H001_NB000_0.00-1.87.wav,2,Non-breathing,train
H001_NB000_0.00-1.87_0.25-1.25.wav,H001_NB000_0.00-1.87.wav,2,Non-breathing,train
H001_NB000_0.00-1.87_0.50-1.50.wav,H001_NB000_0.00-1.87.wav,2,Non-breathing,train
H001_NB000_0.00-1.87_0.75-1.75.wav,H001_NB000_0.00-1.87.wav,2,Non-breathing,train
H001_NB001_4.39-6.23_0.00-1.00.wav,H001_NB001_4.39-6.23.wav,2,Non-breathing,train
H001_NB001_4.39-6.23_0.25-1.25.wav,H001_NB001_4.39-6.23.wav,2,Non-breathing,train
H001_NB001_4.39-6.23_0.50-1.50.wav,H001_NB001_4.39-6.23.wav,2,Non-breathing,train
H001_NB001_4.39-6.23_0.75-1.75.wav,H001_NB001_4.39-6.23.wav,2,Non-breathing,train
H001_NB002_7.52-10.26_0.00-1.00.wav,H001_NB002_7.52-10.26.wav,2,Non-breathing,train
H001_NB002_7.52-10.26_0.25-1.25.wav,H001_NB002_7.52-10.26.wav,2,Non-breathing,train
H001_NB002_7.52-10.26_0.50-1.50.wav,H001_NB002_7.52-10.26.wav,2,Non-breathing,train
H001_NB002_7.52-10.26_0.75-1.75.wav,H001_NB002_7.52-10.26.wav,2,Non-breathing,train
H001_NB002_7.52-10.26_1.00-2.00.wav,H001_NB002_7.52-10.26.wav,2,Non-breathing,train
H001_NB002_7.52-10.26_1.25-2.25.wav,H001_NB002_7.52-10.26.wav,2,Non-breathing,train
H001_NB002_7.52-10.26_1.50-2.50.wav,H001_NB002_7.52-10.26.wav,2,Non-breathing,train
H001_NB005_21.46-22.85_0.00-1.00.wav,H001_NB005_21.46-22.85.wav,2,Non-breathing,train
H001_NB005_21.46-22.85_0.25-1.25.wav,H001_NB005_21.46-22.85.wav,2,Non-breathing,train
H001_NB007_28.76-30.00_0.00-1.00.wav,H001_NB007_28.76-30.00.wav,2,Non-breathing,train
H002_NB000_0.00-2.36_0.00-1.00.wav,H002_NB000_0.00-2.36.wav,2,Non-breathing,train
H002_NB000_0.00-2.36_0.25-1.25.wav,H002_NB000_0.00-2.36.wav,2,Non-breathing,train
H002_NB000_0.00-2.36_0.50-1.50.wav,H002_NB000_0.00-2.36.wav,2,Non-breathing,train
H002_NB000_0.00-2.36_0.75-1.75.wav,H002_NB000_0.00-2.36.wav,2,Non-breathing,train
H002_NB000_0.00-2.36_1.00-2.00.wav,H002_NB000_0.00-2.36.wav,2,Non-breathing,train
H002_NB000_0.00-2.36_1.25-2.25.wav,H002_NB000_0.00-2.36.wav,2,Non-breathing,train
H002_NB001_3.58-3.82_0.00-1.00.wav,H002_NB001_3.58-3.82.wav,2,Non-breathing,train
H002_NB002_4.69-6.23_0.00-1.00.wav,H002_NB002_4.69-6.23.wav,2,Non-breathing,train
H002_NB002_4.69-6.23_0.25-1.25.wav,H002_NB002_4.69-6.23.wav,2,Non-breathing,train
H002_NB002_4.69-6.23_0.50-1.50.wav,H002_NB002_4.69-6.23.wav,2,Non-breathing,train
H002_NB003_8.46-8.86_0.00-1.00.wav,H002_NB003_8.46-8.86.wav,2,Non-breathing,train
H002_NB007_22.76-22.98_0.00-1.00.wav,H002_NB007_22.76-22.98.wav,2,Non-breathing,train
H002_NB008_23.79-25.31_0.00-1.00.wav,H002_NB008_23.79-25.31.wav,2,Non-breathing,train
H002_NB008_23.79-25.31_0.25-1.25.wav,H002_NB008_23.79-25.31.wav,2,Non-breathing,train
H002_NB008_23.79-25.31_0.50-1.50.wav,H002_NB008_23.79-25.31.wav,2,Non-breathing,train
H002_NB009_26.77-27.91_0.00-1.00.wav,H002_NB009_26.77-27.91.wav,2,Non-breathing,train
H002_NB010_29.11-30.00_0.00-1.00.wav,H002_NB010_29.11-30.00.wav,2,Non-breathing,train
H003_NB000_0.00-4.90_0.00-1.00.wav,H003_NB000_0.00-4.90.wav,2,Non-breathing,train
H003_NB000_0.00-4.90_0.25-1.25.wav,H003_NB000_0.00-4.90.wav,2,Non-breathing,train
H003_NB000_0.00-4.90_0.50-1.50.wav,H003_NB000_0.00-4.90.wav,2,Non-breathing,train
H003_NB000_0.00-4.90_0.75-1.75.wav,H003_NB000_0.00-4.90.wav,2,Non-breathing,train
H003_NB000_0.00-4.90_1.00-2.00.wav,H003_NB000_0.00-4.90.wav,2,Non-breathing,train
H003_NB000_0.00-4.90_1.25-2.25.wav,H003_NB000_0.00-4.90.wav,2,Non-breathing,train
H003_NB000_0.00-4.90_1.50-2.50.wav,H003_NB000_0.00-4.90.wav,2,Non-breathing,train
H003_NB000_0.00-4.90_1.75-2.75.wav,H003_NB000_0.00-4.90.wav,2,Non-breathing,train
H003_NB000_0.00-4.90_2.00-3.00.wav,H003_NB000_0.00-4.90.wav,2,Non-breathing,train
H003_NB000_0.00-4.90_2.25-3.25.wav,H003_NB000_0.00-4.90.wav,2,Non-breathing,train
H003_NB000_0.00-4.90_2.50-3.50.wav,H003_NB000_0.00-4.90.wav,2,Non-breathing,train
H003_NB000_0.00-4.90_2.75-3.75.wav,H003_NB000_0.00-4.90.wav,2,Non-breathing,train
H003_NB000_0.00-4.90_3.00-4.00.wav,H003_NB000_0.00-4.90.wav,2,Non-breathing,train
H003_NB000_0.00-4.90_3.25-4.25.wav,H003_NB000_0.00-4.90.wav,2,Non-breathing,train
H003_NB000_0.00-4.90_3.50-4.50.wav,H003_NB000_0.00-4.90.wav,2,Non-breathing,train
H003_NB000_0.00-4.90_3.75-4.75.wav,H003_NB000_0.00-4.90.wav,2,Non-breathing,train
H003_NB001_6.65-7.48_0.00-1.00.wav,H003_NB001_6.65-7.48.wav,2,Non-breathing,train
H003_NB003_11.83-12.05_0.00-1.00.wav,H003_NB003_11.83-12.05.wav,2,Non-breathing,train
H003_NB004_13.95-14.65_0.00-1.00.wav,H003_NB004_13.95-14.65.wav,2,Non-breathing,train
H003_NB006_18.80-24.05_0.00-1.00.wav,H003_NB006_18.80-24.05.wav,2,Non-breathing,train
H003_NB006_18.80-24.05_0.25-1.25.wav,H003_NB006_18.80-24.05.wav,2,Non-breathing,train
H003_NB006_18.80-24.05_0.50-1.50.wav,H003_NB006_18.80-24.05.wav,2,Non-breathing,train
H003_NB006_18.80-24.05_0.75-1.75.wav,H003_NB006_18.80-24.05.wav,2,Non-breathing,train
H003_NB006_18.80-24.05_1.00-2.00.wav,H003_NB006_18.80-24.05.wav,2,Non-breathing,train
H003_NB006_18.80-24.05_1.25-2.25.wav,H003_NB006_18.80-24.05.wav,2,Non-breathing,train
H003_NB006_18.80-24.05_1.50-2.50.wav,H003_NB006_18.80-24.05.wav,2,Non-breathing,train
H003_NB006_18.80-24.05_1.75-2.75.wav,H003_NB006_18.80-24.05.wav,2,Non-breathing,train
H003_NB006_18.80-24.05_2.00-3.00.wav,H003_NB006_18.80-24.05.wav,2,Non-breathing,train
H003_NB006_18.80-24.05_2.25-3.25.wav,H003_NB006_18.80-24.05.wav,2,Non-breathing,train
H003_NB006_18.80-24.05_2.50-3.50.wav,H003_NB006_18.80-24.05.wav,2,Non-breathing,train
H003_NB006_18.80-24.05_2.75-3.75.wav,H003_NB006_18.80-24.05.wav,2,Non-breathing,train
H003_NB006_18.80-24.05_3.00-4.00.wav,H003_NB006_18.80-24.05.wav,2,Non-breathing,train
H003_NB006_18.80-24.05_3.25-4.25.wav,H003_NB006_18.80-24.05.wav,2,Non-breathing,train
H003_NB006_18.80-24.05_3.50-4.50.wav,H003_NB006_18.80-24.05.wav,2,Non-breathing,train
H003_NB006_18.80-24.05_3.75-4.75.wav,H003_NB006_18.80-24.05.wav,2,Non-breathing,train
H003_NB006_18.80-24.05_4.00-5.00.wav,H003_NB006_18.80-24.05.wav,2,Non-breathing,train
H003_NB006_18.80-24.05_4.25-5.25.wav,H003_NB006_18.80-24.05.wav,2,Non-breathing,train
H003_NB007_25.78-26.93_0.00-1.00.wav,H003_NB007_25.78-26.93.wav,2,Non-breathing,train
H003_NB008_28.46-30.00_0.00-1.00.wav,H003_NB008_28.46-30.00.wav,2,Non-breathing,train
H003_NB008_28.46-30.00_0.25-1.25.wav,H003_NB008_28.46-30.00.wav,2,Non-breathing,train
H003_NB008_28.46-30.00_0.50-1.50.wav,H003_NB008_28.46-30.00.wav,2,Non-breathing,train
H004_NB000_0.00-1.71_0.00-1.00.wav,H004_NB000_0.00-1.71.wav,2,Non-breathing,train
H004_NB000_0.00-1.71_0.25-1.25.wav,H004_NB000_0.00-1.71.wav,2,Non-breathing,train
H004_NB000_0.00-1.71_0.50-1.50.wav,H004_NB000_0.00-1.71.wav,2,Non-breathing,train
H004_NB002_6.74-7.96_0.00-1.00.wav,H004_NB002_6.74-7.96.wav,2,Non-breathing,train
H004_NB003_10.71-11.40_0.00-1.00.wav,H004_NB003_10.71-11.40.wav,2,Non-breathing,train
H004_NB004_13.23-14.29_0.00-1.00.wav,H004_NB004_13.23-14.29.wav,2,Non-breathing,train
H004_NB006_20.34-21.39_0.00-1.00.wav,H004_NB006_20.34-21.39.wav,2,Non-breathing,train
H004_NB007_24.03-24.76_0.00-1.00.wav,H004_NB007_24.03-24.76.wav,2,Non-breathing,train
KP001_WWS_NB000_0.00-0.12_0.00-1.00.wav,KP001_WWS_NB000_0.00-0.12.wav,2,Non-breathing,train
KP001_WWS_NB001_0.99-1.17_0.00-1.00.wav,KP001_WWS_NB001_0.99-1.17.wav,2,Non-breathing,train
KP001_WWS_NB004_5.20-6.61_0.00-1.00.wav,KP001_WWS_NB004_5.20-6.61.wav,2,Non-breathing,train
KP001_WWS_NB004_5.20-6.61_0.25-1.25.wav,KP001_WWS_NB004_5.20-6.61.wav,2,Non-breathing,train
KP001_WWS_NB005_7.61-7.68_0.00-1.00.wav,KP001_WWS_NB005_7.61-7.68.wav,2,Non-breathing,train
KP001_WWS_NB008_11.63-12.95_0.00-1.00.wav,KP001_WWS_NB008_11.63-12.95.wav,2,Non-breathing,train
KP001_WWS_NB008_11.63-12.95_0.25-1.25.wav,KP001_WWS_NB008_11.63-12.95.wav,2,Non-breathing,train
KP001_WWS_NB011_16.74-16.83_0.00-1.00.wav,KP001_WWS_NB011_16.74-16.83.wav,2,Non-breathing,train
KP001_WWS_NB012_17.77-18.86_0.00-1.00.wav,KP001_WWS_NB012_17.77-18.86.wav,2,Non-breathing,train
KP001_WWS_NB013_19.71-19.81_0.00-1.00.wav,KP001_WWS_NB013_19.71-19.81.wav,2,Non-breathing,train
KP001_WWS_NB014_20.36-21.65_0.00-1.00.wav,KP001_WWS_NB014_20.36-21.65.wav,2,Non-breathing,train
KP001_WWS_NB014_20.36-21.65_0.25-1.25.wav,KP001_WWS_NB014_20.36-21.65.wav,2,Non-breathing,train
KP001_WWS_NB016_22.94-24.74_0.00-1.00.wav,KP001_WWS_NB016_22.94-24.74.wav,2,Non-breathing,train
KP001_WWS_NB016_22.94-24.74_0.25-1.25.wav,KP001_WWS_NB016_22.94-24.74.wav,2,Non-breathing,train
KP001_WWS_NB016_22.94-24.74_0.50-1.50.wav,KP001_WWS_NB016_22.94-24.74.wav,2,Non-breathing,train
KP001_WWS_NB016_22.94-24.74_0.75-1.75.wav,KP001_WWS_NB016_22.94-24.74.wav,2,Non-breathing,train
KP001_WWS_NB017_25.33-25.40_0.00-1.00.wav,KP001_WWS_NB017_25.33-25.40.wav,2,Non-breathing,train
KP001_WWS_NB020_28.76-30.00_0.00-1.00.wav,KP001_WWS_NB020_28.76-30.00.wav,2,Non-breathing,train
KP003_WWS_1_NB001_2.78-2.96_0.00-1.00.wav,KP003_WWS_1_NB001_2.78-2.96.wav,2,Non-breathing,train
KP003_WWS_1_NB002_3.73-3.78_0.00-1.00.wav,KP003_WWS_1_NB002_3.73-3.78.wav,2,Non-breathing,train
KP003_WWS_1_NB004_5.24-5.29_0.00-1.00.wav,KP003_WWS_1_NB004_5.24-5.29.wav,2,Non-breathing,train
KP003_WWS_1_NB008_9.42-9.52_0.00-1.00.wav,KP003_WWS_1_NB008_9.42-9.52.wav,2,Non-breathing,train
KP003_WWS_1_NB010_12.43-12.53_0.00-1.00.wav,KP003_WWS_1_NB010_12.43-12.53.wav,2,Non-breathing,train
KP003_WWS_1_NB013_17.30-17.40_0.00-1.00.wav,KP003_WWS_1_NB013_17.30-17.40.wav,2,Non-breathing,train
KP003_WWS_1_NB014_18.89-30.00_0.00-1.00.wav,KP003_WWS_1_NB014_18.89-30.00.wav,2,Non-breathing,train
KP003_WWS_1_NB014_18.89-30.00_0.25-1.25.wav,KP003_WWS_1_NB014_18.89-30.00.wav,2,Non-breathing,train
KP003_WWS_1_NB014_18.89-30.00_0.50-1.50.wav,KP003_WWS_1_NB014_18.89-30.00.wav,2,Non-breathing,train
KP003_WWS_1_NB014_18.89-30.00_0.75-1.75.wav,KP003_WWS_1_NB014_18.89-30.00.wav,2,Non-breathing,train
KP003_WWS_1_NB014_18.89-30.00_1.00-2.00.wav,KP003_WWS_1_NB014_18.89-30.00.wav,2,Non-breathing,train
KP003_WWS_1_NB014_18.89-30.00_1.25-2.25.wav,KP003_WWS_1_NB014_18.89-30.00.wav,2,Non-breathing,train
KP003_WWS_1_NB014_18.89-30.00_1.50-2.50.wav,KP003_WWS_1_NB014_18.89-30.00.wav,2,Non-breathing,train
KP003_WWS_1_NB014_18.89-30.00_1.75-2.75.wav,KP003_WWS_1_NB014_18.89-30.00.wav,2,Non-breathing,train
KP003_WWS_1_NB014_18.89-30.00_2.00-3.00.wav,KP003_WWS_1_NB014_18.89-30.00.wav,2,Non-breathing,train
KP003_WWS_1_NB014_18.89-30.00_2.25-3.25.wav,KP003_WWS_1_NB014_18.89-30.00.wav,2,Non-breathing,train
KP003_WWS_1_NB014_18.89-30.00_2.50-3.50.wav,KP003_WWS_1_NB014_18.89-30.00.wav,2,Non-breathing,train
KP003_WWS_1_NB014_18.89-30.00_2.75-3.75.wav,KP003_WWS_1_NB014_18.89-30.00.wav,2,Non-breathing,train
KP003_WWS_1_NB014_18.89-30.00_3.00-4.00.wav,KP003_WWS_1_NB014_18.89-30.00.wav,2,Non-breathing,train
KP003_WWS_1_NB014_18.89-30.00_3.25-4.25.wav,KP003_WWS_1_NB014_18.89-30.00.wav,2,Non-breathing,train
KP003_WWS_1_NB014_18.89-30.00_3.50-4.50.wav,KP003_WWS_1_NB014_18.89-30.00.wav,2,Non-breathing,train
KP003_WWS_1_NB014_18.89-30.00_3.75-4.75.wav,KP003_WWS_1_NB014_18.89-30.00.wav,2,Non-breathing,train
KP003_WWS_1_NB014_18.89-30.00_4.00-5.00.wav,KP003_WWS_1_NB014_18.89-30.00.wav,2,Non-breathing,train
KP003_WWS_1_NB014_18.89-30.00_4.25-5.25.wav,KP003_WWS_1_NB014_18.89-30.00.wav,2,Non-breathing,train
KP003_WWS_1_NB014_18.89-30.00_4.50-5.50.wav,KP003_WWS_1_NB014_18.89-30.00.wav,2,Non-breathing,train
KP003_WWS_1_NB014_18.89-30.00_4.75-5.75.wav,KP003_WWS_1_NB014_18.89-30.00.wav,2,Non-breathing,train
KP003_WWS_1_NB014_18.89-30.00_5.00-6.00.wav,KP003_WWS_1_NB014_18.89-30.00.wav,2,Non-breathing,train
KP003_WWS_1_NB014_18.89-30.00_5.25-6.25.wav,KP003_WWS_1_NB014_18.89-30.00.wav,2,Non-breathing,train
KP003_WWS_1_NB014_18.89-30.00_5.50-6.50.wav,KP003_WWS_1_NB014_18.89-30.00.wav,2,Non-breathing,train
KP003_WWS_1_NB014_18.89-30.00_5.75-6.75.wav,KP003_WWS_1_NB014_18.89-30.00.wav,2,Non-breathing,train
KP003_WWS_1_NB014_18.89-30.00_6.00-7.00.wav,KP003_WWS_1_NB014_18.89-30.00.wav,2,Non-breathing,train
KP003_WWS_1_NB014_18.89-30.00_6.25-7.25.wav,KP003_WWS_1_NB014_18.89-30.00.wav,2,Non-breathing,train
KP003_WWS_1_NB014_18.89-30.00_6.50-7.50.wav,KP003_WWS_1_NB014_18.89-30.00.wav,2,Non-breathing,train
KP003_WWS_1_NB014_18.89-30.00_6.75-7.75.wav,KP003_WWS_1_NB014_18.89-30.00.wav,2,Non-breathing,train
KP003_WWS_1_NB014_18.89-30.00_7.00-8.00.wav,KP003_WWS_1_NB014_18.89-30.00.wav,2,Non-breathing,train
KP003_WWS_1_NB014_18.89-30.00_7.25-8.25.wav,KP003_WWS_1_NB014_18.89-30.00.wav,2,Non-breathing,train
KP003_WWS_1_NB014_18.89-30.00_7.50-8.50.wav,KP003_WWS_1_NB014_18.89-30.00.wav,2,Non-breathing,train
KP003_WWS_1_NB014_18.89-30.00_7.75-8.75.wav,KP003_WWS_1_NB014_18.89-30.00.wav,2,Non-breathing,train
KP003_WWS_1_NB014_18.89-30.00_8.00-9.00.wav,KP003_WWS_1_NB014_18.89-30.00.wav,2,Non-breathing,train
KP003_WWS_1_NB014_18.89-30.00_8.25-9.25.wav,KP003_WWS_1_NB014_18.89-30.00.wav,2,Non-breathing,train
KP003_WWS_1_NB014_18.89-30.00_8.50-9.50.wav,KP003_WWS_1_NB014_18.89-30.00.wav,2,Non-breathing,train
KP003_WWS_1_NB014_18.89-30.00_8.75-9.75.wav,KP003_WWS_1_NB014_18.89-30.00.wav,2,Non-breathing,train
KP003_WWS_1_NB014_18.89-30.00_9.00-10.00.wav,KP003_WWS_1_NB014_18.89-30.00.wav,2,Non-breathing,train
KP003_WWS_1_NB014_18.89-30.00_9.25-10.25.wav,KP003_WWS_1_NB014_18.89-30.00.wav,2,Non-breathing,train
KP003_WWS_1_NB014_18.89-30.00_9.50-10.50.wav,KP003_WWS_1_NB014_18.89-30.00.wav,2,Non-breathing,train
KP003_WWS_1_NB014_18.89-30.00_9.75-10.75.wav,KP003_WWS_1_NB014_18.89-30.00.wav,2,Non-breathing,train
KP003_WWS_1_NB014_18.89-30.00_10.00-11.00.wav,KP003_WWS_1_NB014_18.89-30.00.wav,2,Non-breathing,train
KP004_WWS_NB000_1.65-2.07_0.00-1.00.wav,KP004_WWS_NB000_1.65-2.07.wav,2,Non-breathing,train
KP004_WWS_NB001_3.81-5.01_0.00-1.00.wav,KP004_WWS_NB001_3.81-5.01.wav,2,Non-breathing,train
KP004_WWS_NB002_6.38-6.75_0.00-1.00.wav,KP004_WWS_NB002_6.38-6.75.wav,2,Non-breathing,train
KP004_WWS_NB003_8.25-10.22_0.00-1.00.wav,KP004_WWS_NB003_8.25-10.22.wav,2,Non-breathing,train
KP004_WWS_NB003_8.25-10.22_0.25-1.25.wav,KP004_WWS_NB003_8.25-10.22.wav,2,Non-breathing,train
KP004_WWS_NB003_8.25-10.22_0.50-1.50.wav,KP004_WWS_NB003_8.25-10.22.wav,2,Non-breathing,train
KP004_WWS_NB003_8.25-10.22_0.75-1.75.wav,KP004_WWS_NB003_8.25-10.22.wav,2,Non-breathing,train
KP004_WWS_NB004_11.21-12.18_0.00-1.00.wav,KP004_WWS_NB004_11.21-12.18.wav,2,Non-breathing,train
KP004_WWS_NB005_14.38-15.22_0.00-1.00.wav,KP004_WWS_NB005_14.38-15.22.wav,2,Non-breathing,train
KP004_WWS_NB007_19.91-21.20_0.00-1.00.wav,KP004_WWS_NB007_19.91-21.20.wav,2,Non-breathing,train
KP004_WWS_NB007_19.91-21.20_0.25-1.25.wav,KP004_WWS_NB007_19.91-21.20.wav,2,Non-breathing,train
KP004_WWS_NB008_22.30-23.70_0.00-1.00.wav,KP004_WWS_NB008_22.30-23.70.wav,2,Non-breathing,train
KP004_WWS_NB008_22.30-23.70_0.25-1.25.wav,KP004_WWS_NB008_22.30-23.70.wav,2,Non-breathing,train
KP004_WWS_NB010_28.08-30.00_0.00-1.00.wav,KP004_WWS_NB010_28.08-30.00.wav,2,Non-breathing,train
KP004_WWS_NB010_28.08-30.00_0.25-1.25.wav,KP004_WWS_NB010_28.08-30.00.wav,2,Non-breathing,train
KP004_WWS_NB010_28.08-30.00_0.50-1.50.wav,KP004_WWS_NB010_28.08-30.00.wav,2,Non-breathing,train
KP004_WWS_NB010_28.08-30.00_0.75-1.75.wav,KP004_WWS_NB010_28.08-30.00.wav,2,Non-breathing,train
KP005_WWS_NB001_2.04-2.14_0.00-1.00.wav,KP005_WWS_NB001_2.04-2.14.wav,2,Non-breathing,train
KP005_WWS_NB002_3.74-4.16_0.00-1.00.wav,KP005_WWS_NB002_3.74-4.16.wav,2,Non-breathing,train
KP005_WWS_NB003_5.61-5.81_0.00-1.00.wav,KP005_WWS_NB003_5.61-5.81.wav,2,Non-breathing,train
KP005_WWS_NB004_7.13-8.25_0.00-1.00.wav,KP005_WWS_NB004_7.13-8.25.wav,2,Non-breathing,train
KP005_WWS_NB005_9.67-9.97_0.00-1.00.wav,KP005_WWS_NB005_9.67-9.97.wav,2,Non-breathing,train
KP005_WWS_NB007_13.43-13.63_0.00-1.00.wav,KP005_WWS_NB007_13.43-13.63.wav,2,Non-breathing,train
KP005_WWS_NB008_14.97-15.50_0.00-1.00.wav,KP005_WWS_NB008_14.97-15.50.wav,2,Non-breathing,train
KP005_WWS_NB010_18.59-20.51_0.00-1.00.wav,KP005_WWS_NB010_18.59-20.51.wav,2,Non-breathing,train
KP005_WWS_NB010_18.59-20.51_0.25-1.25.wav,KP005_WWS_NB010_18.59-20.51.wav,2,Non-breathing,train
KP005_WWS_NB010_18.59-20.51_0.50-1.50.wav,KP005_WWS_NB010_18.59-20.51.wav,2,Non-breathing,train
KP005_WWS_NB010_18.59-20.51_0.75-1.75.wav,KP005_WWS_NB010_18.59-20.51.wav,2,Non-breathing,train
KP005_WWS_NB011_21.95-22.15_0.00-1.00.wav,KP005_WWS_NB011_21.95-22.15.wav,2,Non-breathing,train
KP005_WWS_NB012_23.17-23.30_0.00-1.00.wav,KP005_WWS_NB012_23.17-23.30.wav,2,Non-breathing,train
KP005_WWS_NB014_26.31-27.09_0.00-1.00.wav,KP005_WWS_NB014_26.31-27.09.wav,2,Non-breathing,train
KP005_WWS_NB015_28.61-30.00_0.00-1.00.wav,KP005_WWS_NB015_28.61-30.00.wav,2,Non-breathing,train
KP005_WWS_NB015_28.61-30.00_0.25-1.25.wav,KP005_WWS_NB015_28.61-30.00.wav,2,Non-breathing,train
KP006_WWS_NB001_2.39-30.00_0.00-1.00.wav,KP006_WWS_NB001_2.39-30.00.wav,2,Non-breathing,train
KP006_WWS_NB001_2.39-30.00_0.25-1.25.wav,KP006_WWS_NB001_2.39-30.00.wav,2,Non-breathing,train
KP006_WWS_NB001_2.39-30.00_0.50-1.50.wav,KP006_WWS_NB001_2.39-30.00.wav,2,Non-breathing,train
KP006_WWS_NB001_2.39-30.00_0.75-1.75.wav,KP006_WWS_NB001_2.39-30.00.wav,2,Non-breathing,train
KP006_WWS_NB001_2.39-30.00_1.00-2.00.wav,KP006_WWS_NB001_2.39-30.00.wav,2,Non-breathing,train
KP006_WWS_NB001_2.39-30.00_1.25-2.25.wav,KP006_WWS_NB001_2.39-30.00.wav,2,Non-breathing,train
KP006_WWS_NB001_2.39-30.00_1.50-2.50.wav,KP006_WWS_NB001_2.39-30.00.wav,2,Non-breathing,train
KP006_WWS_NB001_2.39-30.00_1.75-2.75.wav,KP006_WWS_NB001_2.39-30.00.wav,2,Non-breathing,train
KP006_WWS_NB001_2.39-30.00_2.00-3.00.wav,KP006_WWS_NB001_2.39-30.00.wav,2,Non-breathing,train
KP006_WWS_NB001_2.39-30.00_2.25-3.25.wav,KP006_WWS_NB001_2.39-30.00.wav,2,Non-breathing,train
KP006_WWS_NB001_2.39-30.00_2.50-3.50.wav,KP006_WWS_NB001_2.39-30.00.wav,2,Non-breathing,train
KP006_WWS_NB001_2.39-30.00_2.75-3.75.wav,KP006_WWS_NB001_2.39-30.00.wav,2,Non-breathing,train
KP006_WWS_NB001_2.39-30.00_3.00-4.00.wav,KP006_WWS_NB001_2.39-30.00.wav,2,Non-breathing,train
KP006_WWS_NB001_2.39-30.00_3.25-4.25.wav,KP006_WWS_NB001_2.39-30.00.wav,2,Non-breathing,train
KP006_WWS_NB001_2.39-30.00_3.50-4.50.wav,KP006_WWS_NB001_2.39-30.00.wav,2,Non-breathing,train
KP006_WWS_NB001_2.39-30.00_3.75-4.75.wav,KP006_WWS_NB001_2.39-30.00.wav,2,Non-breathing,train
KP006_WWS_NB001_2.39-30.00_4.00-5.00.wav,KP006_WWS_NB001_2.39-30.00.wav,2,Non-breathing,train
KP006_WWS_NB001_2.39-30.00_4.25-5.25.wav,KP006_WWS_NB001_2.39-30.00.wav,2,Non-breathing,train
KP006_WWS_NB001_2.39-30.00_4.50-5.50.wav,KP006_WWS_NB001_2.39-30.00.wav,2,Non-breathing,train
KP006_WWS_NB001_2.39-30.00_4.75-5.75.wav,KP006_WWS_NB001_2.39-30.00.wav,2,Non-breathing,train
KP006_WWS_NB001_2.39-30.00_5.00-6.00.wav,KP006_WWS_NB001_2.39-30.00.wav,2,Non-breathing,train
KP006_WWS_NB001_2.39-30.00_5.25-6.25.wav,KP006_WWS_NB001_2.39-30.00.wav,2,Non-breathing,train
KP006_WWS_NB001_2.39-30.00_5.50-6.50.wav,KP006_WWS_NB001_2.39-30.00.wav,2,Non-breathing,train
KP006_WWS_NB001_2.39-30.00_5.75-6.75.wav,KP006_WWS_NB001_2.39-30.00.wav,2,Non-breathing,train
KP006_WWS_NB001_2.39-30.00_6.00-7.00.wav,KP006_WWS_NB001_2.39-30.00.wav,2,Non-breathing,train
KP006_WWS_NB001_2.39-30.00_6.25-7.25.wav,KP006_WWS_NB001_2.39-30.00.wav,2,Non-breathing,train
KP006_WWS_NB001_2.39-30.00_6.50-7.50.wav,KP006_WWS_NB001_2.39-30.00.wav,2,Non-breathing,train
KP006_WWS_NB001_2.39-30.00_6.75-7.75.wav,KP006_WWS_NB001_2.39-30.00.wav,2,Non-breathing,train
KP006_WWS_NB001_2.39-30.00_7.00-8.00.wav,KP006_WWS_NB001_2.39-30.00.wav,2,Non-breathing,train
KP006_WWS_NB001_2.39-30.00_7.25-8.25.wav,KP006_WWS_NB001_2.39-30.00.wav,2,Non-breathing,train
KP006_WWS_NB001_2.39-30.00_7.50-8.50.wav,KP006_WWS_NB001_2.39-30.00.wav,2,Non-breathing,train
KP006_WWS_NB001_2.39-30.00_7.75-8.75.wav,KP006_WWS_NB001_2.39-30.00.wav,2,Non-breathing,train
KP006_WWS_NB001_2.39-30.00_8.00-9.00.wav,KP006_WWS_NB001_2.39-30.00.wav,2,Non-breathing,train
KP006_WWS_NB001_2.39-30.00_8.25-9.25.wav,KP006_WWS_NB001_2.39-30.00.wav,2,Non-breathing,train
KP006_WWS_NB001_2.39-30.00_8.50-9.50.wav,KP006_WWS_NB001_2.39-30.00.wav,2,Non-breathing,train
KP006_WWS_NB001_2.39-30.00_8.75-9.75.wav,KP006_WWS_NB001_2.39-30.00.wav,2,Non-breathing,train
KP006_WWS_NB001_2.39-30.00_9.00-10.00.wav,KP006_WWS_NB001_2.39-30.00.wav,2,Non-breathing,train
KP006_WWS_NB001_2.39-30.00_9.25-10.25.wav,KP006_WWS_NB001_2.39-30.00.wav,2,Non-breathing,train
KP006_WWS_NB001_2.39-30.00_9.50-10.50.wav,KP006_WWS_NB001_2.39-30.00.wav,2,Non-breathing,train
KP006_WWS_NB001_2.39-30.00_9.75-10.75.wav,KP006_WWS_NB001_2.39-30.00.wav,2,Non-breathing,train
KP006_WWS_NB001_2.39-30.00_10.00-11.00.wav,KP006_WWS_NB001_2.39-30.00.wav,2,Non-breathing,train
KP006_WWS_NB001_2.39-30.00_10.25-11.25.wav,KP006_WWS_NB001_2.39-30.00.wav,2,Non-breathing,train
KP006_WWS_NB001_2.39-30.00_10.50-11.50.wav,KP006_WWS_NB001_2.39-30.00.wav,2,Non-breathing,train
KP006_WWS_NB001_2.39-30.00_10.75-11.75.wav,KP006_WWS_NB001_2.39-30.00.wav,2,Non-breathing,train
KP006_WWS_NB001_2.39-30.00_11.00-12.00.wav,KP006_WWS_NB001_2.39-30.00.wav,2,Non-breathing,train
KP006_WWS_NB001_2.39-30.00_11.25-12.25.wav,KP006_WWS_NB001_2.39-30.00.wav,2,Non-breathing,train
KP006_WWS_NB001_2.39-30.00_11.50-12.50.wav,KP006_WWS_NB001_2.39-30.00.wav,2,Non-breathing,train
KP006_WWS_NB001_2.39-30.00_11.75-12.75.wav,KP006_WWS_NB001_2.39-30.00.wav,2,Non-breathing,train
KP006_WWS_NB001_2.39-30.00_12.00-13.00.wav,KP006_WWS_NB001_2.39-30.00.wav,2,Non-breathing,train
KP006_WWS_NB001_2.39-30.00_12.25-13.25.wav,KP006_WWS_NB001_2.39-30.00.wav,2,Non-breathing,train
KP006_WWS_NB001_2.39-30.00_12.50-13.50.wav,KP006_WWS_NB001_2.39-30.00.wav,2,Non-breathing,train
KP006_WWS_NB001_2.39-30.00_12.75-13.75.wav,KP006_WWS_NB001_2.39-30.00.wav,2,Non-breathing,train
KP006_WWS_NB001_2.39-30.00_13.00-14.00.wav,KP006_WWS_NB001_2.39-30.00.wav,2,Non-breathing,train
KP006_WWS_NB001_2.39-30.00_13.25-14.25.wav,KP006_WWS_NB001_2.39-30.00.wav,2,Non-breathing,train
KP006_WWS_NB001_2.39-30.00_13.50-14.50.wav,KP006_WWS_NB001_2.39-30.00.wav,2,Non-breathing,train
KP006_WWS_NB001_2.39-30.00_13.75-14.75.wav,KP006_WWS_NB001_2.39-30.00.wav,2,Non-breathing,train
KP006_WWS_NB001_2.39-30.00_14.00-15.00.wav,KP006_WWS_NB001_2.39-30.00.wav,2,Non-breathing,train
KP006_WWS_NB001_2.39-30.00_14.25-15.25.wav,KP006_WWS_NB001_2.39-30.00.wav,2,Non-breathing,train
KP006_WWS_NB001_2.39-30.00_14.50-15.50.wav,KP006_WWS_NB001_2.39-30.00.wav,2,Non-breathing,train
KP006_WWS_NB001_2.39-30.00_14.75-15.75.wav,KP006_WWS_NB001_2.39-30.00.wav,2,Non-breathing,train
KP006_WWS_NB001_2.39-30.00_15.00-16.00.wav,KP006_WWS_NB001_2.39-30.00.wav,2,Non-breathing,train
KP006_WWS_NB001_2.39-30.00_15.25-16.25.wav,KP006_WWS_NB001_2.39-30.00.wav,2,Non-breathing,train
KP006_WWS_NB001_2.39-30.00_15.50-16.50.wav,KP006_WWS_NB001_2.39-30.00.wav,2,Non-breathing,train
KP006_WWS_NB001_2.39-30.00_15.75-16.75.wav,KP006_WWS_NB001_2.39-30.00.wav,2,Non-breathing,train
KP006_WWS_NB001_2.39-30.00_16.00-17.00.wav,KP006_WWS_NB001_2.39-30.00.wav,2,Non-breathing,train
KP006_WWS_NB001_2.39-30.00_16.25-17.25.wav,KP006_WWS_NB001_2.39-30.00.wav,2,Non-breathing,train
KP006_WWS_NB001_2.39-30.00_16.50-17.50.wav,KP006_WWS_NB001_2.39-30.00.wav,2,Non-breathing,train
KP006_WWS_NB001_2.39-30.00_16.75-17.75.wav,KP006_WWS_NB001_2.39-30.00.wav,2,Non-breathing,train
KP006_WWS_NB001_2.39-30.00_17.00-18.00.wav,KP006_WWS_NB001_2.39-30.00.wav,2,Non-breathing,train
KP006_WWS_NB001_2.39-30.00_17.25-18.25.wav,KP006_WWS_NB001_2.39-30.00.wav,2,Non-breathing,train
KP006_WWS_NB001_2.39-30.00_17.50-18.50.wav,KP006_WWS_NB001_2.39-30.00.wav,2,Non-breathing,train
KP006_WWS_NB001_2.39-30.00_17.75-18.75.wav,KP006_WWS_NB001_2.39-30.00.wav,2,Non-breathing,train
KP006_WWS_NB001_2.39-30.00_18.00-19.00.wav,KP006_WWS_NB001_2.39-30.00.wav,2,Non-breathing,train
KP006_WWS_NB001_2.39-30.00_18.25-19.25.wav,KP006_WWS_NB001_2.39-30.00.wav,2,Non-breathing,train
KP006_WWS_NB001_2.39-30.00_18.50-19.50.wav,KP006_WWS_NB001_2.39-30.00.wav,2,Non-breathing,train
KP006_WWS_NB001_2.39-30.00_18.75-19.75.wav,KP006_WWS_NB001_2.39-30.00.wav,2,Non-breathing,train
KP006_WWS_NB001_2.39-30.00_19.00-20.00.wav,KP006_WWS_NB001_2.39-30.00.wav,2,Non-breathing,train
KP006_WWS_NB001_2.39-30.00_19.25-20.25.wav,KP006_WWS_NB001_2.39-30.00.wav,2,Non-breathing,train
KP006_WWS_NB001_2.39-30.00_19.50-20.50.wav,KP006_WWS_NB001_2.39-30.00.wav,2,Non-breathing,train
KP006_WWS_NB001_2.39-30.00_19.75-20.75.wav,KP006_WWS_NB001_2.39-30.00.wav,2,Non-breathing,train
KP006_WWS_NB001_2.39-30.00_20.00-21.00.wav,KP006_WWS_NB001_2.39-30.00.wav,2,Non-breathing,train
KP006_WWS_NB001_2.39-30.00_20.25-21.25.wav,KP006_WWS_NB001_2.39-30.00.wav,2,Non-breathing,train
KP006_WWS_NB001_2.39-30.00_20.50-21.50.wav,KP006_WWS_NB001_2.39-30.00.wav,2,Non-breathing,train
KP006_WWS_NB001_2.39-30.00_20.75-21.75.wav,KP006_WWS_NB001_2.39-30.00.wav,2,Non-breathing,train
KP006_WWS_NB001_2.39-30.00_21.00-22.00.wav,KP006_WWS_NB001_2.39-30.00.wav,2,Non-breathing,train
KP006_WWS_NB001_2.39-30.00_21.25-22.25.wav,KP006_WWS_NB001_2.39-30.00.wav,2,Non-breathing,train
KP006_WWS_NB001_2.39-30.00_21.50-22.50.wav,KP006_WWS_NB001_2.39-30.00.wav,2,Non-breathing,train
KP006_WWS_NB001_2.39-30.00_21.75-22.75.wav,KP006_WWS_NB001_2.39-30.00.wav,2,Non-breathing,train
KP006_WWS_NB001_2.39-30.00_22.00-23.00.wav,KP006_WWS_NB001_2.39-30.00.wav,2,Non-breathing,train
KP006_WWS_NB001_2.39-30.00_22.25-23.25.wav,KP006_WWS_NB001_2.39-30.00.wav,2,Non-breathing,train
KP006_WWS_NB001_2.39-30.00_22.50-23.50.wav,KP006_WWS_NB001_2.39-30.00.wav,2,Non-breathing,train
KP006_WWS_NB001_2.39-30.00_22.75-23.75.wav,KP006_WWS_NB001_2.39-30.00.wav,2,Non-breathing,train
KP006_WWS_NB001_2.39-30.00_23.00-24.00.wav,KP006_WWS_NB001_2.39-30.00.wav,2,Non-breathing,train
KP006_WWS_NB001_2.39-30.00_23.25-24.25.wav,KP006_WWS_NB001_2.39-30.00.wav,2,Non-breathing,train
KP006_WWS_NB001_2.39-30.00_23.50-24.50.wav,KP006_WWS_NB001_2.39-30.00.wav,2,Non-breathing,train
KP006_WWS_NB001_2.39-30.00_23.75-24.75.wav,KP006_WWS_NB001_2.39-30.00.wav,2,Non-breathing,train
KP006_WWS_NB001_2.39-30.00_24.00-25.00.wav,KP006_WWS_NB001_2.39-30.00.wav,2,Non-breathing,train
KP006_WWS_NB001_2.39-30.00_24.25-25.25.wav,KP006_WWS_NB001_2.39-30.00.wav,2,Non-breathing,train
KP006_WWS_NB001_2.39-30.00_24.50-25.50.wav,KP006_WWS_NB001_2.39-30.00.wav,2,Non-breathing,train
KP006_WWS_NB001_2.39-30.00_24.75-25.75.wav,KP006_WWS_NB001_2.39-30.00.wav,2,Non-breathing,train
KP006_WWS_NB001_2.39-30.00_25.00-26.00.wav,KP006_WWS_NB001_2.39-30.00.wav,2,Non-breathing,train
KP006_WWS_NB001_2.39-30.00_25.25-26.25.wav,KP006_WWS_NB001_2.39-30.00.wav,2,Non-breathing,train
KP006_WWS_NB001_2.39-30.00_25.50-26.50.wav,KP006_WWS_NB001_2.39-30.00.wav,2,Non-breathing,train
KP006_WWS_NB001_2.39-30.00_25.75-26.75.wav,KP006_WWS_NB001_2.39-30.00.wav,2,Non-breathing,train
KP006_WWS_NB001_2.39-30.00_26.00-27.00.wav,KP006_WWS_NB001_2.39-30.00.wav,2,Non-breathing,train
KP006_WWS_NB001_2.39-30.00_26.25-27.25.wav,KP006_WWS_NB001_2.39-30.00.wav,2,Non-breathing,train
KP006_WWS_NB001_2.39-30.00_26.50-27.50.wav,KP006_WWS_NB001_2.39-30.00.wav,2,Non-breathing,train
KP007_WWS_NB000_0.85-1.35_0.00-1.00.wav,KP007_WWS_NB000_0.85-1.35.wav,2,Non-breathing,train
KP007_WWS_NB003_3.64-3.76_0.00-1.00.wav,KP007_WWS_NB003_3.64-3.76.wav,2,Non-breathing,train
KP007_WWS_NB004_4.38-5.11_0.00-1.00.wav,KP007_WWS_NB004_4.38-5.11.wav,2,Non-breathing,train
KP007_WWS_NB006_6.48-6.95_0.00-1.00.wav,KP007_WWS_NB006_6.48-6.95.wav,2,Non-breathing,train
KP007_WWS_NB007_7.40-7.55_0.00-1.00.wav,KP007_WWS_NB007_7.40-7.55.wav,2,Non-breathing,train
KP007_WWS_NB010_9.89-10.56_0.00-1.00.wav,KP007_WWS_NB010_9.89-10.56.wav,2,Non-breathing,train
KP007_WWS_NB011_11.19-11.31_0.00-1.00.wav,KP007_WWS_NB011_11.19-11.31.wav,2,Non-breathing,train
KP007_WWS_NB012_11.81-12.38_0.00-1.00.wav,KP007_WWS_NB012_11.81-12.38.wav,2,Non-breathing,train
KP007_WWS_NB013_12.93-13.01_0.00-1.00.wav,KP007_WWS_NB013_12.93-13.01.wav,2,Non-breathing,train
KP007_WWS_NB014_13.61-14.50_0.00-1.00.wav,KP007_WWS_NB014_13.61-14.50.wav,2,Non-breathing,train
KP007_WWS_NB015_14.97-15.05_0.00-1.00.wav,KP007_WWS_NB015_14.97-15.05.wav,2,Non-breathing,train
KP007_WWS_NB016_15.62-16.20_0.00-1.00.wav,KP007_WWS_NB016_15.62-16.20.wav,2,Non-breathing,train
KP007_WWS_NB017_16.67-16.82_0.00-1.00.wav,KP007_WWS_NB017_16.67-16.82.wav,2,Non-breathing,train
KP007_WWS_NB018_17.42-18.09_0.00-1.00.wav,KP007_WWS_NB018_17.42-18.09.wav,2,Non-breathing,train
KP007_WWS_NB020_19.26-20.08_0.00-1.00.wav,KP007_WWS_NB020_19.26-20.08.wav,2,Non-breathing,train
KP007_WWS_NB021_20.66-20.71_0.00-1.00.wav,KP007_WWS_NB021_20.66-20.71.wav,2,Non-breathing,train
KP007_WWS_NB023_22.35-22.52_0.00-1.00.wav,KP007_WWS_NB023_22.35-22.52.wav,2,Non-breathing,train
KP007_WWS_NB025_24.05-24.12_0.00-1.00.wav,KP007_WWS_NB025_24.05-24.12.wav,2,Non-breathing,train
KP007_WWS_NB026_24.69-25.17_0.00-1.00.wav,KP007_WWS_NB026_24.69-25.17.wav,2,Non-breathing,train
KP007_WWS_NB027_25.69-25.82_0.00-1.00.wav,KP007_WWS_NB027_25.69-25.82.wav,2,Non-breathing,train
KP007_WWS_NB028_26.26-26.64_0.00-1.00.wav,KP007_WWS_NB028_26.26-26.64.wav,2,Non-breathing,train
KP007_WWS_NB029_27.01-27.16_0.00-1.00.wav,KP007_WWS_NB029_27.01-27.16.wav,2,Non-breathing,train
KP008_WWS_NB002_3.46-3.86_0.00-1.00.wav,KP008_WWS_NB002_3.46-3.86.wav,2,Non-breathing,train
KP008_WWS_NB004_8.22-8.95_0.00-1.00.wav,KP008_WWS_NB004_8.22-8.95.wav,2,Non-breathing,train
KP008_WWS_NB005_10.49-10.69_0.00-1.00.wav,KP008_WWS_NB005_10.49-10.69.wav,2,Non-breathing,train
KP008_WWS_NB006_13.63-13.83_0.00-1.00.wav,KP008_WWS_NB006_13.63-13.83.wav,2,Non-breathing,train
KP008_WWS_NB007_15.30-15.50_0.00-1.00.wav,KP008_WWS_NB007_15.30-15.50.wav,2,Non-breathing,train
KP008_WWS_NB008_17.89-18.71_0.00-1.00.wav,KP008_WWS_NB008_17.89-18.71.wav,2,Non-breathing,train
KP008_WWS_NB010_22.95-23.55_0.00-1.00.wav,KP008_WWS_NB010_22.95-23.55.wav,2,Non-breathing,train
KP008_WWS_NB012_26.89-27.51_0.00-1.00.wav,KP008_WWS_NB012_26.89-27.51.wav,2,Non-breathing,train
KP009_WWS_NB000_0.00-0.10_0.00-1.00.wav,KP009_WWS_NB000_0.00-0.10.wav,2,Non-breathing,train
KP009_WWS_NB001_1.07-30.00_0.00-1.00.wav,KP009_WWS_NB001_1.07-30.00.wav,2,Non-breathing,train
KP009_WWS_NB001_1.07-30.00_0.25-1.25.wav,KP009_WWS_NB001_1.07-30.00.wav,2,Non-breathing,train
KP009_WWS_NB001_1.07-30.00_0.50-1.50.wav,KP009_WWS_NB001_1.07-30.00.wav,2,Non-breathing,train
KP009_WWS_NB001_1.07-30.00_0.75-1.75.wav,KP009_WWS_NB001_1.07-30.00.wav,2,Non-breathing,train
KP009_WWS_NB001_1.07-30.00_1.00-2.00.wav,KP009_WWS_NB001_1.07-30.00.wav,2,Non-breathing,train
KP009_WWS_NB001_1.07-30.00_1.25-2.25.wav,KP009_WWS_NB001_1.07-30.00.wav,2,Non-breathing,train
KP009_WWS_NB001_1.07-30.00_1.50-2.50.wav,KP009_WWS_NB001_1.07-30.00.wav,2,Non-breathing,train
KP009_WWS_NB001_1.07-30.00_1.75-2.75.wav,KP009_WWS_NB001_1.07-30.00.wav,2,Non-breathing,train
KP009_WWS_NB001_1.07-30.00_2.00-3.00.wav,KP009_WWS_NB001_1.07-30.00.wav,2,Non-breathing,train
KP009_WWS_NB001_1.07-30.00_2.25-3.25.wav,KP009_WWS_NB001_1.07-30.00.wav,2,Non-breathing,train
KP009_WWS_NB001_1.07-30.00_2.50-3.50.wav,KP009_WWS_NB001_1.07-30.00.wav,2,Non-breathing,train
KP009_WWS_NB001_1.07-30.00_2.75-3.75.wav,KP009_WWS_NB001_1.07-30.00.wav,2,Non-breathing,train
KP009_WWS_NB001_1.07-30.00_3.00-4.00.wav,KP009_WWS_NB001_1.07-30.00.wav,2,Non-breathing,train
KP009_WWS_NB001_1.07-30.00_3.25-4.25.wav,KP009_WWS_NB001_1.07-30.00.wav,2,Non-breathing,train
KP009_WWS_NB001_1.07-30.00_3.50-4.50.wav,KP009_WWS_NB001_1.07-30.00.wav,2,Non-breathing,train
KP009_WWS_NB001_1.07-30.00_3.75-4.75.wav,KP009_WWS_NB001_1.07-30.00.wav,2,Non-breathing,train
KP009_WWS_NB001_1.07-30.00_4.00-5.00.wav,KP009_WWS_NB001_1.07-30.00.wav,2,Non-breathing,train
KP009_WWS_NB001_1.07-30.00_4.25-5.25.wav,KP009_WWS_NB001_1.07-30.00.wav,2,Non-breathing,train
KP009_WWS_NB001_1.07-30.00_4.50-5.50.wav,KP009_WWS_NB001_1.07-30.00.wav,2,Non-breathing,train
KP009_WWS_NB001_1.07-30.00_4.75-5.75.wav,KP009_WWS_NB001_1.07-30.00.wav,2,Non-breathing,train
KP009_WWS_NB001_1.07-30.00_5.00-6.00.wav,KP009_WWS_NB001_1.07-30.00.wav,2,Non-breathing,train
KP009_WWS_NB001_1.07-30.00_5.25-6.25.wav,KP009_WWS_NB001_1.07-30.00.wav,2,Non-breathing,train
KP009_WWS_NB001_1.07-30.00_5.50-6.50.wav,KP009_WWS_NB001_1.07-30.00.wav,2,Non-breathing,train
KP009_WWS_NB001_1.07-30.00_5.75-6.75.wav,KP009_WWS_NB001_1.07-30.00.wav,2,Non-breathing,train
KP009_WWS_NB001_1.07-30.00_6.00-7.00.wav,KP009_WWS_NB001_1.07-30.00.wav,2,Non-breathing,train
KP009_WWS_NB001_1.07-30.00_6.25-7.25.wav,KP009_WWS_NB001_1.07-30.00.wav,2,Non-breathing,train
KP009_WWS_NB001_1.07-30.00_6.50-7.50.wav,KP009_WWS_NB001_1.07-30.00.wav,2,Non-breathing,train
KP009_WWS_NB001_1.07-30.00_6.75-7.75.wav,KP009_WWS_NB001_1.07-30.00.wav,2,Non-breathing,train
KP009_WWS_NB001_1.07-30.00_7.00-8.00.wav,KP009_WWS_NB001_1.07-30.00.wav,2,Non-breathing,train
KP009_WWS_NB001_1.07-30.00_7.25-8.25.wav,KP009_WWS_NB001_1.07-30.00.wav,2,Non-breathing,train
KP009_WWS_NB001_1.07-30.00_7.50-8.50.wav,KP009_WWS_NB001_1.07-30.00.wav,2,Non-breathing,train
KP009_WWS_NB001_1.07-30.00_7.75-8.75.wav,KP009_WWS_NB001_1.07-30.00.wav,2,Non-breathing,train
KP009_WWS_NB001_1.07-30.00_8.00-9.00.wav,KP009_WWS_NB001_1.07-30.00.wav,2,Non-breathing,train
KP009_WWS_NB001_1.07-30.00_8.25-9.25.wav,KP009_WWS_NB001_1.07-30.00.wav,2,Non-breathing,train
KP009_WWS_NB001_1.07-30.00_8.50-9.50.wav,KP009_WWS_NB001_1.07-30.00.wav,2,Non-breathing,train
KP009_WWS_NB001_1.07-30.00_8.75-9.75.wav,KP009_WWS_NB001_1.07-30.00.wav,2,Non-breathing,train
KP009_WWS_NB001_1.07-30.00_9.00-10.00.wav,KP009_WWS_NB001_1.07-30.00.wav,2,Non-breathing,train
KP009_WWS_NB001_1.07-30.00_9.25-10.25.wav,KP009_WWS_NB001_1.07-30.00.wav,2,Non-breathing,train
KP009_WWS_NB001_1.07-30.00_9.50-10.50.wav,KP009_WWS_NB001_1.07-30.00.wav,2,Non-breathing,train
KP009_WWS_NB001_1.07-30.00_9.75-10.75.wav,KP009_WWS_NB001_1.07-30.00.wav,2,Non-breathing,train
KP009_WWS_NB001_1.07-30.00_10.00-11.00.wav,KP009_WWS_NB001_1.07-30.00.wav,2,Non-breathing,train
KP009_WWS_NB001_1.07-30.00_10.25-11.25.wav,KP009_WWS_NB001_1.07-30.00.wav,2,Non-breathing,train
KP009_WWS_NB001_1.07-30.00_10.50-11.50.wav,KP009_WWS_NB001_1.07-30.00.wav,2,Non-breathing,train
KP009_WWS_NB001_1.07-30.00_10.75-11.75.wav,KP009_WWS_NB001_1.07-30.00.wav,2,Non-breathing,train
KP009_WWS_NB001_1.07-30.00_11.00-12.00.wav,KP009_WWS_NB001_1.07-30.00.wav,2,Non-breathing,train
KP009_WWS_NB001_1.07-30.00_11.25-12.25.wav,KP009_WWS_NB001_1.07-30.00.wav,2,Non-breathing,train
KP009_WWS_NB001_1.07-30.00_11.50-12.50.wav,KP009_WWS_NB001_1.07-30.00.wav,2,Non-breathing,train
KP009_WWS_NB001_1.07-30.00_11.75-12.75.wav,KP009_WWS_NB001_1.07-30.00.wav,2,Non-breathing,train
KP009_WWS_NB001_1.07-30.00_12.00-13.00.wav,KP009_WWS_NB001_1.07-30.00.wav,2,Non-breathing,train
KP009_WWS_NB001_1.07-30.00_12.25-13.25.wav,KP009_WWS_NB001_1.07-30.00.wav,2,Non-breathing,train
KP009_WWS_NB001_1.07-30.00_12.50-13.50.wav,KP009_WWS_NB001_1.07-30.00.wav,2,Non-breathing,train
KP009_WWS_NB001_1.07-30.00_12.75-13.75.wav,KP009_WWS_NB001_1.07-30.00.wav,2,Non-breathing,train
KP009_WWS_NB001_1.07-30.00_13.00-14.00.wav,KP009_WWS_NB001_1.07-30.00.wav,2,Non-breathing,train
KP009_WWS_NB001_1.07-30.00_13.25-14.25.wav,KP009_WWS_NB001_1.07-30.00.wav,2,Non-breathing,train
KP009_WWS_NB001_1.07-30.00_13.50-14.50.wav,KP009_WWS_NB001_1.07-30.00.wav,2,Non-breathing,train
KP009_WWS_NB001_1.07-30.00_13.75-14.75.wav,KP009_WWS_NB001_1.07-30.00.wav,2,Non-breathing,train
KP009_WWS_NB001_1.07-30.00_14.00-15.00.wav,KP009_WWS_NB001_1.07-30.00.wav,2,Non-breathing,train
KP009_WWS_NB001_1.07-30.00_14.25-15.25.wav,KP009_WWS_NB001_1.07-30.00.wav,2,Non-breathing,train
KP009_WWS_NB001_1.07-30.00_14.50-15.50.wav,KP009_WWS_NB001_1.07-30.00.wav,2,Non-breathing,train
KP009_WWS_NB001_1.07-30.00_14.75-15.75.wav,KP009_WWS_NB001_1.07-30.00.wav,2,Non-breathing,train
KP009_WWS_NB001_1.07-30.00_15.00-16.00.wav,KP009_WWS_NB001_1.07-30.00.wav,2,Non-breathing,train
KP009_WWS_NB001_1.07-30.00_15.25-16.25.wav,KP009_WWS_NB001_1.07-30.00.wav,2,Non-breathing,train
KP009_WWS_NB001_1.07-30.00_15.50-16.50.wav,KP009_WWS_NB001_1.07-30.00.wav,2,Non-breathing,train
KP009_WWS_NB001_1.07-30.00_15.75-16.75.wav,KP009_WWS_NB001_1.07-30.00.wav,2,Non-breathing,train
KP009_WWS_NB001_1.07-30.00_16.00-17.00.wav,KP009_WWS_NB001_1.07-30.00.wav,2,Non-breathing,train
KP009_WWS_NB001_1.07-30.00_16.25-17.25.wav,KP009_WWS_NB001_1.07-30.00.wav,2,Non-breathing,train
KP009_WWS_NB001_1.07-30.00_16.50-17.50.wav,KP009_WWS_NB001_1.07-30.00.wav,2,Non-breathing,train
KP009_WWS_NB001_1.07-30.00_16.75-17.75.wav,KP009_WWS_NB001_1.07-30.00.wav,2,Non-breathing,train
KP009_WWS_NB001_1.07-30.00_17.00-18.00.wav,KP009_WWS_NB001_1.07-30.00.wav,2,Non-breathing,train
KP009_WWS_NB001_1.07-30.00_17.25-18.25.wav,KP009_WWS_NB001_1.07-30.00.wav,2,Non-breathing,train
KP009_WWS_NB001_1.07-30.00_17.50-18.50.wav,KP009_WWS_NB001_1.07-30.00.wav,2,Non-breathing,train
KP009_WWS_NB001_1.07-30.00_17.75-18.75.wav,KP009_WWS_NB001_1.07-30.00.wav,2,Non-breathing,train
KP009_WWS_NB001_1.07-30.00_18.00-19.00.wav,KP009_WWS_NB001_1.07-30.00.wav,2,Non-breathing,train
KP009_WWS_NB001_1.07-30.00_18.25-19.25.wav,KP009_WWS_NB001_1.07-30.00.wav,2,Non-breathing,train
KP009_WWS_NB001_1.07-30.00_18.50-19.50.wav,KP009_WWS_NB001_1.07-30.00.wav,2,Non-breathing,train
KP009_WWS_NB001_1.07-30.00_18.75-19.75.wav,KP009_WWS_NB001_1.07-30.00.wav,2,Non-breathing,train
KP009_WWS_NB001_1.07-30.00_19.00-20.00.wav,KP009_WWS_NB001_1.07-30.00.wav,2,Non-breathing,train
KP009_WWS_NB001_1.07-30.00_19.25-20.25.wav,KP009_WWS_NB001_1.07-30.00.wav,2,Non-breathing,train
KP009_WWS_NB001_1.07-30.00_19.50-20.50.wav,KP009_WWS_NB001_1.07-30.00.wav,2,Non-breathing,train
KP009_WWS_NB001_1.07-30.00_19.75-20.75.wav,KP009_WWS_NB001_1.07-30.00.wav,2,Non-breathing,train
KP009_WWS_NB001_1.07-30.00_20.00-21.00.wav,KP009_WWS_NB001_1.07-30.00.wav,2,Non-breathing,train
KP009_WWS_NB001_1.07-30.00_20.25-21.25.wav,KP009_WWS_NB001_1.07-30.00.wav,2,Non-breathing,train
KP009_WWS_NB001_1.07-30.00_20.50-21.50.wav,KP009_WWS_NB001_1.07-30.00.wav,2,Non-breathing,train
KP009_WWS_NB001_1.07-30.00_20.75-21.75.wav,KP009_WWS_NB001_1.07-30.00.wav,2,Non-breathing,train
KP009_WWS_NB001_1.07-30.00_21.00-22.00.wav,KP009_WWS_NB001_1.07-30.00.wav,2,Non-breathing,train
KP009_WWS_NB001_1.07-30.00_21.25-22.25.wav,KP009_WWS_NB001_1.07-30.00.wav,2,Non-breathing,train
KP009_WWS_NB001_1.07-30.00_21.50-22.50.wav,KP009_WWS_NB001_1.07-30.00.wav,2,Non-breathing,train
KP009_WWS_NB001_1.07-30.00_21.75-22.75.wav,KP009_WWS_NB001_1.07-30.00.wav,2,Non-breathing,train
KP009_WWS_NB001_1.07-30.00_22.00-23.00.wav,KP009_WWS_NB001_1.07-30.00.wav,2,Non-breathing,train
KP009_WWS_NB001_1.07-30.00_22.25-23.25.wav,KP009_WWS_NB001_1.07-30.00.wav,2,Non-breathing,train
KP009_WWS_NB001_1.07-30.00_22.50-23.50.wav,KP009_WWS_NB001_1.07-30.00.wav,2,Non-breathing,train
KP009_WWS_NB001_1.07-30.00_22.75-23.75.wav,KP009_WWS_NB001_1.07-30.00.wav,2,Non-breathing,train
KP009_WWS_NB001_1.07-30.00_23.00-24.00.wav,KP009_WWS_NB001_1.07-30.00.wav,2,Non-breathing,train
KP009_WWS_NB001_1.07-30.00_23.25-24.25.wav,KP009_WWS_NB001_1.07-30.00.wav,2,Non-breathing,train
KP009_WWS_NB001_1.07-30.00_23.50-24.50.wav,KP009_WWS_NB001_1.07-30.00.wav,2,Non-breathing,train
KP009_WWS_NB001_1.07-30.00_23.75-24.75.wav,KP009_WWS_NB001_1.07-30.00.wav,2,Non-breathing,train
KP009_WWS_NB001_1.07-30.00_24.00-25.00.wav,KP009_WWS_NB001_1.07-30.00.wav,2,Non-breathing,train
KP009_WWS_NB001_1.07-30.00_24.25-25.25.wav,KP009_WWS_NB001_1.07-30.00.wav,2,Non-breathing,train
KP009_WWS_NB001_1.07-30.00_24.50-25.50.wav,KP009_WWS_NB001_1.07-30.00.wav,2,Non-breathing,train
KP009_WWS_NB001_1.07-30.00_24.75-25.75.wav,KP009_WWS_NB001_1.07-30.00.wav,2,Non-breathing,train
KP009_WWS_NB001_1.07-30.00_25.00-26.00.wav,KP009_WWS_NB001_1.07-30.00.wav,2,Non-breathing,train
KP009_WWS_NB001_1.07-30.00_25.25-26.25.wav,KP009_WWS_NB001_1.07-30.00.wav,2,Non-breathing,train
KP009_WWS_NB001_1.07-30.00_25.50-26.50.wav,KP009_WWS_NB001_1.07-30.00.wav,2,Non-breathing,train
KP009_WWS_NB001_1.07-30.00_25.75-26.75.wav,KP009_WWS_NB001_1.07-30.00.wav,2,Non-breathing,train
KP009_WWS_NB001_1.07-30.00_26.00-27.00.wav,KP009_WWS_NB001_1.07-30.00.wav,2,Non-breathing,train
KP009_WWS_NB001_1.07-30.00_26.25-27.25.wav,KP009_WWS_NB001_1.07-30.00.wav,2,Non-breathing,train
KP009_WWS_NB001_1.07-30.00_26.50-27.50.wav,KP009_WWS_NB001_1.07-30.00.wav,2,Non-breathing,train
KP009_WWS_NB001_1.07-30.00_26.75-27.75.wav,KP009_WWS_NB001_1.07-30.00.wav,2,Non-breathing,train
KP009_WWS_NB001_1.07-30.00_27.00-28.00.wav,KP009_WWS_NB001_1.07-30.00.wav,2,Non-breathing,train
KP009_WWS_NB001_1.07-30.00_27.25-28.25.wav,KP009_WWS_NB001_1.07-30.00.wav,2,Non-breathing,train
KP009_WWS_NB001_1.07-30.00_27.50-28.50.wav,KP009_WWS_NB001_1.07-30.00.wav,2,Non-breathing,train
KP009_WWS_NB001_1.07-30.00_27.75-28.75.wav,KP009_WWS_NB001_1.07-30.00.wav,2,Non-breathing,train
KP010_WWS_NB000_1.02-1.49_0.00-1.00.wav,KP010_WWS_NB000_1.02-1.49.wav,2,Non-breathing,train
KP010_WWS_NB001_2.55-3.12_0.00-1.00.wav,KP010_WWS_NB001_2.55-3.12.wav,2,Non-breathing,train
KP010_WWS_NB002_4.33-5.15_0.00-1.00.wav,KP010_WWS_NB002_4.33-5.15.wav,2,Non-breathing,train
KP010_WWS_NB003_6.17-6.66_0.00-1.00.wav,KP010_WWS_NB003_6.17-6.66.wav,2,Non-breathing,train
KP010_WWS_NB005_10.06-10.40_0.00-1.00.wav,KP010_WWS_NB005_10.06-10.40.wav,2,Non-breathing,train
KP010_WWS_NB006_11.74-12.47_0.00-1.00.wav,KP010_WWS_NB006_11.74-12.47.wav,2,Non-breathing,train
KP010_WWS_NB008_15.56-16.13_0.00-1.00.wav,KP010_WWS_NB008_15.56-16.13.wav,2,Non-breathing,train
KP010_WWS_NB010_19.05-19.84_0.00-1.00.wav,KP010_WWS_NB010_19.05-19.84.wav,2,Non-breathing,train
KP010_WWS_NB011_20.88-21.33_0.00-1.00.wav,KP010_WWS_NB011_20.88-21.33.wav,2,Non-breathing,train
KP010_WWS_NB012_22.72-23.39_0.00-1.00.wav,KP010_WWS_NB012_22.72-23.39.wav,2,Non-breathing,train
KP010_WWS_NB014_26.41-30.00_0.00-1.00.wav,KP010_WWS_NB014_26.41-30.00.wav,2,Non-breathing,train
KP010_WWS_NB014_26.41-30.00_0.25-1.25.wav,KP010_WWS_NB014_26.41-30.00.wav,2,Non-breathing,train
KP010_WWS_NB014_26.41-30.00_0.50-1.50.wav,KP010_WWS_NB014_26.41-30.00.wav,2,Non-breathing,train
KP010_WWS_NB014_26.41-30.00_0.75-1.75.wav,KP010_WWS_NB014_26.41-30.00.wav,2,Non-breathing,train
KP010_WWS_NB014_26.41-30.00_1.00-2.00.wav,KP010_WWS_NB014_26.41-30.00.wav,2,Non-breathing,train
KP010_WWS_NB014_26.41-30.00_1.25-2.25.wav,KP010_WWS_NB014_26.41-30.00.wav,2,Non-breathing,train
KP010_WWS_NB014_26.41-30.00_1.50-2.50.wav,KP010_WWS_NB014_26.41-30.00.wav,2,Non-breathing,train
KP010_WWS_NB014_26.41-30.00_1.75-2.75.wav,KP010_WWS_NB014_26.41-30.00.wav,2,Non-breathing,train
KP010_WWS_NB014_26.41-30.00_2.00-3.00.wav,KP010_WWS_NB014_26.41-30.00.wav,2,Non-breathing,train
KP010_WWS_NB014_26.41-30.00_2.25-3.25.wav,KP010_WWS_NB014_26.41-30.00.wav,2,Non-breathing,train
KP010_WWS_NB014_26.41-30.00_2.50-3.50.wav,KP010_WWS_NB014_26.41-30.00.wav,2,Non-breathing,train
KP011_WWS_NB000_0.00-1.05_0.00-1.00.wav,KP011_WWS_NB000_0.00-1.05.wav,2,Non-breathing,train
KP011_WWS_NB003_6.60-6.88_0.00-1.00.wav,KP011_WWS_NB003_6.60-6.88.wav,2,Non-breathing,train
KP011_WWS_NB005_10.99-11.24_0.00-1.00.wav,KP011_WWS_NB005_10.99-11.24.wav,2,Non-breathing,train
KP011_WWS_NB007_14.78-15.05_0.00-1.00.wav,KP011_WWS_NB007_14.78-15.05.wav,2,Non-breathing,train
KP011_WWS_NB008_15.62-18.29_0.00-1.00.wav,KP011_WWS_NB008_15.62-18.29.wav,2,Non-breathing,train
KP011_WWS_NB008_15.62-18.29_0.25-1.25.wav,KP011_WWS_NB008_15.62-18.29.wav,2,Non-breathing,train
KP011_WWS_NB008_15.62-18.29_0.50-1.50.wav,KP011_WWS_NB008_15.62-18.29.wav,2,Non-breathing,train
KP011_WWS_NB008_15.62-18.29_0.75-1.75.wav,KP011_WWS_NB008_15.62-18.29.wav,2,Non-breathing,train
KP011_WWS_NB008_15.62-18.29_1.00-2.00.wav,KP011_WWS_NB008_15.62-18.29.wav,2,Non-breathing,train
KP011_WWS_NB008_15.62-18.29_1.25-2.25.wav,KP011_WWS_NB008_15.62-18.29.wav,2,Non-breathing,train
KP011_WWS_NB008_15.62-18.29_1.50-2.50.wav,KP011_WWS_NB008_15.62-18.29.wav,2,Non-breathing,train
KP011_WWS_NB013_27.51-28.06_0.00-1.00.wav,KP011_WWS_NB013_27.51-28.06.wav,2,Non-breathing,train
KP011_WWS_NB014_28.93-30.00_0.00-1.00.wav,KP011_WWS_NB014_28.93-30.00.wav,2,Non-breathing,train
KP013_WWS_NB000_0.83-0.98_0.00-1.00.wav,KP013_WWS_NB000_0.83-0.98.wav,2,Non-breathing,train
KP013_WWS_NB001_3.78-3.84_0.00-1.00.wav,KP013_WWS_NB001_3.78-3.84.wav,2,Non-breathing,train
KP013_WWS_NB002_4.58-4.76_0.00-1.00.wav,KP013_WWS_NB002_4.58-4.76.wav,2,Non-breathing,train
KP013_WWS_NB003_7.65-7.74_0.00-1.00.wav,KP013_WWS_NB003_7.65-7.74.wav,2,Non-breathing,train
KP013_WWS_NB006_11.96-12.23_0.00-1.00.wav,KP013_WWS_NB006_11.96-12.23.wav,2,Non-breathing,train
KP013_WWS_NB007_14.73-14.91_0.00-1.00.wav,KP013_WWS_NB007_14.73-14.91.wav,2,Non-breathing,train
KP013_WWS_NB009_18.93-18.99_0.00-1.00.wav,KP013_WWS_NB009_18.93-18.99.wav,2,Non-breathing,train
KP013_WWS_NB011_23.04-23.16_0.00-1.00.wav,KP013_WWS_NB011_23.04-23.16.wav,2,Non-breathing,train
KP013_WWS_NB012_23.96-24.11_0.00-1.00.wav,KP013_WWS_NB012_23.96-24.11.wav,2,Non-breathing,train
KP013_WWS_NB013_27.05-27.11_0.00-1.00.wav,KP013_WWS_NB013_27.05-27.11.wav,2,Non-breathing,train
KP013_WWS_NB014_27.92-28.09_0.00-1.00.wav,KP013_WWS_NB014_27.92-28.09.wav,2,Non-breathing,train
KP014_WWS_NB000_0.00-1.11_0.00-1.00.wav,KP014_WWS_NB000_0.00-1.11.wav,2,Non-breathing,train
KP014_WWS_NB001_2.42-30.00_0.00-1.00.wav,KP014_WWS_NB001_2.42-30.00.wav,2,Non-breathing,train
KP014_WWS_NB001_2.42-30.00_0.25-1.25.wav,KP014_WWS_NB001_2.42-30.00.wav,2,Non-breathing,train
KP014_WWS_NB001_2.42-30.00_0.50-1.50.wav,KP014_WWS_NB001_2.42-30.00.wav,2,Non-breathing,train
KP014_WWS_NB001_2.42-30.00_0.75-1.75.wav,KP014_WWS_NB001_2.42-30.00.wav,2,Non-breathing,train
KP014_WWS_NB001_2.42-30.00_1.00-2.00.wav,KP014_WWS_NB001_2.42-30.00.wav,2,Non-breathing,train
KP014_WWS_NB001_2.42-30.00_1.25-2.25.wav,KP014_WWS_NB001_2.42-30.00.wav,2,Non-breathing,train
KP014_WWS_NB001_2.42-30.00_1.50-2.50.wav,KP014_WWS_NB001_2.42-30.00.wav,2,Non-breathing,train
KP014_WWS_NB001_2.42-30.00_1.75-2.75.wav,KP014_WWS_NB001_2.42-30.00.wav,2,Non-breathing,train
KP014_WWS_NB001_2.42-30.00_2.00-3.00.wav,KP014_WWS_NB001_2.42-30.00.wav,2,Non-breathing,train
KP014_WWS_NB001_2.42-30.00_2.25-3.25.wav,KP014_WWS_NB001_2.42-30.00.wav,2,Non-breathing,train
KP014_WWS_NB001_2.42-30.00_2.50-3.50.wav,KP014_WWS_NB001_2.42-30.00.wav,2,Non-breathing,train
KP014_WWS_NB001_2.42-30.00_2.75-3.75.wav,KP014_WWS_NB001_2.42-30.00.wav,2,Non-breathing,train
KP014_WWS_NB001_2.42-30.00_3.00-4.00.wav,KP014_WWS_NB001_2.42-30.00.wav,2,Non-breathing,train
KP014_WWS_NB001_2.42-30.00_3.25-4.25.wav,KP014_WWS_NB001_2.42-30.00.wav,2,Non-breathing,train
KP014_WWS_NB001_2.42-30.00_3.50-4.50.wav,KP014_WWS_NB001_2.42-30.00.wav,2,Non-breathing,train
KP014_WWS_NB001_2.42-30.00_3.75-4.75.wav,KP014_WWS_NB001_2.42-30.00.wav,2,Non-breathing,train
KP014_WWS_NB001_2.42-30.00_4.00-5.00.wav,KP014_WWS_NB001_2.42-30.00.wav,2,Non-breathing,train
KP014_WWS_NB001_2.42-30.00_4.25-5.25.wav,KP014_WWS_NB001_2.42-30.00.wav,2,Non-breathing,train
KP014_WWS_NB001_2.42-30.00_4.50-5.50.wav,KP014_WWS_NB001_2.42-30.00.wav,2,Non-breathing,train
KP014_WWS_NB001_2.42-30.00_4.75-5.75.wav,KP014_WWS_NB001_2.42-30.00.wav,2,Non-breathing,train
KP014_WWS_NB001_2.42-30.00_5.00-6.00.wav,KP014_WWS_NB001_2.42-30.00.wav,2,Non-breathing,train
KP014_WWS_NB001_2.42-30.00_5.25-6.25.wav,KP014_WWS_NB001_2.42-30.00.wav,2,Non-breathing,train
KP014_WWS_NB001_2.42-30.00_5.50-6.50.wav,KP014_WWS_NB001_2.42-30.00.wav,2,Non-breathing,train
KP014_WWS_NB001_2.42-30.00_5.75-6.75.wav,KP014_WWS_NB001_2.42-30.00.wav,2,Non-breathing,train
KP014_WWS_NB001_2.42-30.00_6.00-7.00.wav,KP014_WWS_NB001_2.42-30.00.wav,2,Non-breathing,train
KP014_WWS_NB001_2.42-30.00_6.25-7.25.wav,KP014_WWS_NB001_2.42-30.00.wav,2,Non-breathing,train
KP014_WWS_NB001_2.42-30.00_6.50-7.50.wav,KP014_WWS_NB001_2.42-30.00.wav,2,Non-breathing,train
KP014_WWS_NB001_2.42-30.00_6.75-7.75.wav,KP014_WWS_NB001_2.42-30.00.wav,2,Non-breathing,train
KP014_WWS_NB001_2.42-30.00_7.00-8.00.wav,KP014_WWS_NB001_2.42-30.00.wav,2,Non-breathing,train
KP014_WWS_NB001_2.42-30.00_7.25-8.25.wav,KP014_WWS_NB001_2.42-30.00.wav,2,Non-breathing,train
KP014_WWS_NB001_2.42-30.00_7.50-8.50.wav,KP014_WWS_NB001_2.42-30.00.wav,2,Non-breathing,train
KP014_WWS_NB001_2.42-30.00_7.75-8.75.wav,KP014_WWS_NB001_2.42-30.00.wav,2,Non-breathing,train
KP014_WWS_NB001_2.42-30.00_8.00-9.00.wav,KP014_WWS_NB001_2.42-30.00.wav,2,Non-breathing,train
KP014_WWS_NB001_2.42-30.00_8.25-9.25.wav,KP014_WWS_NB001_2.42-30.00.wav,2,Non-breathing,train
KP014_WWS_NB001_2.42-30.00_8.50-9.50.wav,KP014_WWS_NB001_2.42-30.00.wav,2,Non-breathing,train
KP014_WWS_NB001_2.42-30.00_8.75-9.75.wav,KP014_WWS_NB001_2.42-30.00.wav,2,Non-breathing,train
KP014_WWS_NB001_2.42-30.00_9.00-10.00.wav,KP014_WWS_NB001_2.42-30.00.wav,2,Non-breathing,train
KP014_WWS_NB001_2.42-30.00_9.25-10.25.wav,KP014_WWS_NB001_2.42-30.00.wav,2,Non-breathing,train
KP014_WWS_NB001_2.42-30.00_9.50-10.50.wav,KP014_WWS_NB001_2.42-30.00.wav,2,Non-breathing,train
KP014_WWS_NB001_2.42-30.00_9.75-10.75.wav,KP014_WWS_NB001_2.42-30.00.wav,2,Non-breathing,train
KP014_WWS_NB001_2.42-30.00_10.00-11.00.wav,KP014_WWS_NB001_2.42-30.00.wav,2,Non-breathing,train
KP014_WWS_NB001_2.42-30.00_10.25-11.25.wav,KP014_WWS_NB001_2.42-30.00.wav,2,Non-breathing,train
KP014_WWS_NB001_2.42-30.00_10.50-11.50.wav,KP014_WWS_NB001_2.42-30.00.wav,2,Non-breathing,train
KP014_WWS_NB001_2.42-30.00_10.75-11.75.wav,KP014_WWS_NB001_2.42-30.00.wav,2,Non-breathing,train
KP014_WWS_NB001_2.42-30.00_11.00-12.00.wav,KP014_WWS_NB001_2.42-30.00.wav,2,Non-breathing,train
KP014_WWS_NB001_2.42-30.00_11.25-12.25.wav,KP014_WWS_NB001_2.42-30.00.wav,2,Non-breathing,train
KP014_WWS_NB001_2.42-30.00_11.50-12.50.wav,KP014_WWS_NB001_2.42-30.00.wav,2,Non-breathing,train
KP014_WWS_NB001_2.42-30.00_11.75-12.75.wav,KP014_WWS_NB001_2.42-30.00.wav,2,Non-breathing,train
KP014_WWS_NB001_2.42-30.00_12.00-13.00.wav,KP014_WWS_NB001_2.42-30.00.wav,2,Non-breathing,train
KP014_WWS_NB001_2.42-30.00_12.25-13.25.wav,KP014_WWS_NB001_2.42-30.00.wav,2,Non-breathing,train
KP014_WWS_NB001_2.42-30.00_12.50-13.50.wav,KP014_WWS_NB001_2.42-30.00.wav,2,Non-breathing,train
KP014_WWS_NB001_2.42-30.00_12.75-13.75.wav,KP014_WWS_NB001_2.42-30.00.wav,2,Non-breathing,train
KP014_WWS_NB001_2.42-30.00_13.00-14.00.wav,KP014_WWS_NB001_2.42-30.00.wav,2,Non-breathing,train
KP014_WWS_NB001_2.42-30.00_13.25-14.25.wav,KP014_WWS_NB001_2.42-30.00.wav,2,Non-breathing,train
KP014_WWS_NB001_2.42-30.00_13.50-14.50.wav,KP014_WWS_NB001_2.42-30.00.wav,2,Non-breathing,train
KP014_WWS_NB001_2.42-30.00_13.75-14.75.wav,KP014_WWS_NB001_2.42-30.00.wav,2,Non-breathing,train
KP014_WWS_NB001_2.42-30.00_14.00-15.00.wav,KP014_WWS_NB001_2.42-30.00.wav,2,Non-breathing,train
KP014_WWS_NB001_2.42-30.00_14.25-15.25.wav,KP014_WWS_NB001_2.42-30.00.wav,2,Non-breathing,train
KP014_WWS_NB001_2.42-30.00_14.50-15.50.wav,KP014_WWS_NB001_2.42-30.00.wav,2,Non-breathing,train
KP014_WWS_NB001_2.42-30.00_14.75-15.75.wav,KP014_WWS_NB001_2.42-30.00.wav,2,Non-breathing,train
KP014_WWS_NB001_2.42-30.00_15.00-16.00.wav,KP014_WWS_NB001_2.42-30.00.wav,2,Non-breathing,train
KP014_WWS_NB001_2.42-30.00_15.25-16.25.wav,KP014_WWS_NB001_2.42-30.00.wav,2,Non-breathing,train
KP014_WWS_NB001_2.42-30.00_15.50-16.50.wav,KP014_WWS_NB001_2.42-30.00.wav,2,Non-breathing,train
KP014_WWS_NB001_2.42-30.00_15.75-16.75.wav,KP014_WWS_NB001_2.42-30.00.wav,2,Non-breathing,train
KP014_WWS_NB001_2.42-30.00_16.00-17.00.wav,KP014_WWS_NB001_2.42-30.00.wav,2,Non-breathing,train
KP014_WWS_NB001_2.42-30.00_16.25-17.25.wav,KP014_WWS_NB001_2.42-30.00.wav,2,Non-breathing,train
KP014_WWS_NB001_2.42-30.00_16.50-17.50.wav,KP014_WWS_NB001_2.42-30.00.wav,2,Non-breathing,train
KP014_WWS_NB001_2.42-30.00_16.75-17.75.wav,KP014_WWS_NB001_2.42-30.00.wav,2,Non-breathing,train
KP014_WWS_NB001_2.42-30.00_17.00-18.00.wav,KP014_WWS_NB001_2.42-30.00.wav,2,Non-breathing,train
KP014_WWS_NB001_2.42-30.00_17.25-18.25.wav,KP014_WWS_NB001_2.42-30.00.wav,2,Non-breathing,train
KP014_WWS_NB001_2.42-30.00_17.50-18.50.wav,KP014_WWS_NB001_2.42-30.00.wav,2,Non-breathing,train
KP014_WWS_NB001_2.42-30.00_17.75-18.75.wav,KP014_WWS_NB001_2.42-30.00.wav,2,Non-breathing,train
KP014_WWS_NB001_2.42-30.00_18.00-19.00.wav,KP014_WWS_NB001_2.42-30.00.wav,2,Non-breathing,train
KP014_WWS_NB001_2.42-30.00_18.25-19.25.wav,KP014_WWS_NB001_2.42-30.00.wav,2,Non-breathing,train
KP014_WWS_NB001_2.42-30.00_18.50-19.50.wav,KP014_WWS_NB001_2.42-30.00.wav,2,Non-breathing,train
KP014_WWS_NB001_2.42-30.00_18.75-19.75.wav,KP014_WWS_NB001_2.42-30.00.wav,2,Non-breathing,train
KP014_WWS_NB001_2.42-30.00_19.00-20.00.wav,KP014_WWS_NB001_2.42-30.00.wav,2,Non-breathing,train
KP014_WWS_NB001_2.42-30.00_19.25-20.25.wav,KP014_WWS_NB001_2.42-30.00.wav,2,Non-breathing,train
KP014_WWS_NB001_2.42-30.00_19.50-20.50.wav,KP014_WWS_NB001_2.42-30.00.wav,2,Non-breathing,train
KP014_WWS_NB001_2.42-30.00_19.75-20.75.wav,KP014_WWS_NB001_2.42-30.00.wav,2,Non-breathing,train
KP014_WWS_NB001_2.42-30.00_20.00-21.00.wav,KP014_WWS_NB001_2.42-30.00.wav,2,Non-breathing,train
KP014_WWS_NB001_2.42-30.00_20.25-21.25.wav,KP014_WWS_NB001_2.42-30.00.wav,2,Non-breathing,train
KP014_WWS_NB001_2.42-30.00_20.50-21.50.wav,KP014_WWS_NB001_2.42-30.00.wav,2,Non-breathing,train
KP014_WWS_NB001_2.42-30.00_20.75-21.75.wav,KP014_WWS_NB001_2.42-30.00.wav,2,Non-breathing,train
KP014_WWS_NB001_2.42-30.00_21.00-22.00.wav,KP014_WWS_NB001_2.42-30.00.wav,2,Non-breathing,train
KP014_WWS_NB001_2.42-30.00_21.25-22.25.wav,KP014_WWS_NB001_2.42-30.00.wav,2,Non-breathing,train
KP014_WWS_NB001_2.42-30.00_21.50-22.50.wav,KP014_WWS_NB001_2.42-30.00.wav,2,Non-breathing,train
KP014_WWS_NB001_2.42-30.00_21.75-22.75.wav,KP014_WWS_NB001_2.42-30.00.wav,2,Non-breathing,train
KP014_WWS_NB001_2.42-30.00_22.00-23.00.wav,KP014_WWS_NB001_2.42-30.00.wav,2,Non-breathing,train
KP014_WWS_NB001_2.42-30.00_22.25-23.25.wav,KP014_WWS_NB001_2.42-30.00.wav,2,Non-breathing,train
KP014_WWS_NB001_2.42-30.00_22.50-23.50.wav,KP014_WWS_NB001_2.42-30.00.wav,2,Non-breathing,train
KP014_WWS_NB001_2.42-30.00_22.75-23.75.wav,KP014_WWS_NB001_2.42-30.00.wav,2,Non-breathing,train
KP014_WWS_NB001_2.42-30.00_23.00-24.00.wav,KP014_WWS_NB001_2.42-30.00.wav,2,Non-breathing,train
KP014_WWS_NB001_2.42-30.00_23.25-24.25.wav,KP014_WWS_NB001_2.42-30.00.wav,2,Non-breathing,train
KP014_WWS_NB001_2.42-30.00_23.50-24.50.wav,KP014_WWS_NB001_2.42-30.00.wav,2,Non-breathing,train
KP014_WWS_NB001_2.42-30.00_23.75-24.75.wav,KP014_WWS_NB001_2.42-30.00.wav,2,Non-breathing,train
KP014_WWS_NB001_2.42-30.00_24.00-25.00.wav,KP014_WWS_NB001_2.42-30.00.wav,2,Non-breathing,train
KP014_WWS_NB001_2.42-30.00_24.25-25.25.wav,KP014_WWS_NB001_2.42-30.00.wav,2,Non-breathing,train
KP014_WWS_NB001_2.42-30.00_24.50-25.50.wav,KP014_WWS_NB001_2.42-30.00.wav,2,Non-breathing,train
KP014_WWS_NB001_2.42-30.00_24.75-25.75.wav,KP014_WWS_NB001_2.42-30.00.wav,2,Non-breathing,train
KP014_WWS_NB001_2.42-30.00_25.00-26.00.wav,KP014_WWS_NB001_2.42-30.00.wav,2,Non-breathing,train
KP014_WWS_NB001_2.42-30.00_25.25-26.25.wav,KP014_WWS_NB001_2.42-30.00.wav,2,Non-breathing,train
KP014_WWS_NB001_2.42-30.00_25.50-26.50.wav,KP014_WWS_NB001_2.42-30.00.wav,2,Non-breathing,train
KP014_WWS_NB001_2.42-30.00_25.75-26.75.wav,KP014_WWS_NB001_2.42-30.00.wav,2,Non-breathing,train
KP014_WWS_NB001_2.42-30.00_26.00-27.00.wav,KP014_WWS_NB001_2.42-30.00.wav,2,Non-breathing,train
KP014_WWS_NB001_2.42-30.00_26.25-27.25.wav,KP014_WWS_NB001_2.42-30.00.wav,2,Non-breathing,train
KP014_WWS_NB001_2.42-30.00_26.50-27.50.wav,KP014_WWS_NB001_2.42-30.00.wav,2,Non-breathing,train
KP015_WWS_NB000_0.00-0.85_0.00-1.00.wav,KP015_WWS_NB000_0.00-0.85.wav,2,Non-breathing,train
KP015_WWS_NB001_2.10-30.00_0.00-1.00.wav,KP015_WWS_NB001_2.10-30.00.wav,2,Non-breathing,train
KP015_WWS_NB001_2.10-30.00_0.25-1.25.wav,KP015_WWS_NB001_2.10-30.00.wav,2,Non-breathing,train
KP015_WWS_NB001_2.10-30.00_0.50-1.50.wav,KP015_WWS_NB001_2.10-30.00.wav,2,Non-breathing,train
KP015_WWS_NB001_2.10-30.00_0.75-1.75.wav,KP015_WWS_NB001_2.10-30.00.wav,2,Non-breathing,train
KP015_WWS_NB001_2.10-30.00_1.00-2.00.wav,KP015_WWS_NB001_2.10-30.00.wav,2,Non-breathing,train
KP015_WWS_NB001_2.10-30.00_1.25-2.25.wav,KP015_WWS_NB001_2.10-30.00.wav,2,Non-breathing,train
KP015_WWS_NB001_2.10-30.00_1.50-2.50.wav,KP015_WWS_NB001_2.10-30.00.wav,2,Non-breathing,train
KP015_WWS_NB001_2.10-30.00_1.75-2.75.wav,KP015_WWS_NB001_2.10-30.00.wav,2,Non-breathing,train
KP015_WWS_NB001_2.10-30.00_2.00-3.00.wav,KP015_WWS_NB001_2.10-30.00.wav,2,Non-breathing,train
KP015_WWS_NB001_2.10-30.00_2.25-3.25.wav,KP015_WWS_NB001_2.10-30.00.wav,2,Non-breathing,train
KP015_WWS_NB001_2.10-30.00_2.50-3.50.wav,KP015_WWS_NB001_2.10-30.00.wav,2,Non-breathing,train
KP015_WWS_NB001_2.10-30.00_2.75-3.75.wav,KP015_WWS_NB001_2.10-30.00.wav,2,Non-breathing,train
KP015_WWS_NB001_2.10-30.00_3.00-4.00.wav,KP015_WWS_NB001_2.10-30.00.wav,2,Non-breathing,train
KP015_WWS_NB001_2.10-30.00_3.25-4.25.wav,KP015_WWS_NB001_2.10-30.00.wav,2,Non-breathing,train
KP015_WWS_NB001_2.10-30.00_3.50-4.50.wav,KP015_WWS_NB001_2.10-30.00.wav,2,Non-breathing,train
KP015_WWS_NB001_2.10-30.00_3.75-4.75.wav,KP015_WWS_NB001_2.10-30.00.wav,2,Non-breathing,train
KP015_WWS_NB001_2.10-30.00_4.00-5.00.wav,KP015_WWS_NB001_2.10-30.00.wav,2,Non-breathing,train
KP015_WWS_NB001_2.10-30.00_4.25-5.25.wav,KP015_WWS_NB001_2.10-30.00.wav,2,Non-breathing,train
KP015_WWS_NB001_2.10-30.00_4.50-5.50.wav,KP015_WWS_NB001_2.10-30.00.wav,2,Non-breathing,train
KP015_WWS_NB001_2.10-30.00_4.75-5.75.wav,KP015_WWS_NB001_2.10-30.00.wav,2,Non-breathing,train
KP015_WWS_NB001_2.10-30.00_5.00-6.00.wav,KP015_WWS_NB001_2.10-30.00.wav,2,Non-breathing,train
KP015_WWS_NB001_2.10-30.00_5.25-6.25.wav,KP015_WWS_NB001_2.10-30.00.wav,2,Non-breathing,train
KP015_WWS_NB001_2.10-30.00_5.50-6.50.wav,KP015_WWS_NB001_2.10-30.00.wav,2,Non-breathing,train
KP015_WWS_NB001_2.10-30.00_5.75-6.75.wav,KP015_WWS_NB001_2.10-30.00.wav,2,Non-breathing,train
KP015_WWS_NB001_2.10-30.00_6.00-7.00.wav,KP015_WWS_NB001_2.10-30.00.wav,2,Non-breathing,train
KP015_WWS_NB001_2.10-30.00_6.25-7.25.wav,KP015_WWS_NB001_2.10-30.00.wav,2,Non-breathing,train
KP015_WWS_NB001_2.10-30.00_6.50-7.50.wav,KP015_WWS_NB001_2.10-30.00.wav,2,Non-breathing,train
KP015_WWS_NB001_2.10-30.00_6.75-7.75.wav,KP015_WWS_NB001_2.10-30.00.wav,2,Non-breathing,train
KP015_WWS_NB001_2.10-30.00_7.00-8.00.wav,KP015_WWS_NB001_2.10-30.00.wav,2,Non-breathing,train
KP015_WWS_NB001_2.10-30.00_7.25-8.25.wav,KP015_WWS_NB001_2.10-30.00.wav,2,Non-breathing,train
KP015_WWS_NB001_2.10-30.00_7.50-8.50.wav,KP015_WWS_NB001_2.10-30.00.wav,2,Non-breathing,train
KP015_WWS_NB001_2.10-30.00_7.75-8.75.wav,KP015_WWS_NB001_2.10-30.00.wav,2,Non-breathing,train
KP015_WWS_NB001_2.10-30.00_8.00-9.00.wav,KP015_WWS_NB001_2.10-30.00.wav,2,Non-breathing,train
KP015_WWS_NB001_2.10-30.00_8.25-9.25.wav,KP015_WWS_NB001_2.10-30.00.wav,2,Non-breathing,train
KP015_WWS_NB001_2.10-30.00_8.50-9.50.wav,KP015_WWS_NB001_2.10-30.00.wav,2,Non-breathing,train
KP015_WWS_NB001_2.10-30.00_8.75-9.75.wav,KP015_WWS_NB001_2.10-30.00.wav,2,Non-breathing,train
KP015_WWS_NB001_2.10-30.00_9.00-10.00.wav,KP015_WWS_NB001_2.10-30.00.wav,2,Non-breathing,train
KP015_WWS_NB001_2.10-30.00_9.25-10.25.wav,KP015_WWS_NB001_2.10-30.00.wav,2,Non-breathing,train
KP015_WWS_NB001_2.10-30.00_9.50-10.50.wav,KP015_WWS_NB001_2.10-30.00.wav,2,Non-breathing,train
KP015_WWS_NB001_2.10-30.00_9.75-10.75.wav,KP015_WWS_NB001_2.10-30.00.wav,2,Non-breathing,train
KP015_WWS_NB001_2.10-30.00_10.00-11.00.wav,KP015_WWS_NB001_2.10-30.00.wav,2,Non-breathing,train
KP015_WWS_NB001_2.10-30.00_10.25-11.25.wav,KP015_WWS_NB001_2.10-30.00.wav,2,Non-breathing,train
KP015_WWS_NB001_2.10-30.00_10.50-11.50.wav,KP015_WWS_NB001_2.10-30.00.wav,2,Non-breathing,train
KP015_WWS_NB001_2.10-30.00_10.75-11.75.wav,KP015_WWS_NB001_2.10-30.00.wav,2,Non-breathing,train
KP015_WWS_NB001_2.10-30.00_11.00-12.00.wav,KP015_WWS_NB001_2.10-30.00.wav,2,Non-breathing,train
KP015_WWS_NB001_2.10-30.00_11.25-12.25.wav,KP015_WWS_NB001_2.10-30.00.wav,2,Non-breathing,train
KP015_WWS_NB001_2.10-30.00_11.50-12.50.wav,KP015_WWS_NB001_2.10-30.00.wav,2,Non-breathing,train
KP015_WWS_NB001_2.10-30.00_11.75-12.75.wav,KP015_WWS_NB001_2.10-30.00.wav,2,Non-breathing,train
KP015_WWS_NB001_2.10-30.00_12.00-13.00.wav,KP015_WWS_NB001_2.10-30.00.wav,2,Non-breathing,train
KP015_WWS_NB001_2.10-30.00_12.25-13.25.wav,KP015_WWS_NB001_2.10-30.00.wav,2,Non-breathing,train
KP015_WWS_NB001_2.10-30.00_12.50-13.50.wav,KP015_WWS_NB001_2.10-30.00.wav,2,Non-breathing,train
KP015_WWS_NB001_2.10-30.00_12.75-13.75.wav,KP015_WWS_NB001_2.10-30.00.wav,2,Non-breathing,train
KP015_WWS_NB001_2.10-30.00_13.00-14.00.wav,KP015_WWS_NB001_2.10-30.00.wav,2,Non-breathing,train
KP015_WWS_NB001_2.10-30.00_13.25-14.25.wav,KP015_WWS_NB001_2.10-30.00.wav,2,Non-breathing,train
KP015_WWS_NB001_2.10-30.00_13.50-14.50.wav,KP015_WWS_NB001_2.10-30.00.wav,2,Non-breathing,train
KP015_WWS_NB001_2.10-30.00_13.75-14.75.wav,KP015_WWS_NB001_2.10-30.00.wav,2,Non-breathing,train
KP015_WWS_NB001_2.10-30.00_14.00-15.00.wav,KP015_WWS_NB001_2.10-30.00.wav,2,Non-breathing,train
KP015_WWS_NB001_2.10-30.00_14.25-15.25.wav,KP015_WWS_NB001_2.10-30.00.wav,2,Non-breathing,train
KP015_WWS_NB001_2.10-30.00_14.50-15.50.wav,KP015_WWS_NB001_2.10-30.00.wav,2,Non-breathing,train
KP015_WWS_NB001_2.10-30.00_14.75-15.75.wav,KP015_WWS_NB001_2.10-30.00.wav,2,Non-breathing,train
KP015_WWS_NB001_2.10-30.00_15.00-16.00.wav,KP015_WWS_NB001_2.10-30.00.wav,2,Non-breathing,train
KP015_WWS_NB001_2.10-30.00_15.25-16.25.wav,KP015_WWS_NB001_2.10-30.00.wav,2,Non-breathing,train
KP015_WWS_NB001_2.10-30.00_15.50-16.50.wav,KP015_WWS_NB001_2.10-30.00.wav,2,Non-breathing,train
KP015_WWS_NB001_2.10-30.00_15.75-16.75.wav,KP015_WWS_NB001_2.10-30.00.wav,2,Non-breathing,train
KP015_WWS_NB001_2.10-30.00_16.00-17.00.wav,KP015_WWS_NB001_2.10-30.00.wav,2,Non-breathing,train
KP015_WWS_NB001_2.10-30.00_16.25-17.25.wav,KP015_WWS_NB001_2.10-30.00.wav,2,Non-breathing,train
KP015_WWS_NB001_2.10-30.00_16.50-17.50.wav,KP015_WWS_NB001_2.10-30.00.wav,2,Non-breathing,train
KP015_WWS_NB001_2.10-30.00_16.75-17.75.wav,KP015_WWS_NB001_2.10-30.00.wav,2,Non-breathing,train
KP015_WWS_NB001_2.10-30.00_17.00-18.00.wav,KP015_WWS_NB001_2.10-30.00.wav,2,Non-breathing,train
KP015_WWS_NB001_2.10-30.00_17.25-18.25.wav,KP015_WWS_NB001_2.10-30.00.wav,2,Non-breathing,train
KP015_WWS_NB001_2.10-30.00_17.50-18.50.wav,KP015_WWS_NB001_2.10-30.00.wav,2,Non-breathing,train
KP015_WWS_NB001_2.10-30.00_17.75-18.75.wav,KP015_WWS_NB001_2.10-30.00.wav,2,Non-breathing,train
KP015_WWS_NB001_2.10-30.00_18.00-19.00.wav,KP015_WWS_NB001_2.10-30.00.wav,2,Non-breathing,train
KP015_WWS_NB001_2.10-30.00_18.25-19.25.wav,KP015_WWS_NB001_2.10-30.00.wav,2,Non-breathing,train
KP015_WWS_NB001_2.10-30.00_18.50-19.50.wav,KP015_WWS_NB001_2.10-30.00.wav,2,Non-breathing,train
KP015_WWS_NB001_2.10-30.00_18.75-19.75.wav,KP015_WWS_NB001_2.10-30.00.wav,2,Non-breathing,train
KP015_WWS_NB001_2.10-30.00_19.00-20.00.wav,KP015_WWS_NB001_2.10-30.00.wav,2,Non-breathing,train
KP015_WWS_NB001_2.10-30.00_19.25-20.25.wav,KP015_WWS_NB001_2.10-30.00.wav,2,Non-breathing,train
KP015_WWS_NB001_2.10-30.00_19.50-20.50.wav,KP015_WWS_NB001_2.10-30.00.wav,2,Non-breathing,train
KP015_WWS_NB001_2.10-30.00_19.75-20.75.wav,KP015_WWS_NB001_2.10-30.00.wav,2,Non-breathing,train
KP015_WWS_NB001_2.10-30.00_20.00-21.00.wav,KP015_WWS_NB001_2.10-30.00.wav,2,Non-breathing,train
KP015_WWS_NB001_2.10-30.00_20.25-21.25.wav,KP015_WWS_NB001_2.10-30.00.wav,2,Non-breathing,train
KP015_WWS_NB001_2.10-30.00_20.50-21.50.wav,KP015_WWS_NB001_2.10-30.00.wav,2,Non-breathing,train
KP015_WWS_NB001_2.10-30.00_20.75-21.75.wav,KP015_WWS_NB001_2.10-30.00.wav,2,Non-breathing,train
KP015_WWS_NB001_2.10-30.00_21.00-22.00.wav,KP015_WWS_NB001_2.10-30.00.wav,2,Non-breathing,train
KP015_WWS_NB001_2.10-30.00_21.25-22.25.wav,KP015_WWS_NB001_2.10-30.00.wav,2,Non-breathing,train
KP015_WWS_NB001_2.10-30.00_21.50-22.50.wav,KP015_WWS_NB001_2.10-30.00.wav,2,Non-breathing,train
KP015_WWS_NB001_2.10-30.00_21.75-22.75.wav,KP015_WWS_NB001_2.10-30.00.wav,2,Non-breathing,train
KP015_WWS_NB001_2.10-30.00_22.00-23.00.wav,KP015_WWS_NB001_2.10-30.00.wav,2,Non-breathing,train
KP015_WWS_NB001_2.10-30.00_22.25-23.25.wav,KP015_WWS_NB001_2.10-30.00.wav,2,Non-breathing,train
KP015_WWS_NB001_2.10-30.00_22.50-23.50.wav,KP015_WWS_NB001_2.10-30.00.wav,2,Non-breathing,train
KP015_WWS_NB001_2.10-30.00_22.75-23.75.wav,KP015_WWS_NB001_2.10-30.00.wav,2,Non-breathing,train
KP015_WWS_NB001_2.10-30.00_23.00-24.00.wav,KP015_WWS_NB001_2.10-30.00.wav,2,Non-breathing,train
KP015_WWS_NB001_2.10-30.00_23.25-24.25.wav,KP015_WWS_NB001_2.10-30.00.wav,2,Non-breathing,train
KP015_WWS_NB001_2.10-30.00_23.50-24.50.wav,KP015_WWS_NB001_2.10-30.00.wav,2,Non-breathing,train
KP015_WWS_NB001_2.10-30.00_23.75-24.75.wav,KP015_WWS_NB001_2.10-30.00.wav,2,Non-breathing,train
KP015_WWS_NB001_2.10-30.00_24.00-25.00.wav,KP015_WWS_NB001_2.10-30.00.wav,2,Non-breathing,train
KP015_WWS_NB001_2.10-30.00_24.25-25.25.wav,KP015_WWS_NB001_2.10-30.00.wav,2,Non-breathing,train
KP015_WWS_NB001_2.10-30.00_24.50-25.50.wav,KP015_WWS_NB001_2.10-30.00.wav,2,Non-breathing,train
KP015_WWS_NB001_2.10-30.00_24.75-25.75.wav,KP015_WWS_NB001_2.10-30.00.wav,2,Non-breathing,train
KP015_WWS_NB001_2.10-30.00_25.00-26.00.wav,KP015_WWS_NB001_2.10-30.00.wav,2,Non-breathing,train
KP015_WWS_NB001_2.10-30.00_25.25-26.25.wav,KP015_WWS_NB001_2.10-30.00.wav,2,Non-breathing,train
KP015_WWS_NB001_2.10-30.00_25.50-26.50.wav,KP015_WWS_NB001_2.10-30.00.wav,2,Non-breathing,train
KP015_WWS_NB001_2.10-30.00_25.75-26.75.wav,KP015_WWS_NB001_2.10-30.00.wav,2,Non-breathing,train
KP015_WWS_NB001_2.10-30.00_26.00-27.00.wav,KP015_WWS_NB001_2.10-30.00.wav,2,Non-breathing,train
KP015_WWS_NB001_2.10-30.00_26.25-27.25.wav,KP015_WWS_NB001_2.10-30.00.wav,2,Non-breathing,train
KP015_WWS_NB001_2.10-30.00_26.50-27.50.wav,KP015_WWS_NB001_2.10-30.00.wav,2,Non-breathing,train
KP015_WWS_NB001_2.10-30.00_26.75-27.75.wav,KP015_WWS_NB001_2.10-30.00.wav,2,Non-breathing,train
KP016_WWS_NB000_0.00-0.26_0.00-1.00.wav,KP016_WWS_NB000_0.00-0.26.wav,2,Non-breathing,train
KP016_WWS_NB001_2.07-2.39_0.00-1.00.wav,KP016_WWS_NB001_2.07-2.39.wav,2,Non-breathing,train
KP016_WWS_NB002_3.48-6.46_0.00-1.00.wav,KP016_WWS_NB002_3.48-6.46.wav,2,Non-breathing,train
KP016_WWS_NB002_3.48-6.46_0.25-1.25.wav,KP016_WWS_NB002_3.48-6.46.wav,2,Non-breathing,train
KP016_WWS_NB002_3.48-6.46_0.50-1.50.wav,KP016_WWS_NB002_3.48-6.46.wav,2,Non-breathing,train
KP016_WWS_NB002_3.48-6.46_0.75-1.75.wav,KP016_WWS_NB002_3.48-6.46.wav,2,Non-breathing,train
KP016_WWS_NB002_3.48-6.46_1.00-2.00.wav,KP016_WWS_NB002_3.48-6.46.wav,2,Non-breathing,train
KP016_WWS_NB002_3.48-6.46_1.25-2.25.wav,KP016_WWS_NB002_3.48-6.46.wav,2,Non-breathing,train
KP016_WWS_NB002_3.48-6.46_1.50-2.50.wav,KP016_WWS_NB002_3.48-6.46.wav,2,Non-breathing,train
KP016_WWS_NB002_3.48-6.46_1.75-2.75.wav,KP016_WWS_NB002_3.48-6.46.wav,2,Non-breathing,train
KP016_WWS_NB003_8.00-8.26_0.00-1.00.wav,KP016_WWS_NB003_8.00-8.26.wav,2,Non-breathing,train
KP016_WWS_NB004_9.44-11.12_0.00-1.00.wav,KP016_WWS_NB004_9.44-11.12.wav,2,Non-breathing,train
KP016_WWS_NB004_9.44-11.12_0.25-1.25.wav,KP016_WWS_NB004_9.44-11.12.wav,2,Non-breathing,train
KP016_WWS_NB004_9.44-11.12_0.50-1.50.wav,KP016_WWS_NB004_9.44-11.12.wav,2,Non-breathing,train
KP016_WWS_NB005_12.39-12.92_0.00-1.00.wav,KP016_WWS_NB005_12.39-12.92.wav,2,Non-breathing,train
KP016_WWS_NB006_14.03-15.77_0.00-1.00.wav,KP016_WWS_NB006_14.03-15.77.wav,2,Non-breathing,train
KP016_WWS_NB006_14.03-15.77_0.25-1.25.wav,KP016_WWS_NB006_14.03-15.77.wav,2,Non-breathing,train
KP016_WWS_NB006_14.03-15.77_0.50-1.50.wav,KP016_WWS_NB006_14.03-15.77.wav,2,Non-breathing,train
KP016_WWS_NB009_22.03-22.39_0.00-1.00.wav,KP016_WWS_NB009_22.03-22.39.wav,2,Non-breathing,train
KP016_WWS_NB010_23.64-25.84_0.00-1.00.wav,KP016_WWS_NB010_23.64-25.84.wav,2,Non-breathing,train
KP016_WWS_NB010_23.64-25.84_0.25-1.25.wav,KP016_WWS_NB010_23.64-25.84.wav,2,Non-breathing,train
KP016_WWS_NB010_23.64-25.84_0.50-1.50.wav,KP016_WWS_NB010_23.64-25.84.wav,2,Non-breathing,train
KP016_WWS_NB010_23.64-25.84_0.75-1.75.wav,KP016_WWS_NB010_23.64-25.84.wav,2,Non-breathing,train
KP016_WWS_NB010_23.64-25.84_1.00-2.00.wav,KP016_WWS_NB010_23.64-25.84.wav,2,Non-breathing,train
KP016_WWS_NB011_27.05-27.64_0.00-1.00.wav,KP016_WWS_NB011_27.05-27.64.wav,2,Non-breathing,train
KP016_WWS_NB012_28.75-30.00_0.00-1.00.wav,KP016_WWS_NB012_28.75-30.00.wav,2,Non-breathing,train
KP017_WWS_1_NB002_5.15-5.57_0.00-1.00.wav,KP017_WWS_1_NB002_5.15-5.57.wav,2,Non-breathing,train
KP017_WWS_1_NB003_7.61-8.49_0.00-1.00.wav,KP017_WWS_1_NB003_7.61-8.49.wav,2,Non-breathing,train
KP017_WWS_1_NB004_9.90-10.39_0.00-1.00.wav,KP017_WWS_1_NB004_9.90-10.39.wav,2,Non-breathing,train
KP017_WWS_1_NB005_12.33-12.95_0.00-1.00.wav,KP017_WWS_1_NB005_12.33-12.95.wav,2,Non-breathing,train
KP017_WWS_1_NB006_14.33-15.44_0.00-1.00.wav,KP017_WWS_1_NB006_14.33-15.44.wav,2,Non-breathing,train
KP017_WWS_1_NB007_17.38-17.87_0.00-1.00.wav,KP017_WWS_1_NB007_17.38-17.87.wav,2,Non-breathing,train
KP017_WWS_1_NB008_20.49-20.75_0.00-1.00.wav,KP017_WWS_1_NB008_20.49-20.75.wav,2,Non-breathing,train
KP017_WWS_1_NB009_22.82-23.34_0.00-1.00.wav,KP017_WWS_1_NB009_22.82-23.34.wav,2,Non-breathing,train
KP017_WWS_1_NB010_24.66-25.41_0.00-1.00.wav,KP017_WWS_1_NB010_24.66-25.41.wav,2,Non-breathing,train
KP017_WWS_1_NB011_27.02-27.97_0.00-1.00.wav,KP017_WWS_1_NB011_27.02-27.97.wav,2,Non-breathing,train
KP017_WWS_2_NB000_0.00-0.89_0.00-1.00.wav,KP017_WWS_2_NB000_0.00-0.89.wav,2,Non-breathing,train
KP017_WWS_2_NB001_2.66-30.00_0.00-1.00.wav,KP017_WWS_2_NB001_2.66-30.00.wav,2,Non-breathing,train
KP017_WWS_2_NB001_2.66-30.00_0.25-1.25.wav,KP017_WWS_2_NB001_2.66-30.00.wav,2,Non-breathing,train
KP017_WWS_2_NB001_2.66-30.00_0.50-1.50.wav,KP017_WWS_2_NB001_2.66-30.00.wav,2,Non-breathing,train
KP017_WWS_2_NB001_2.66-30.00_0.75-1.75.wav,KP017_WWS_2_NB001_2.66-30.00.wav,2,Non-breathing,train
KP017_WWS_2_NB001_2.66-30.00_1.00-2.00.wav,KP017_WWS_2_NB001_2.66-30.00.wav,2,Non-breathing,train
KP017_WWS_2_NB001_2.66-30.00_1.25-2.25.wav,KP017_WWS_2_NB001_2.66-30.00.wav,2,Non-breathing,train
KP017_WWS_2_NB001_2.66-30.00_1.50-2.50.wav,KP017_WWS_2_NB001_2.66-30.00.wav,2,Non-breathing,train
KP017_WWS_2_NB001_2.66-30.00_1.75-2.75.wav,KP017_WWS_2_NB001_2.66-30.00.wav,2,Non-breathing,train
KP017_WWS_2_NB001_2.66-30.00_2.00-3.00.wav,KP017_WWS_2_NB001_2.66-30.00.wav,2,Non-breathing,train
KP017_WWS_2_NB001_2.66-30.00_2.25-3.25.wav,KP017_WWS_2_NB001_2.66-30.00.wav,2,Non-breathing,train
KP017_WWS_2_NB001_2.66-30.00_2.50-3.50.wav,KP017_WWS_2_NB001_2.66-30.00.wav,2,Non-breathing,train
KP017_WWS_2_NB001_2.66-30.00_2.75-3.75.wav,KP017_WWS_2_NB001_2.66-30.00.wav,2,Non-breathing,train
KP017_WWS_2_NB001_2.66-30.00_3.00-4.00.wav,KP017_WWS_2_NB001_2.66-30.00.wav,2,Non-breathing,train
KP017_WWS_2_NB001_2.66-30.00_3.25-4.25.wav,KP017_WWS_2_NB001_2.66-30.00.wav,2,Non-breathing,train
KP017_WWS_2_NB001_2.66-30.00_3.50-4.50.wav,KP017_WWS_2_NB001_2.66-30.00.wav,2,Non-breathing,train
KP017_WWS_2_NB001_2.66-30.00_3.75-4.75.wav,KP017_WWS_2_NB001_2.66-30.00.wav,2,Non-breathing,train
KP017_WWS_2_NB001_2.66-30.00_4.00-5.00.wav,KP017_WWS_2_NB001_2.66-30.00.wav,2,Non-breathing,train
KP017_WWS_2_NB001_2.66-30.00_4.25-5.25.wav,KP017_WWS_2_NB001_2.66-30.00.wav,2,Non-breathing,train
KP017_WWS_2_NB001_2.66-30.00_4.50-5.50.wav,KP017_WWS_2_NB001_2.66-30.00.wav,2,Non-breathing,train
KP017_WWS_2_NB001_2.66-30.00_4.75-5.75.wav,KP017_WWS_2_NB001_2.66-30.00.wav,2,Non-breathing,train
KP017_WWS_2_NB001_2.66-30.00_5.00-6.00.wav,KP017_WWS_2_NB001_2.66-30.00.wav,2,Non-breathing,train
KP017_WWS_2_NB001_2.66-30.00_5.25-6.25.wav,KP017_WWS_2_NB001_2.66-30.00.wav,2,Non-breathing,train
KP017_WWS_2_NB001_2.66-30.00_5.50-6.50.wav,KP017_WWS_2_NB001_2.66-30.00.wav,2,Non-breathing,train
KP017_WWS_2_NB001_2.66-30.00_5.75-6.75.wav,KP017_WWS_2_NB001_2.66-30.00.wav,2,Non-breathing,train
KP017_WWS_2_NB001_2.66-30.00_6.00-7.00.wav,KP017_WWS_2_NB001_2.66-30.00.wav,2,Non-breathing,train
KP017_WWS_2_NB001_2.66-30.00_6.25-7.25.wav,KP017_WWS_2_NB001_2.66-30.00.wav,2,Non-breathing,train
KP017_WWS_2_NB001_2.66-30.00_6.50-7.50.wav,KP017_WWS_2_NB001_2.66-30.00.wav,2,Non-breathing,train
KP017_WWS_2_NB001_2.66-30.00_6.75-7.75.wav,KP017_WWS_2_NB001_2.66-30.00.wav,2,Non-breathing,train
KP017_WWS_2_NB001_2.66-30.00_7.00-8.00.wav,KP017_WWS_2_NB001_2.66-30.00.wav,2,Non-breathing,train
KP017_WWS_2_NB001_2.66-30.00_7.25-8.25.wav,KP017_WWS_2_NB001_2.66-30.00.wav,2,Non-breathing,train
KP017_WWS_2_NB001_2.66-30.00_7.50-8.50.wav,KP017_WWS_2_NB001_2.66-30.00.wav,2,Non-breathing,train
KP017_WWS_2_NB001_2.66-30.00_7.75-8.75.wav,KP017_WWS_2_NB001_2.66-30.00.wav,2,Non-breathing,train
KP017_WWS_2_NB001_2.66-30.00_8.00-9.00.wav,KP017_WWS_2_NB001_2.66-30.00.wav,2,Non-breathing,train
KP017_WWS_2_NB001_2.66-30.00_8.25-9.25.wav,KP017_WWS_2_NB001_2.66-30.00.wav,2,Non-breathing,train
KP017_WWS_2_NB001_2.66-30.00_8.50-9.50.wav,KP017_WWS_2_NB001_2.66-30.00.wav,2,Non-breathing,train
KP017_WWS_2_NB001_2.66-30.00_8.75-9.75.wav,KP017_WWS_2_NB001_2.66-30.00.wav,2,Non-breathing,train
KP017_WWS_2_NB001_2.66-30.00_9.00-10.00.wav,KP017_WWS_2_NB001_2.66-30.00.wav,2,Non-breathing,train
KP017_WWS_2_NB001_2.66-30.00_9.25-10.25.wav,KP017_WWS_2_NB001_2.66-30.00.wav,2,Non-breathing,train
KP017_WWS_2_NB001_2.66-30.00_9.50-10.50.wav,KP017_WWS_2_NB001_2.66-30.00.wav,2,Non-breathing,train
KP017_WWS_2_NB001_2.66-30.00_9.75-10.75.wav,KP017_WWS_2_NB001_2.66-30.00.wav,2,Non-breathing,train
KP017_WWS_2_NB001_2.66-30.00_10.00-11.00.wav,KP017_WWS_2_NB001_2.66-30.00.wav,2,Non-breathing,train
KP017_WWS_2_NB001_2.66-30.00_10.25-11.25.wav,KP017_WWS_2_NB001_2.66-30.00.wav,2,Non-breathing,train
KP017_WWS_2_NB001_2.66-30.00_10.50-11.50.wav,KP017_WWS_2_NB001_2.66-30.00.wav,2,Non-breathing,train
KP017_WWS_2_NB001_2.66-30.00_10.75-11.75.wav,KP017_WWS_2_NB001_2.66-30.00.wav,2,Non-breathing,train
KP017_WWS_2_NB001_2.66-30.00_11.00-12.00.wav,KP017_WWS_2_NB001_2.66-30.00.wav,2,Non-breathing,train
KP017_WWS_2_NB001_2.66-30.00_11.25-12.25.wav,KP017_WWS_2_NB001_2.66-30.00.wav,2,Non-breathing,train
KP017_WWS_2_NB001_2.66-30.00_11.50-12.50.wav,KP017_WWS_2_NB001_2.66-30.00.wav,2,Non-breathing,train
KP017_WWS_2_NB001_2.66-30.00_11.75-12.75.wav,KP017_WWS_2_NB001_2.66-30.00.wav,2,Non-breathing,train
KP017_WWS_2_NB001_2.66-30.00_12.00-13.00.wav,KP017_WWS_2_NB001_2.66-30.00.wav,2,Non-breathing,train
KP017_WWS_2_NB001_2.66-30.00_12.25-13.25.wav,KP017_WWS_2_NB001_2.66-30.00.wav,2,Non-breathing,train
KP017_WWS_2_NB001_2.66-30.00_12.50-13.50.wav,KP017_WWS_2_NB001_2.66-30.00.wav,2,Non-breathing,train
KP017_WWS_2_NB001_2.66-30.00_12.75-13.75.wav,KP017_WWS_2_NB001_2.66-30.00.wav,2,Non-breathing,train
KP017_WWS_2_NB001_2.66-30.00_13.00-14.00.wav,KP017_WWS_2_NB001_2.66-30.00.wav,2,Non-breathing,train
KP017_WWS_2_NB001_2.66-30.00_13.25-14.25.wav,KP017_WWS_2_NB001_2.66-30.00.wav,2,Non-breathing,train
KP017_WWS_2_NB001_2.66-30.00_13.50-14.50.wav,KP017_WWS_2_NB001_2.66-30.00.wav,2,Non-breathing,train
KP017_WWS_2_NB001_2.66-30.00_13.75-14.75.wav,KP017_WWS_2_NB001_2.66-30.00.wav,2,Non-breathing,train
KP017_WWS_2_NB001_2.66-30.00_14.00-15.00.wav,KP017_WWS_2_NB001_2.66-30.00.wav,2,Non-breathing,train
KP017_WWS_2_NB001_2.66-30.00_14.25-15.25.wav,KP017_WWS_2_NB001_2.66-30.00.wav,2,Non-breathing,train
KP017_WWS_2_NB001_2.66-30.00_14.50-15.50.wav,KP017_WWS_2_NB001_2.66-30.00.wav,2,Non-breathing,train
KP017_WWS_2_NB001_2.66-30.00_14.75-15.75.wav,KP017_WWS_2_NB001_2.66-30.00.wav,2,Non-breathing,train
KP017_WWS_2_NB001_2.66-30.00_15.00-16.00.wav,KP017_WWS_2_NB001_2.66-30.00.wav,2,Non-breathing,train
KP017_WWS_2_NB001_2.66-30.00_15.25-16.25.wav,KP017_WWS_2_NB001_2.66-30.00.wav,2,Non-breathing,train
KP017_WWS_2_NB001_2.66-30.00_15.50-16.50.wav,KP017_WWS_2_NB001_2.66-30.00.wav,2,Non-breathing,train
KP017_WWS_2_NB001_2.66-30.00_15.75-16.75.wav,KP017_WWS_2_NB001_2.66-30.00.wav,2,Non-breathing,train
KP017_WWS_2_NB001_2.66-30.00_16.00-17.00.wav,KP017_WWS_2_NB001_2.66-30.00.wav,2,Non-breathing,train
KP017_WWS_2_NB001_2.66-30.00_16.25-17.25.wav,KP017_WWS_2_NB001_2.66-30.00.wav,2,Non-breathing,train
KP017_WWS_2_NB001_2.66-30.00_16.50-17.50.wav,KP017_WWS_2_NB001_2.66-30.00.wav,2,Non-breathing,train
KP017_WWS_2_NB001_2.66-30.00_16.75-17.75.wav,KP017_WWS_2_NB001_2.66-30.00.wav,2,Non-breathing,train
KP017_WWS_2_NB001_2.66-30.00_17.00-18.00.wav,KP017_WWS_2_NB001_2.66-30.00.wav,2,Non-breathing,train
KP017_WWS_2_NB001_2.66-30.00_17.25-18.25.wav,KP017_WWS_2_NB001_2.66-30.00.wav,2,Non-breathing,train
KP017_WWS_2_NB001_2.66-30.00_17.50-18.50.wav,KP017_WWS_2_NB001_2.66-30.00.wav,2,Non-breathing,train
KP017_WWS_2_NB001_2.66-30.00_17.75-18.75.wav,KP017_WWS_2_NB001_2.66-30.00.wav,2,Non-breathing,train
KP017_WWS_2_NB001_2.66-30.00_18.00-19.00.wav,KP017_WWS_2_NB001_2.66-30.00.wav,2,Non-breathing,train
KP017_WWS_2_NB001_2.66-30.00_18.25-19.25.wav,KP017_WWS_2_NB001_2.66-30.00.wav,2,Non-breathing,train
KP017_WWS_2_NB001_2.66-30.00_18.50-19.50.wav,KP017_WWS_2_NB001_2.66-30.00.wav,2,Non-breathing,train
KP017_WWS_2_NB001_2.66-30.00_18.75-19.75.wav,KP017_WWS_2_NB001_2.66-30.00.wav,2,Non-breathing,train
KP017_WWS_2_NB001_2.66-30.00_19.00-20.00.wav,KP017_WWS_2_NB001_2.66-30.00.wav,2,Non-breathing,train
KP017_WWS_2_NB001_2.66-30.00_19.25-20.25.wav,KP017_WWS_2_NB001_2.66-30.00.wav,2,Non-breathing,train
KP017_WWS_2_NB001_2.66-30.00_19.50-20.50.wav,KP017_WWS_2_NB001_2.66-30.00.wav,2,Non-breathing,train
KP017_WWS_2_NB001_2.66-30.00_19.75-20.75.wav,KP017_WWS_2_NB001_2.66-30.00.wav,2,Non-breathing,train
KP017_WWS_2_NB001_2.66-30.00_20.00-21.00.wav,KP017_WWS_2_NB001_2.66-30.00.wav,2,Non-breathing,train
KP017_WWS_2_NB001_2.66-30.00_20.25-21.25.wav,KP017_WWS_2_NB001_2.66-30.00.wav,2,Non-breathing,train
KP017_WWS_2_NB001_2.66-30.00_20.50-21.50.wav,KP017_WWS_2_NB001_2.66-30.00.wav,2,Non-breathing,train
KP017_WWS_2_NB001_2.66-30.00_20.75-21.75.wav,KP017_WWS_2_NB001_2.66-30.00.wav,2,Non-breathing,train
KP017_WWS_2_NB001_2.66-30.00_21.00-22.00.wav,KP017_WWS_2_NB001_2.66-30.00.wav,2,Non-breathing,train
KP017_WWS_2_NB001_2.66-30.00_21.25-22.25.wav,KP017_WWS_2_NB001_2.66-30.00.wav,2,Non-breathing,train
KP017_WWS_2_NB001_2.66-30.00_21.50-22.50.wav,KP017_WWS_2_NB001_2.66-30.00.wav,2,Non-breathing,train
KP017_WWS_2_NB001_2.66-30.00_21.75-22.75.wav,KP017_WWS_2_NB001_2.66-30.00.wav,2,Non-breathing,train
KP017_WWS_2_NB001_2.66-30.00_22.00-23.00.wav,KP017_WWS_2_NB001_2.66-30.00.wav,2,Non-breathing,train
KP017_WWS_2_NB001_2.66-30.00_22.25-23.25.wav,KP017_WWS_2_NB001_2.66-30.00.wav,2,Non-breathing,train
KP017_WWS_2_NB001_2.66-30.00_22.50-23.50.wav,KP017_WWS_2_NB001_2.66-30.00.wav,2,Non-breathing,train
KP017_WWS_2_NB001_2.66-30.00_22.75-23.75.wav,KP017_WWS_2_NB001_2.66-30.00.wav,2,Non-breathing,train
KP017_WWS_2_NB001_2.66-30.00_23.00-24.00.wav,KP017_WWS_2_NB001_2.66-30.00.wav,2,Non-breathing,train
KP017_WWS_2_NB001_2.66-30.00_23.25-24.25.wav,KP017_WWS_2_NB001_2.66-30.00.wav,2,Non-breathing,train
KP017_WWS_2_NB001_2.66-30.00_23.50-24.50.wav,KP017_WWS_2_NB001_2.66-30.00.wav,2,Non-breathing,train
KP017_WWS_2_NB001_2.66-30.00_23.75-24.75.wav,KP017_WWS_2_NB001_2.66-30.00.wav,2,Non-breathing,train
KP017_WWS_2_NB001_2.66-30.00_24.00-25.00.wav,KP017_WWS_2_NB001_2.66-30.00.wav,2,Non-breathing,train
KP017_WWS_2_NB001_2.66-30.00_24.25-25.25.wav,KP017_WWS_2_NB001_2.66-30.00.wav,2,Non-breathing,train
KP017_WWS_2_NB001_2.66-30.00_24.50-25.50.wav,KP017_WWS_2_NB001_2.66-30.00.wav,2,Non-breathing,train
KP017_WWS_2_NB001_2.66-30.00_24.75-25.75.wav,KP017_WWS_2_NB001_2.66-30.00.wav,2,Non-breathing,train
KP017_WWS_2_NB001_2.66-30.00_25.00-26.00.wav,KP017_WWS_2_NB001_2.66-30.00.wav,2,Non-breathing,train
KP017_WWS_2_NB001_2.66-30.00_25.25-26.25.wav,KP017_WWS_2_NB001_2.66-30.00.wav,2,Non-breathing,train
KP017_WWS_2_NB001_2.66-30.00_25.50-26.50.wav,KP017_WWS_2_NB001_2.66-30.00.wav,2,Non-breathing,train
KP017_WWS_2_NB001_2.66-30.00_25.75-26.75.wav,KP017_WWS_2_NB001_2.66-30.00.wav,2,Non-breathing,train
KP017_WWS_2_NB001_2.66-30.00_26.00-27.00.wav,KP017_WWS_2_NB001_2.66-30.00.wav,2,Non-breathing,train
KP017_WWS_2_NB001_2.66-30.00_26.25-27.25.wav,KP017_WWS_2_NB001_2.66-30.00.wav,2,Non-breathing,train
KP018_WWS_NB000_0.00-0.74_0.00-1.00.wav,KP018_WWS_NB000_0.00-0.74.wav,2,Non-breathing,train
KP018_WWS_NB002_3.72-5.78_0.00-1.00.wav,KP018_WWS_NB002_3.72-5.78.wav,2,Non-breathing,train
KP018_WWS_NB002_3.72-5.78_0.25-1.25.wav,KP018_WWS_NB002_3.72-5.78.wav,2,Non-breathing,train
KP018_WWS_NB002_3.72-5.78_0.50-1.50.wav,KP018_WWS_NB002_3.72-5.78.wav,2,Non-breathing,train
KP018_WWS_NB002_3.72-5.78_0.75-1.75.wav,KP018_WWS_NB002_3.72-5.78.wav,2,Non-breathing,train
KP018_WWS_NB002_3.72-5.78_1.00-2.00.wav,KP018_WWS_NB002_3.72-5.78.wav,2,Non-breathing,train
KP018_WWS_NB003_7.76-7.89_0.00-1.00.wav,KP018_WWS_NB003_7.76-7.89.wav,2,Non-breathing,train
KP018_WWS_NB004_9.43-11.13_0.00-1.00.wav,KP018_WWS_NB004_9.43-11.13.wav,2,Non-breathing,train
KP018_WWS_NB004_9.43-11.13_0.25-1.25.wav,KP018_WWS_NB004_9.43-11.13.wav,2,Non-breathing,train
KP018_WWS_NB004_9.43-11.13_0.50-1.50.wav,KP018_WWS_NB004_9.43-11.13.wav,2,Non-breathing,train
KP018_WWS_NB005_12.71-12.87_0.00-1.00.wav,KP018_WWS_NB005_12.71-12.87.wav,2,Non-breathing,train
KP018_WWS_NB007_18.10-18.29_0.00-1.00.wav,KP018_WWS_NB007_18.10-18.29.wav,2,Non-breathing,train
KP018_WWS_NB008_19.22-20.79_0.00-1.00.wav,KP018_WWS_NB008_19.22-20.79.wav,2,Non-breathing,train
KP018_WWS_NB008_19.22-20.79_0.25-1.25.wav,KP018_WWS_NB008_19.22-20.79.wav,2,Non-breathing,train
KP018_WWS_NB008_19.22-20.79_0.50-1.50.wav,KP018_WWS_NB008_19.22-20.79.wav,2,Non-breathing,train
KP018_WWS_NB009_22.75-22.94_0.00-1.00.wav,KP018_WWS_NB009_22.75-22.94.wav,2,Non-breathing,train
KP018_WWS_NB010_24.26-25.48_0.00-1.00.wav,KP018_WWS_NB010_24.26-25.48.wav,2,Non-breathing,train
KP018_WWS_NB011_27.40-27.63_0.00-1.00.wav,KP018_WWS_NB011_27.40-27.63.wav,2,Non-breathing,train
KP018_WWS_NB012_28.62-30.00_0.00-1.00.wav,KP018_WWS_NB012_28.62-30.00.wav,2,Non-breathing,train
KP018_WWS_NB012_28.62-30.00_0.25-1.25.wav,KP018_WWS_NB012_28.62-30.00.wav,2,Non-breathing,train
KP019_WWS_1_NB000_1.96-5.39_0.00-1.00.wav,KP019_WWS_1_NB000_1.96-5.39.wav,2,Non-breathing,train
KP019_WWS_1_NB000_1.96-5.39_0.25-1.25.wav,KP019_WWS_1_NB000_1.96-5.39.wav,2,Non-breathing,train
KP019_WWS_1_NB000_1.96-5.39_0.50-1.50.wav,KP019_WWS_1_NB000_1.96-5.39.wav,2,Non-breathing,train
KP019_WWS_1_NB000_1.96-5.39_0.75-1.75.wav,KP019_WWS_1_NB000_1.96-5.39.wav,2,Non-breathing,train
KP019_WWS_1_NB000_1.96-5.39_1.00-2.00.wav,KP019_WWS_1_NB000_1.96-5.39.wav,2,Non-breathing,train
KP019_WWS_1_NB000_1.96-5.39_1.25-2.25.wav,KP019_WWS_1_NB000_1.96-5.39.wav,2,Non-breathing,train
KP019_WWS_1_NB000_1.96-5.39_1.50-2.50.wav,KP019_WWS_1_NB000_1.96-5.39.wav,2,Non-breathing,train
KP019_WWS_1_NB000_1.96-5.39_1.75-2.75.wav,KP019_WWS_1_NB000_1.96-5.39.wav,2,Non-breathing,train
KP019_WWS_1_NB000_1.96-5.39_2.00-3.00.wav,KP019_WWS_1_NB000_1.96-5.39.wav,2,Non-breathing,train
KP019_WWS_1_NB000_1.96-5.39_2.25-3.25.wav,KP019_WWS_1_NB000_1.96-5.39.wav,2,Non-breathing,train
KP019_WWS_1_NB001_7.80-9.14_0.00-1.00.wav,KP019_WWS_1_NB001_7.80-9.14.wav,2,Non-breathing,train
KP019_WWS_1_NB001_7.80-9.14_0.25-1.25.wav,KP019_WWS_1_NB001_7.80-9.14.wav,2,Non-breathing,train
KP019_WWS_1_NB002_11.52-14.37_0.00-1.00.wav,KP019_WWS_1_NB002_11.52-14.37.wav,2,Non-breathing,train
KP019_WWS_1_NB002_11.52-14.37_0.25-1.25.wav,KP019_WWS_1_NB002_11.52-14.37.wav,2,Non-breathing,train
KP019_WWS_1_NB002_11.52-14.37_0.50-1.50.wav,KP019_WWS_1_NB002_11.52-14.37.wav,2,Non-breathing,train
KP019_WWS_1_NB002_11.52-14.37_0.75-1.75.wav,KP019_WWS_1_NB002_11.52-14.37.wav,2,Non-breathing,train
KP019_WWS_1_NB002_11.52-14.37_1.00-2.00.wav,KP019_WWS_1_NB002_11.52-14.37.wav,2,Non-breathing,train
KP019_WWS_1_NB002_11.52-14.37_1.25-2.25.wav,KP019_WWS_1_NB002_11.52-14.37.wav,2,Non-breathing,train
KP019_WWS_1_NB002_11.52-14.37_1.50-2.50.wav,KP019_WWS_1_NB002_11.52-14.37.wav,2,Non-breathing,train
KP019_WWS_1_NB002_11.52-14.37_1.75-2.75.wav,KP019_WWS_1_NB002_11.52-14.37.wav,2,Non-breathing,train
KP019_WWS_1_NB003_16.14-18.45_0.00-1.00.wav,KP019_WWS_1_NB003_16.14-18.45.wav,2,Non-breathing,train
KP019_WWS_1_NB003_16.14-18.45_0.25-1.25.wav,KP019_WWS_1_NB003_16.14-18.45.wav,2,Non-breathing,train
KP019_WWS_1_NB003_16.14-18.45_0.50-1.50.wav,KP019_WWS_1_NB003_16.14-18.45.wav,2,Non-breathing,train
KP019_WWS_1_NB003_16.14-18.45_0.75-1.75.wav,KP019_WWS_1_NB003_16.14-18.45.wav,2,Non-breathing,train
KP019_WWS_1_NB003_16.14-18.45_1.00-2.00.wav,KP019_WWS_1_NB003_16.14-18.45.wav,2,Non-breathing,train
KP019_WWS_1_NB003_16.14-18.45_1.25-2.25.wav,KP019_WWS_1_NB003_16.14-18.45.wav,2,Non-breathing,train
KP019_WWS_1_NB004_21.14-22.88_0.00-1.00.wav,KP019_WWS_1_NB004_21.14-22.88.wav,2,Non-breathing,train
KP019_WWS_1_NB004_21.14-22.88_0.25-1.25.wav,KP019_WWS_1_NB004_21.14-22.88.wav,2,Non-breathing,train
KP019_WWS_1_NB004_21.14-22.88_0.50-1.50.wav,KP019_WWS_1_NB004_21.14-22.88.wav,2,Non-breathing,train
KP019_WWS_1_NB005_24.96-27.11_0.00-1.00.wav,KP019_WWS_1_NB005_24.96-27.11.wav,2,Non-breathing,train
KP019_WWS_1_NB005_24.96-27.11_0.25-1.25.wav,KP019_WWS_1_NB005_24.96-27.11.wav,2,Non-breathing,train
KP019_WWS_1_NB005_24.96-27.11_0.50-1.50.wav,KP019_WWS_1_NB005_24.96-27.11.wav,2,Non-breathing,train
KP019_WWS_1_NB005_24.96-27.11_0.75-1.75.wav,KP019_WWS_1_NB005_24.96-27.11.wav,2,Non-breathing,train
KP019_WWS_1_NB005_24.96-27.11_1.00-2.00.wav,KP019_WWS_1_NB005_24.96-27.11.wav,2,Non-breathing,train
KP019_WWS_2_NB000_0.00-1.76_0.00-1.00.wav,KP019_WWS_2_NB000_0.00-1.76.wav,2,Non-breathing,train
KP019_WWS_2_NB000_0.00-1.76_0.25-1.25.wav,KP019_WWS_2_NB000_0.00-1.76.wav,2,Non-breathing,train
KP019_WWS_2_NB000_0.00-1.76_0.50-1.50.wav,KP019_WWS_2_NB000_0.00-1.76.wav,2,Non-breathing,train
KP019_WWS_2_NB000_0.00-1.76_0.75-1.75.wav,KP019_WWS_2_NB000_0.00-1.76.wav,2,Non-breathing,train
KP019_WWS_2_NB001_4.65-30.00_0.00-1.00.wav,KP019_WWS_2_NB001_4.65-30.00.wav,2,Non-breathing,train
KP019_WWS_2_NB001_4.65-30.00_0.25-1.25.wav,KP019_WWS_2_NB001_4.65-30.00.wav,2,Non-breathing,train
KP019_WWS_2_NB001_4.65-30.00_0.50-1.50.wav,KP019_WWS_2_NB001_4.65-30.00.wav,2,Non-breathing,train
KP019_WWS_2_NB001_4.65-30.00_0.75-1.75.wav,KP019_WWS_2_NB001_4.65-30.00.wav,2,Non-breathing,train
KP019_WWS_2_NB001_4.65-30.00_1.00-2.00.wav,KP019_WWS_2_NB001_4.65-30.00.wav,2,Non-breathing,train
KP019_WWS_2_NB001_4.65-30.00_1.25-2.25.wav,KP019_WWS_2_NB001_4.65-30.00.wav,2,Non-breathing,train
KP019_WWS_2_NB001_4.65-30.00_1.50-2.50.wav,KP019_WWS_2_NB001_4.65-30.00.wav,2,Non-breathing,train
KP019_WWS_2_NB001_4.65-30.00_1.75-2.75.wav,KP019_WWS_2_NB001_4.65-30.00.wav,2,Non-breathing,train
KP019_WWS_2_NB001_4.65-30.00_2.00-3.00.wav,KP019_WWS_2_NB001_4.65-30.00.wav,2,Non-breathing,train
KP019_WWS_2_NB001_4.65-30.00_2.25-3.25.wav,KP019_WWS_2_NB001_4.65-30.00.wav,2,Non-breathing,train
KP019_WWS_2_NB001_4.65-30.00_2.50-3.50.wav,KP019_WWS_2_NB001_4.65-30.00.wav,2,Non-breathing,train
KP019_WWS_2_NB001_4.65-30.00_2.75-3.75.wav,KP019_WWS_2_NB001_4.65-30.00.wav,2,Non-breathing,train
KP019_WWS_2_NB001_4.65-30.00_3.00-4.00.wav,KP019_WWS_2_NB001_4.65-30.00.wav,2,Non-breathing,train
KP019_WWS_2_NB001_4.65-30.00_3.25-4.25.wav,KP019_WWS_2_NB001_4.65-30.00.wav,2,Non-breathing,train
KP019_WWS_2_NB001_4.65-30.00_3.50-4.50.wav,KP019_WWS_2_NB001_4.65-30.00.wav,2,Non-breathing,train
KP019_WWS_2_NB001_4.65-30.00_3.75-4.75.wav,KP019_WWS_2_NB001_4.65-30.00.wav,2,Non-breathing,train
KP019_WWS_2_NB001_4.65-30.00_4.00-5.00.wav,KP019_WWS_2_NB001_4.65-30.00.wav,2,Non-breathing,train
KP019_WWS_2_NB001_4.65-30.00_4.25-5.25.wav,KP019_WWS_2_NB001_4.65-30.00.wav,2,Non-breathing,train
KP019_WWS_2_NB001_4.65-30.00_4.50-5.50.wav,KP019_WWS_2_NB001_4.65-30.00.wav,2,Non-breathing,train
KP019_WWS_2_NB001_4.65-30.00_4.75-5.75.wav,KP019_WWS_2_NB001_4.65-30.00.wav,2,Non-breathing,train
KP019_WWS_2_NB001_4.65-30.00_5.00-6.00.wav,KP019_WWS_2_NB001_4.65-30.00.wav,2,Non-breathing,train
KP019_WWS_2_NB001_4.65-30.00_5.25-6.25.wav,KP019_WWS_2_NB001_4.65-30.00.wav,2,Non-breathing,train
KP019_WWS_2_NB001_4.65-30.00_5.50-6.50.wav,KP019_WWS_2_NB001_4.65-30.00.wav,2,Non-breathing,train
KP019_WWS_2_NB001_4.65-30.00_5.75-6.75.wav,KP019_WWS_2_NB001_4.65-30.00.wav,2,Non-breathing,train
KP019_WWS_2_NB001_4.65-30.00_6.00-7.00.wav,KP019_WWS_2_NB001_4.65-30.00.wav,2,Non-breathing,train
KP019_WWS_2_NB001_4.65-30.00_6.25-7.25.wav,KP019_WWS_2_NB001_4.65-30.00.wav,2,Non-breathing,train
KP019_WWS_2_NB001_4.65-30.00_6.50-7.50.wav,KP019_WWS_2_NB001_4.65-30.00.wav,2,Non-breathing,train
KP019_WWS_2_NB001_4.65-30.00_6.75-7.75.wav,KP019_WWS_2_NB001_4.65-30.00.wav,2,Non-breathing,train
KP019_WWS_2_NB001_4.65-30.00_7.00-8.00.wav,KP019_WWS_2_NB001_4.65-30.00.wav,2,Non-breathing,train
KP019_WWS_2_NB001_4.65-30.00_7.25-8.25.wav,KP019_WWS_2_NB001_4.65-30.00.wav,2,Non-breathing,train
KP019_WWS_2_NB001_4.65-30.00_7.50-8.50.wav,KP019_WWS_2_NB001_4.65-30.00.wav,2,Non-breathing,train
KP019_WWS_2_NB001_4.65-30.00_7.75-8.75.wav,KP019_WWS_2_NB001_4.65-30.00.wav,2,Non-breathing,train
KP019_WWS_2_NB001_4.65-30.00_8.00-9.00.wav,KP019_WWS_2_NB001_4.65-30.00.wav,2,Non-breathing,train
KP019_WWS_2_NB001_4.65-30.00_8.25-9.25.wav,KP019_WWS_2_NB001_4.65-30.00.wav,2,Non-breathing,train
KP019_WWS_2_NB001_4.65-30.00_8.50-9.50.wav,KP019_WWS_2_NB001_4.65-30.00.wav,2,Non-breathing,train
KP019_WWS_2_NB001_4.65-30.00_8.75-9.75.wav,KP019_WWS_2_NB001_4.65-30.00.wav,2,Non-breathing,train
KP019_WWS_2_NB001_4.65-30.00_9.00-10.00.wav,KP019_WWS_2_NB001_4.65-30.00.wav,2,Non-breathing,train
KP019_WWS_2_NB001_4.65-30.00_9.25-10.25.wav,KP019_WWS_2_NB001_4.65-30.00.wav,2,Non-breathing,train
KP019_WWS_2_NB001_4.65-30.00_9.50-10.50.wav,KP019_WWS_2_NB001_4.65-30.00.wav,2,Non-breathing,train
KP019_WWS_2_NB001_4.65-30.00_9.75-10.75.wav,KP019_WWS_2_NB001_4.65-30.00.wav,2,Non-breathing,train
KP019_WWS_2_NB001_4.65-30.00_10.00-11.00.wav,KP019_WWS_2_NB001_4.65-30.00.wav,2,Non-breathing,train
KP019_WWS_2_NB001_4.65-30.00_10.25-11.25.wav,KP019_WWS_2_NB001_4.65-30.00.wav,2,Non-breathing,train
KP019_WWS_2_NB001_4.65-30.00_10.50-11.50.wav,KP019_WWS_2_NB001_4.65-30.00.wav,2,Non-breathing,train
KP019_WWS_2_NB001_4.65-30.00_10.75-11.75.wav,KP019_WWS_2_NB001_4.65-30.00.wav,2,Non-breathing,train
KP019_WWS_2_NB001_4.65-30.00_11.00-12.00.wav,KP019_WWS_2_NB001_4.65-30.00.wav,2,Non-breathing,train
KP019_WWS_2_NB001_4.65-30.00_11.25-12.25.wav,KP019_WWS_2_NB001_4.65-30.00.wav,2,Non-breathing,train
KP019_WWS_2_NB001_4.65-30.00_11.50-12.50.wav,KP019_WWS_2_NB001_4.65-30.00.wav,2,Non-breathing,train
KP019_WWS_2_NB001_4.65-30.00_11.75-12.75.wav,KP019_WWS_2_NB001_4.65-30.00.wav,2,Non-breathing,train
KP019_WWS_2_NB001_4.65-30.00_12.00-13.00.wav,KP019_WWS_2_NB001_4.65-30.00.wav,2,Non-breathing,train
KP019_WWS_2_NB001_4.65-30.00_12.25-13.25.wav,KP019_WWS_2_NB001_4.65-30.00.wav,2,Non-breathing,train
KP019_WWS_2_NB001_4.65-30.00_12.50-13.50.wav,KP019_WWS_2_NB001_4.65-30.00.wav,2,Non-breathing,train
KP019_WWS_2_NB001_4.65-30.00_12.75-13.75.wav,KP019_WWS_2_NB001_4.65-30.00.wav,2,Non-breathing,train
KP019_WWS_2_NB001_4.65-30.00_13.00-14.00.wav,KP019_WWS_2_NB001_4.65-30.00.wav,2,Non-breathing,train
KP019_WWS_2_NB001_4.65-30.00_13.25-14.25.wav,KP019_WWS_2_NB001_4.65-30.00.wav,2,Non-breathing,train
KP019_WWS_2_NB001_4.65-30.00_13.50-14.50.wav,KP019_WWS_2_NB001_4.65-30.00.wav,2,Non-breathing,train
KP019_WWS_2_NB001_4.65-30.00_13.75-14.75.wav,KP019_WWS_2_NB001_4.65-30.00.wav,2,Non-breathing,train
KP019_WWS_2_NB001_4.65-30.00_14.00-15.00.wav,KP019_WWS_2_NB001_4.65-30.00.wav,2,Non-breathing,train
KP019_WWS_2_NB001_4.65-30.00_14.25-15.25.wav,KP019_WWS_2_NB001_4.65-30.00.wav,2,Non-breathing,train
KP019_WWS_2_NB001_4.65-30.00_14.50-15.50.wav,KP019_WWS_2_NB001_4.65-30.00.wav,2,Non-breathing,train
KP019_WWS_2_NB001_4.65-30.00_14.75-15.75.wav,KP019_WWS_2_NB001_4.65-30.00.wav,2,Non-breathing,train
KP019_WWS_2_NB001_4.65-30.00_15.00-16.00.wav,KP019_WWS_2_NB001_4.65-30.00.wav,2,Non-breathing,train
KP019_WWS_2_NB001_4.65-30.00_15.25-16.25.wav,KP019_WWS_2_NB001_4.65-30.00.wav,2,Non-breathing,train
KP019_WWS_2_NB001_4.65-30.00_15.50-16.50.wav,KP019_WWS_2_NB001_4.65-30.00.wav,2,Non-breathing,train
KP019_WWS_2_NB001_4.65-30.00_15.75-16.75.wav,KP019_WWS_2_NB001_4.65-30.00.wav,2,Non-breathing,train
KP019_WWS_2_NB001_4.65-30.00_16.00-17.00.wav,KP019_WWS_2_NB001_4.65-30.00.wav,2,Non-breathing,train
KP019_WWS_2_NB001_4.65-30.00_16.25-17.25.wav,KP019_WWS_2_NB001_4.65-30.00.wav,2,Non-breathing,train
KP019_WWS_2_NB001_4.65-30.00_16.50-17.50.wav,KP019_WWS_2_NB001_4.65-30.00.wav,2,Non-breathing,train
KP019_WWS_2_NB001_4.65-30.00_16.75-17.75.wav,KP019_WWS_2_NB001_4.65-30.00.wav,2,Non-breathing,train
KP019_WWS_2_NB001_4.65-30.00_17.00-18.00.wav,KP019_WWS_2_NB001_4.65-30.00.wav,2,Non-breathing,train
KP019_WWS_2_NB001_4.65-30.00_17.25-18.25.wav,KP019_WWS_2_NB001_4.65-30.00.wav,2,Non-breathing,train
KP019_WWS_2_NB001_4.65-30.00_17.50-18.50.wav,KP019_WWS_2_NB001_4.65-30.00.wav,2,Non-breathing,train
KP019_WWS_2_NB001_4.65-30.00_17.75-18.75.wav,KP019_WWS_2_NB001_4.65-30.00.wav,2,Non-breathing,train
KP019_WWS_2_NB001_4.65-30.00_18.00-19.00.wav,KP019_WWS_2_NB001_4.65-30.00.wav,2,Non-breathing,train
KP019_WWS_2_NB001_4.65-30.00_18.25-19.25.wav,KP019_WWS_2_NB001_4.65-30.00.wav,2,Non-breathing,train
KP019_WWS_2_NB001_4.65-30.00_18.50-19.50.wav,KP019_WWS_2_NB001_4.65-30.00.wav,2,Non-breathing,train
KP019_WWS_2_NB001_4.65-30.00_18.75-19.75.wav,KP019_WWS_2_NB001_4.65-30.00.wav,2,Non-breathing,train
KP019_WWS_2_NB001_4.65-30.00_19.00-20.00.wav,KP019_WWS_2_NB001_4.65-30.00.wav,2,Non-breathing,train
KP019_WWS_2_NB001_4.65-30.00_19.25-20.25.wav,KP019_WWS_2_NB001_4.65-30.00.wav,2,Non-breathing,train
KP019_WWS_2_NB001_4.65-30.00_19.50-20.50.wav,KP019_WWS_2_NB001_4.65-30.00.wav,2,Non-breathing,train
KP019_WWS_2_NB001_4.65-30.00_19.75-20.75.wav,KP019_WWS_2_NB001_4.65-30.00.wav,2,Non-breathing,train
KP019_WWS_2_NB001_4.65-30.00_20.00-21.00.wav,KP019_WWS_2_NB001_4.65-30.00.wav,2,Non-breathing,train
KP019_WWS_2_NB001_4.65-30.00_20.25-21.25.wav,KP019_WWS_2_NB001_4.65-30.00.wav,2,Non-breathing,train
KP019_WWS_2_NB001_4.65-30.00_20.50-21.50.wav,KP019_WWS_2_NB001_4.65-30.00.wav,2,Non-breathing,train
KP019_WWS_2_NB001_4.65-30.00_20.75-21.75.wav,KP019_WWS_2_NB001_4.65-30.00.wav,2,Non-breathing,train
KP019_WWS_2_NB001_4.65-30.00_21.00-22.00.wav,KP019_WWS_2_NB001_4.65-30.00.wav,2,Non-breathing,train
KP019_WWS_2_NB001_4.65-30.00_21.25-22.25.wav,KP019_WWS_2_NB001_4.65-30.00.wav,2,Non-breathing,train
KP019_WWS_2_NB001_4.65-30.00_21.50-22.50.wav,KP019_WWS_2_NB001_4.65-30.00.wav,2,Non-breathing,train
KP019_WWS_2_NB001_4.65-30.00_21.75-22.75.wav,KP019_WWS_2_NB001_4.65-30.00.wav,2,Non-breathing,train
KP019_WWS_2_NB001_4.65-30.00_22.00-23.00.wav,KP019_WWS_2_NB001_4.65-30.00.wav,2,Non-breathing,train
KP019_WWS_2_NB001_4.65-30.00_22.25-23.25.wav,KP019_WWS_2_NB001_4.65-30.00.wav,2,Non-breathing,train
KP019_WWS_2_NB001_4.65-30.00_22.50-23.50.wav,KP019_WWS_2_NB001_4.65-30.00.wav,2,Non-breathing,train
KP019_WWS_2_NB001_4.65-30.00_22.75-23.75.wav,KP019_WWS_2_NB001_4.65-30.00.wav,2,Non-breathing,train
KP019_WWS_2_NB001_4.65-30.00_23.00-24.00.wav,KP019_WWS_2_NB001_4.65-30.00.wav,2,Non-breathing,train
KP019_WWS_2_NB001_4.65-30.00_23.25-24.25.wav,KP019_WWS_2_NB001_4.65-30.00.wav,2,Non-breathing,train
KP019_WWS_2_NB001_4.65-30.00_23.50-24.50.wav,KP019_WWS_2_NB001_4.65-30.00.wav,2,Non-breathing,train
KP019_WWS_2_NB001_4.65-30.00_23.75-24.75.wav,KP019_WWS_2_NB001_4.65-30.00.wav,2,Non-breathing,train
KP019_WWS_2_NB001_4.65-30.00_24.00-25.00.wav,KP019_WWS_2_NB001_4.65-30.00.wav,2,Non-breathing,train
KP019_WWS_2_NB001_4.65-30.00_24.25-25.25.wav,KP019_WWS_2_NB001_4.65-30.00.wav,2,Non-breathing,train
KP020_WWS_1_NB002_3.63-3.72_0.00-1.00.wav,KP020_WWS_1_NB002_3.63-3.72.wav,2,Non-breathing,train
KP020_WWS_1_NB003_5.29-5.34_0.00-1.00.wav,KP020_WWS_1_NB003_5.29-5.34.wav,2,Non-breathing,train
KP020_WWS_1_NB004_6.77-6.90_0.00-1.00.wav,KP020_WWS_1_NB004_6.77-6.90.wav,2,Non-breathing,train
KP020_WWS_1_NB006_9.91-10.40_0.00-1.00.wav,KP020_WWS_1_NB006_9.91-10.40.wav,2,Non-breathing,train
KP020_WWS_1_NB007_11.62-11.68_0.00-1.00.wav,KP020_WWS_1_NB007_11.62-11.68.wav,2,Non-breathing,train
KP020_WWS_1_NB008_13.28-13.44_0.00-1.00.wav,KP020_WWS_1_NB008_13.28-13.44.wav,2,Non-breathing,train
KP020_WWS_1_NB011_17.49-17.52_0.00-1.00.wav,KP020_WWS_1_NB011_17.49-17.52.wav,2,Non-breathing,train
KP020_WWS_1_NB012_18.80-19.06_0.00-1.00.wav,KP020_WWS_1_NB012_18.80-19.06.wav,2,Non-breathing,train
KP020_WWS_1_NB013_20.34-20.54_0.00-1.00.wav,KP020_WWS_1_NB013_20.34-20.54.wav,2,Non-breathing,train
KP020_WWS_1_NB014_21.85-22.07_0.00-1.00.wav,KP020_WWS_1_NB014_21.85-22.07.wav,2,Non-breathing,train
KP020_WWS_1_NB016_24.74-24.93_0.00-1.00.wav,KP020_WWS_1_NB016_24.74-24.93.wav,2,Non-breathing,train
KP020_WWS_1_NB018_27.21-29.00_0.00-1.00.wav,KP020_WWS_1_NB018_27.21-29.00.wav,2,Non-breathing,train
KP020_WWS_1_NB018_27.21-29.00_0.25-1.25.wav,KP020_WWS_1_NB018_27.21-29.00.wav,2,Non-breathing,train
KP020_WWS_1_NB018_27.21-29.00_0.50-1.50.wav,KP020_WWS_1_NB018_27.21-29.00.wav,2,Non-breathing,train
KP020_WWS_1_NB018_27.21-29.00_0.75-1.75.wav,KP020_WWS_1_NB018_27.21-29.00.wav,2,Non-breathing,train
KP020_WWS_2_NB001_2.13-2.22_0.00-1.00.wav,KP020_WWS_2_NB001_2.13-2.22.wav,2,Non-breathing,train
KP020_WWS_2_NB002_3.39-5.39_0.00-1.00.wav,KP020_WWS_2_NB002_3.39-5.39.wav,2,Non-breathing,train
KP020_WWS_2_NB002_3.39-5.39_0.25-1.25.wav,KP020_WWS_2_NB002_3.39-5.39.wav,2,Non-breathing,train
KP020_WWS_2_NB002_3.39-5.39_0.50-1.50.wav,KP020_WWS_2_NB002_3.39-5.39.wav,2,Non-breathing,train
KP020_WWS_2_NB002_3.39-5.39_0.75-1.75.wav,KP020_WWS_2_NB002_3.39-5.39.wav,2,Non-breathing,train
KP020_WWS_2_NB004_7.96-8.95_0.00-1.00.wav,KP020_WWS_2_NB004_7.96-8.95.wav,2,Non-breathing,train
KP020_WWS_2_NB005_9.93-10.21_0.00-1.00.wav,KP020_WWS_2_NB005_9.93-10.21.wav,2,Non-breathing,train
KP020_WWS_2_NB007_13.61-13.74_0.00-1.00.wav,KP020_WWS_2_NB007_13.61-13.74.wav,2,Non-breathing,train
KP020_WWS_2_NB009_16.93-17.14_0.00-1.00.wav,KP020_WWS_2_NB009_16.93-17.14.wav,2,Non-breathing,train
KP020_WWS_2_NB011_20.61-30.00_0.00-1.00.wav,KP020_WWS_2_NB011_20.61-30.00.wav,2,Non-breathing,train
KP020_WWS_2_NB011_20.61-30.00_0.25-1.25.wav,KP020_WWS_2_NB011_20.61-30.00.wav,2,Non-breathing,train
KP020_WWS_2_NB011_20.61-30.00_0.50-1.50.wav,KP020_WWS_2_NB011_20.61-30.00.wav,2,Non-breathing,train
KP020_WWS_2_NB011_20.61-30.00_0.75-1.75.wav,KP020_WWS_2_NB011_20.61-30.00.wav,2,Non-breathing,train
KP020_WWS_2_NB011_20.61-30.00_1.00-2.00.wav,KP020_WWS_2_NB011_20.61-30.00.wav,2,Non-breathing,train
KP020_WWS_2_NB011_20.61-30.00_1.25-2.25.wav,KP020_WWS_2_NB011_20.61-30.00.wav,2,Non-breathing,train
KP020_WWS_2_NB011_20.61-30.00_1.50-2.50.wav,KP020_WWS_2_NB011_20.61-30.00.wav,2,Non-breathing,train
KP020_WWS_2_NB011_20.61-30.00_1.75-2.75.wav,KP020_WWS_2_NB011_20.61-30.00.wav,2,Non-breathing,train
KP020_WWS_2_NB011_20.61-30.00_2.00-3.00.wav,KP020_WWS_2_NB011_20.61-30.00.wav,2,Non-breathing,train
KP020_WWS_2_NB011_20.61-30.00_2.25-3.25.wav,KP020_WWS_2_NB011_20.61-30.00.wav,2,Non-breathing,train
KP020_WWS_2_NB011_20.61-30.00_2.50-3.50.wav,KP020_WWS_2_NB011_20.61-30.00.wav,2,Non-breathing,train
KP020_WWS_2_NB011_20.61-30.00_2.75-3.75.wav,KP020_WWS_2_NB011_20.61-30.00.wav,2,Non-breathing,train
KP020_WWS_2_NB011_20.61-30.00_3.00-4.00.wav,KP020_WWS_2_NB011_20.61-30.00.wav,2,Non-breathing,train
KP020_WWS_2_NB011_20.61-30.00_3.25-4.25.wav,KP020_WWS_2_NB011_20.61-30.00.wav,2,Non-breathing,train
KP020_WWS_2_NB011_20.61-30.00_3.50-4.50.wav,KP020_WWS_2_NB011_20.61-30.00.wav,2,Non-breathing,train
KP020_WWS_2_NB011_20.61-30.00_3.75-4.75.wav,KP020_WWS_2_NB011_20.61-30.00.wav,2,Non-breathing,train
KP020_WWS_2_NB011_20.61-30.00_4.00-5.00.wav,KP020_WWS_2_NB011_20.61-30.00.wav,2,Non-breathing,train
KP020_WWS_2_NB011_20.61-30.00_4.25-5.25.wav,KP020_WWS_2_NB011_20.61-30.00.wav,2,Non-breathing,train
KP020_WWS_2_NB011_20.61-30.00_4.50-5.50.wav,KP020_WWS_2_NB011_20.61-30.00.wav,2,Non-breathing,train
KP020_WWS_2_NB011_20.61-30.00_4.75-5.75.wav,KP020_WWS_2_NB011_20.61-30.00.wav,2,Non-breathing,train
KP020_WWS_2_NB011_20.61-30.00_5.00-6.00.wav,KP020_WWS_2_NB011_20.61-30.00.wav,2,Non-breathing,train
KP020_WWS_2_NB011_20.61-30.00_5.25-6.25.wav,KP020_WWS_2_NB011_20.61-30.00.wav,2,Non-breathing,train
KP020_WWS_2_NB011_20.61-30.00_5.50-6.50.wav,KP020_WWS_2_NB011_20.61-30.00.wav,2,Non-breathing,train
KP020_WWS_2_NB011_20.61-30.00_5.75-6.75.wav,KP020_WWS_2_NB011_20.61-30.00.wav,2,Non-breathing,train
KP020_WWS_2_NB011_20.61-30.00_6.00-7.00.wav,KP020_WWS_2_NB011_20.61-30.00.wav,2,Non-breathing,train
KP020_WWS_2_NB011_20.61-30.00_6.25-7.25.wav,KP020_WWS_2_NB011_20.61-30.00.wav,2,Non-breathing,train
KP020_WWS_2_NB011_20.61-30.00_6.50-7.50.wav,KP020_WWS_2_NB011_20.61-30.00.wav,2,Non-breathing,train
KP020_WWS_2_NB011_20.61-30.00_6.75-7.75.wav,KP020_WWS_2_NB011_20.61-30.00.wav,2,Non-breathing,train
KP020_WWS_2_NB011_20.61-30.00_7.00-8.00.wav,KP020_WWS_2_NB011_20.61-30.00.wav,2,Non-breathing,train
KP020_WWS_2_NB011_20.61-30.00_7.25-8.25.wav,KP020_WWS_2_NB011_20.61-30.00.wav,2,Non-breathing,train
KP020_WWS_2_NB011_20.61-30.00_7.50-8.50.wav,KP020_WWS_2_NB011_20.61-30.00.wav,2,Non-breathing,train
KP020_WWS_2_NB011_20.61-30.00_7.75-8.75.wav,KP020_WWS_2_NB011_20.61-30.00.wav,2,Non-breathing,train
KP020_WWS_2_NB011_20.61-30.00_8.00-9.00.wav,KP020_WWS_2_NB011_20.61-30.00.wav,2,Non-breathing,train
KP020_WWS_2_NB011_20.61-30.00_8.25-9.25.wav,KP020_WWS_2_NB011_20.61-30.00.wav,2,Non-breathing,train
KP021_WWS_1_NB000_0.00-0.20_0.00-1.00.wav,KP021_WWS_1_NB000_0.00-0.20.wav,2,Non-breathing,train
KP021_WWS_1_NB006_9.46-9.69_0.00-1.00.wav,KP021_WWS_1_NB006_9.46-9.69.wav,2,Non-breathing,train
KP021_WWS_1_NB007_11.02-11.11_0.00-1.00.wav,KP021_WWS_1_NB007_11.02-11.11.wav,2,Non-breathing,train
KP021_WWS_1_NB008_12.37-12.88_0.00-1.00.wav,KP021_WWS_1_NB008_12.37-12.88.wav,2,Non-breathing,train
KP021_WWS_1_NB010_14.99-16.04_0.00-1.00.wav,KP021_WWS_1_NB010_14.99-16.04.wav,2,Non-breathing,train
KP021_WWS_1_NB011_17.02-17.07_0.00-1.00.wav,KP021_WWS_1_NB011_17.02-17.07.wav,2,Non-breathing,train
KP021_WWS_1_NB012_18.12-18.92_0.00-1.00.wav,KP021_WWS_1_NB012_18.12-18.92.wav,2,Non-breathing,train
KP021_WWS_1_NB013_19.89-19.98_0.00-1.00.wav,KP021_WWS_1_NB013_19.89-19.98.wav,2,Non-breathing,train
KP021_WWS_1_NB015_22.51-22.66_0.00-1.00.wav,KP021_WWS_1_NB015_22.51-22.66.wav,2,Non-breathing,train
KP021_WWS_1_NB017_25.28-30.00_0.00-1.00.wav,KP021_WWS_1_NB017_25.28-30.00.wav,2,Non-breathing,train
KP021_WWS_1_NB017_25.28-30.00_0.25-1.25.wav,KP021_WWS_1_NB017_25.28-30.00.wav,2,Non-breathing,train
KP021_WWS_1_NB017_25.28-30.00_0.50-1.50.wav,KP021_WWS_1_NB017_25.28-30.00.wav,2,Non-breathing,train
KP021_WWS_1_NB017_25.28-30.00_0.75-1.75.wav,KP021_WWS_1_NB017_25.28-30.00.wav,2,Non-breathing,train
KP021_WWS_1_NB017_25.28-30.00_1.00-2.00.wav,KP021_WWS_1_NB017_25.28-30.00.wav,2,Non-breathing,train
KP021_WWS_1_NB017_25.28-30.00_1.25-2.25.wav,KP021_WWS_1_NB017_25.28-30.00.wav,2,Non-breathing,train
KP021_WWS_1_NB017_25.28-30.00_1.50-2.50.wav,KP021_WWS_1_NB017_25.28-30.00.wav,2,Non-breathing,train
KP021_WWS_1_NB017_25.28-30.00_1.75-2.75.wav,KP021_WWS_1_NB017_25.28-30.00.wav,2,Non-breathing,train
KP021_WWS_1_NB017_25.28-30.00_2.00-3.00.wav,KP021_WWS_1_NB017_25.28-30.00.wav,2,Non-breathing,train
KP021_WWS_1_NB017_25.28-30.00_2.25-3.25.wav,KP021_WWS_1_NB017_25.28-30.00.wav,2,Non-breathing,train
KP021_WWS_1_NB017_25.28-30.00_2.50-3.50.wav,KP021_WWS_1_NB017_25.28-30.00.wav,2,Non-breathing,train
KP021_WWS_1_NB017_25.28-30.00_2.75-3.75.wav,KP021_WWS_1_NB017_25.28-30.00.wav,2,Non-breathing,train
KP021_WWS_1_NB017_25.28-30.00_3.00-4.00.wav,KP021_WWS_1_NB017_25.28-30.00.wav,2,Non-breathing,train
KP021_WWS_1_NB017_25.28-30.00_3.25-4.25.wav,KP021_WWS_1_NB017_25.28-30.00.wav,2,Non-breathing,train
KP021_WWS_1_NB017_25.28-30.00_3.50-4.50.wav,KP021_WWS_1_NB017_25.28-30.00.wav,2,Non-breathing,train
KP021_WWS_2_NB001_1.85-2.05_0.00-1.00.wav,KP021_WWS_2_NB001_1.85-2.05.wav,2,Non-breathing,train
KP021_WWS_2_NB002_3.02-3.53_0.00-1.00.wav,KP021_WWS_2_NB002_3.02-3.53.wav,2,Non-breathing,train
KP021_WWS_2_NB004_5.16-5.77_0.00-1.00.wav,KP021_WWS_2_NB004_5.16-5.77.wav,2,Non-breathing,train
KP021_WWS_2_NB005_6.28-6.34_0.00-1.00.wav,KP021_WWS_2_NB005_6.28-6.34.wav,2,Non-breathing,train
KP021_WWS_2_NB006_7.64-8.18_0.00-1.00.wav,KP021_WWS_2_NB006_7.64-8.18.wav,2,Non-breathing,train
KP021_WWS_2_NB007_8.79-8.92_0.00-1.00.wav,KP021_WWS_2_NB007_8.79-8.92.wav,2,Non-breathing,train
KP021_WWS_2_NB008_10.04-10.49_0.00-1.00.wav,KP021_WWS_2_NB008_10.04-10.49.wav,2,Non-breathing,train
KP021_WWS_2_NB010_12.27-12.54_0.00-1.00.wav,KP021_WWS_2_NB010_12.27-12.54.wav,2,Non-breathing,train
KP021_WWS_2_NB015_17.80-17.93_0.00-1.00.wav,KP021_WWS_2_NB015_17.80-17.93.wav,2,Non-breathing,train
KP021_WWS_2_NB016_18.97-19.36_0.00-1.00.wav,KP021_WWS_2_NB016_18.97-19.36.wav,2,Non-breathing,train
KP021_WWS_2_NB017_20.07-20.24_0.00-1.00.wav,KP021_WWS_2_NB017_20.07-20.24.wav,2,Non-breathing,train
KP021_WWS_2_NB020_23.24-23.93_0.00-1.00.wav,KP021_WWS_2_NB020_23.24-23.93.wav,2,Non-breathing,train
KP021_WWS_2_NB023_26.85-27.02_0.00-1.00.wav,KP021_WWS_2_NB023_26.85-27.02.wav,2,Non-breathing,train
KP021_WWS_2_NB024_27.98-28.48_0.00-1.00.wav,KP021_WWS_2_NB024_27.98-28.48.wav,2,Non-breathing,train
KP021_WWS_2_NB025_29.15-30.00_0.00-1.00.wav,KP021_WWS_2_NB025_29.15-30.00.wav,2,Non-breathing,train
KP001_WWS_B000_0.12-0.99_0.00-1.00.wav,KP001_WWS_B000_0.12-0.99.wav,3,Rhonchi,train
KP001_WWS_B002_3.31-4.30_0.00-1.00.wav,KP001_WWS_B002_3.31-4.30.wav,3,Rhonchi,train
KP001_WWS_B003_4.40-5.20_0.00-1.00.wav,KP001_WWS_B003_4.40-5.20.wav,3,Rhonchi,train
KP001_WWS_B004_6.61-7.61_0.00-1.00.wav,KP001_WWS_B004_6.61-7.61.wav,3,Rhonchi,train
KP001_WWS_B008_12.95-13.89_0.00-1.00.wav,KP001_WWS_B008_12.95-13.89.wav,3,Rhonchi,train
KP001_WWS_B012_18.86-19.71_0.00-1.00.wav,KP001_WWS_B012_18.86-19.71.wav,3,Rhonchi,train
KP001_WWS_B013_19.81-20.36_0.00-1.00.wav,KP001_WWS_B013_19.81-20.36.wav,3,Rhonchi,train
KP001_WWS_B014_21.65-22.32_0.00-1.00.wav,KP001_WWS_B014_21.65-22.32.wav,3,Rhonchi,train
KP001_WWS_B016_24.74-25.33_0.00-1.00.wav,KP001_WWS_B016_24.74-25.33.wav,3,Rhonchi,train
KP001_WWS_B018_27.64-28.31_0.00-1.00.wav,KP001_WWS_B018_27.64-28.31.wav,3,Rhonchi,train
KP003_WWS_1_B000_2.01-2.78_0.00-1.00.wav,KP003_WWS_1_B000_2.01-2.78.wav,3,Rhonchi,train
KP003_WWS_1_B001_2.96-3.73_0.00-1.00.wav,KP003_WWS_1_B001_2.96-3.73.wav,3,Rhonchi,train
KP003_WWS_1_B002_3.78-4.35_0.00-1.00.wav,KP003_WWS_1_B002_3.78-4.35.wav,3,Rhonchi,train
KP003_WWS_1_B003_4.55-5.24_0.00-1.00.wav,KP003_WWS_1_B003_4.55-5.24.wav,3,Rhonchi,train
KP003_WWS_1_B004_5.29-5.94_0.00-1.00.wav,KP003_WWS_1_B004_5.29-5.94.wav,3,Rhonchi,train
KP003_WWS_1_B007_8.03-9.42_0.00-1.00.wav,KP003_WWS_1_B007_8.03-9.42.wav,3,Rhonchi,train
KP003_WWS_1_B007_8.03-9.42_0.25-1.25.wav,KP003_WWS_1_B007_8.03-9.42.wav,3,Rhonchi,train
KP003_WWS_1_B008_9.52-10.46_0.00-1.00.wav,KP003_WWS_1_B008_9.52-10.46.wav,3,Rhonchi,train
KP003_WWS_1_B009_10.54-12.43_0.00-1.00.wav,KP003_WWS_1_B009_10.54-12.43.wav,3,Rhonchi,train
KP003_WWS_1_B009_10.54-12.43_0.25-1.25.wav,KP003_WWS_1_B009_10.54-12.43.wav,3,Rhonchi,train
KP003_WWS_1_B009_10.54-12.43_0.50-1.50.wav,KP003_WWS_1_B009_10.54-12.43.wav,3,Rhonchi,train
KP003_WWS_1_B009_10.54-12.43_0.75-1.75.wav,KP003_WWS_1_B009_10.54-12.43.wav,3,Rhonchi,train
KP003_WWS_1_B010_12.53-13.52_0.00-1.00.wav,KP003_WWS_1_B010_12.53-13.52.wav,3,Rhonchi,train
KP003_WWS_1_B011_13.57-16.45_0.00-1.00.wav,KP003_WWS_1_B011_13.57-16.45.wav,3,Rhonchi,train
KP003_WWS_1_B011_13.57-16.45_0.25-1.25.wav,KP003_WWS_1_B011_13.57-16.45.wav,3,Rhonchi,train
KP003_WWS_1_B011_13.57-16.45_0.50-1.50.wav,KP003_WWS_1_B011_13.57-16.45.wav,3,Rhonchi,train
KP003_WWS_1_B011_13.57-16.45_0.75-1.75.wav,KP003_WWS_1_B011_13.57-16.45.wav,3,Rhonchi,train
KP003_WWS_1_B011_13.57-16.45_1.00-2.00.wav,KP003_WWS_1_B011_13.57-16.45.wav,3,Rhonchi,train
KP003_WWS_1_B011_13.57-16.45_1.25-2.25.wav,KP003_WWS_1_B011_13.57-16.45.wav,3,Rhonchi,train
KP003_WWS_1_B011_13.57-16.45_1.50-2.50.wav,KP003_WWS_1_B011_13.57-16.45.wav,3,Rhonchi,train
KP003_WWS_1_B011_13.57-16.45_1.75-2.75.wav,KP003_WWS_1_B011_13.57-16.45.wav,3,Rhonchi,train
KP003_WWS_1_B012_16.63-17.30_0.00-1.00.wav,KP003_WWS_1_B012_16.63-17.30.wav,3,Rhonchi,train
KP003_WWS_1_B013_17.40-18.89_0.00-1.00.wav,KP003_WWS_1_B013_17.40-18.89.wav,3,Rhonchi,train
KP003_WWS_1_B013_17.40-18.89_0.25-1.25.wav,KP003_WWS_1_B013_17.40-18.89.wav,3,Rhonchi,train
KP008_WWS_B000_0.17-1.27_0.00-1.00.wav,KP008_WWS_B000_0.17-1.27.wav,3,Rhonchi,train
KP008_WWS_B004_8.95-10.49_0.00-1.00.wav,KP008_WWS_B004_8.95-10.49.wav,3,Rhonchi,train
KP008_WWS_B004_8.95-10.49_0.25-1.25.wav,KP008_WWS_B004_8.95-10.49.wav,3,Rhonchi,train
KP008_WWS_B004_8.95-10.49_0.50-1.50.wav,KP008_WWS_B004_8.95-10.49.wav,3,Rhonchi,train
KP008_WWS_B005_10.69-13.63_0.00-1.00.wav,KP008_WWS_B005_10.69-13.63.wav,3,Rhonchi,train
KP008_WWS_B005_10.69-13.63_0.25-1.25.wav,KP008_WWS_B005_10.69-13.63.wav,3,Rhonchi,train
KP008_WWS_B005_10.69-13.63_0.50-1.50.wav,KP008_WWS_B005_10.69-13.63.wav,3,Rhonchi,train
KP008_WWS_B005_10.69-13.63_0.75-1.75.wav,KP008_WWS_B005_10.69-13.63.wav,3,Rhonchi,train
KP008_WWS_B005_10.69-13.63_1.00-2.00.wav,KP008_WWS_B005_10.69-13.63.wav,3,Rhonchi,train
KP008_WWS_B005_10.69-13.63_1.25-2.25.wav,KP008_WWS_B005_10.69-13.63.wav,3,Rhonchi,train
KP008_WWS_B005_10.69-13.63_1.50-2.50.wav,KP008_WWS_B005_10.69-13.63.wav,3,Rhonchi,train
KP008_WWS_B005_10.69-13.63_1.75-2.75.wav,KP008_WWS_B005_10.69-13.63.wav,3,Rhonchi,train
KP008_WWS_B006_13.83-15.30_0.00-1.00.wav,KP008_WWS_B006_13.83-15.30.wav,3,Rhonchi,train
KP008_WWS_B006_13.83-15.30_0.25-1.25.wav,KP008_WWS_B006_13.83-15.30.wav,3,Rhonchi,train
KP008_WWS_B008_18.71-20.36_0.00-1.00.wav,KP008_WWS_B008_18.71-20.36.wav,3,Rhonchi,train
KP008_WWS_B008_18.71-20.36_0.25-1.25.wav,KP008_WWS_B008_18.71-20.36.wav,3,Rhonchi,train
KP008_WWS_B008_18.71-20.36_0.50-1.50.wav,KP008_WWS_B008_18.71-20.36.wav,3,Rhonchi,train
KP008_WWS_B009_20.71-22.95_0.00-1.00.wav,KP008_WWS_B009_20.71-22.95.wav,3,Rhonchi,train
KP008_WWS_B009_20.71-22.95_0.25-1.25.wav,KP008_WWS_B009_20.71-22.95.wav,3,Rhonchi,train
KP008_WWS_B009_20.71-22.95_0.50-1.50.wav,KP008_WWS_B009_20.71-22.95.wav,3,Rhonchi,train
KP008_WWS_B009_20.71-22.95_0.75-1.75.wav,KP008_WWS_B009_20.71-22.95.wav,3,Rhonchi,train
KP008_WWS_B009_20.71-22.95_1.00-2.00.wav,KP008_WWS_B009_20.71-22.95.wav,3,Rhonchi,train
KP008_WWS_B010_23.55-24.87_0.00-1.00.wav,KP008_WWS_B010_23.55-24.87.wav,3,Rhonchi,train
KP008_WWS_B010_23.55-24.87_0.25-1.25.wav,KP008_WWS_B010_23.55-24.87.wav,3,Rhonchi,train
KP008_WWS_B012_27.51-28.70_0.00-1.00.wav,KP008_WWS_B012_27.51-28.70.wav,3,Rhonchi,train
KP010_WWS_B000_0.00-1.02_0.00-1.00.wav,KP010_WWS_B000_0.00-1.02.wav,3,Rhonchi,train
KP010_WWS_B001_1.49-2.55_0.00-1.00.wav,KP010_WWS_B001_1.49-2.55.wav,3,Rhonchi,train
KP010_WWS_B002_3.12-4.33_0.00-1.00.wav,KP010_WWS_B002_3.12-4.33.wav,3,Rhonchi,train
KP010_WWS_B005_8.92-10.06_0.00-1.00.wav,KP010_WWS_B005_8.92-10.06.wav,3,Rhonchi,train
KP010_WWS_B006_10.40-11.74_0.00-1.00.wav,KP010_WWS_B006_10.40-11.74.wav,3,Rhonchi,train
KP010_WWS_B006_10.40-11.74_0.25-1.25.wav,KP010_WWS_B006_10.40-11.74.wav,3,Rhonchi,train
KP010_WWS_B007_12.47-13.58_0.00-1.00.wav,KP010_WWS_B007_12.47-13.58.wav,3,Rhonchi,train
KP010_WWS_B008_14.20-15.56_0.00-1.00.wav,KP010_WWS_B008_14.20-15.56.wav,3,Rhonchi,train
KP010_WWS_B008_14.20-15.56_0.25-1.25.wav,KP010_WWS_B008_14.20-15.56.wav,3,Rhonchi,train
KP010_WWS_B009_16.13-17.44_0.00-1.00.wav,KP010_WWS_B009_16.13-17.44.wav,3,Rhonchi,train
KP010_WWS_B009_16.13-17.44_0.25-1.25.wav,KP010_WWS_B009_16.13-17.44.wav,3,Rhonchi,train
KP010_WWS_B013_23.39-24.35_0.00-1.00.wav,KP010_WWS_B013_23.39-24.35.wav,3,Rhonchi,train
KP004_WWS_B000_0.00-1.65_0.00-1.00.wav,KP004_WWS_B000_0.00-1.65.wav,4,Wheezing,train
KP004_WWS_B000_0.00-1.65_0.25-1.25.wav,KP004_WWS_B000_0.00-1.65.wav,4,Wheezing,train
KP004_WWS_B000_0.00-1.65_0.50-1.50.wav,KP004_WWS_B000_0.00-1.65.wav,4,Wheezing,train
KP004_WWS_B001_2.07-3.81_0.00-1.00.wav,KP004_WWS_B001_2.07-3.81.wav,4,Wheezing,train
KP004_WWS_B001_2.07-3.81_0.25-1.25.wav,KP004_WWS_B001_2.07-3.81.wav,4,Wheezing,train
KP004_WWS_B001_2.07-3.81_0.50-1.50.wav,KP004_WWS_B001_2.07-3.81.wav,4,Wheezing,train
KP004_WWS_B003_6.75-8.25_0.00-1.00.wav,KP004_WWS_B003_6.75-8.25.wav,4,Wheezing,train
KP004_WWS_B003_6.75-8.25_0.25-1.25.wav,KP004_WWS_B003_6.75-8.25.wav,4,Wheezing,train
KP004_WWS_B004_10.22-11.21_0.00-1.00.wav,KP004_WWS_B004_10.22-11.21.wav,4,Wheezing,train
KP004_WWS_B005_12.18-14.38_0.00-1.00.wav,KP004_WWS_B005_12.18-14.38.wav,4,Wheezing,train
KP004_WWS_B005_12.18-14.38_0.25-1.25.wav,KP004_WWS_B005_12.18-14.38.wav,4,Wheezing,train
KP004_WWS_B005_12.18-14.38_0.50-1.50.wav,KP004_WWS_B005_12.18-14.38.wav,4,Wheezing,train
KP004_WWS_B005_12.18-14.38_0.75-1.75.wav,KP004_WWS_B005_12.18-14.38.wav,4,Wheezing,train
KP004_WWS_B005_12.18-14.38_1.00-2.00.wav,KP004_WWS_B005_12.18-14.38.wav,4,Wheezing,train
KP004_WWS_B006_15.22-16.27_0.00-1.00.wav,KP004_WWS_B006_15.22-16.27.wav,4,Wheezing,train
KP004_WWS_B008_21.20-22.30_0.00-1.00.wav,KP004_WWS_B008_21.20-22.30.wav,4,Wheezing,train
KP013_WWS_B000_0.00-0.83_0.00-1.00.wav,KP013_WWS_B000_0.00-0.83.wav,4,Wheezing,train
KP013_WWS_B001_0.98-3.78_0.00-1.00.wav,KP013_WWS_B001_0.98-3.78.wav,4,Wheezing,train
KP013_WWS_B001_0.98-3.78_0.25-1.25.wav,KP013_WWS_B001_0.98-3.78.wav,4,Wheezing,train
KP013_WWS_B001_0.98-3.78_0.50-1.50.wav,KP013_WWS_B001_0.98-3.78.wav,4,Wheezing,train
KP013_WWS_B001_0.98-3.78_0.75-1.75.wav,KP013_WWS_B001_0.98-3.78.wav,4,Wheezing,train
KP013_WWS_B001_0.98-3.78_1.00-2.00.wav,KP013_WWS_B001_0.98-3.78.wav,4,Wheezing,train
KP013_WWS_B001_0.98-3.78_1.25-2.25.wav,KP013_WWS_B001_0.98-3.78.wav,4,Wheezing,train
KP013_WWS_B001_0.98-3.78_1.50-2.50.wav,KP013_WWS_B001_0.98-3.78.wav,4,Wheezing,train
KP013_WWS_B001_0.98-3.78_1.75-2.75.wav,KP013_WWS_B001_0.98-3.78.wav,4,Wheezing,train
KP013_WWS_B004_7.74-8.45_0.00-1.00.wav,KP013_WWS_B004_7.74-8.45.wav,4,Wheezing,train
KP013_WWS_B005_8.78-11.16_0.00-1.00.wav,KP013_WWS_B005_8.78-11.16.wav,4,Wheezing,train
KP013_WWS_B005_8.78-11.16_0.25-1.25.wav,KP013_WWS_B005_8.78-11.16.wav,4,Wheezing,train
KP013_WWS_B005_8.78-11.16_0.50-1.50.wav,KP013_WWS_B005_8.78-11.16.wav,4,Wheezing,train
KP013_WWS_B005_8.78-11.16_0.75-1.75.wav,KP013_WWS_B005_8.78-11.16.wav,4,Wheezing,train
KP013_WWS_B005_8.78-11.16_1.00-2.00.wav,KP013_WWS_B005_8.78-11.16.wav,4,Wheezing,train
KP013_WWS_B005_8.78-11.16_1.25-2.25.wav,KP013_WWS_B005_8.78-11.16.wav,4,Wheezing,train
KP013_WWS_B006_11.25-11.96_0.00-1.00.wav,KP013_WWS_B006_11.25-11.96.wav,4,Wheezing,train
KP013_WWS_B007_12.23-14.73_0.00-1.00.wav,KP013_WWS_B007_12.23-14.73.wav,4,Wheezing,train
KP013_WWS_B007_12.23-14.73_0.25-1.25.wav,KP013_WWS_B007_12.23-14.73.wav,4,Wheezing,train
KP013_WWS_B007_12.23-14.73_0.50-1.50.wav,KP013_WWS_B007_12.23-14.73.wav,4,Wheezing,train
KP013_WWS_B007_12.23-14.73_0.75-1.75.wav,KP013_WWS_B007_12.23-14.73.wav,4,Wheezing,train
KP013_WWS_B007_12.23-14.73_1.00-2.00.wav,KP013_WWS_B007_12.23-14.73.wav,4,Wheezing,train
KP013_WWS_B007_12.23-14.73_1.25-2.25.wav,KP013_WWS_B007_12.23-14.73.wav,4,Wheezing,train
KP013_WWS_B007_12.23-14.73_1.50-2.50.wav,KP013_WWS_B007_12.23-14.73.wav,4,Wheezing,train
KP013_WWS_B008_14.91-15.56_0.00-1.00.wav,KP013_WWS_B008_14.91-15.56.wav,4,Wheezing,train
KP013_WWS_B011_19.97-23.04_0.00-1.00.wav,KP013_WWS_B011_19.97-23.04.wav,4,Wheezing,train
KP013_WWS_B011_19.97-23.04_0.25-1.25.wav,KP013_WWS_B011_19.97-23.04.wav,4,Wheezing,train
KP013_WWS_B011_19.97-23.04_0.50-1.50.wav,KP013_WWS_B011_19.97-23.04.wav,4,Wheezing,train
KP013_WWS_B011_19.97-23.04_0.75-1.75.wav,KP013_WWS_B011_19.97-23.04.wav,4,Wheezing,train
KP013_WWS_B011_19.97-23.04_1.00-2.00.wav,KP013_WWS_B011_19.97-23.04.wav,4,Wheezing,train
KP013_WWS_B011_19.97-23.04_1.25-2.25.wav,KP013_WWS_B011_19.97-23.04.wav,4,Wheezing,train
KP013_WWS_B011_19.97-23.04_1.50-2.50.wav,KP013_WWS_B011_19.97-23.04.wav,4,Wheezing,train
KP013_WWS_B011_19.97-23.04_1.75-2.75.wav,KP013_WWS_B011_19.97-23.04.wav,4,Wheezing,train
KP013_WWS_B011_19.97-23.04_2.00-3.00.wav,KP013_WWS_B011_19.97-23.04.wav,4,Wheezing,train
KP013_WWS_B012_23.16-23.96_0.00-1.00.wav,KP013_WWS_B012_23.16-23.96.wav,4,Wheezing,train
KP013_WWS_B013_24.11-27.05_0.00-1.00.wav,KP013_WWS_B013_24.11-27.05.wav,4,Wheezing,train
KP013_WWS_B013_24.11-27.05_0.25-1.25.wav,KP013_WWS_B013_24.11-27.05.wav,4,Wheezing,train
KP013_WWS_B013_24.11-27.05_0.50-1.50.wav,KP013_WWS_B013_24.11-27.05.wav,4,Wheezing,train
KP013_WWS_B013_24.11-27.05_0.75-1.75.wav,KP013_WWS_B013_24.11-27.05.wav,4,Wheezing,train
KP013_WWS_B013_24.11-27.05_1.00-2.00.wav,KP013_WWS_B013_24.11-27.05.wav,4,Wheezing,train
KP013_WWS_B013_24.11-27.05_1.25-2.25.wav,KP013_WWS_B013_24.11-27.05.wav,4,Wheezing,train
KP013_WWS_B013_24.11-27.05_1.50-2.50.wav,KP013_WWS_B013_24.11-27.05.wav,4,Wheezing,train
KP013_WWS_B013_24.11-27.05_1.75-2.75.wav,KP013_WWS_B013_24.11-27.05.wav,4,Wheezing,train
KP013_WWS_B014_27.11-27.92_0.00-1.00.wav,KP013_WWS_B014_27.11-27.92.wav,4,Wheezing,train
KP013_WWS_B015_28.09-30.00_0.00-1.00.wav,KP013_WWS_B015_28.09-30.00.wav,4,Wheezing,train
KP013_WWS_B015_28.09-30.00_0.25-1.25.wav,KP013_WWS_B015_28.09-30.00.wav,4,Wheezing,train
KP013_WWS_B015_28.09-30.00_0.50-1.50.wav,KP013_WWS_B015_28.09-30.00.wav,4,Wheezing,train
KP013_WWS_B015_28.09-30.00_0.75-1.75.wav,KP013_WWS_B015_28.09-30.00.wav,4,Wheezing,train
KP017_WWS_1_B000_0.26-2.75_0.00-1.00.wav,KP017_WWS_1_B000_0.26-2.75.wav,4,Wheezing,train
KP017_WWS_1_B000_0.26-2.75_0.25-1.25.wav,KP017_WWS_1_B000_0.26-2.75.wav,4,Wheezing,train
KP017_WWS_1_B000_0.26-2.75_0.50-1.50.wav,KP017_WWS_1_B000_0.26-2.75.wav,4,Wheezing,train
KP017_WWS_1_B000_0.26-2.75_0.75-1.75.wav,KP017_WWS_1_B000_0.26-2.75.wav,4,Wheezing,train
KP017_WWS_1_B000_0.26-2.75_1.00-2.00.wav,KP017_WWS_1_B000_0.26-2.75.wav,4,Wheezing,train
KP017_WWS_1_B000_0.26-2.75_1.25-2.25.wav,KP017_WWS_1_B000_0.26-2.75.wav,4,Wheezing,train
KP017_WWS_1_B003_8.49-9.90_0.00-1.00.wav,KP017_WWS_1_B003_8.49-9.90.wav,4,Wheezing,train
KP017_WWS_1_B003_8.49-9.90_0.25-1.25.wav,KP017_WWS_1_B003_8.49-9.90.wav,4,Wheezing,train
KP017_WWS_1_B004_10.39-12.33_0.00-1.00.wav,KP017_WWS_1_B004_10.39-12.33.wav,4,Wheezing,train
KP017_WWS_1_B004_10.39-12.33_0.25-1.25.wav,KP017_WWS_1_B004_10.39-12.33.wav,4,Wheezing,train
KP017_WWS_1_B004_10.39-12.33_0.50-1.50.wav,KP017_WWS_1_B004_10.39-12.33.wav,4,Wheezing,train
KP017_WWS_1_B004_10.39-12.33_0.75-1.75.wav,KP017_WWS_1_B004_10.39-12.33.wav,4,Wheezing,train
KP017_WWS_1_B005_12.95-14.33_0.00-1.00.wav,KP017_WWS_1_B005_12.95-14.33.wav,4,Wheezing,train
KP017_WWS_1_B005_12.95-14.33_0.25-1.25.wav,KP017_WWS_1_B005_12.95-14.33.wav,4,Wheezing,train
KP017_WWS_1_B006_15.44-17.38_0.00-1.00.wav,KP017_WWS_1_B006_15.44-17.38.wav,4,Wheezing,train
KP017_WWS_1_B006_15.44-17.38_0.25-1.25.wav,KP017_WWS_1_B006_15.44-17.38.wav,4,Wheezing,train
KP017_WWS_1_B006_15.44-17.38_0.50-1.50.wav,KP017_WWS_1_B006_15.44-17.38.wav,4,Wheezing,train
KP017_WWS_1_B006_15.44-17.38_0.75-1.75.wav,KP017_WWS_1_B006_15.44-17.38.wav,4,Wheezing,train
KP017_WWS_1_B007_17.87-20.49_0.00-1.00.wav,KP017_WWS_1_B007_17.87-20.49.wav,4,Wheezing,train
KP017_WWS_1_B007_17.87-20.49_0.25-1.25.wav,KP017_WWS_1_B007_17.87-20.49.wav,4,Wheezing,train
KP017_WWS_1_B007_17.87-20.49_0.50-1.50.wav,KP017_WWS_1_B007_17.87-20.49.wav,4,Wheezing,train
KP017_WWS_1_B007_17.87-20.49_0.75-1.75.wav,KP017_WWS_1_B007_17.87-20.49.wav,4,Wheezing,train
KP017_WWS_1_B007_17.87-20.49_1.00-2.00.wav,KP017_WWS_1_B007_17.87-20.49.wav,4,Wheezing,train
KP017_WWS_1_B007_17.87-20.49_1.25-2.25.wav,KP017_WWS_1_B007_17.87-20.49.wav,4,Wheezing,train
KP017_WWS_1_B007_17.87-20.49_1.50-2.50.wav,KP017_WWS_1_B007_17.87-20.49.wav,4,Wheezing,train
KP017_WWS_1_B008_20.75-22.82_0.00-1.00.wav,KP017_WWS_1_B008_20.75-22.82.wav,4,Wheezing,train
KP017_WWS_1_B008_20.75-22.82_0.25-1.25.wav,KP017_WWS_1_B008_20.75-22.82.wav,4,Wheezing,train
KP017_WWS_1_B008_20.75-22.82_0.50-1.50.wav,KP017_WWS_1_B008_20.75-22.82.wav,4,Wheezing,train
KP017_WWS_1_B008_20.75-22.82_0.75-1.75.wav,KP017_WWS_1_B008_20.75-22.82.wav,4,Wheezing,train
KP017_WWS_1_B008_20.75-22.82_1.00-2.00.wav,KP017_WWS_1_B008_20.75-22.82.wav,4,Wheezing,train
KP017_WWS_1_B009_23.34-24.66_0.00-1.00.wav,KP017_WWS_1_B009_23.34-24.66.wav,4,Wheezing,train
KP017_WWS_1_B009_23.34-24.66_0.25-1.25.wav,KP017_WWS_1_B009_23.34-24.66.wav,4,Wheezing,train
KP017_WWS_1_B010_25.41-27.02_0.00-1.00.wav,KP017_WWS_1_B010_25.41-27.02.wav,4,Wheezing,train
KP017_WWS_1_B010_25.41-27.02_0.25-1.25.wav,KP017_WWS_1_B010_25.41-27.02.wav,4,Wheezing,train
KP017_WWS_1_B010_25.41-27.02_0.50-1.50.wav,KP017_WWS_1_B010_25.41-27.02.wav,4,Wheezing,train
KP017_WWS_1_B011_27.97-30.00_0.00-1.00.wav,KP017_WWS_1_B011_27.97-30.00.wav,4,Wheezing,train
KP017_WWS_1_B011_27.97-30.00_0.25-1.25.wav,KP017_WWS_1_B011_27.97-30.00.wav,4,Wheezing,train
KP017_WWS_1_B011_27.97-30.00_0.50-1.50.wav,KP017_WWS_1_B011_27.97-30.00.wav,4,Wheezing,train
KP017_WWS_1_B011_27.97-30.00_0.75-1.75.wav,KP017_WWS_1_B011_27.97-30.00.wav,4,Wheezing,train
KP017_WWS_1_B011_27.97-30.00_1.00-2.00.wav,KP017_WWS_1_B011_27.97-30.00.wav,4,Wheezing,train
KP017_WWS_2_B000_0.89-2.66_0.00-1.00.wav,KP017_WWS_2_B000_0.89-2.66.wav,4,Wheezing,train
KP017_WWS_2_B000_0.89-2.66_0.25-1.25.wav,KP017_WWS_2_B000_0.89-2.66.wav,4,Wheezing,train
KP017_WWS_2_B000_0.89-2.66_0.50-1.50.wav,KP017_WWS_2_B000_0.89-2.66.wav,4,Wheezing,train
KP017_WWS_2_B000_0.89-2.66_0.75-1.75.wav,KP017_WWS_2_B000_0.89-2.66.wav,4,Wheezing,train
KP020_WWS_1_B000_0.45-1.93_0.00-1.00.wav,KP020_WWS_1_B000_0.45-1.93.wav,4,Wheezing,train
KP020_WWS_1_B000_0.45-1.93_0.25-1.25.wav,KP020_WWS_1_B000_0.45-1.93.wav,4,Wheezing,train
KP020_WWS_1_B001_1.99-3.63_0.00-1.00.wav,KP020_WWS_1_B001_1.99-3.63.wav,4,Wheezing,train
KP020_WWS_1_B001_1.99-3.63_0.25-1.25.wav,KP020_WWS_1_B001_1.99-3.63.wav,4,Wheezing,train
KP020_WWS_1_B001_1.99-3.63_0.50-1.50.wav,KP020_WWS_1_B001_1.99-3.63.wav,4,Wheezing,train
KP020_WWS_1_B003_5.34-6.77_0.00-1.00.wav,KP020_WWS_1_B003_5.34-6.77.wav,4,Wheezing,train
KP020_WWS_1_B003_5.34-6.77_0.25-1.25.wav,KP020_WWS_1_B003_5.34-6.77.wav,4,Wheezing,train
KP020_WWS_1_B005_8.54-9.91_0.00-1.00.wav,KP020_WWS_1_B005_8.54-9.91.wav,4,Wheezing,train
KP020_WWS_1_B005_8.54-9.91_0.25-1.25.wav,KP020_WWS_1_B005_8.54-9.91.wav,4,Wheezing,train
KP020_WWS_1_B006_10.40-11.62_0.00-1.00.wav,KP020_WWS_1_B006_10.40-11.62.wav,4,Wheezing,train
KP020_WWS_1_B007_11.68-13.28_0.00-1.00.wav,KP020_WWS_1_B007_11.68-13.28.wav,4,Wheezing,train
KP020_WWS_1_B007_11.68-13.28_0.25-1.25.wav,KP020_WWS_1_B007_11.68-13.28.wav,4,Wheezing,train
KP020_WWS_1_B007_11.68-13.28_0.50-1.50.wav,KP020_WWS_1_B007_11.68-13.28.wav,4,Wheezing,train
KP020_WWS_1_B009_14.82-16.27_0.00-1.00.wav,KP020_WWS_1_B009_14.82-16.27.wav,4,Wheezing,train
KP020_WWS_1_B009_14.82-16.27_0.25-1.25.wav,KP020_WWS_1_B009_14.82-16.27.wav,4,Wheezing,train
KP020_WWS_1_B010_16.43-17.49_0.00-1.00.wav,KP020_WWS_1_B010_16.43-17.49.wav,4,Wheezing,train
KP020_WWS_1_B011_17.52-18.80_0.00-1.00.wav,KP020_WWS_1_B011_17.52-18.80.wav,4,Wheezing,train
KP020_WWS_1_B011_17.52-18.80_0.25-1.25.wav,KP020_WWS_1_B011_17.52-18.80.wav,4,Wheezing,train
KP020_WWS_1_B012_19.06-20.34_0.00-1.00.wav,KP020_WWS_1_B012_19.06-20.34.wav,4,Wheezing,train
KP020_WWS_1_B012_19.06-20.34_0.25-1.25.wav,KP020_WWS_1_B012_19.06-20.34.wav,4,Wheezing,train
KP020_WWS_1_B013_20.54-21.85_0.00-1.00.wav,KP020_WWS_1_B013_20.54-21.85.wav,4,Wheezing,train
KP020_WWS_1_B013_20.54-21.85_0.25-1.25.wav,KP020_WWS_1_B013_20.54-21.85.wav,4,Wheezing,train
KP020_WWS_1_B014_22.07-23.49_0.00-1.00.wav,KP020_WWS_1_B014_22.07-23.49.wav,4,Wheezing,train
KP020_WWS_1_B014_22.07-23.49_0.25-1.25.wav,KP020_WWS_1_B014_22.07-23.49.wav,4,Wheezing,train
KP020_WWS_1_B015_23.58-24.74_0.00-1.00.wav,KP020_WWS_1_B015_23.58-24.74.wav,4,Wheezing,train
KP020_WWS_1_B016_24.93-26.21_0.00-1.00.wav,KP020_WWS_1_B016_24.93-26.21.wav,4,Wheezing,train
KP020_WWS_1_B016_24.93-26.21_0.25-1.25.wav,KP020_WWS_1_B016_24.93-26.21.wav,4,Wheezing,train
KP020_WWS_1_B017_26.37-27.21_0.00-1.00.wav,KP020_WWS_1_B017_26.37-27.21.wav,4,Wheezing,train
KP020_WWS_1_B018_29.00-30.00_0.00-1.00.wav,KP020_WWS_1_B018_29.00-30.00.wav,4,Wheezing,train
KP020_WWS_2_B000_1.16-2.13_0.00-1.00.wav,KP020_WWS_2_B000_1.16-2.13.wav,4,Wheezing,train
KP020_WWS_2_B001_2.22-3.39_0.00-1.00.wav,KP020_WWS_2_B001_2.22-3.39.wav,4,Wheezing,train
KP020_WWS_2_B002_5.39-6.30_0.00-1.00.wav,KP020_WWS_2_B002_5.39-6.30.wav,4,Wheezing,train
KP020_WWS_2_B003_6.46-7.96_0.00-1.00.wav,KP020_WWS_2_B003_6.46-7.96.wav,4,Wheezing,train
KP020_WWS_2_B003_6.46-7.96_0.25-1.25.wav,KP020_WWS_2_B003_6.46-7.96.wav,4,Wheezing,train
KP020_WWS_2_B004_8.95-9.93_0.00-1.00.wav,KP020_WWS_2_B004_8.95-9.93.wav,4,Wheezing,train
KP020_WWS_2_B006_12.52-13.61_0.00-1.00.wav,KP020_WWS_2_B006_12.52-13.61.wav,4,Wheezing,train
KP020_WWS_2_B007_13.74-15.51_0.00-1.00.wav,KP020_WWS_2_B007_13.74-15.51.wav,4,Wheezing,train
KP020_WWS_2_B007_13.74-15.51_0.25-1.25.wav,KP020_WWS_2_B007_13.74-15.51.wav,4,Wheezing,train
KP020_WWS_2_B007_13.74-15.51_0.50-1.50.wav,KP020_WWS_2_B007_13.74-15.51.wav,4,Wheezing,train
KP020_WWS_2_B007_13.74-15.51_0.75-1.75.wav,KP020_WWS_2_B007_13.74-15.51.wav,4,Wheezing,train
KP020_WWS_2_B008_15.83-16.93_0.00-1.00.wav,KP020_WWS_2_B008_15.83-16.93.wav,4,Wheezing,train
KP020_WWS_2_B009_17.14-18.87_0.00-1.00.wav,KP020_WWS_2_B009_17.14-18.87.wav,4,Wheezing,train
KP020_WWS_2_B009_17.14-18.87_0.25-1.25.wav,KP020_WWS_2_B009_17.14-18.87.wav,4,Wheezing,train
KP020_WWS_2_B009_17.14-18.87_0.50-1.50.wav,KP020_WWS_2_B009_17.14-18.87.wav,4,Wheezing,train
KP021_WWS_1_B001_1.61-3.11_0.00-1.00.wav,KP021_WWS_1_B001_1.61-3.11.wav,4,Wheezing,train
KP021_WWS_1_B001_1.61-3.11_0.25-1.25.wav,KP021_WWS_1_B001_1.61-3.11.wav,4,Wheezing,train
KP021_WWS_1_B001_1.61-3.11_0.50-1.50.wav,KP021_WWS_1_B001_1.61-3.11.wav,4,Wheezing,train
KP021_WWS_1_B002_3.52-4.65_0.00-1.00.wav,KP021_WWS_1_B002_3.52-4.65.wav,4,Wheezing,train
KP021_WWS_1_B003_4.92-6.36_0.00-1.00.wav,KP021_WWS_1_B003_4.92-6.36.wav,4,Wheezing,train
KP021_WWS_1_B003_4.92-6.36_0.25-1.25.wav,KP021_WWS_1_B003_4.92-6.36.wav,4,Wheezing,train
KP021_WWS_1_B005_7.93-9.46_0.00-1.00.wav,KP021_WWS_1_B005_7.93-9.46.wav,4,Wheezing,train
KP021_WWS_1_B005_7.93-9.46_0.25-1.25.wav,KP021_WWS_1_B005_7.93-9.46.wav,4,Wheezing,train
KP021_WWS_1_B005_7.93-9.46_0.50-1.50.wav,KP021_WWS_1_B005_7.93-9.46.wav,4,Wheezing,train
KP021_WWS_1_B008_12.88-13.97_0.00-1.00.wav,KP021_WWS_1_B008_12.88-13.97.wav,4,Wheezing,train
KP021_WWS_1_B009_13.99-14.99_0.00-1.00.wav,KP021_WWS_1_B009_13.99-14.99.wav,4,Wheezing,train
KP021_WWS_1_B011_17.07-18.12_0.00-1.00.wav,KP021_WWS_1_B011_17.07-18.12.wav,4,Wheezing,train
KP021_WWS_1_B012_18.92-19.89_0.00-1.00.wav,KP021_WWS_1_B012_18.92-19.89.wav,4,Wheezing,train
KP021_WWS_1_B013_19.98-21.30_0.00-1.00.wav,KP021_WWS_1_B013_19.98-21.30.wav,4,Wheezing,train
KP021_WWS_1_B013_19.98-21.30_0.25-1.25.wav,KP021_WWS_1_B013_19.98-21.30.wav,4,Wheezing,train
KP021_WWS_1_B014_21.41-22.51_0.00-1.00.wav,KP021_WWS_1_B014_21.41-22.51.wav,4,Wheezing,train
KP021_WWS_1_B015_22.66-23.59_0.00-1.00.wav,KP021_WWS_1_B015_22.66-23.59.wav,4,Wheezing,train
KP021_WWS_2_B000_0.89-1.85_0.00-1.00.wav,KP021_WWS_2_B000_0.89-1.85.wav,4,Wheezing,train
KP021_WWS_2_B001_2.05-3.02_0.00-1.00.wav,KP021_WWS_2_B001_2.05-3.02.wav,4,Wheezing,train
KP021_WWS_2_B002_3.53-4.12_0.00-1.00.wav,KP021_WWS_2_B002_3.53-4.12.wav,4,Wheezing,train
KP021_WWS_2_B003_4.27-5.16_0.00-1.00.wav,KP021_WWS_2_B003_4.27-5.16.wav,4,Wheezing,train
KP021_WWS_2_B006_8.18-8.79_0.00-1.00.wav,KP021_WWS_2_B006_8.18-8.79.wav,4,Wheezing,train
KP021_WWS_2_B007_8.92-10.04_0.00-1.00.wav,KP021_WWS_2_B007_8.92-10.04.wav,4,Wheezing,train
KP021_WWS_2_B008_10.49-11.08_0.00-1.00.wav,KP021_WWS_2_B008_10.49-11.08.wav,4,Wheezing,train
KP021_WWS_2_B011_13.49-14.56_0.00-1.00.wav,KP021_WWS_2_B011_13.49-14.56.wav,4,Wheezing,train
KP021_WWS_2_B012_14.98-15.53_0.00-1.00.wav,KP021_WWS_2_B012_14.98-15.53.wav,4,Wheezing,train
KP021_WWS_2_B013_15.63-16.63_0.00-1.00.wav,KP021_WWS_2_B013_15.63-16.63.wav,4,Wheezing,train
KP021_WWS_2_B015_17.93-18.97_0.00-1.00.wav,KP021_WWS_2_B015_17.93-18.97.wav,4,Wheezing,train
KP021_WWS_2_B016_19.36-20.07_0.00-1.00.wav,KP021_WWS_2_B016_19.36-20.07.wav,4,Wheezing,train
KP021_WWS_2_B017_20.24-21.39_0.00-1.00.wav,KP021_WWS_2_B017_20.24-21.39.wav,4,Wheezing,train
KP021_WWS_2_B018_21.77-22.37_0.00-1.00.wav,KP021_WWS_2_B018_21.77-22.37.wav,4,Wheezing,train
KP021_WWS_2_B019_22.42-23.24_0.00-1.00.wav,KP021_WWS_2_B019_22.42-23.24.wav,4,Wheezing,train
KP021_WWS_2_B022_26.16-26.85_0.00-1.00.wav,KP021_WWS_2_B022_26.16-26.85.wav,4,Wheezing,train
KP021_WWS_2_B023_27.02-27.98_0.00-1.00.wav,KP021_WWS_2_B023_27.02-27.98.wav,4,Wheezing,train
KP021_WWS_2_B024_28.48-29.15_0.00-1.00.wav,KP021_WWS_2_B024_28.48-29.15.wav,4,Wheezing,train
