{
  "k3": {
    "algorithm": "kmeans",
    "params": {
      "n_clusters": 3
    },
    "labels": [
      2,
      0,
      0,
      0,
      0,
      0,
      2,
      0,
      0,
      1,
      0,
      0,
      0,
      0,
      0,
      2,
      2,
      0,
      0,
      2,
      2,
      0,
      0,
      2,
      2,
      0,
      0,
      0,
      0,
      0,
      0,
      0,
      0,
      0,
      0,
      0,
      0,
      0,
      0
    ],
    "silhouette": 0.3399997271876021,
    "calinski_harabasz": 23.41379721086318,
    "davies_bouldin": 0.8050685320115313,
    "n_clusters": 3,
    "n_noise": 0
  },
  "k4": {
    "algorithm": "kmeans",
    "params": {
      "n_clusters": 4
    },
    "labels": [
      2,
      2,
      2,
      2,
      2,
      2,
      2,
      0,
      0,
      1,
      2,
      2,
      2,
      2,
      0,
      3,
      2,
      2,
      2,
      2,
      2,
      0,
      2,
      2,
      2,
      2,
      0,
      0,
      0,
      0,
      2,
      0,
      0,
      2,
      0,
      2,
      0,
      2,
      0
    ],
    "silhouette": 0.2720715636857464,
    "calinski_harabasz": 27.175168709078342,
    "davies_bouldin": 0.721647850906854,
    "n_clusters": 4,
    "n_noise": 0
  },
  "k5": {
    "algorithm": "kmeans",
    "params": {
      "n_clusters": 5
    },
    "labels": [
      1,
      2,
      2,
      2,
      2,
      2,
      1,
      0,
      0,
      3,
      2,
      2,
      2,
      2,
      2,
      4,
      1,
      2,
      2,
      1,
      1,
      2,
      2,
      1,
      1,
      2,
      2,
      2,
      2,
      2,
      2,
      2,
      0,
      2,
      2,
      2,
      2,
      2,
      0
    ],
    "silhouette": 0.30945934130024416,
    "calinski_harabasz": 28.969248507385345,
    "davies_bouldin": 0.6875718643113616,
    "n_clusters": 5,
    "n_noise": 0
  },
  "hdbscan": {
    "algorithm": "hdbscan",
    "params": {
      "min_cluster_size": 25
    },
    "labels": [
      -1,
      -1,
      -1,
      -1,
      -1,
      -1,
      -1,
      -1,
      -1,
      -1,
      -1,
      -1,
      -1,
      -1,
      -1,
      -1,
      -1,
      -1,
      -1,
      -1,
      -1,
      -1,
      -1,
      -1,
      -1,
      -1,
      -1,
      -1,
      -1,
      -1,
      -1,
      -1,
      -1,
      -1,
      -1,
      -1,
      -1,
      -1,
      -1
    ],
    "silhouette": -1.0,
    "calinski_harabasz": 0.0,
    "davies_bouldin": Infinity,
    "n_clusters": 0,
    "n_noise": 39
  }
}