{
  "k3": {
    "algorithm": "kmeans",
    "params": {
      "n_clusters": 3
    },
    "labels": [
      2,
      0,
      0,
      0,
      2,
      0,
      2,
      0,
      0,
      2,
      0,
      0,
      0,
      0,
      2,
      2,
      2,
      1,
      1,
      2,
      2,
      2,
      2,
      2,
      2,
      2,
      2,
      0,
      0,
      1,
      0,
      1,
      1,
      1,
      2,
      1,
      1,
      2,
      2
    ],
    "silhouette": 0.3172279967429375,
    "calinski_harabasz": 23.877451126678356,
    "davies_bouldin": 1.0849741415029754,
    "n_clusters": 3,
    "n_noise": 0
  },
  "k4": {
    "algorithm": "kmeans",
    "params": {
      "n_clusters": 4
    },
    "labels": [
      0,
      1,
      0,
      0,
      0,
      0,
      0,
      0,
      0,
      0,
      1,
      1,
      0,
      0,
      0,
      3,
      3,
      2,
      2,
      3,
      3,
      0,
      3,
      3,
      3,
      3,
      3,
      0,
      1,
      1,
      0,
      2,
      1,
      1,
      0,
      2,
      2,
      3,
      3
    ],
    "silhouette": 0.34019623894349155,
    "calinski_harabasz": 24.69187380533937,
    "davies_bouldin": 0.9545972435157766,
    "n_clusters": 4,
    "n_noise": 0
  },
  "k5": {
    "algorithm": "kmeans",
    "params": {
      "n_clusters": 5
    },
    "labels": [
      3,
      2,
      3,
      3,
      3,
      3,
      3,
      3,
      3,
      3,
      2,
      2,
      3,
      3,
      3,
      1,
      1,
      4,
      0,
      1,
      1,
      0,
      0,
      1,
      1,
      1,
      1,
      0,
      2,
      2,
      0,
      0,
      4,
      4,
      0,
      4,
      0,
      1,
      1
    ],
    "silhouette": 0.3368607102491736,
    "calinski_harabasz": 24.494268313933233,
    "davies_bouldin": 0.9794804468474558,
    "n_clusters": 5,
    "n_noise": 0
  },
  "hdbscan": {
    "algorithm": "hdbscan",
    "params": {
      "min_cluster_size": 25
    },
    "labels": [
      -1,
      -1,
      -1,
      -1,
      -1,
      -1,
      -1,
      -1,
      -1,
      -1,
      -1,
      -1,
      -1,
      -1,
      -1,
      -1,
      -1,
      -1,
      -1,
      -1,
      -1,
      -1,
      -1,
      -1,
      -1,
      -1,
      -1,
      -1,
      -1,
      -1,
      -1,
      -1,
      -1,
      -1,
      -1,
      -1,
      -1,
      -1,
      -1
    ],
    "silhouette": -1.0,
    "calinski_harabasz": 0.0,
    "davies_bouldin": Infinity,
    "n_clusters": 0,
    "n_noise": 39
  }
}