Time(s),Amplitude
6.000000000,0.040285248
6.000062500,0.040222816
6.000125000,0.040629212
6.000187500,0.040871806
6.000250000,0.040379371
6.000312500,0.038891990
6.000375000,0.036751598
6.000437500,0.034493994
6.000500000,0.032661170
6.000562500,0.031482030
6.000625000,0.030921048
6.000687500,0.030513402
6.000750000,0.029743314
6.000812500,0.028308032
6.000875000,0.026438784
6.000937500,0.024562037
6.001000000,0.023154603
6.001062500,0.022442130
6.001125000,0.022409666
6.001187500,0.022610955
6.001250000,0.022495734
6.001312500,0.021666029
6.001375000,0.020206846
6.001437500,0.018442774
6.001500000,0.016848268
6.001562500,0.015785057
6.001625000,0.015447182
6.001687500,0.015622867
6.001750000,0.015907025
6.001812500,0.015901962
6.001875000,0.015478460
6.001937500,0.014662026
6.002000000,0.013648040
6.002062500,0.012675383
6.002125000,0.011956635
6.002187500,0.011481894
6.002250000,0.011106680
6.002312500,0.010643127
6.002375000,0.009992308
6.002437500,0.009077761
6.002500000,0.007906451
6.002562500,0.006553504
6.002625000,0.005148236
6.002687500,0.003760567
6.002750000,0.002447235
6.002812500,0.001279767
6.002875000,0.000348568
6.002937500,-0.000324414
6.003000000,-0.000752995
6.003062500,-0.000962695
6.003125000,-0.001011033
6.003187500,-0.001005120
6.003250000,-0.001035369
6.003312500,-0.001115633
6.003375000,-0.001220732
6.003437500,-0.001327209
6.003500000,-0.001411866
6.003562500,-0.001445778
6.003625000,-0.001460921
6.003687500,-0.001561187
6.003750000,-0.001882488
6.003812500,-0.002526796
6.003875000,-0.003570271
6.003937500,-0.005038919
6.004000000,-0.006871082
6.004062500,-0.008890681
6.004125000,-0.010905652
6.004187500,-0.012747687
6.004250000,-0.014306910
6.004312500,-0.015518816
6.004375000,-0.016426565
6.004437500,-0.017123818
6.004500000,-0.017695390
6.004562500,-0.018146256
6.004625000,-0.018476442
6.004687500,-0.018688774
6.004750000,-0.018824881
6.004812500,-0.018950710
6.004875000,-0.019225746
6.004937500,-0.019812347
6.005000000,-0.020801496
6.005062500,-0.022126412
6.005125000,-0.023647981
6.005187500,-0.025173452
6.005250000,-0.026543085
6.005312500,-0.027668079
6.005375000,-0.028610038
6.005437500,-0.029489206
6.005500000,-0.030402184
6.005562500,-0.031321533
6.005625000,-0.032138430
6.005687500,-0.032668713
6.005750000,-0.032755297
6.005812500,-0.032334432
6.005875000,-0.031532411
6.005937500,-0.030583441
6.006000000,-0.029743314
6.006062500,-0.029167149
6.006125000,-0.028908923
6.006187500,-0.028892973
6.006250000,-0.028990317
6.006312500,-0.029080912
6.006375000,-0.029160341
6.006437500,-0.029291293
6.006500000,-0.029555064
6.006562500,-0.029957773
6.006625000,-0.030461885
6.006687500,-0.030939681
6.006750000,-0.031249303
6.006812500,-0.031279735
6.006875000,-0.031086851
6.006937500,-0.030799795
6.007000000,-0.030590432
6.007062500,-0.030565344
6.007125000,-0.030792430
6.007187500,-0.031179523
6.007250000,-0.031531677
6.007312500,-0.031591497
6.007375000,-0.031201011
6.007437500,-0.030264264
6.007500000,-0.028802069
6.007562500,-0.026914898
6.007625000,-0.024840740
6.007687500,-0.022801623
6.007750000,-0.020989744
6.007812500,-0.019497596
6.007875000,-0.018428894
6.007937500,-0.017762722
6.008000000,-0.017413015
6.008062500,-0.017205300
6.008125000,-0.017082175
6.008187500,-0.016951835
6.008250000,-0.016754145
6.008312500,-0.016406430
6.008375000,-0.015991211
6.008437500,-0.015554810
6.008500000,-0.015154029
6.008562500,-0.014785671
6.008625000,-0.014568359
6.008687500,-0.014537007
6.008750000,-0.014683408
6.008812500,-0.014894639
6.008875000,-0.015161320
6.008937500,-0.015418207
6.009000000,-0.015624652
6.009062500,-0.015714126
6.009125000,-0.015787698
6.009187500,-0.015885063
6.009250000,-0.016001150
6.009312500,-0.015998477
6.009375000,-0.015850499
6.009437500,-0.015479673
6.009500000,-0.014871657
6.009562500,-0.014030566
6.009625000,-0.013194501
6.009687500,-0.012554646
6.009750000,-0.012236172
6.009812500,-0.012170643
6.009875000,-0.012357714
6.009937500,-0.012705013
6.010000000,-0.013177417
6.010062500,-0.013774558
6.010125000,-0.014750984
6.010187500,-0.016310450
6.010250000,-0.018542508
6.010312500,-0.021265659
6.010375000,-0.024235534
6.010437500,-0.027054805
6.010500000,-0.029366815
6.010562500,-0.030925002
6.010625000,-0.031842213
6.010687500,-0.032378193
6.010750000,-0.032849420
6.010812500,-0.033418808
6.010875000,-0.034188114
6.010937500,-0.035040766
6.011000000,-0.035767276
6.011062500,-0.036129851
6.011125000,-0.036139548
6.011187500,-0.035935532
6.011250000,-0.035767276
6.011312500,-0.035830572
6.011375000,-0.036334779
6.011437500,-0.037298545
6.011500000,-0.038591005
6.011562500,-0.039940372
6.011625000,-0.041184373
6.011687500,-0.042208295
6.011750000,-0.043014854
6.011812500,-0.043657016
6.011875000,-0.044330798
6.011937500,-0.045169134
6.012000000,-0.046215083
6.012062500,-0.047353655
6.012125000,-0.048463777
6.012187500,-0.049358420
6.012250000,-0.049885936
6.012312500,-0.049949784
6.012375000,-0.049628831
6.012437500,-0.049054880
6.012500000,-0.048379947
6.012562500,-0.047686346
6.012625000,-0.047048386
6.012687500,-0.046448324
6.012750000,-0.045838587
6.012812500,-0.045161396
6.012875000,-0.044461466
6.012937500,-0.043789450
6.013000000,-0.043203104
6.013062500,-0.042710662
6.013125000,-0.042337589
6.013187500,-0.042022847
6.013250000,-0.041697115
6.013312500,-0.041304380
6.013375000,-0.040908147
6.013437500,-0.040555291
6.013500000,-0.040285248
6.013562500,-0.040075377
6.013625000,-0.039911263
6.013687500,-0.039676733
6.013750000,-0.039249878
6.013812500,-0.038546994
6.013875000,-0.037625659
6.013937500,-0.036566366
6.014000000,-0.035484903
6.014062500,-0.034477860
6.014125000,-0.033635292
6.014187500,-0.032911062
6.014250000,-0.032190546
6.014312500,-0.031337768
6.014375000,-0.030293312
6.014437500,-0.029001728
6.014500000,-0.027484328
6.014562500,-0.025836116
6.014625000,-0.024245519
6.014687500,-0.022828918
6.014750000,-0.021648614
6.014812500,-0.020695088
6.014875000,-0.019937247
6.014937500,-0.019216841
6.015000000,-0.018354259
6.015062500,-0.017208077
6.015125000,-0.015760763
6.015187500,-0.014014885
6.015250000,-0.012047924
6.015312500,-0.010004797
6.015375000,-0.008087142
6.015437500,-0.006419644
6.015500000,-0.005082718
6.015562500,-0.004122681
6.015625000,-0.003552300
6.015687500,-0.003266746
6.015750000,-0.003106105
6.015812500,-0.002910287
6.015875000,-0.002550964
6.015937500,-0.001906035
6.016000000,-0.000941244
6.016062500,0.000253995
6.016125000,0.001523181
6.016187500,0.002765875
6.016250000,0.003953225
6.016312500,0.005115528
6.016375000,0.006350275
6.016437500,0.007796271
6.016500000,0.009506566
6.016562500,0.011361478
6.016625000,0.013122826
6.016687500,0.014561039
6.016750000,0.015530528
6.016812500,0.016013658
6.016875000,0.016166897
6.016937500,0.016270118
6.017000000,0.016565897
6.017062500,0.017113952
6.017125000,0.017809795
6.017187500,0.018467668
6.017250000,0.018919006
6.017312500,0.019091161
6.017375000,0.019103698
6.017437500,0.019213825
6.017500000,0.019672001
6.017562500,0.020559279
6.017625000,0.021797515
6.017687500,0.023180233
6.017750000,0.024472345
6.017812500,0.025488600
6.017875000,0.026242480
6.017937500,0.026880344
6.018000000,0.027578451
6.018062500,0.028391654
6.018125000,0.029303633
6.018187500,0.030200172
6.018250000,0.030966930
6.018312500,0.031538468
6.018375000,0.032034632
6.018437500,0.032641705
6.018500000,0.033508290
6.018562500,0.034599047
6.018625000,0.035758849
6.018687500,0.036707602
6.018750000,0.037179142
6.018812500,0.037012808
6.018875000,0.036323689
6.018937500,0.035388686
6.019000000,0.034543656
6.019062500,0.033996951
6.019125000,0.033857033
6.019187500,0.034019157
6.019250000,0.034261286
6.019312500,0.034307741
6.019375000,0.034067221
6.019437500,0.033544838
6.019500000,0.032849420
6.019562500,0.032083798
6.019625000,0.031420901
6.019687500,0.030944370
6.019750000,0.030684557
6.019812500,0.030594062
6.019875000,0.030713623
6.019937500,0.031037059
6.020000000,0.031531677
6.020062500,0.032076623
6.020125000,0.032609180
6.020187500,0.033018582
6.020250000,0.033225916
6.020312500,0.033168629
6.020375000,0.032965977
6.020437500,0.032732259
6.020500000,0.032567047
6.020562500,0.032451883
6.020625000,0.032403484
6.020687500,0.032323301
6.020750000,0.032096423
6.020812500,0.031587094
6.020875000,0.030867597
6.020937500,0.030024156
6.021000000,0.029178567
6.021062500,0.028383158
6.021125000,0.027792849
6.021187500,0.027456939
6.021250000,0.027390203
6.021312500,0.027526803
6.021375000,0.027924169
6.021437500,0.028539017
6.021500000,0.029272690
6.021562500,0.029911807
6.021625000,0.030363062
6.021687500,0.030505737
6.021750000,0.030308058
6.021812500,0.029789541
6.021875000,0.029206328
6.021937500,0.028769156
6.022000000,0.028613821
6.022062500,0.028668256
6.022125000,0.028883604
6.022187500,0.029076368
6.022250000,0.029084442
6.022312500,0.028776100
6.022375000,0.028309165
6.022437500,0.027875688
6.022500000,0.027672576
6.022562500,0.027733441
6.022625000,0.028122399
6.022687500,0.028723145
6.022750000,0.029366815
6.022812500,0.029831819
6.022875000,0.030176688
6.022937500,0.030502236
6.023000000,0.030966930
6.023062500,0.031607334
6.023125000,0.032553449
6.023187500,0.033726264
6.023250000,0.034920152
6.023312500,0.035772812
6.023375000,0.036155928
6.023437500,0.035998102
6.023500000,0.035390779
6.023562500,0.034464158
6.023625000,0.033604551
6.023687500,0.033085749
6.023750000,0.033037666
6.023812500,0.033309601
6.023875000,0.033802133
6.023937500,0.034316815
6.024000000,0.034731906
6.024062500,0.034972526
6.024125000,0.035304554
6.024187500,0.035982121
6.024250000,0.037179142
6.024312500,0.038778525
6.024375000,0.040655296
6.024437500,0.042486340
6.024500000,0.043956097
6.024562500,0.044790581
6.024625000,0.045119662
6.024687500,0.045182154
6.024750000,0.045273837
6.024812500,0.045520123
6.024875000,0.046094820
6.024937500,0.046978150
6.025000000,0.048097573
6.025062500,0.049315121
6.025125000,0.050753444
6.025187500,0.052503243
6.025250000,0.054592159
6.025312500,0.056808636
6.025375000,0.058977239
6.025437500,0.060794245
6.025500000,0.062027987
6.025562500,0.062547199
6.025625000,0.062619627
6.025687500,0.062588744
6.025750000,0.062780984
6.025812500,0.063266478
6.025875000,0.064063892
6.025937500,0.064938024
6.026000000,0.065604717
6.026062500,0.065803073
6.026125000,0.065629393
6.026187500,0.065285489
6.026250000,0.065039963
6.026312500,0.065026410
6.026375000,0.065372258
6.026437500,0.065976739
6.026500000,0.066640079
6.026562500,0.067104690
6.026625000,0.067336343
6.026687500,0.067344166
6.026750000,0.067204826
6.026812500,0.066943154
6.026875000,0.066668190
6.026937500,0.066363484
6.027000000,0.065981209
6.027062500,0.065444008
6.027125000,0.064865559
6.027187500,0.064346060
6.027250000,0.064004600
6.027312500,0.063875712
6.027375000,0.064027496
6.027437500,0.064334109
6.027500000,0.064569339
6.027562500,0.064438418
6.027625000,0.063823700
6.027687500,0.062668540
6.027750000,0.061086740
6.027812500,0.059302982
6.027875000,0.057722900
6.027937500,0.056599211
6.028000000,0.056004021
6.028062500,0.055753194
6.028125000,0.055621572
6.028187500,0.055234972
6.028250000,0.054309785
6.028312500,0.052737784
6.028375000,0.050757833
6.028437500,0.048650499
6.028500000,0.046685707
6.028562500,0.044974361
6.028625000,0.043563630
6.028687500,0.042262331
6.028750000,0.040849991
6.028812500,0.039184570
6.028875000,0.037388265
6.028937500,0.035603270
6.029000000,0.033978913
6.029062500,0.032555096
6.029125000,0.031343304
6.029187500,0.030156085
6.029250000,0.028802069
6.029312500,0.027184129
6.029375000,0.025472000
6.029437500,0.023849498
6.029500000,0.022495734
6.029562500,0.021462834
6.029625000,0.020732073
6.029687500,0.020045949
6.029750000,0.019107254
6.029812500,0.017710317
6.029875000,0.015933534
6.029937500,0.013953415
6.030000000,0.012047924
6.030062500,0.010469888
6.030125000,0.009439606
6.030187500,0.008905951
6.030250000,0.008659446
6.030312500,0.008416700
6.030375000,0.008017552
6.030437500,0.007320198
6.030500000,0.006306335
6.030562500,0.005060071
6.030625000,0.003785395
6.030687500,0.002588229
6.030750000,0.001505991
6.030812500,0.000505407
6.030875000,-0.000434287
6.030937500,-0.001422380
6.031000000,-0.002541359
6.031062500,-0.003802205
6.031125000,-0.005090254
6.031187500,-0.006304888
6.031250000,-0.007341704
6.031312500,-0.008122178
6.031375000,-0.008592833
6.031437500,-0.008825068
6.031500000,-0.008941819
6.031562500,-0.009059587
6.031625000,-0.009241823
6.031687500,-0.009544833
6.031750000,-0.009977187
6.031812500,-0.010493179
6.031875000,-0.011032381
6.031937500,-0.011580644
6.032000000,-0.012142048
6.032062500,-0.012701917
6.032125000,-0.013242774
6.032187500,-0.013754816
6.032250000,-0.014212786
6.032312500,-0.014553464
6.032375000,-0.014739926
6.032437500,-0.014773780
6.032500000,-0.014683408
6.032562500,-0.014483949
6.032625000,-0.014253806
6.032687500,-0.014095836
6.032750000,-0.014118661
6.032812500,-0.014371198
6.032875000,-0.014912632
6.032937500,-0.015735678
6.033000000,-0.016754145
6.033062500,-0.017767668
6.033125000,-0.018616192
6.033187500,-0.019171301
6.033250000,-0.019389628
6.033312500,-0.019277379
6.033375000,-0.019000893
6.033437500,-0.018740918
6.033500000,-0.018636633
6.033562500,-0.018679334
6.033625000,-0.018864265
6.033687500,-0.019120540
6.033750000,-0.019389628
6.033812500,-0.019607602
6.033875000,-0.019880971
6.033937500,-0.020317931
6.034000000,-0.020989744
6.034062500,-0.021809401
6.034125000,-0.022704741
6.034187500,-0.023515515
6.034250000,-0.024095848
6.034312500,-0.024314111
6.034375000,-0.024286734
6.034437500,-0.024202483
6.034500000,-0.024284096
6.034562500,-0.024623998
6.034625000,-0.025336009
6.034687500,-0.026369326
6.034750000,-0.027578451
6.034812500,-0.028708126
6.034875000,-0.029686317
6.034937500,-0.030484298
6.035000000,-0.031155180
6.035062500,-0.031715404
6.035125000,-0.032322723
6.035187500,-0.033046164
6.035250000,-0.033884790
6.035312500,-0.034697048
6.035375000,-0.035458796
6.035437500,-0.036126874
6.035500000,-0.036708519
6.035562500,-0.037183970
6.035625000,-0.037709929
6.035687500,-0.038385820
6.035750000,-0.039249878
6.035812500,-0.040170569
6.035875000,-0.041100290
6.035937500,-0.041919984
6.036000000,-0.042544231
6.036062500,-0.042879242
6.036125000,-0.043076117
6.036187500,-0.043292101
6.036250000,-0.043673724
6.036312500,-0.044210371
6.036375000,-0.044956669
6.036437500,-0.045844473
6.036500000,-0.046779834
6.036562500,-0.047610845
6.036625000,-0.048398655
6.036687500,-0.049200058
6.036750000,-0.050074182
6.036812500,-0.050957337
6.036875000,-0.051870350
6.036937500,-0.052733339
6.037000000,-0.053462666
6.037062500,-0.053946681
6.037125000,-0.054281894
6.037187500,-0.054561261
6.037250000,-0.054874528
6.037312500,-0.055188086
6.037375000,-0.055528007
6.037437500,-0.055803377
6.037500000,-0.055909898
6.037562500,-0.055722270
6.037625000,-0.055333450
6.037687500,-0.054849200
6.037750000,-0.054403909
6.037812500,-0.054048989
6.037875000,-0.053908840
6.037937500,-0.053980142
6.038000000,-0.054215658
6.038062500,-0.054506354
6.038125000,-0.054891538
6.038187500,-0.055363454
6.038250000,-0.055909898
6.038312500,-0.056443792
6.038375000,-0.056978125
6.038437500,-0.057445791
6.038500000,-0.057792384
6.038562500,-0.057950109
6.038625000,-0.058017958
6.038687500,-0.058029305
6.038750000,-0.057980634
6.038812500,-0.057766881
6.038875000,-0.057353329
6.038937500,-0.056628704
6.039000000,-0.055533402
6.039062500,-0.054070421
6.039125000,-0.052449368
6.039187500,-0.050849620
6.039250000,-0.049415316
6.039312500,-0.048164256
6.039375000,-0.047123067
6.039437500,-0.046169989
6.039500000,-0.045179714
6.039562500,-0.044058815
6.039625000,-0.042922482
6.039687500,-0.041859452
6.039750000,-0.040944118
6.039812500,-0.040147845
6.039875000,-0.039466009
6.039937500,-0.038746379
6.040000000,-0.037838012
6.040062500,-0.036637530
6.040125000,-0.035263479
6.040187500,-0.033832025
6.040250000,-0.032472920
6.040312500,-0.031239329
6.040375000,-0.030210227
6.040437500,-0.029307416
6.040500000,-0.028425572
6.040562500,-0.027468123
6.040625000,-0.026532916
6.040687500,-0.025696287
6.040750000,-0.025037091
6.040812500,-0.024538904
6.040875000,-0.024214096
6.040937500,-0.023890290
6.041000000,-0.023342853
6.041062500,-0.022337694
6.041125000,-0.020873357
6.041187500,-0.018991146
6.041250000,-0.016848268
6.041312500,-0.014630745
6.041375000,-0.012665747
6.041437500,-0.011125208
6.041500000,-0.010071312
6.041562500,-0.009404051
6.041625000,-0.009097451
6.041687500,-0.008995676
6.041750000,-0.008941819
6.041812500,-0.008755113
6.041875000,-0.008469795
6.041937500,-0.008085165
6.042000000,-0.007624077
6.042062500,-0.007048813
6.042125000,-0.006463863
6.042187500,-0.005875105
6.042250000,-0.005270967
6.042312500,-0.004572593
6.042375000,-0.003880603
6.042437500,-0.003245511
6.042500000,-0.002729608
6.042562500,-0.002321844
6.042625000,-0.002153131
6.042687500,-0.002257125
6.042750000,-0.002635483
6.042812500,-0.003192258
6.042875000,-0.003970835
6.042937500,-0.004935037
6.043000000,-0.006023962
6.043062500,-0.007078595
6.043125000,-0.008066835
6.043187500,-0.008898705
6.043250000,-0.009506566
6.043312500,-0.009797849
6.043375000,-0.009882219
6.043437500,-0.009866818
6.043500000,-0.009883063
6.043562500,-0.009986553
6.043625000,-0.010367967
6.043687500,-0.011148596
6.043750000,-0.012424421
6.043812500,-0.014176338
6.043875000,-0.016456492
6.043937500,-0.019174147
6.044000000,-0.022119237
6.044062500,-0.024918295
6.044125000,-0.027298944
6.044187500,-0.029045360
6.044250000,-0.030119810
6.044312500,-0.030629503
6.044375000,-0.030945743
6.044437500,-0.031442814
6.044500000,-0.032378796
6.044562500,-0.033734862
6.044625000,-0.035368860
6.044687500,-0.036985181
6.044750000,-0.038308635
6.044812500,-0.039159589
6.044875000,-0.039654553
6.044937500,-0.040037069
6.045000000,-0.040567622
6.045062500,-0.041329656
6.045125000,-0.042305574
6.045187500,-0.043296739
6.045250000,-0.044050224
6.045312500,-0.044339828
6.045375000,-0.044188481
6.045437500,-0.043778487
6.045500000,-0.043391351
6.045562500,-0.043240216
6.045625000,-0.043505434
6.045687500,-0.044192147
6.045750000,-0.045179714
6.045812500,-0.046243168
6.045875000,-0.047266684
6.045937500,-0.048172735
6.046000000,-0.048944689
6.046062500,-0.049540915
6.046125000,-0.049997941
6.046187500,-0.050289452
6.046250000,-0.050356556
6.046312500,-0.050081555
6.046375000,-0.049479976
6.046437500,-0.048596084
6.046500000,-0.047532827
6.046562500,-0.046366014
6.046625000,-0.045276314
6.046687500,-0.044345886
6.046750000,-0.043579601
6.046812500,-0.042856544
6.046875000,-0.042152826
6.046937500,-0.041415442
6.047000000,-0.040661745
6.047062500,-0.039932877
6.047125000,-0.039448142
6.047187500,-0.039338987
6.047250000,-0.039626375
6.047312500,-0.040121049
6.047375000,-0.040641423
6.047437500,-0.040895429
6.047500000,-0.040661745
6.047562500,-0.039830342
6.047625000,-0.038616154
6.047687500,-0.037292998
6.047750000,-0.036143772
6.047812500,-0.035296421
6.047875000,-0.034843493
6.047937500,-0.034656711
6.048000000,-0.034543656
6.048062500,-0.034312818
6.048125000,-0.034004167
6.048187500,-0.033695374
6.048250000,-0.033508290
6.048312500,-0.033494316
6.048375000,-0.033734765
6.048437500,-0.034154423
6.048500000,-0.034637783
6.048562500,-0.035057332
6.048625000,-0.035451826
6.048687500,-0.035819396
6.048750000,-0.036143772
6.048812500,-0.036331769
6.048875000,-0.036340464
6.048937500,-0.036045898
6.049000000,-0.035390779
6.049062500,-0.034430023
6.049125000,-0.033425774
6.049187500,-0.032619860
6.049250000,-0.032190546
6.049312500,-0.032158185
6.049375000,-0.032436907
6.049437500,-0.032759577
6.049500000,-0.032849420
6.049562500,-0.032538183
6.049625000,-0.031870652
6.049687500,-0.030974176
6.049750000,-0.030025685
6.049812500,-0.029159745
6.049875000,-0.028444208
6.049937500,-0.027780615
6.050000000,-0.027013704
6.050062500,-0.026027959
6.050125000,-0.024827374
6.050187500,-0.023458520
6.050250000,-0.022025112
6.050312500,-0.020648303
6.050375000,-0.019426730
6.050437500,-0.018342072
6.050500000,-0.017318891
6.050562500,-0.016284289
6.050625000,-0.015218576
6.050687500,-0.014109839
6.050750000,-0.012989169
6.050812500,-0.011920975
6.050875000,-0.010954656
6.050937500,-0.010034433
6.051000000,-0.009035943
6.051062500,-0.007826128
6.051125000,-0.006314071
6.051187500,-0.004460223
6.051250000,-0.002353110
6.051312500,-0.000215026
6.051375000,0.001668935
6.051437500,0.003125319
6.051500000,0.004141474
6.051562500,0.004879022
6.051625000,0.005591851
6.051687500,0.006578851
6.051750000,0.008000575
6.051812500,0.009784829
6.051875000,0.011625147
6.051937500,0.013181558
6.052000000,0.014212786
6.052062500,0.014703071
6.052125000,0.014853793
6.052187500,0.015066464
6.052250000,0.015718777
6.052312500,0.016983578
6.052375000,0.018705137
6.052437500,0.020529816
6.052500000,0.022025112
6.052562500,0.022868199
6.052625000,0.022937670
6.052687500,0.022413110
6.052750000,0.021648614
6.052812500,0.021022130
6.052875000,0.020757992
6.052937500,0.020930804
6.053000000,0.021460366
6.053062500,0.022196645
6.053125000,0.022977300
6.053187500,0.023735326
6.053250000,0.024472345
6.053312500,0.025214864
6.053375000,0.025930529
6.053437500,0.026542006
6.053500000,0.026919581
6.053562500,0.026928904
6.053625000,0.026455790
6.053687500,0.025484132
6.053750000,0.024095848
6.053812500,0.022455681
6.053875000,0.020757079
6.053937500,0.019187782
6.054000000,0.017883638
6.054062500,0.016902793
6.054125000,0.016221780
6.054187500,0.015744591
6.054250000,0.015342278
6.054312500,0.014892789
6.054375000,0.014326604
6.054437500,0.013620032
6.054500000,0.012800919
6.054562500,0.011920269
6.054625000,0.011058862
6.054687500,0.010253348
6.054750000,0.009506566
6.054812500,0.008783092
6.054875000,0.008073018
6.054937500,0.007346429
6.055000000,0.006588709
6.055062500,0.005791989
6.055125000,0.005015696
6.055187500,0.004296402
6.055250000,0.003670852
6.055312500,0.003151030
6.055375000,0.002780288
6.055437500,0.002535049
6.055500000,0.002353110
6.055562500,0.002124884
6.055625000,0.001797912
6.055687500,0.001312268
6.055750000,0.000658871
6.055812500,-0.000136056
6.055875000,-0.000928144
6.055937500,-0.001601288
6.056000000,-0.002070737
6.056062500,-0.002341773
6.056125000,-0.002405449
6.056187500,-0.002345293
6.056250000,-0.002258986
6.056312500,-0.002250764
6.056375000,-0.002299045
6.056437500,-0.002379645
6.056500000,-0.002447235
6.056562500,-0.002484139
6.056625000,-0.002426614
6.056687500,-0.002259664
6.056750000,-0.001976613
6.056812500,-0.001588795
6.056875000,-0.001050882
6.056937500,-0.000355474
6.057000000,0.000470622
6.057062500,0.001333958
6.057125000,0.002149482
6.057187500,0.002800042
6.057250000,0.003200230
6.057312500,0.003318541
6.057375000,0.003238208
6.057437500,0.003087178
6.057500000,0.003011981
6.057562500,0.003088939
6.057625000,0.003425996
6.057687500,0.004043150
6.057750000,0.004894469
6.057812500,0.005840247
6.057875000,0.006797070
6.057937500,0.007684684
6.058000000,0.008471197
6.058062500,0.009141635
6.058125000,0.009781568
6.058187500,0.010460387
6.058250000,0.011200804
6.058312500,0.011927820
6.058375000,0.012573724
6.058437500,0.013079280
6.058500000,0.013459790
6.058562500,0.013791360
6.058625000,0.014215445
6.058687500,0.014796676
6.058750000,0.015436403
6.058812500,0.015841447
6.058875000,0.015700014
6.058937500,0.014833390
6.059000000,0.013365666
6.059062500,0.011724768
6.059125000,0.010537501
6.059187500,0.010285385
6.059250000,0.011012556
6.059312500,0.012192741
6.059375000,0.012975127
6.059437500,0.012570706
6.059500000,0.010730183
6.059562500,0.007991485
6.059625000,0.005627859
6.059687500,0.005125170
6.059750000,0.007529953
6.059812500,0.012904625
6.059875000,0.020244436
6.059937500,0.027786367
6.060000000,0.033696536
6.060062500,0.036758035
6.060125000,0.036821201
6.060187500,0.034718767
6.060250000,0.031814050
6.060312500,0.029362107
6.060375000,0.028046031
6.060437500,0.027786199
6.060500000,0.027954949
6.060562500,0.027788362
6.060625000,0.026819896
6.060687500,0.025045251
6.060750000,0.022872232
6.060812500,0.020863891
6.060875000,0.019485518
6.060937500,0.018887898
6.061000000,0.018919006
6.061062500,0.019247780
6.061125000,0.019579209
6.061187500,0.019728368
6.061250000,0.019672001
6.061312500,0.019492205
6.061375000,0.019329011
6.061437500,0.019259864
6.061500000,0.019295502
6.061562500,0.019389303
6.061625000,0.019481335
6.061687500,0.019480353
6.061750000,0.019295502
6.061812500,0.018859478
6.061875000,0.018136151
6.061937500,0.017129136
6.062000000,0.015907025
6.062062500,0.014608896
6.062125000,0.013389569
6.062187500,0.012364268
6.062250000,0.011577302
6.062312500,0.011004634
6.062375000,0.010546345
6.062437500,0.010078256
6.062500000,0.009506566
6.062562500,0.008796390
6.062625000,0.008004903
6.062687500,0.007167021
6.062750000,0.006306335
6.062812500,0.005429268
6.062875000,0.004547739
6.062937500,0.003640747
6.063000000,0.002729608
6.063062500,0.001918415
6.063125000,0.001350879
6.063187500,0.001117305
6.063250000,0.001223617
6.063312500,0.001592351
6.063375000,0.002034845
6.063437500,0.002314111
6.063500000,0.002258986
6.063562500,0.001869108
6.063625000,0.001248934
6.063687500,0.000554052
6.063750000,-0.000094124
6.063812500,-0.000652109
6.063875000,-0.001237294
6.063937500,-0.002059208
6.064000000,-0.003294354
6.064062500,-0.004946256
6.064125000,-0.006875294
6.064187500,-0.008831188
6.064250000,-0.010541934
6.064312500,-0.011784345
6.064375000,-0.012525653
6.064437500,-0.012893788
6.064500000,-0.013083293
6.064562500,-0.013208108
6.064625000,-0.013326840
6.064687500,-0.013405468
6.064750000,-0.013365666
6.064812500,-0.013113516
6.064875000,-0.012721894
6.064937500,-0.012378124
6.065000000,-0.012330297
6.065062500,-0.012746379
6.065125000,-0.013751633
6.065187500,-0.015325728
6.065250000,-0.017318891
6.065312500,-0.019457713
6.065375000,-0.021538546
6.065437500,-0.023416664
6.065500000,-0.025037091
6.065562500,-0.026371762
6.065625000,-0.027513614
6.065687500,-0.028553389
6.065750000,-0.029555064
6.065812500,-0.030486178
6.065875000,-0.031336676
6.065937500,-0.032051571
6.066000000,-0.032567047
6.066062500,-0.032798145
6.066125000,-0.032767136
6.066187500,-0.032551717
6.066250000,-0.032284670
6.066312500,-0.032083016
6.066375000,-0.032095302
6.066437500,-0.032390513
6.066500000,-0.032943543
6.066562500,-0.033611119
6.066625000,-0.034268122
6.066687500,-0.034806006
6.066750000,-0.035202529
6.066812500,-0.035502166
6.066875000,-0.035895437
6.066937500,-0.036551140
6.067000000,-0.037555639
6.067062500,-0.038821477
6.067125000,-0.040187772
6.067187500,-0.041386750
6.067250000,-0.042167734
6.067312500,-0.042364437
6.067375000,-0.042025886
6.067437500,-0.041317251
6.067500000,-0.040473495
6.067562500,-0.039695516
6.067625000,-0.039134938
6.067687500,-0.038816422
6.067750000,-0.038685132
6.067812500,-0.038643882
6.067875000,-0.038641188
6.067937500,-0.038613688
6.068000000,-0.038496882
6.068062500,-0.038198039
6.068125000,-0.037662476
6.068187500,-0.036821168
6.068250000,-0.035673149
6.068312500,-0.034304164
6.068375000,-0.032919992
6.068437500,-0.031685587
6.068500000,-0.030684557
6.068562500,-0.029869149
6.068625000,-0.029128280
6.068687500,-0.028275613
6.068750000,-0.027201954
6.068812500,-0.025958365
6.068875000,-0.024778362
6.068937500,-0.023911089
6.069000000,-0.023531102
6.069062500,-0.023648473
6.069125000,-0.024090318
6.069187500,-0.024510166
6.069250000,-0.024566470
6.069312500,-0.024077656
6.069375000,-0.023087604
6.069437500,-0.021764480
6.069500000,-0.020330872
6.069562500,-0.018955793
6.069625000,-0.017688170
6.069687500,-0.016390620
6.069750000,-0.014871657
6.069812500,-0.013018562
6.069875000,-0.010897172
6.069937500,-0.008671365
6.070000000,-0.006588709
6.070062500,-0.004895999
6.070125000,-0.003750029
6.070187500,-0.003093887
6.070250000,-0.002729608
6.070312500,-0.002419177
6.070375000,-0.001977299
6.070437500,-0.001269713
6.070500000,-0.000282373
6.070562500,0.000874056
6.070625000,0.002034611
6.070687500,0.003102323
6.070750000,0.004047350
6.070812500,0.004886807
6.070875000,0.005691117
6.070937500,0.006595535
6.071000000,0.007718201
6.071062500,0.009088038
6.071125000,0.010680387
6.071187500,0.012446960
6.071250000,0.014306910
6.071312500,0.016131969
6.071375000,0.017829238
6.071437500,0.019359460
6.071500000,0.020707369
6.071562500,0.021826534
6.071625000,0.022691922
6.071687500,0.023293722
6.071750000,0.023625227
6.071812500,0.023661645
6.071875000,0.023445388
6.071937500,0.023096576
6.072000000,0.022778107
6.072062500,0.022615431
6.072125000,0.022722762
6.072187500,0.023143213
6.072250000,0.023813475
6.072312500,0.024537383
6.072375000,0.025136793
6.072437500,0.025493180
6.072500000,0.025601838
6.072562500,0.025538063
6.072625000,0.025525797
6.072687500,0.025786830
6.072750000,0.026448958
6.072812500,0.027435556
6.072875000,0.028591413
6.072937500,0.029679080
6.073000000,0.030496309
6.073062500,0.030916320
6.073125000,0.031057071
6.073187500,0.031147096
6.073250000,0.031437553
6.073312500,0.032032773
6.073375000,0.032968163
6.073437500,0.034101885
6.073500000,0.035202529
6.073562500,0.035987519
6.073625000,0.036373768
6.073687500,0.036383532
6.073750000,0.036143772
6.073812500,0.035752814
6.073875000,0.035403237
6.073937500,0.035183158
6.074000000,0.035108406
6.074062500,0.035072718
6.074125000,0.035099283
6.074187500,0.035174564
6.074250000,0.035296652
6.074312500,0.035387591
6.074375000,0.035510991
6.074437500,0.035669673
6.074500000,0.035861399
6.074562500,0.036009394
6.074625000,0.036183167
6.074687500,0.036391027
6.074750000,0.036614396
6.074812500,0.036730114
6.074875000,0.036746286
6.074937500,0.036637768
6.075000000,0.036426149
6.075062500,0.036116429
6.075125000,0.035902463
6.075187500,0.035918653
6.075250000,0.036237895
6.075312500,0.036758147
6.075375000,0.037444927
6.075437500,0.038160555
6.075500000,0.038779255
6.075562500,0.039156716
6.075625000,0.039398469
6.075687500,0.039610378
6.075750000,0.039908748
6.075812500,0.040287927
6.075875000,0.040836867
6.075937500,0.041517843
6.076000000,0.042261858
6.076062500,0.042934027
6.076125000,0.043601945
6.076187500,0.044303652
6.076250000,0.045085590
6.076312500,0.045894254
6.076375000,0.046781261
6.076437500,0.047675833
6.076500000,0.048474070
6.076562500,0.049008269
6.076625000,0.049307492
6.076687500,0.049391240
6.076750000,0.049321190
6.076812500,0.049102973
6.076875000,0.048876066
6.076937500,0.048671830
6.077000000,0.048474070
6.077062500,0.048171215
6.077125000,0.047805469
6.077187500,0.047386125
6.077250000,0.046968080
6.077312500,0.046578176
6.077375000,0.046409927
6.077437500,0.046561584
6.077500000,0.047062203
6.077562500,0.047789559
6.077625000,0.048688408
6.077687500,0.049596023
6.077750000,0.050356556
6.077812500,0.050809391
6.077875000,0.051003784
6.077937500,0.050986528
6.078000000,0.050827179
6.078062500,0.050521594
6.078125000,0.050157756
6.078187500,0.049711134
6.078250000,0.049132939
6.078312500,0.048331954
6.078375000,0.047386143
6.078437500,0.046343949
6.078500000,0.045273837
6.078562500,0.044190124
6.078625000,0.043225814
6.078687500,0.042419828
6.078750000,0.041791238
6.078812500,0.041293632
6.078875000,0.041008875
6.078937500,0.040914971
6.079000000,0.040944118
6.079062500,0.040927194
6.079125000,0.040830620
6.079187500,0.040563159
6.079250000,0.040096994
6.079312500,0.039435342
6.079375000,0.038803376
6.079437500,0.038361486
6.079500000,0.038214508
6.079562500,0.038302686
6.079625000,0.038596746
6.079687500,0.038894966
6.079750000,0.038967505
6.079812500,0.038580030
6.079875000,0.037758347
6.079937500,0.036576420
6.080000000,0.035202529
6.080062500,0.033784568
6.080125000,0.032581631
6.080187500,0.031682521
6.080250000,0.031061055
6.080312500,0.030543823
6.080375000,0.030074498
6.080437500,0.029539837
6.080500000,0.028896192
6.080562500,0.028126391
6.080625000,0.027420850
6.080687500,0.026880886
6.080750000,0.026543085
6.080812500,0.026302416
6.080875000,0.026141206
6.080937500,0.025954973
6.081000000,0.025695963
6.081062500,0.025359850
6.081125000,0.025162386
6.081187500,0.025252568
6.081250000,0.025695963
6.081312500,0.026367603
6.081375000,0.027137022
6.081437500,0.027739543
6.081500000,0.027954949
6.081562500,0.027662426
6.081625000,0.027047381
6.081687500,0.026362460
6.081750000,0.025884213
6.081812500,0.025751233
6.081875000,0.026055461
6.081937500,0.026652539
6.082000000,0.027296079
6.082062500,0.027700478
6.082125000,0.027799321
6.082187500,0.027596598
6.082250000,0.027201954
6.082312500,0.026715674
6.082375000,0.026338745
6.082437500,0.026131459
6.082500000,0.026072461
6.082562500,0.026037820
6.082625000,0.026028210
6.082687500,0.026009075
6.082750000,0.025978338
6.082812500,0.025899131
6.082875000,0.025866309
6.082937500,0.025897777
6.083000000,0.025978338
6.083062500,0.026005359
6.083125000,0.025997419
6.083187500,0.025927765
6.083250000,0.025790086
6.083312500,0.025533888
6.083375000,0.025265928
6.083437500,0.025032932
6.083500000,0.024848843
6.083562500,0.024610909
6.083625000,0.024326736
6.083687500,0.023944139
6.083750000,0.023436978
6.083812500,0.022754984
6.083875000,0.022046780
6.083937500,0.021428248
6.084000000,0.020989744
6.084062500,0.020687489
6.084125000,0.020559514
6.084187500,0.020550396
6.084250000,0.020613244
6.084312500,0.020677671
6.084375000,0.020867722
6.084437500,0.021270366
6.084500000,0.021930987
6.084562500,0.022746049
6.084625000,0.023672851
6.084687500,0.024588497
6.084750000,0.025413590
6.084812500,0.026098799
6.084875000,0.026812807
6.084937500,0.027691966
6.085000000,0.028802069
6.085062500,0.030021725
6.085125000,0.031235555
6.085187500,0.032246869
6.085250000,0.032943543
6.085312500,0.033328455
6.085375000,0.033688720
6.085437500,0.034331813
6.085500000,0.035484903
6.085562500,0.037123535
6.085625000,0.039103452
6.085687500,0.041084640
6.085750000,0.042732481
6.085812500,0.043818515
6.085875000,0.044439051
6.085937500,0.044810329
6.086000000,0.045179714
6.086062500,0.045640249
6.086125000,0.046203312
6.086187500,0.046686538
6.086250000,0.046873957
6.086312500,0.046609037
6.086375000,0.045998540
6.086437500,0.045252118
6.086500000,0.044614971
6.086562500,0.044205703
6.086625000,0.044059385
6.086687500,0.044018865
6.086750000,0.043861974
6.086812500,0.043384235
6.086875000,0.042593788
6.086937500,0.041597202
6.087000000,0.040567622
6.087062500,0.039615843
6.087125000,0.038838640
6.087187500,0.038187906
6.087250000,0.037555639
6.087312500,0.036809545
6.087375000,0.035972785
6.087437500,0.035095997
6.087500000,0.034261286
6.087562500,0.033489373
6.087625000,0.032835204
6.087687500,0.032242302
6.087750000,0.031625804
6.087812500,0.030879542
6.087875000,0.030066805
6.087937500,0.029251656
6.088000000,0.028519696
6.088062500,0.027883125
6.088125000,0.027424082
6.088187500,0.027100448
6.088250000,0.026825456
6.088312500,0.026442880
6.088375000,0.025974268
6.088437500,0.025406148
6.088500000,0.024754720
6.088562500,0.023982758
6.088625000,0.023216121
6.088687500,0.022492379
6.088750000,0.021836862
6.088812500,0.021192746
6.088875000,0.020675197
6.088937500,0.020299427
6.089000000,0.020048497
6.089062500,0.019793050
6.089125000,0.019570075
6.089187500,0.019343674
6.089250000,0.019107254
6.089312500,0.018810591
6.089375000,0.018614342
6.089437500,0.018584756
6.089500000,0.018730756
6.089562500,0.018904103
6.089625000,0.019083867
6.089687500,0.019168409
6.089750000,0.019107254
6.089812500,0.018857684
6.089875000,0.018635061
6.089937500,0.018613080
6.090000000,0.018919006
6.090062500,0.019498045
6.090125000,0.020355741
6.090187500,0.021364715
6.090250000,0.022401609
6.090312500,0.023332929
6.090375000,0.024277968
6.090437500,0.025348265
6.090500000,0.026637208
6.090562500,0.028080694
6.090625000,0.029655036
6.090687500,0.031203637
6.090750000,0.032567047
6.090812500,0.033598021
6.090875000,0.034399692
6.090937500,0.035123866
6.091000000,0.035955522
6.091062500,0.036972050
6.091125000,0.038266767
6.091187500,0.039767012
6.091250000,0.041320615
6.091312500,0.042712938
6.091375000,0.043884829
6.091437500,0.044815790
6.091500000,0.045556214
6.091562500,0.046146553
6.091625000,0.046706181
6.091687500,0.047269575
6.091750000,0.047815196
6.091812500,0.048250720
6.091875000,0.048550963
6.091937500,0.048683468
6.092000000,0.048662320
6.092062500,0.048522443
6.092125000,0.048385039
6.092187500,0.048327014
6.092250000,0.048379947
6.092312500,0.048495665
6.092375000,0.048641950
6.092437500,0.048744898
6.092500000,0.048756443
6.092562500,0.048657659
6.092625000,0.048508875
6.092687500,0.048332050
6.092750000,0.048097573
6.092812500,0.047699232
6.092875000,0.047031678
6.092937500,0.045979269
6.093000000,0.044520844
6.093062500,0.042767324
6.093125000,0.040978961
6.093187500,0.039405443
6.093250000,0.038214508
6.093312500,0.037418693
6.093375000,0.036892455
6.093437500,0.036364440
6.093500000,0.035579026
6.093562500,0.034422051
6.093625000,0.032978456
6.093687500,0.031417176
6.093750000,0.029931562
6.093812500,0.028650546
6.093875000,0.027572541
6.093937500,0.026509309
6.094000000,0.025225341
6.094062500,0.023581710
6.094125000,0.021611081
6.094187500,0.019447660
6.094250000,0.017318891
6.094312500,0.015478768
6.094375000,0.014109194
6.094437500,0.013198021
6.094500000,0.012612671
6.094562500,0.012197256
6.094625000,0.011809395
6.094687500,0.011291949
6.094750000,0.010541934
6.094812500,0.009544297
6.094875000,0.008336782
6.094937500,0.006930885
6.095000000,0.005365091
6.095062500,0.003740766
6.095125000,0.002177815
6.095187500,0.000715652
6.095250000,-0.000658871
6.095312500,-0.001979849
6.095375000,-0.003313465
6.095437500,-0.004788196
6.095500000,-0.006494584
6.095562500,-0.008409902
6.095625000,-0.010430090
6.095687500,-0.012457449
6.095750000,-0.014401034
6.095812500,-0.016175702
6.095875000,-0.017784847
6.095937500,-0.019341806
6.096000000,-0.020989744
6.096062500,-0.022796368
6.096125000,-0.024760803
6.096187500,-0.026814369
6.096250000,-0.028802069
6.096312500,-0.030489538
6.096375000,-0.031713571
6.096437500,-0.032456443
6.096500000,-0.032849420
6.096562500,-0.033101112
6.096625000,-0.033488959
6.096687500,-0.034253165
6.096750000,-0.035484903
6.096812500,-0.037045013
6.096875000,-0.038671263
6.096937500,-0.040053938
6.097000000,-0.040944118
6.097062500,-0.041216459
6.097125000,-0.040967543
6.097187500,-0.040457211
6.097250000,-0.040002871
6.097312500,-0.039836720
6.097375000,-0.040057309
6.097437500,-0.040590867
6.097500000,-0.041226488
6.097562500,-0.041694760
6.097625000,-0.041803330
6.097687500,-0.041510433
6.097750000,-0.040944118
6.097812500,-0.040346306
6.097875000,-0.039989993
6.097937500,-0.040057451
6.098000000,-0.040567622
6.098062500,-0.041365158
6.098125000,-0.042187974
6.098187500,-0.042761628
6.098250000,-0.042920731
6.098312500,-0.042684250
6.098375000,-0.042225152
6.098437500,-0.041771512
6.098500000,-0.041508865
6.098562500,-0.041511752
6.098625000,-0.041683618
6.098687500,-0.041793384
6.098750000,-0.041602992
6.098812500,-0.041007414
6.098875000,-0.040038384
6.098937500,-0.038827162
6.099000000,-0.037555639
6.099062500,-0.036407229
6.099125000,-0.035421949
6.099187500,-0.034484521
6.099250000,-0.033414163
6.099312500,-0.032115094
6.099375000,-0.030536707
6.099437500,-0.028706664
6.099500000,-0.026731333
6.099562500,-0.024803780
6.099625000,-0.023009548
6.099687500,-0.021306669
6.099750000,-0.019577878
6.099812500,-0.017769059
6.099875000,-0.015802499
6.099937500,-0.013653109
6.100000000,-0.011389053
6.100062500,-0.009228163
6.100125000,-0.007311045
6.100187500,-0.005672649
6.100250000,-0.004235599
6.100312500,-0.002911935
6.100375000,-0.001471729
6.100437500,0.000328542
6.100500000,0.002635483
6.100562500,0.005350293
6.100625000,0.008325910
6.100687500,0.011370867
6.100750000,0.014306910
6.100812500,0.016940136
6.100875000,0.019293103
6.100937500,0.021521542
6.101000000,0.023813475
6.101062500,0.026205072
6.101125000,0.028731925
6.101187500,0.031373773
6.101250000,0.034073036
6.101312500,0.036689389
6.101375000,0.039235678
6.101437500,0.041810200
6.101500000,0.044520844
6.101562500,0.047321223
6.101625000,0.050185245
6.101687500,0.053045630
6.101750000,0.055815775
6.101812500,0.058333963
6.101875000,0.060601745
6.101937500,0.062686868
6.102000000,0.064663462
6.102062500,0.066459157
6.102125000,0.068077430
6.102187500,0.069511622
6.102250000,0.070781559
6.102312500,0.071848400
6.102375000,0.072865501
6.102437500,0.073986530
6.102500000,0.075299524
6.102562500,0.076663852
6.102625000,0.077986971
6.102687500,0.079128407
6.102750000,0.080005743
6.102812500,0.080544062
6.102875000,0.080959745
6.102937500,0.081501290
6.103000000,0.082358852
6.103062500,0.083448201
6.103125000,0.084680051
6.103187500,0.085810907
6.103250000,0.086594455
6.103312500,0.086780317
6.103375000,0.086491562
6.103437500,0.085957356
6.103500000,0.085464962
6.103562500,0.085121542
6.103625000,0.085092977
6.103687500,0.085323729
6.103750000,0.085653216
6.103812500,0.085791014
6.103875000,0.085725419
6.103937500,0.085464172
6.104000000,0.085088462
6.104062500,0.084588543
6.104125000,0.084171019
6.104187500,0.083914936
6.104250000,0.083864845
6.104312500,0.083931439
6.104375000,0.084256776
6.104437500,0.084847964
6.104500000,0.085653216
6.104562500,0.086434007
6.104625000,0.087149613
6.104687500,0.087624952
6.104750000,0.087723948
6.104812500,0.087295964
6.104875000,0.086558379
6.104937500,0.085691676
6.105000000,0.084900215
6.105062500,0.084245719
6.105125000,0.083942391
6.105187500,0.083956055
6.105250000,0.084147222
6.105312500,0.084235020
6.105375000,0.084198579
6.105437500,0.083950847
6.105500000,0.083488353
6.105562500,0.082794212
6.105625000,0.082110636
6.105687500,0.081503637
6.105750000,0.080946989
6.105812500,0.080245763
6.105875000,0.079395674
6.105937500,0.078285076
6.106000000,0.076899640
6.106062500,0.075285569
6.106125000,0.073803157
6.106187500,0.072674625
6.106250000,0.072005168
6.106312500,0.071657240
6.106375000,0.071535833
6.106437500,0.071332052
6.106500000,0.070781559
6.106562500,0.069723465
6.106625000,0.068386964
6.106687500,0.067000367
6.106750000,0.065792963
6.106812500,0.064827472
6.106875000,0.064173780
6.106937500,0.063616276
6.107000000,0.062875107
6.107062500,0.061689213
6.107125000,0.060123947
6.107187500,0.058266826
6.107250000,0.056286395
6.107312500,0.054302096
6.107375000,0.052520577
6.107437500,0.050902057
6.107500000,0.049321190
6.107562500,0.047612693
6.107625000,0.045832615
6.107687500,0.043994408
6.107750000,0.042167734
6.107812500,0.040405866
6.107875000,0.038876567
6.107937500,0.037551899
6.108000000,0.036332019
6.108062500,0.035066519
6.108125000,0.033765409
6.108187500,0.032368656
6.108250000,0.030872805
6.108312500,0.029308528
6.108375000,0.027850617
6.108437500,0.026530575
6.108500000,0.025319466
6.108562500,0.024127346
6.108625000,0.022945540
6.108687500,0.021668114
6.108750000,0.020236747
6.108812500,0.018672157
6.108875000,0.017152045
6.108937500,0.015773246
6.109000000,0.014589284
6.109062500,0.013579004
6.109125000,0.012731999
6.109187500,0.011893905
6.109250000,0.010918431
6.109312500,0.009730835
6.109375000,0.008434200
6.109437500,0.007107240
6.109500000,0.005835713
6.109562500,0.004667989
6.109625000,0.003661908
6.109687500,0.002734331
6.109750000,0.001788364
6.109812500,0.000776074
6.109875000,-0.000220525
6.109937500,-0.001151666
6.110000000,-0.001976613
6.110062500,-0.002698879
6.110125000,-0.003336546
6.110187500,-0.004023796
6.110250000,-0.004894469
6.110312500,-0.006010933
6.110375000,-0.007297605
6.110437500,-0.008658603
6.110500000,-0.009977187
6.110562500,-0.011165462
6.110625000,-0.012174777
6.110687500,-0.013085206
6.110750000,-0.014024537
6.110812500,-0.015102350
6.110875000,-0.016341520
6.110937500,-0.017731432
6.111000000,-0.019201379
6.111062500,-0.020639906
6.111125000,-0.021908633
6.111187500,-0.022922145
6.111250000,-0.023625227
6.111312500,-0.023984816
6.111375000,-0.023977183
6.111437500,-0.023641033
6.111500000,-0.023060480
6.111562500,-0.022357818
6.111625000,-0.021668341
6.111687500,-0.021143420
6.111750000,-0.020895619
6.111812500,-0.020962464
6.111875000,-0.021286568
6.111937500,-0.021753477
6.112000000,-0.022213360
6.112062500,-0.022521812
6.112125000,-0.022578744
6.112187500,-0.022364097
6.112250000,-0.021930987
6.112312500,-0.021377966
6.112375000,-0.020816576
6.112437500,-0.020331776
6.112500000,-0.019954374
6.112562500,-0.019655632
6.112625000,-0.019367071
6.112687500,-0.019011393
6.112750000,-0.018542508
6.112812500,-0.017973660
6.112875000,-0.017361555
6.112937500,-0.016779084
6.113000000,-0.016283523
6.113062500,-0.015893847
6.113125000,-0.015579844
6.113187500,-0.015264760
6.113250000,-0.014871657
6.113312500,-0.014365152
6.113375000,-0.013761963
6.113437500,-0.013099092
6.113500000,-0.012424421
6.113562500,-0.011775519
6.113625000,-0.011174290
6.113687500,-0.010588809
6.113750000,-0.009977187
6.113812500,-0.009322486
6.113875000,-0.008649703
6.113937500,-0.007979330
6.114000000,-0.007341704
6.114062500,-0.006774358
6.114125000,-0.006298591
6.114187500,-0.005878566
6.114250000,-0.005459215
6.114312500,-0.005010352
6.114375000,-0.004530041
6.114437500,-0.004034769
6.114500000,-0.003576728
6.114562500,-0.003235728
6.114625000,-0.003061756
6.114687500,-0.003003508
6.114750000,-0.002917857
6.114812500,-0.002621025
6.114875000,-0.001929174
6.114937500,-0.000726650
6.115000000,0.000941244
6.115062500,0.002832195
6.115125000,0.004606755
6.115187500,0.005969043
6.115250000,0.006776957
6.115312500,0.007087496
6.115375000,0.007154698
6.115437500,0.007316306
6.115500000,0.007812326
6.115562500,0.008642429
6.115625000,0.009597256
6.115687500,0.010372990
6.115750000,0.010730183
6.115812500,0.010615915
6.115875000,0.010236001
6.115937500,0.009966941
6.116000000,0.010165436
6.116062500,0.010975775
6.116125000,0.012295779
6.116187500,0.013832552
6.116250000,0.015248154
6.116312500,0.016303156
6.116375000,0.016985377
6.116437500,0.017468585
6.116500000,0.017977761
6.116562500,0.018624835
6.116625000,0.019360818
6.116687500,0.019998820
6.116750000,0.020330872
6.116812500,0.020257456
6.116875000,0.019882584
6.116937500,0.019484630
6.117000000,0.019389628
6.117062500,0.019811615
6.117125000,0.020749664
6.117187500,0.021981906
6.117250000,0.023154603
6.117312500,0.023931321
6.117375000,0.024114210
6.117437500,0.023722976
6.117500000,0.022966355
6.117562500,0.022150265
6.117625000,0.021551201
6.117687500,0.021323571
6.117750000,0.021460366
6.117812500,0.021820402
6.117875000,0.022189535
6.117937500,0.022360334
6.118000000,0.022213360
6.118062500,0.021762075
6.118125000,0.021126021
6.118187500,0.020472499
6.118250000,0.019954374
6.118312500,0.019661441
6.118375000,0.019586952
6.118437500,0.019633302
6.118500000,0.019672001
6.118562500,0.019606227
6.118625000,0.019388121
6.118687500,0.019002561
6.118750000,0.018448384
6.118812500,0.017717328
6.118875000,0.016786702
6.118937500,0.015617350
6.119000000,0.014212786
6.119062500,0.012656274
6.119125000,0.011100733
6.119187500,0.009682001
6.119250000,0.008471197
6.119312500,0.007436098
6.119375000,0.006462243
6.119437500,0.005372740
6.119500000,0.004047350
6.119562500,0.002501259
6.119625000,0.000912824
6.119687500,-0.000488206
6.119750000,-0.001505991
6.119812500,-0.002078147
6.119875000,-0.002286400
6.119937500,-0.002378782
6.120000000,-0.002635483
6.120062500,-0.003249442
6.120125000,-0.004225005
6.120187500,-0.005439627
6.120250000,-0.006682833
6.120312500,-0.007756704
6.120375000,-0.008516833
6.120437500,-0.008970947
6.120500000,-0.009224192
6.120562500,-0.009421399
6.120625000,-0.009633872
6.120687500,-0.009893831
6.120750000,-0.010165436
6.120812500,-0.010390140
6.120875000,-0.010475051
6.120937500,-0.010411345
6.121000000,-0.010259560
6.121062500,-0.010150319
6.121125000,-0.010160648
6.121187500,-0.010356767
6.121250000,-0.010730183
6.121312500,-0.011219345
6.121375000,-0.011650261
6.121437500,-0.011887824
6.121500000,-0.011859675
6.121562500,-0.011611000
6.121625000,-0.011195731
6.121687500,-0.010720000
6.121750000,-0.010259560
6.121812500,-0.009850432
6.121875000,-0.009418689
6.121937500,-0.008899663
6.122000000,-0.008282948
6.122062500,-0.007676292
6.122125000,-0.007206907
6.122187500,-0.007014873
6.122250000,-0.007153455
6.122312500,-0.007561722
6.122375000,-0.007994241
6.122437500,-0.008154645
6.122500000,-0.007812326
6.122562500,-0.006944078
6.122625000,-0.005677984
6.122687500,-0.004295857
6.122750000,-0.003106105
6.122812500,-0.002347414
6.122875000,-0.002014093
6.122937500,-0.001902563
6.123000000,-0.001694239
6.123062500,-0.001123387
6.123125000,-0.000014520
6.123187500,0.001616382
6.123250000,0.003576728
6.123312500,0.005544329
6.123375000,0.007262936
6.123437500,0.008603256
6.123500000,0.009600690
6.123562500,0.010387609
6.123625000,0.011193474
6.123687500,0.012200996
6.123750000,0.013459790
6.123812500,0.014819121
6.123875000,0.016064823
6.123937500,0.016972998
6.124000000,0.017413015
6.124062500,0.017374685
6.124125000,0.017056471
6.124187500,0.016756229
6.124250000,0.016754145
6.124312500,0.017162902
6.124375000,0.017982395
6.124437500,0.019073192
6.124500000,0.020236747
6.124562500,0.021265576
6.124625000,0.022115350
6.124687500,0.022856537
6.124750000,0.023625227
6.124812500,0.024497472
6.124875000,0.025526386
6.124937500,0.026659295
6.125000000,0.027766701
6.125062500,0.028657947
6.125125000,0.029250229
6.125187500,0.029549949
6.125250000,0.029649187
6.125312500,0.029635841
6.125375000,0.029646227
6.125437500,0.029747942
6.125500000,0.029931562
6.125562500,0.030082816
6.125625000,0.030149370
6.125687500,0.030112430
6.125750000,0.030025685
6.125812500,0.029950112
6.125875000,0.030057361
6.125937500,0.030456342
6.126000000,0.031155180
6.126062500,0.031980883
6.126125000,0.032777652
6.126187500,0.033354469
6.126250000,0.033602413
6.126312500,0.033489347
6.126375000,0.033238489
6.126437500,0.033108927
6.126500000,0.033320040
6.126562500,0.033884015
6.126625000,0.034761317
6.126687500,0.035729557
6.126750000,0.036520272
6.126812500,0.036862403
6.126875000,0.036758345
6.126937500,0.036323737
6.127000000,0.035767276
6.127062500,0.035226375
6.127125000,0.034895830
6.127187500,0.034813158
6.127250000,0.034920152
6.127312500,0.035038941
6.127375000,0.035138197
6.127437500,0.035167858
6.127500000,0.035108406
6.127562500,0.034884613
6.127625000,0.034582648
6.127687500,0.034252938
6.127750000,0.033978913
6.127812500,0.033809852
6.127875000,0.033949744
6.127937500,0.034504805
6.128000000,0.035484903
6.128062500,0.036714450
6.128125000,0.038045473
6.128187500,0.039236598
6.128250000,0.040096994
6.128312500,0.040508721
6.128375000,0.040611461
6.128437500,0.040593505
6.128500000,0.040661745
6.128562500,0.040914901
6.128625000,0.041440357
6.128687500,0.042157784
6.128750000,0.042920731
6.128812500,0.043555252
6.128875000,0.044038583
6.128937500,0.044372164
6.129000000,0.044614971
6.129062500,0.044821270
6.129125000,0.045090906
6.129187500,0.045417953
6.129250000,0.045744464
6.129312500,0.045975830
6.129375000,0.046104390
6.129437500,0.046111554
6.129500000,0.046026833
6.129562500,0.045909576
6.129625000,0.045867927
6.129687500,0.045920894
6.129750000,0.046026833
6.129812500,0.046103250
6.129875000,0.046069086
6.129937500,0.045813035
6.130000000,0.045273837
6.130062500,0.044481937
6.130125000,0.043527082
6.130187500,0.042466082
6.130250000,0.041320615
6.130312500,0.040091127
6.130375000,0.038722266
6.130437500,0.037111808
6.130500000,0.035202529
6.130562500,0.033065554
6.130625000,0.030853236
6.130687500,0.028727265
6.130750000,0.026825456
6.130812500,0.025236169
6.130875000,0.023917757
6.130937500,0.022675840
6.131000000,0.021272115
6.131062500,0.019554134
6.131125000,0.017475775
6.131187500,0.015080404
6.131250000,0.012518546
6.131312500,0.010025824
6.131375000,0.007820698
6.131437500,0.005991106
6.131500000,0.004517972
6.131562500,0.003315957
6.131625000,0.002261043
6.131687500,0.001154156
6.131750000,-0.000188249
6.131812500,-0.001883149
6.131875000,-0.003938119
6.131937500,-0.006345595
6.132000000,-0.009035943
6.132062500,-0.011891688
6.132125000,-0.014722922
6.132187500,-0.017426400
6.132250000,-0.019954374
6.132312500,-0.022326626
6.132375000,-0.024532774
6.132437500,-0.026642442
6.132500000,-0.028707944
6.132562500,-0.030751327
6.132625000,-0.032657944
6.132687500,-0.034351565
6.132750000,-0.035767276
6.132812500,-0.036907766
6.132875000,-0.037732866
6.132937500,-0.038319524
6.133000000,-0.038779255
6.133062500,-0.039264861
6.133125000,-0.039774545
6.133187500,-0.040315058
6.133250000,-0.040849991
6.133312500,-0.041370068
6.133375000,-0.041733664
6.133437500,-0.041860480
6.133500000,-0.041697115
6.133562500,-0.041284200
6.133625000,-0.040566113
6.133687500,-0.039559729
6.133750000,-0.038308635
6.133812500,-0.036941197
6.133875000,-0.035466567
6.133937500,-0.033913154
6.134000000,-0.032284670
6.134062500,-0.030626241
6.134125000,-0.028852960
6.134187500,-0.026905712
6.134250000,-0.024754720
6.134312500,-0.022484066
6.134375000,-0.020124204
6.134437500,-0.017749673
6.134500000,-0.015436403
6.134562500,-0.013299489
6.134625000,-0.011338009
6.134687500,-0.009523418
6.134750000,-0.007812326
6.134812500,-0.006214397
6.134875000,-0.004684151
6.134937500,-0.003148464
6.135000000,-0.001505991
6.135062500,0.000324181
6.135125000,0.002473125
6.135187500,0.005074033
6.135250000,0.008188824
6.135312500,0.011729169
6.135375000,0.015513533
6.135437500,0.019330703
6.135500000,0.022966355
6.135562500,0.026230693
6.135625000,0.029021839
6.135687500,0.031380273
6.135750000,0.033414163
6.135812500,0.035228811
6.135875000,0.036884140
6.135937500,0.038457897
6.136000000,0.040002871
6.136062500,0.041541923
6.136125000,0.043046497
6.136187500,0.044520240
6.136250000,0.045932710
6.136312500,0.047200993
6.136375000,0.048180219
6.136437500,0.048795246
6.136500000,0.049038816
6.136562500,0.048983913
6.136625000,0.048737340
6.136687500,0.048465189
6.136750000,0.048285823
6.136812500,0.048215535
6.136875000,0.048143748
6.136937500,0.047946438
6.137000000,0.047532827
6.137062500,0.046904322
6.137125000,0.046151925
6.137187500,0.045456827
6.137250000,0.044991467
6.137312500,0.044838235
6.137375000,0.044928953
6.137437500,0.045087263
6.137500000,0.045085590
6.137562500,0.044732954
6.137625000,0.043928444
6.137687500,0.042691823
6.137750000,0.041132364
6.137812500,0.039389722
6.137875000,0.037588131
6.137937500,0.035783492
6.138000000,0.033978913
6.138062500,0.032147605
6.138125000,0.030310459
6.138187500,0.028487526
6.138250000,0.026731333
6.138312500,0.025102021
6.138375000,0.023697721
6.138437500,0.022528641
6.138500000,0.021554491
6.138562500,0.020688090
6.138625000,0.019889873
6.138687500,0.019070378
6.138750000,0.018166009
6.138812500,0.017140009
6.138875000,0.016071314
6.138937500,0.014992024
6.139000000,0.013930413
6.139062500,0.012880662
6.139125000,0.011900833
6.139187500,0.010951691
6.139250000,0.009977187
6.139312500,0.008908848
6.139375000,0.007786736
6.139437500,0.006602863
6.139500000,0.005365091
6.139562500,0.004074959
6.139625000,0.002829290
6.139687500,0.001652839
6.139750000,0.000564746
6.139812500,-0.000434889
6.139875000,-0.001251572
6.139937500,-0.001861605
6.140000000,-0.002258986
6.140062500,-0.002490109
6.140125000,-0.002529215
6.140187500,-0.002450555
6.140250000,-0.002353110
6.140312500,-0.002369515
6.140375000,-0.002511177
6.140437500,-0.002818969
6.140500000,-0.003294354
6.140562500,-0.003932172
6.140625000,-0.004602264
6.140687500,-0.005225076
6.140750000,-0.005741589
6.140812500,-0.006157929
6.140875000,-0.006418156
6.140937500,-0.006527642
6.141000000,-0.006494584
6.141062500,-0.006354784
6.141125000,-0.006054309
6.141187500,-0.005589209
6.141250000,-0.004988594
6.141312500,-0.004359080
6.141375000,-0.003753457
6.141437500,-0.003256551
6.141500000,-0.002917857
6.141562500,-0.002764848
6.141625000,-0.002696359
6.141687500,-0.002615824
6.141750000,-0.002447235
6.141812500,-0.002202329
6.141875000,-0.001875771
6.141937500,-0.001509656
6.142000000,-0.001129493
6.142062500,-0.000747589
6.142125000,-0.000261331
6.142187500,0.000434800
6.142250000,0.001411866
6.142312500,0.002629100
6.142375000,0.004008252
6.142437500,0.005405983
6.142500000,0.006682833
6.142562500,0.007729978
6.142625000,0.008581347
6.142687500,0.009346964
6.142750000,0.010165436
6.142812500,0.011102695
6.142875000,0.012196934
6.142937500,0.013394817
6.143000000,0.014589284
6.143062500,0.015633343
6.143125000,0.016479436
6.143187500,0.017142968
6.143250000,0.017695390
6.143312500,0.018191082
6.143375000,0.018715099
6.143437500,0.019306546
6.143500000,0.019954374
6.143562500,0.020575333
6.143625000,0.021117087
6.143687500,0.021540698
6.143750000,0.021836862
6.143812500,0.021996729
6.143875000,0.022079742
6.143937500,0.022159236
6.144000000,0.022307485
6.144062500,0.022544006
6.144125000,0.022902854
6.144187500,0.023373779
6.144250000,0.023907598
6.144312500,0.024393214
6.144375000,0.024759566
6.144437500,0.024948919
6.144500000,0.024942968
6.144562500,0.024736337
6.144625000,0.024421148
6.144687500,0.024108378
6.144750000,0.023907598
6.144812500,0.023862589
6.144875000,0.024028456
6.144937500,0.024401961
6.145000000,0.024942968
6.145062500,0.025551226
6.145125000,0.026191112
6.145187500,0.026815863
6.145250000,0.027390203
6.145312500,0.027849317
6.145375000,0.028214253
6.145437500,0.028494028
6.145500000,0.028707944
6.145562500,0.028838091
6.145625000,0.028936619
6.145687500,0.029000157
6.145750000,0.028990317
6.145812500,0.028801858
6.145875000,0.028412033
6.145937500,0.027800679
6.146000000,0.027013704
6.146062500,0.026129587
6.146125000,0.025353739
6.146187500,0.024838947
6.146250000,0.024660595
6.146312500,0.024744393
6.146375000,0.025004987
6.146437500,0.025273990
6.146500000,0.025413590
6.146562500,0.025338229
6.146625000,0.025158858
6.146687500,0.025014261
6.146750000,0.025037091
6.146812500,0.025244163
6.146875000,0.025638031
6.146937500,0.026091088
6.147000000,0.026448958
6.147062500,0.026563639
6.147125000,0.026474083
6.147187500,0.026266666
6.147250000,0.026072461
6.147312500,0.025966618
6.147375000,0.026043361
6.147437500,0.026268542
6.147500000,0.026543085
6.147562500,0.026715515
6.147625000,0.026750227
6.147687500,0.026622187
6.147750000,0.026354834
6.147812500,0.025964266
6.147875000,0.025550039
6.147937500,0.025144534
6.148000000,0.024754720
6.148062500,0.024342638
6.148125000,0.023953035
6.148187500,0.023587573
6.148250000,0.023248728
6.148312500,0.022910040
6.148375000,0.022615129
6.148437500,0.022355026
6.148500000,0.022119237
6.148562500,0.021881595
6.148625000,0.021698302
6.148687500,0.021586465
6.148750000,0.021554491
6.148812500,0.021570617
6.148875000,0.021658171
6.148937500,0.021788988
6.149000000,0.021930987
6.149062500,0.022029392
6.149125000,0.022115437
6.149187500,0.022181462
6.149250000,0.022213360
6.149312500,0.022156961
6.149375000,0.022035409
6.149437500,0.021834789
6.149500000,0.021554491
6.149562500,0.021176912
6.149625000,0.020784112
6.149687500,0.020406537
6.149750000,0.020048497
6.149812500,0.019647615
6.149875000,0.019207068
6.149937500,0.018686693
6.150000000,0.018071886
6.150062500,0.017353738
6.150125000,0.016647669
6.150187500,0.016027560
6.150250000,0.015530528
6.150312500,0.015096730
6.150375000,0.014692407
6.150437500,0.014208630
6.150500000,0.013553915
6.150562500,0.012667806
6.150625000,0.011656609
6.150687500,0.010648746
6.150750000,0.009788939
6.150812500,0.009156353
6.150875000,0.008841285
6.150937500,0.008823617
6.151000000,0.009035943
6.151062500,0.009372066
6.151125000,0.009816447
6.151187500,0.010338913
6.151250000,0.010918431
6.151312500,0.011498541
6.151375000,0.012086275
6.151437500,0.012650722
6.151500000,0.013177417
6.151562500,0.013654688
6.151625000,0.014166180
6.151687500,0.014757057
6.151750000,0.015436403
6.151812500,0.016128583
6.151875000,0.016783981
6.151937500,0.017299609
6.152000000,0.017601265
6.152062500,0.017650386
6.152125000,0.017557440
6.152187500,0.017441055
6.152250000,0.017413015
6.152312500,0.017501831
6.152375000,0.017722946
6.152437500,0.017985370
6.152500000,0.018166009
6.152562500,0.018140882
6.152625000,0.017914323
6.152687500,0.017540356
6.152750000,0.017130643
6.152812500,0.016783793
6.152875000,0.016615255
6.152937500,0.016632458
6.153000000,0.016754145
6.153062500,0.016817749
6.153125000,0.016714085
6.153187500,0.016370222
6.153250000,0.015812902
6.153312500,0.015150304
6.153375000,0.014584756
6.153437500,0.014280145
6.153500000,0.014306910
6.153562500,0.014592274
6.153625000,0.014980864
6.153687500,0.015256400
6.153750000,0.015248154
6.153812500,0.014894584
6.153875000,0.014309360
6.153937500,0.013693931
6.154000000,0.013271542
6.154062500,0.013187354
6.154125000,0.013491132
6.154187500,0.014082037
6.154250000,0.014777532
6.154312500,0.015377836
6.154375000,0.015773952
6.154437500,0.015914092
6.154500000,0.015812902
6.154562500,0.015507272
6.154625000,0.015069773
6.154687500,0.014533708
6.154750000,0.013930413
6.154812500,0.013302186
6.154875000,0.012754451
6.154937500,0.012377289
6.155000000,0.012236172
6.155062500,0.012333819
6.155125000,0.012634435
6.155187500,0.013022009
6.155250000,0.013365666
6.155312500,0.013558490
6.155375000,0.013576154
6.155437500,0.013413990
6.155500000,0.013083293
6.155562500,0.012581524
6.155625000,0.011917387
6.155687500,0.011075675
6.155750000,0.010071312
6.155812500,0.008969039
6.155875000,0.007903998
6.155937500,0.006993551
6.156000000,0.006306335
6.156062500,0.005829177
6.156125000,0.005485303
6.156187500,0.005144174
6.156250000,0.004706220
6.156312500,0.004156245
6.156375000,0.003586777
6.156437500,0.003113551
6.156500000,0.002823732
6.156562500,0.002723175
6.156625000,0.002734526
6.156687500,0.002713199
6.156750000,0.002541359
6.156812500,0.002199832
6.156875000,0.001783613
6.156937500,0.001424235
6.157000000,0.001223617
6.157062500,0.001192007
6.157125000,0.001233139
6.157187500,0.001167740
6.157250000,0.000847120
6.157312500,0.000249158
6.157375000,-0.000503131
6.157437500,-0.001213007
6.157500000,-0.001694239
6.157562500,-0.001855113
6.157625000,-0.001745168
6.157687500,-0.001535128
6.157750000,-0.001411866
6.157812500,-0.001474010
6.157875000,-0.001693558
6.157937500,-0.001963744
6.158000000,-0.002164861
6.158062500,-0.002238007
6.158125000,-0.002237105
6.158187500,-0.002316829
6.158250000,-0.002635483
6.158312500,-0.003247308
6.158375000,-0.004078729
6.158437500,-0.004950323
6.158500000,-0.005647464
6.158562500,-0.005995787
6.158625000,-0.005980223
6.158687500,-0.005729792
6.158750000,-0.005459215
6.158812500,-0.005351365
6.158875000,-0.005542027
6.158937500,-0.006046848
6.159000000,-0.006776957
6.159062500,-0.007561093
6.159125000,-0.008279637
6.159187500,-0.008865211
6.159250000,-0.009318316
6.159312500,-0.009656926
6.159375000,-0.009958622
6.159437500,-0.010279064
6.159500000,-0.010636058
6.159562500,-0.010971308
6.159625000,-0.011251783
6.159687500,-0.011432278
6.159750000,-0.011483178
6.159812500,-0.011365362
6.159875000,-0.011133216
6.159937500,-0.010861435
6.160000000,-0.010636058
6.160062500,-0.010487739
6.160125000,-0.010483711
6.160187500,-0.010636420
6.160250000,-0.010918431
6.160312500,-0.011232545
6.160375000,-0.011549304
6.160437500,-0.011847914
6.160500000,-0.012142048
6.160562500,-0.012433271
6.160625000,-0.012813698
6.160687500,-0.013358973
6.160750000,-0.014118661
6.160812500,-0.015055561
6.160875000,-0.016153935
6.160937500,-0.017345697
6.161000000,-0.018542508
6.161062500,-0.019612705
6.161125000,-0.020516329
6.161187500,-0.021225171
6.161250000,-0.021742739
6.161312500,-0.022058358
6.161375000,-0.022245917
6.161437500,-0.022370169
6.161500000,-0.022495734
6.161562500,-0.022642048
6.161625000,-0.022878977
6.161687500,-0.023236703
6.161750000,-0.023719350
6.161812500,-0.024267413
6.161875000,-0.024875831
6.161937500,-0.025515176
6.162000000,-0.026166586
6.162062500,-0.026792137
6.162125000,-0.027432419
6.162187500,-0.028102951
6.162250000,-0.028802069
6.162312500,-0.029468538
6.162375000,-0.030090867
6.162437500,-0.030629927
6.162500000,-0.031061055
6.162562500,-0.031355366
6.162625000,-0.031567946
6.162687500,-0.031741682
6.162750000,-0.031908173
6.162812500,-0.032044858
6.162875000,-0.032151364
6.162937500,-0.032183740
6.163000000,-0.032096423
6.163062500,-0.031841010
6.163125000,-0.031461224
6.163187500,-0.031017136
6.163250000,-0.030590432
6.163312500,-0.030231759
6.163375000,-0.030001465
6.163437500,-0.029869955
6.163500000,-0.029743314
6.163562500,-0.029472284
6.163625000,-0.028981026
6.163687500,-0.028233716
6.163750000,-0.027296079
6.163812500,-0.026308617
6.163875000,-0.025503762
6.163937500,-0.025035998
6.164000000,-0.024942968
6.164062500,-0.025104661
6.164125000,-0.025339779
6.164187500,-0.025405303
6.164250000,-0.025131216
6.164312500,-0.024482446
6.164375000,-0.023630099
6.164437500,-0.022802455
6.164500000,-0.022213360
6.164562500,-0.021954268
6.164625000,-0.021998169
6.164687500,-0.022139668
6.164750000,-0.022119237
6.164812500,-0.021730563
6.164875000,-0.020946089
6.164937500,-0.019851336
6.165000000,-0.018636633
6.165062500,-0.017510708
6.165125000,-0.016662661
6.165187500,-0.016123915
6.165250000,-0.015812902
6.165312500,-0.015581695
6.165375000,-0.015325555
6.165437500,-0.014943104
6.165500000,-0.014401034
6.165562500,-0.013726410
6.165625000,-0.013026734
6.165687500,-0.012363019
6.165750000,-0.011765551
6.165812500,-0.011223877
6.165875000,-0.010731860
6.165937500,-0.010216748
6.166000000,-0.009600690
6.166062500,-0.008826533
6.166125000,-0.007916368
6.166187500,-0.006897506
6.166250000,-0.005835713
6.166312500,-0.004820053
6.166375000,-0.003971004
6.166437500,-0.003338474
6.166500000,-0.002917857
6.166562500,-0.002650094
6.166625000,-0.002460146
6.166687500,-0.002215556
6.166750000,-0.001788364
6.166812500,-0.001091394
6.166875000,-0.000122123
6.166937500,0.001087934
6.167000000,0.002447235
6.167062500,0.003816818
6.167125000,0.005034043
6.167187500,0.006000253
6.167250000,0.006682833
6.167312500,0.007114089
6.167375000,0.007360067
6.167437500,0.007532243
6.167500000,0.007718201
6.167562500,0.007941592
6.167625000,0.008158689
6.167687500,0.008318101
6.167750000,0.008377072
6.167812500,0.008318748
6.167875000,0.008177277
6.167937500,0.008041160
6.168000000,0.008000575
6.168062500,0.008092743
6.168125000,0.008302284
6.168187500,0.008578512
6.168250000,0.008847695
6.168312500,0.009026891
6.168375000,0.009083188
6.168437500,0.009037966
6.168500000,0.008941819
6.168562500,0.008828051
6.168625000,0.008731126
6.168687500,0.008672010
6.168750000,0.008659446
6.168812500,0.008680101
6.168875000,0.008758507
6.168937500,0.008929986
6.169000000,0.009224192
6.169062500,0.009618642
6.169125000,0.010097092
6.169187500,0.010612634
6.169250000,0.011106680
6.169312500,0.011496794
6.169375000,0.011764953
6.169437500,0.011911526
6.169500000,0.011953799
6.169562500,0.011885631
6.169625000,0.011753291
6.169687500,0.011600173
6.169750000,0.011483178
6.169812500,0.011437869
6.169875000,0.011555873
6.169937500,0.011885404
6.170000000,0.012424421
6.170062500,0.013081837
6.170125000,0.013775195
6.170187500,0.014396043
6.170250000,0.014871657
6.170312500,0.015168184
6.170375000,0.015372583
6.170437500,0.015589236
6.170500000,0.015907025
6.170562500,0.016330095
6.170625000,0.016834257
6.170687500,0.017323712
6.170750000,0.017695390
6.170812500,0.017865624
6.170875000,0.017867155
6.170937500,0.017776463
6.171000000,0.017695390
6.171062500,0.017689101
6.171125000,0.017824281
6.171187500,0.018111330
6.171250000,0.018542508
6.171312500,0.019095780
6.171375000,0.019787515
6.171437500,0.020598408
6.171500000,0.021460366
6.171562500,0.022235915
6.171625000,0.022783473
6.171687500,0.022975001
6.171750000,0.022778107
6.171812500,0.022281369
6.171875000,0.021709267
6.171937500,0.021291992
6.172000000,0.021177992
6.172062500,0.021353932
6.172125000,0.021669934
6.172187500,0.021872742
6.172250000,0.021742739
6.172312500,0.021196771
6.172375000,0.020347934
6.172437500,0.019417034
6.172500000,0.018636633
6.172562500,0.018134678
6.172625000,0.017904511
6.172687500,0.017791253
6.172750000,0.017601265
6.172812500,0.017201645
6.172875000,0.016613074
6.172937500,0.015945069
6.173000000,0.015342278
6.173062500,0.014892127
6.173125000,0.014608577
6.173187500,0.014392604
6.173250000,0.014118661
6.173312500,0.013701220
6.173375000,0.013173187
6.173437500,0.012601405
6.173500000,0.012047924
6.173562500,0.011507231
6.173625000,0.010917289
6.173687500,0.010152526
6.173750000,0.009130068
6.173812500,0.007876190
6.173875000,0.006579109
6.173937500,0.005463403
6.174000000,0.004706220
6.174062500,0.004335979
6.174125000,0.004242177
6.174187500,0.004167872
6.174250000,0.003859101
6.174312500,0.003179321
6.174375000,0.002209489
6.174437500,0.001138153
6.174500000,0.000188249
6.174562500,-0.000496629
6.174625000,-0.000873389
6.174687500,-0.001041029
6.174750000,-0.001129493
6.174812500,-0.001214922
6.174875000,-0.001250524
6.174937500,-0.001170157
6.175000000,-0.000941244
6.175062500,-0.000630149
6.175125000,-0.000366530
6.175187500,-0.000320215
6.175250000,-0.000564746
6.175312500,-0.001008131
6.175375000,-0.001384435
6.175437500,-0.001432938
6.175500000,-0.001035369
6.175562500,-0.000322610
6.175625000,0.000375945
6.175687500,0.000638787
6.175750000,0.000188249
6.175812500,-0.000947391
6.175875000,-0.002390892
6.175937500,-0.003609002
6.176000000,-0.004141474
6.176062500,-0.003824360
6.176125000,-0.002851757
6.176187500,-0.001712522
6.176250000,-0.000941244
6.176312500,-0.000869164
6.176375000,-0.001472579
6.176437500,-0.002430905
6.176500000,-0.003294354
6.176562500,-0.003705661
6.176625000,-0.003567051
6.176687500,-0.003063759
6.176750000,-0.002541359
6.176812500,-0.002312330
6.176875000,-0.002527451
6.176937500,-0.003118666
6.177000000,-0.003859101
6.177062500,-0.004472701
6.177125000,-0.004797893
6.177187500,-0.004812465
6.177250000,-0.004612096
6.177312500,-0.004312576
6.177375000,-0.004027636
6.177437500,-0.003791182
6.177500000,-0.003576728
6.177562500,-0.003315583
6.177625000,-0.003010166
6.177687500,-0.002699250
6.177750000,-0.002447235
6.177812500,-0.002279864
6.177875000,-0.002227379
6.177937500,-0.002267988
6.178000000,-0.002353110
6.178062500,-0.002404497
6.178125000,-0.002413639
6.178187500,-0.002389139
6.178250000,-0.002353110
6.178312500,-0.002292073
6.178375000,-0.002231616
6.178437500,-0.002183626
6.178500000,-0.002164861
6.178562500,-0.002166591
6.178625000,-0.002251488
6.178687500,-0.002463204
6.178750000,-0.002823732
6.178812500,-0.003290578
6.178875000,-0.003851058
6.178937500,-0.004481129
6.179000000,-0.005176842
6.179062500,-0.005926381
6.179125000,-0.006790979
6.179187500,-0.007802116
6.179250000,-0.008941819
6.179312500,-0.010095685
6.179375000,-0.011164126
6.179437500,-0.012046076
6.179500000,-0.012706795
6.179562500,-0.013172261
6.179625000,-0.013611610
6.179687500,-0.014201652
6.179750000,-0.015059905
6.179812500,-0.016150899
6.179875000,-0.017364999
6.179937500,-0.018504733
6.180000000,-0.019389628
6.180062500,-0.019909730
6.180125000,-0.020133981
6.180187500,-0.020216910
6.180250000,-0.020330872
6.180312500,-0.020562897
6.180375000,-0.020935470
6.180437500,-0.021385156
6.180500000,-0.021836862
6.180562500,-0.022251192
6.180625000,-0.022685632
6.180687500,-0.023223221
6.180750000,-0.023907598
6.180812500,-0.024674119
6.180875000,-0.025374923
6.180937500,-0.025820274
6.181000000,-0.025884213
6.181062500,-0.025577540
6.181125000,-0.025070556
6.181187500,-0.024604784
6.181250000,-0.024378221
6.181312500,-0.024442375
6.181375000,-0.024692021
6.181437500,-0.024919558
6.181500000,-0.024942968
6.181562500,-0.024716808
6.181625000,-0.024361541
6.181687500,-0.024091583
6.181750000,-0.024095848
6.181812500,-0.024430368
6.181875000,-0.024952719
6.181937500,-0.025376750
6.182000000,-0.025413590
6.182062500,-0.024929967
6.182125000,-0.023982752
6.182187500,-0.022793431
6.182250000,-0.021648614
6.182312500,-0.020791134
6.182375000,-0.020272303
6.182437500,-0.019950125
6.182500000,-0.019577878
6.182562500,-0.018952284
6.182625000,-0.017967377
6.182687500,-0.016651692
6.182750000,-0.015154029
6.182812500,-0.013691780
6.182875000,-0.012418661
6.182937500,-0.011363148
6.183000000,-0.010447809
6.183062500,-0.009562240
6.183125000,-0.008602330
6.183187500,-0.007507368
6.183250000,-0.006306335
6.183312500,-0.005120200
6.183375000,-0.004107220
6.183437500,-0.003366535
6.183500000,-0.002917857
6.183562500,-0.002693055
6.183625000,-0.002563154
6.183687500,-0.002324773
6.183750000,-0.001788364
6.183812500,-0.000836079
6.183875000,0.000523789
6.183937500,0.002223851
6.184000000,0.004141474
6.184062500,0.006150631
6.184125000,0.008119985
6.184187500,0.010014835
6.184250000,0.011859675
6.184312500,0.013719831
6.184375000,0.015600299
6.184437500,0.017504327
6.184500000,0.019389628
6.184562500,0.021198824
6.184625000,0.022798866
6.184687500,0.024118299
6.184750000,0.025131216
6.184812500,0.025889579
6.184875000,0.026402535
6.184937500,0.026728816
6.185000000,0.026919581
6.185062500,0.027036032
6.185125000,0.027032925
6.185187500,0.026879903
6.185250000,0.026543085
6.185312500,0.026036058
6.185375000,0.025318367
6.185437500,0.024406571
6.185500000,0.023342853
6.185562500,0.022220902
6.185625000,0.021061378
6.185687500,0.019894306
6.185750000,0.018730756
6.185812500,0.017603207
6.185875000,0.016469199
6.185937500,0.015309183
6.186000000,0.014118661
6.186062500,0.012943189
6.186125000,0.011775488
6.186187500,0.010608491
6.186250000,0.009412440
6.186312500,0.008172157
6.186375000,0.006823048
6.186437500,0.005343121
6.186500000,0.003764976
6.186562500,0.002202367
6.186625000,0.000747540
6.186687500,-0.000542336
6.186750000,-0.001694239
6.186812500,-0.002810127
6.186875000,-0.004070134
6.186937500,-0.005649731
6.187000000,-0.007624077
6.187062500,-0.009901884
6.187125000,-0.012247406
6.187187500,-0.014386754
6.187250000,-0.016095273
6.187312500,-0.017281676
6.187375000,-0.017999599
6.187437500,-0.018463140
6.187500000,-0.018919006
6.187562500,-0.019542795
6.187625000,-0.020342611
6.187687500,-0.021243758
6.187750000,-0.022119237
6.187812500,-0.022874599
6.187875000,-0.023453424
6.187937500,-0.023920659
6.188000000,-0.024378221
6.188062500,-0.024900630
6.188125000,-0.025440920
6.188187500,-0.025905194
6.188250000,-0.026166586
6.188312500,-0.026136000
6.188375000,-0.025773238
6.188437500,-0.025165536
6.188500000,-0.024472345
6.188562500,-0.023875078
6.188625000,-0.023467142
6.188687500,-0.023277193
6.188750000,-0.023248728
6.188812500,-0.023282718
6.188875000,-0.023237832
6.188937500,-0.023019951
6.189000000,-0.022589857
6.189062500,-0.021976739
6.189125000,-0.021217363
6.189187500,-0.020369614
6.189250000,-0.019483753
6.189312500,-0.018605834
6.189375000,-0.017732490
6.189437500,-0.016842451
6.189500000,-0.015907025
6.189562500,-0.014923910
6.189625000,-0.013883706
6.189687500,-0.012791730
6.189750000,-0.011671427
6.189812500,-0.010576512
6.189875000,-0.009541331
6.189937500,-0.008564582
6.190000000,-0.007624077
6.190062500,-0.006714218
6.190125000,-0.005825394
6.190187500,-0.004956334
6.190250000,-0.004141474
6.190312500,-0.003473140
6.190375000,-0.003015315
6.190437500,-0.002762468
6.190500000,-0.002635483
6.190562500,-0.002529224
6.190625000,-0.002274242
6.190687500,-0.001706815
6.190750000,-0.000752995
6.190812500,0.000488115
6.190875000,0.001850429
6.190937500,0.003148617
6.191000000,0.004235599
6.191062500,0.005006826
6.191125000,0.005527135
6.191187500,0.005963712
6.191250000,0.006494584
6.191312500,0.007171663
6.191375000,0.008005801
6.191437500,0.008938957
6.191500000,0.009883063
6.191562500,0.010715613
6.191625000,0.011455349
6.191687500,0.012203527
6.191750000,0.013083293
6.191812500,0.014102902
6.191875000,0.015274032
6.191937500,0.016536932
6.192000000,0.017789513
6.192062500,0.018858332
6.192125000,0.019722383
6.192187500,0.020431133
6.192250000,0.021083867
6.192312500,0.021707864
6.192375000,0.022417344
6.192437500,0.023290193
6.192500000,0.024378221
6.192562500,0.025634021
6.192625000,0.027110616
6.192687500,0.028830713
6.192750000,0.030778680
6.192812500,0.032806557
6.192875000,0.034834858
6.192937500,0.036757439
6.193000000,0.038496882
6.193062500,0.039958622
6.193125000,0.041222986
6.193187500,0.042395957
6.193250000,0.043579601
6.193312500,0.044756394
6.193375000,0.045949403
6.193437500,0.047114052
6.193500000,0.048191696
6.193562500,0.049077790
6.193625000,0.049824398
6.193687500,0.050503667
6.193750000,0.051203676
6.193812500,0.051927190
6.193875000,0.052746687
6.193937500,0.053670775
6.194000000,0.054686282
6.194062500,0.055710979
6.194125000,0.056785397
6.194187500,0.057921112
6.194250000,0.059110127
6.194312500,0.060242444
6.194375000,0.061284035
6.194437500,0.062151775
6.194500000,0.062780984
6.194562500,0.063086703
6.194625000,0.063163720
6.194687500,0.063098513
6.194750000,0.062969230
6.194812500,0.062738314
6.194875000,0.062450837
6.194937500,0.062069524
6.195000000,0.061557360
6.195062500,0.060832061
6.195125000,0.060013928
6.195187500,0.059195645
6.195250000,0.058451258
6.195312500,0.057711326
6.195375000,0.057016883
6.195437500,0.056308407
6.195500000,0.055533402
6.195562500,0.054590009
6.195625000,0.053624347
6.195687500,0.052727230
6.195750000,0.051956676
6.195812500,0.051200312
6.195875000,0.050490312
6.195937500,0.049751464
6.196000000,0.048944689
6.196062500,0.048007008
6.196125000,0.047168098
6.196187500,0.046577450
6.196250000,0.046309207
6.196312500,0.046199150
6.196375000,0.046186693
6.196437500,0.046059139
6.196500000,0.045650337
6.196562500,0.044821598
6.196625000,0.043829057
6.196687500,0.042926934
6.196750000,0.042355984
6.196812500,0.042130671
6.196875000,0.042347353
6.196937500,0.042861979
6.197000000,0.043485478
6.197062500,0.043974176
6.197125000,0.044460151
6.197187500,0.045064919
6.197250000,0.045932710
6.197312500,0.047024347
6.197375000,0.048428342
6.197437500,0.049990077
6.197500000,0.051486049
6.197562500,0.052610502
6.197625000,0.053412020
6.197687500,0.053957451
6.197750000,0.054403909
6.197812500,0.054824892
6.197875000,0.055466235
6.197937500,0.056358561
6.198000000,0.057415888
6.198062500,0.058383904
6.198125000,0.059215859
6.198187500,0.059811525
6.198250000,0.060145497
6.198312500,0.060184460
6.198375000,0.060146242
6.198437500,0.060164277
6.198500000,0.060333744
6.198562500,0.060605261
6.198625000,0.061041236
6.198687500,0.061555665
6.198750000,0.062027987
6.198812500,0.062275905
6.198875000,0.062325552
6.198937500,0.062187366
6.199000000,0.061933860
6.199062500,0.061620053
6.199125000,0.061452702
6.199187500,0.061520588
6.199250000,0.061839733
6.199312500,0.062301829
6.199375000,0.062876418
6.199437500,0.063445762
6.199500000,0.063910469
6.199562500,0.064170018
6.199625000,0.064286344
6.199687500,0.064265892
6.199750000,0.064098723
6.199812500,0.063703611
6.199875000,0.063105345
6.199937500,0.062264260
6.200000000,0.061180864
6.200062500,0.059872378
6.200125000,0.058535650
6.200187500,0.057287823
6.200250000,0.056192271
6.200312500,0.055184700
6.200375000,0.054258093
6.200437500,0.053281404
6.200500000,0.052144922
6.200562500,0.050773017
6.200625000,0.049324624
6.200687500,0.047925152
6.200750000,0.046685707
6.200812500,0.045600168
6.200875000,0.044692997
6.200937500,0.043802653
6.201000000,0.042732481
6.201062500,0.041295473
6.201125000,0.039546058
6.201187500,0.037559975
6.201250000,0.035484903
6.201312500,0.033443794
6.201375000,0.031638965
6.201437500,0.030085873
6.201500000,0.028707944
6.201562500,0.027350826
6.201625000,0.025992012
6.201687500,0.024563473
6.201750000,0.023060480
6.201812500,0.021515308
6.201875000,0.020114128
6.201937500,0.018948806
6.202000000,0.018071886
6.202062500,0.017460236
6.202125000,0.017146945
6.202187500,0.017021181
6.202250000,0.016942395
6.202312500,0.016767140
6.202375000,0.016496545
6.202437500,0.016103713
6.202500000,0.015624652
6.202562500,0.015144416
6.202625000,0.014830901
6.202687500,0.014723029
6.202750000,0.014777532
6.202812500,0.014887583
6.202875000,0.014949320
6.202937500,0.014791958
6.203000000,0.014306910
6.203062500,0.013520289
6.203125000,0.012575720
6.203187500,0.011605460
6.203250000,0.010730183
6.203312500,0.010056167
6.203375000,0.009597923
6.203437500,0.009243308
6.203500000,0.008847695
6.203562500,0.008347174
6.203625000,0.007710046
6.203687500,0.006925010
6.203750000,0.006023962
6.203812500,0.005121890
6.203875000,0.004259934
6.203937500,0.003415396
6.204000000,0.002541359
6.204062500,0.001674094
6.204125000,0.000792894
6.204187500,-0.000112846
6.204250000,-0.001035369
6.204312500,-0.001879445
6.204375000,-0.002678676
6.204437500,-0.003518254
6.204500000,-0.004517972
6.204562500,-0.005708180
6.204625000,-0.007199219
6.204687500,-0.009039558
6.204750000,-0.011200804
6.204812500,-0.013494105
6.204875000,-0.015814288
6.204937500,-0.018072650
6.205000000,-0.020236747
6.205062500,-0.022256767
6.205125000,-0.024251550
6.205187500,-0.026363125
6.205250000,-0.028707944
6.205312500,-0.031246718
6.205375000,-0.033955559
6.205437500,-0.036732692
6.205500000,-0.039438128
6.205562500,-0.041862559
6.205625000,-0.043954294
6.205687500,-0.045745142
6.205750000,-0.047344577
6.205812500,-0.048826054
6.205875000,-0.050349046
6.205937500,-0.052013408
6.206000000,-0.053839162
6.206062500,-0.055702198
6.206125000,-0.057525251
6.206187500,-0.059234224
6.206250000,-0.060804367
6.206312500,-0.062211074
6.206375000,-0.063553467
6.206437500,-0.064921953
6.206500000,-0.066357709
6.206562500,-0.067770123
6.206625000,-0.069077738
6.206687500,-0.070168674
6.206750000,-0.070969805
6.206812500,-0.071438119
6.206875000,-0.071682654
6.206937500,-0.071836539
6.207000000,-0.072005168
6.207062500,-0.072169781
6.207125000,-0.072277829
6.207187500,-0.072199799
6.207250000,-0.071816921
6.207312500,-0.071055762
6.207375000,-0.070015609
6.207437500,-0.068858884
6.207500000,-0.067769580
6.207562500,-0.066847630
6.207625000,-0.066159002
6.207687500,-0.065631345
6.207750000,-0.065134093
6.207812500,-0.064517297
6.207875000,-0.063758537
6.207937500,-0.062854022
6.208000000,-0.061839733
6.208062500,-0.060730528
6.208125000,-0.059595786
6.208187500,-0.058410246
6.208250000,-0.057133518
6.208312500,-0.055719923
6.208375000,-0.054252405
6.208437500,-0.052767564
6.208500000,-0.051297802
6.208562500,-0.049827140
6.208625000,-0.048402339
6.208687500,-0.046965480
6.208750000,-0.045462091
6.208812500,-0.043857038
6.208875000,-0.042268340
6.208937500,-0.040750965
6.209000000,-0.039344002
6.209062500,-0.038026456
6.209125000,-0.036821559
6.209187500,-0.035609983
6.209250000,-0.034261286
6.209312500,-0.032677270
6.209375000,-0.030929245
6.209437500,-0.029051023
6.209500000,-0.027107829
6.209562500,-0.025166417
6.209625000,-0.023363912
6.209687500,-0.021700367
6.209750000,-0.020142624
6.209812500,-0.018647946
6.209875000,-0.017271996
6.209937500,-0.015970143
6.210000000,-0.014683408
6.210062500,-0.013346370
6.210125000,-0.011974689
6.210187500,-0.010511413
6.210250000,-0.008941819
6.210312500,-0.007321751
6.210375000,-0.005830853
6.210437500,-0.004566615
6.210500000,-0.003576728
6.210562500,-0.002841748
6.210625000,-0.002326840
6.210687500,-0.001869821
6.210750000,-0.001317742
6.210812500,-0.000601803
6.210875000,0.000215209
6.210937500,0.001089488
6.211000000,0.001976613
6.211062500,0.002845858
6.211125000,0.003696897
6.211187500,0.004630887
6.211250000,0.005741589
6.211312500,0.007028013
6.211375000,0.008418510
6.211437500,0.009855753
6.211500000,0.011294928
6.211562500,0.012689451
6.211625000,0.014063790
6.211687500,0.015499542
6.211750000,0.017036518
6.211812500,0.018567037
6.211875000,0.019937430
6.211937500,0.020996928
6.212000000,0.021648614
6.212062500,0.021842258
6.212125000,0.021733135
6.212187500,0.021583378
6.212250000,0.021648614
6.212312500,0.021997135
6.212375000,0.022639262
6.212437500,0.023459427
6.212500000,0.024284096
6.212562500,0.024880540
6.212625000,0.025229460
6.212687500,0.025418809
6.212750000,0.025601838
6.212812500,0.025828013
6.212875000,0.026212679
6.212937500,0.026777379
6.213000000,0.027484328
6.213062500,0.028185254
6.213125000,0.028891742
6.213187500,0.029639931
6.213250000,0.030496309
6.213312500,0.031435080
6.213375000,0.032537963
6.213437500,0.033828255
6.213500000,0.035296652
6.213562500,0.036824279
6.213625000,0.038417634
6.213687500,0.040052954
6.213750000,0.041697115
6.213812500,0.043216672
6.213875000,0.044616316
6.213937500,0.045888569
6.214000000,0.047062203
6.214062500,0.048123162
6.214125000,0.049230620
6.214187500,0.050509982
6.214250000,0.052050799
6.214312500,0.053793252
6.214375000,0.055738658
6.214437500,0.057777781
6.214500000,0.059769001
6.214562500,0.061513022
6.214625000,0.062997341
6.214687500,0.064238466
6.214750000,0.065322340
6.214812500,0.066310257
6.214875000,0.067363903
6.214937500,0.068528719
6.215000000,0.069746181
6.215062500,0.070812166
6.215125000,0.071584612
6.215187500,0.071906850
6.215250000,0.071722798
6.215312500,0.071069174
6.215375000,0.070181087
6.215437500,0.069278993
6.215500000,0.068522573
6.215562500,0.067918703
6.215625000,0.067433409
6.215687500,0.066922016
6.215750000,0.066263586
6.215812500,0.065410294
6.215875000,0.064506888
6.215937500,0.063712738
6.216000000,0.063157476
6.216062500,0.062838934
6.216125000,0.062697977
6.216187500,0.062528372
6.216250000,0.062122110
6.216312500,0.061343592
6.216375000,0.060276557
6.216437500,0.059045568
6.216500000,0.057792384
6.216562500,0.056570642
6.216625000,0.055402763
6.216687500,0.054141879
6.216750000,0.052615542
6.216812500,0.050700039
6.216875000,0.048500087
6.216937500,0.046158731
6.217000000,0.043861974
6.217062500,0.041724022
6.217125000,0.039871994
6.217187500,0.038222808
6.217250000,0.036614396
6.217312500,0.034849092
6.217375000,0.032935534
6.217437500,0.030869635
6.217500000,0.028707944
6.217562500,0.026487848
6.217625000,0.024376338
6.217687500,0.022392742
6.217750000,0.020519121
6.217812500,0.018688384
6.217875000,0.016999999
6.217937500,0.015450920
6.218000000,0.014024537
6.218062500,0.012642276
6.218125000,0.011362398
6.218187500,0.010138038
6.218250000,0.008941819
6.218312500,0.007740751
6.218375000,0.006683984
6.218437500,0.005806081
6.218500000,0.005082718
6.218562500,0.004376426
6.218625000,0.003648538
6.218687500,0.002772396
6.218750000,0.001694239
6.218812500,0.000438815
6.218875000,-0.000721419
6.218937500,-0.001575605
6.219000000,-0.001976613
6.219062500,-0.001943334
6.219125000,-0.001500971
6.219187500,-0.000850052
6.219250000,-0.000188249
6.219312500,0.000347723
6.219375000,0.000862421
6.219437500,0.001464635
6.219500000,0.002258986
6.219562500,0.003240869
6.219625000,0.004384619
6.219687500,0.005505203
6.219750000,0.006400459
6.219812500,0.006922589
6.219875000,0.007125685
6.219937500,0.007119541
6.220000000,0.007059331
6.220062500,0.007058757
6.220125000,0.007211385
6.220187500,0.007486624
6.220250000,0.007812326
6.220312500,0.008126873
6.220375000,0.008463254
6.220437500,0.008873090
6.220500000,0.009412440
6.220562500,0.010085714
6.220625000,0.010845887
6.220687500,0.011554511
6.220750000,0.012047924
6.220812500,0.012200959
6.220875000,0.011997392
6.220937500,0.011516706
6.221000000,0.010918431
6.221062500,0.010384599
6.221125000,0.010056841
6.221187500,0.009975040
6.221250000,0.010071312
6.221312500,0.010201849
6.221375000,0.010201432
6.221437500,0.009948163
6.221500000,0.009412440
6.221562500,0.008675446
6.221625000,0.007877800
6.221687500,0.007177924
6.221750000,0.006682833
6.221812500,0.006412347
6.221875000,0.006277313
6.221937500,0.006132113
6.222000000,0.005835713
6.222062500,0.005317204
6.222125000,0.004590546
6.222187500,0.003748343
6.222250000,0.002917857
6.222312500,0.002208088
6.222375000,0.001668975
6.222437500,0.001271546
6.222500000,0.000941244
6.222562500,0.000605880
6.222625000,0.000237877
6.222687500,-0.000142374
6.222750000,-0.000470622
6.222812500,-0.000672372
6.222875000,-0.000697917
6.222937500,-0.000570135
6.223000000,-0.000376498
6.223062500,-0.000244944
6.223125000,-0.000272610
6.223187500,-0.000513801
6.223250000,-0.000941244
6.223312500,-0.001467156
6.223375000,-0.001928735
6.223437500,-0.002206571
6.223500000,-0.002258986
6.223562500,-0.002168396
6.223625000,-0.002042918
6.223687500,-0.002035839
6.223750000,-0.002258986
6.223812500,-0.002766560
6.223875000,-0.003445691
6.223937500,-0.004142263
6.224000000,-0.004706220
6.224062500,-0.005095530
6.224125000,-0.005283334
6.224187500,-0.005341162
6.224250000,-0.005365091
6.224312500,-0.005466197
6.224375000,-0.005602977
6.224437500,-0.005694943
6.224500000,-0.005647464
6.224562500,-0.005464446
6.224625000,-0.005127836
6.224687500,-0.004712929
6.224750000,-0.004329723
6.224812500,-0.004132919
6.224875000,-0.004116108
6.224937500,-0.004218739
6.225000000,-0.004329723
6.225062500,-0.004401071
6.225125000,-0.004301523
6.225187500,-0.003968344
6.225250000,-0.003388479
6.225312500,-0.002659220
6.225375000,-0.001765748
6.225437500,-0.000699100
6.225500000,0.000564746
6.225562500,0.001970142
6.225625000,0.003571284
6.225687500,0.005372841
6.225750000,0.007341704
6.225812500,0.009326125
6.225875000,0.011293318
6.225937500,0.013206010
6.226000000,0.015059905
6.226062500,0.016795486
6.226125000,0.018501829
6.226187500,0.020238416
6.226250000,0.022025112
6.226312500,0.023742229
6.226375000,0.025365898
6.226437500,0.026860492
6.226500000,0.028237322
6.226562500,0.029486448
6.226625000,0.030764362
6.226687500,0.032207523
6.226750000,0.033884790
6.226812500,0.035677303
6.226875000,0.037481677
6.226937500,0.039146446
6.227000000,0.040567622
6.227062500,0.041677926
6.227125000,0.042637486
6.227187500,0.043671869
6.227250000,0.044991467
6.227312500,0.046631526
6.227375000,0.048568681
6.227437500,0.050637186
6.227500000,0.052615542
6.227562500,0.054259270
6.227625000,0.055510040
6.227687500,0.056422055
6.227750000,0.057133518
6.227812500,0.057748497
6.227875000,0.058398098
6.227937500,0.059136145
6.228000000,0.059957247
6.228062500,0.060780048
6.228125000,0.061593913
6.228187500,0.062388569
6.228250000,0.063157476
6.228312500,0.063836046
6.228375000,0.064407609
6.228437500,0.064821646
6.228500000,0.065039963
6.228562500,0.065022439
6.228625000,0.064845040
6.228687500,0.064578749
6.228750000,0.064286970
6.228812500,0.063960217
6.228875000,0.063620895
6.228937500,0.063216135
6.229000000,0.062686861
6.229062500,0.061965913
6.229125000,0.061114434
6.229187500,0.060177531
6.229250000,0.059204251
6.229312500,0.058188900
6.229375000,0.057184014
6.229437500,0.056156803
6.229500000,0.055062778
6.229562500,0.053837359
6.229625000,0.052541696
6.229687500,0.051189531
6.229750000,0.049791813
6.229812500,0.048309043
6.229875000,0.046794944
6.229937500,0.045223895
6.230000000,0.043579601
6.230062500,0.041837621
6.230125000,0.040139221
6.230187500,0.038564052
6.230250000,0.037179142
6.230312500,0.035966039
6.230375000,0.034987431
6.230437500,0.034151681
6.230500000,0.033320040
6.230562500,0.032305084
6.230625000,0.031099880
6.230687500,0.029669300
6.230750000,0.028049074
6.230812500,0.026288070
6.230875000,0.024617674
6.230937500,0.023149472
6.231000000,0.021930987
6.231062500,0.020882849
6.231125000,0.020032318
6.231187500,0.019280350
6.231250000,0.018542508
6.231312500,0.017726930
6.231375000,0.016961331
6.231437500,0.016287923
6.231500000,0.015718777
6.231562500,0.015155423
6.231625000,0.014624644
6.231687500,0.014043401
6.231750000,0.013365666
6.231812500,0.012563515
6.231875000,0.011843649
6.231937500,0.011333963
6.232000000,0.011106680
6.232062500,0.011079868
6.232125000,0.011238401
6.232187500,0.011439477
6.232250000,0.011577302
6.232312500,0.011590961
6.232375000,0.011668743
6.232437500,0.011952214
6.232500000,0.012518546
6.232562500,0.013262241
6.232625000,0.014067409
6.232687500,0.014675439
6.232750000,0.014871657
6.232812500,0.014551807
6.232875000,0.013922282
6.232937500,0.013268683
6.233000000,0.012895043
6.233062500,0.012960642
6.233125000,0.013539730
6.233187500,0.014477668
6.233250000,0.015530528
6.233312500,0.016451444
6.233375000,0.017193155
6.233437500,0.017790791
6.233500000,0.018354259
6.233562500,0.018962447
6.233625000,0.019691460
6.233687500,0.020494547
6.233750000,0.021272115
6.233812500,0.021912055
6.233875000,0.022406712
6.233937500,0.022774555
6.234000000,0.023060480
6.234062500,0.023284921
6.234125000,0.023478089
6.234187500,0.023624659
6.234250000,0.023719350
6.234312500,0.023786088
6.234375000,0.023907797
6.234437500,0.024138587
6.234500000,0.024472345
6.234562500,0.024810011
6.234625000,0.025012532
6.234687500,0.024924731
6.234750000,0.024472345
6.234812500,0.023705594
6.234875000,0.022823742
6.234937500,0.022052417
6.235000000,0.021554491
6.235062500,0.021336686
6.235125000,0.021279475
6.235187500,0.021144906
6.235250000,0.020707369
6.235312500,0.019845596
6.235375000,0.018655473
6.235437500,0.017350435
6.235500000,0.016189398
6.235562500,0.015341359
6.235625000,0.014881436
6.235687500,0.014701754
6.235750000,0.014589284
6.235812500,0.014289241
6.235875000,0.013700692
6.235937500,0.012822057
6.236000000,0.011765551
6.236062500,0.010654978
6.236125000,0.009677865
6.236187500,0.008900790
6.236250000,0.008282948
6.236312500,0.007651363
6.236375000,0.006919113
6.236437500,0.006000329
6.236500000,0.004894469
6.236562500,0.003633837
6.236625000,0.002441210
6.236687500,0.001500847
6.236750000,0.000941244
6.236812500,0.000726310
6.236875000,0.000851410
6.236937500,0.001191039
6.237000000,0.001600115
6.237062500,0.001902092
6.237125000,0.002123633
6.237187500,0.002309807
6.237250000,0.002541359
6.237312500,0.002829120
6.237375000,0.003266476
6.237437500,0.003844743
6.237500000,0.004517972
6.237562500,0.005171805
6.237625000,0.005856812
6.237687500,0.006619548
6.237750000,0.007529953
6.237812500,0.008567292
6.237875000,0.009831377
6.237937500,0.011322050
6.238000000,0.012989169
6.238062500,0.014660039
6.238125000,0.016322769
6.238187500,0.017936869
6.238250000,0.019483753
6.238312500,0.020866569
6.238375000,0.022178052
6.238437500,0.023481971
6.238500000,0.024848843
6.238562500,0.026244719
6.238625000,0.027780076
6.238687500,0.029486420
6.238750000,0.031343430
6.238812500,0.033186071
6.238875000,0.034973938
6.238937500,0.036633853
6.239000000,0.038120385
6.239062500,0.039337844
6.239125000,0.040353209
6.239187500,0.041202150
6.239250000,0.041885361
6.239312500,0.042270787
6.239375000,0.042317241
6.239437500,0.041968584
6.239500000,0.041226488
6.239562500,0.040111627
6.239625000,0.038872059
6.239687500,0.037816368
6.239750000,0.037273265
6.239812500,0.037440289
6.239875000,0.038498249
6.239937500,0.040442254
6.240000000,0.043108981
6.240062500,0.046160396
6.240125000,0.049321335
6.240187500,0.052339111
6.240250000,0.055062778
6.240312500,0.057404313
6.240375000,0.059455737
6.240437500,0.061318066
6.240500000,0.063063353
6.240562500,0.064646482
6.240625000,0.066042818
6.240687500,0.067167483
6.240750000,0.067957826
6.240812500,0.068366371
6.240875000,0.068503149
6.240937500,0.068468139
6.241000000,0.068334319
6.241062500,0.068061225
6.241125000,0.067641810
6.241187500,0.066995390
6.241250000,0.066075332
6.241312500,0.064876169
6.241375000,0.063590370
6.241437500,0.062402114
6.241500000,0.061463237
6.241562500,0.060777947
6.241625000,0.060346853
6.241687500,0.060010023
6.241750000,0.059580751
6.241812500,0.058878139
6.241875000,0.057948414
6.241937500,0.056860719
6.242000000,0.055721652
6.242062500,0.054564178
6.242125000,0.053467996
6.242187500,0.052358821
6.242250000,0.051109552
6.242312500,0.049564227
6.242375000,0.047745667
6.242437500,0.045708131
6.242500000,0.043579601
6.242562500,0.041477054
6.242625000,0.039590854
6.242687500,0.037958592
6.242750000,0.036520272
6.242812500,0.035113975
6.242875000,0.033700511
6.242937500,0.032214127
6.243000000,0.030684557
6.243062500,0.029197991
6.243125000,0.028016767
6.243187500,0.027259642
6.243250000,0.026919581
6.243312500,0.026807176
6.243375000,0.026765296
6.243437500,0.026518798
6.243500000,0.025884213
6.243562500,0.024825111
6.243625000,0.023617294
6.243687500,0.022537531
6.243750000,0.021836862
6.243812500,0.021609627
6.243875000,0.021877987
6.243937500,0.022402465
6.244000000,0.022872232
6.244062500,0.023022376
6.244125000,0.022830684
6.244187500,0.022350837
6.244250000,0.021742739
6.244312500,0.021181827
6.244375000,0.020846562
6.244437500,0.020706533
6.244500000,0.020613244
6.244562500,0.020376656
6.244625000,0.019890144
6.244687500,0.019056868
6.244750000,0.017883638
6.244812500,0.016491948
6.244875000,0.015078099
6.244937500,0.013762563
6.245000000,0.012612671
6.245062500,0.011673574
6.245125000,0.010934614
6.245187500,0.010305568
6.245250000,0.009694814
6.245312500,0.009085767
6.245375000,0.008472886
6.245437500,0.007835072
6.245500000,0.007153455
6.245562500,0.006454088
6.245625000,0.005709263
6.245687500,0.004858824
6.245750000,0.003859101
6.245812500,0.002762173
6.245875000,0.001614776
6.245937500,0.000462868
6.246000000,-0.000658871
6.246062500,-0.001698164
6.246125000,-0.002699034
6.246187500,-0.003762142
6.246250000,-0.004988594
6.246312500,-0.006384941
6.246375000,-0.007946640
6.246437500,-0.009634472
6.246500000,-0.011389053
6.246562500,-0.013115373
6.246625000,-0.014787212
6.246687500,-0.016427677
6.246750000,-0.018071886
6.246812500,-0.019704269
6.246875000,-0.021326439
6.246937500,-0.022962198
6.247000000,-0.024660595
6.247062500,-0.026464369
6.247125000,-0.028456923
6.247187500,-0.030711694
6.247250000,-0.033225916
6.247312500,-0.035860337
6.247375000,-0.038409036
6.247437500,-0.040657736
6.247500000,-0.042450108
6.247562500,-0.043723021
6.247625000,-0.044566542
6.247687500,-0.045172650
6.247750000,-0.045744464
6.247812500,-0.046390746
6.247875000,-0.047124114
6.247937500,-0.047861319
6.248000000,-0.048474070
6.248062500,-0.048838951
6.248125000,-0.048928667
6.248187500,-0.048802819
6.248250000,-0.048568193
6.248312500,-0.048299208
6.248375000,-0.048050649
6.248437500,-0.047813140
6.248500000,-0.047532827
6.248562500,-0.047115304
6.248625000,-0.046534181
6.248687500,-0.045787577
6.248750000,-0.044897340
6.248812500,-0.043851826
6.248875000,-0.042699184
6.248937500,-0.041467216
6.249000000,-0.040191121
6.249062500,-0.038876895
6.249125000,-0.037635181
6.249187500,-0.036549576
6.249250000,-0.035673149
6.249312500,-0.034944970
6.249375000,-0.034343533
6.249437500,-0.033753470
6.249500000,-0.033037666
6.249562500,-0.032021157
6.249625000,-0.030715711
6.249687500,-0.029165264
6.249750000,-0.027484328
6.249812500,-0.025757857
6.249875000,-0.024204630
6.249937500,-0.022924472
6.250000000,-0.021930987
6.250062500,-0.021083344
6.250125000,-0.020356568
6.250187500,-0.019651871
6.250250000,-0.018919006
6.250312500,-0.018112488
6.250375000,-0.017419666
6.250437500,-0.016968377
6.250500000,-0.016848268
6.250562500,-0.017002469
6.250625000,-0.017458187
6.250687500,-0.018104328
6.250750000,-0.018824881
6.250812500,-0.019483887
6.250875000,-0.020179262
6.250937500,-0.020974148
6.251000000,-0.021930987
6.251062500,-0.023003813
6.251125000,-0.024239264
6.251187500,-0.025548348
6.251250000,-0.026825456
6.251312500,-0.027939329
6.251375000,-0.028966244
6.251437500,-0.029955920
6.251500000,-0.030966930
6.251562500,-0.031977192
6.251625000,-0.033029366
6.251687500,-0.034044091
6.251750000,-0.034920152
6.251812500,-0.035542879
6.251875000,-0.035970598
6.251937500,-0.036265302
6.252000000,-0.036520272
6.252062500,-0.036781773
6.252125000,-0.037151195
6.252187500,-0.037617065
6.252250000,-0.038120385
6.252312500,-0.038551338
6.252375000,-0.038894769
6.252437500,-0.039106838
6.252500000,-0.039155755
6.252562500,-0.038989689
6.252625000,-0.038638096
6.252687500,-0.038113758
6.252750000,-0.037461512
6.252812500,-0.036737673
6.252875000,-0.036075987
6.252937500,-0.035557259
6.253000000,-0.035202529
6.253062500,-0.034940355
6.253125000,-0.034695730
6.253187500,-0.034362227
6.253250000,-0.033884790
6.253312500,-0.033274002
6.253375000,-0.032654680
6.253437500,-0.032126360
6.253500000,-0.031719927
6.253562500,-0.031338584
6.253625000,-0.030843746
6.253687500,-0.030039113
6.253750000,-0.028802069
6.253812500,-0.027141986
6.253875000,-0.025282843
6.253937500,-0.023495374
6.254000000,-0.022025112
6.254062500,-0.020975696
6.254125000,-0.020346574
6.254187500,-0.019955555
6.254250000,-0.019577878
6.254312500,-0.019038869
6.254375000,-0.018355772
6.254437500,-0.017612385
6.254500000,-0.016942395
6.254562500,-0.016436758
6.254625000,-0.016153108
6.254687500,-0.015995454
6.254750000,-0.015812902
6.254812500,-0.015467427
6.254875000,-0.014960187
6.254937500,-0.014325439
6.255000000,-0.013648040
6.255062500,-0.013003970
6.255125000,-0.012470637
6.255187500,-0.011997512
6.255250000,-0.011483178
6.255312500,-0.010826113
6.255375000,-0.010031542
6.255437500,-0.009124806
6.255500000,-0.008188824
6.255562500,-0.007329326
6.255625000,-0.006676267
6.255687500,-0.006254969
6.255750000,-0.006023962
6.255812500,-0.005895522
6.255875000,-0.005805092
6.255937500,-0.005651737
6.256000000,-0.005365091
6.256062500,-0.004924295
6.256125000,-0.004392785
6.256187500,-0.003826533
6.256250000,-0.003294354
6.256312500,-0.002856809
6.256375000,-0.002566877
6.256437500,-0.002374884
6.256500000,-0.002164861
6.256562500,-0.001784904
6.256625000,-0.001139688
6.256687500,-0.000179808
6.256750000,0.001035369
6.256812500,0.002354147
6.256875000,0.003534691
6.256937500,0.004401388
6.257000000,0.004894469
6.257062500,0.005118440
6.257125000,0.005241678
6.257187500,0.005490961
6.257250000,0.006023962
6.257312500,0.006878790
6.257375000,0.007883188
6.257437500,0.008801328
6.257500000,0.009412440
6.257562500,0.009635746
6.257625000,0.009495280
6.257687500,0.009181016
6.257750000,0.008941819
6.257812500,0.009005930
6.257875000,0.009415844
6.257937500,0.010085762
6.258000000,0.010824307
6.258062500,0.011445843
6.258125000,0.011786826
6.258187500,0.011827032
6.258250000,0.011671427
6.258312500,0.011513716
6.258375000,0.011499825
6.258437500,0.011698351
6.258500000,0.012047924
6.258562500,0.012379155
6.258625000,0.012449886
6.258687500,0.012057964
6.258750000,0.011106680
6.258812500,0.009638133
6.258875000,0.007819988
6.258937500,0.005885912
6.259000000,0.004047350
6.259062500,0.002407053
6.259125000,0.000971348
6.259187500,-0.000352115
6.259250000,-0.001694239
6.259312500,-0.003188638
6.259375000,-0.004832823
6.259437500,-0.006544730
6.259500000,-0.008188824
6.259562500,-0.009682674
6.259625000,-0.010916551
6.259687500,-0.011876002
6.259750000,-0.012612671
6.259812500,-0.013271810
6.259875000,-0.013880212
6.259937500,-0.014451737
6.260000000,-0.014965781
6.260062500,-0.015461132
6.260125000,-0.015860803
6.260187500,-0.016138086
6.260250000,-0.016283523
6.260312500,-0.016368659
6.260375000,-0.016324079
6.260437500,-0.016095793
6.260500000,-0.015624652
6.260562500,-0.014941895
6.260625000,-0.013975576
6.260687500,-0.012720313
6.260750000,-0.011200804
6.260812500,-0.009539057
6.260875000,-0.007742901
6.260937500,-0.005862894
6.261000000,-0.003953225
6.261062500,-0.002134636
6.261125000,-0.000373946
6.261187500,0.001372851
6.261250000,0.003200230
6.261312500,0.005166003
6.261375000,0.007437177
6.261437500,0.010086494
6.261500000,0.013083293
6.261562500,0.016226336
6.261625000,0.019352343
6.261687500,0.022287503
6.261750000,0.024942968
6.261812500,0.027297840
6.261875000,0.029524745
6.261937500,0.031826545
6.262000000,0.034355409
6.262062500,0.037082851
6.262125000,0.039913513
6.262187500,0.042651057
6.262250000,0.045085590
6.262312500,0.047024384
6.262375000,0.048469491
6.262437500,0.049548335
6.262500000,0.050450683
6.262562500,0.051288571
6.262625000,0.052139387
6.262687500,0.052968588
6.262750000,0.053650912
6.262812500,0.053985044
6.262875000,0.053881835
6.262937500,0.053374179
6.263000000,0.052615542
6.263062500,0.051782742
6.263125000,0.051100329
6.263187500,0.050715499
6.263250000,0.050638933
6.263312500,0.050693035
6.263375000,0.050686225
6.263437500,0.050443094
6.263500000,0.049885936
6.263562500,0.049016945
6.263625000,0.048026361
6.263687500,0.047133025
6.263750000,0.046497457
6.263812500,0.046092402
6.263875000,0.045839962
6.263937500,0.045559917
6.264000000,0.045085590
6.264062500,0.044296131
6.264125000,0.043326188
6.264187500,0.042402718
6.264250000,0.041791238
6.264312500,0.041626867
6.264375000,0.042008601
6.264437500,0.042808581
6.264500000,0.043767847
6.264562500,0.044537168
6.264625000,0.044962354
6.264687500,0.044965245
6.264750000,0.044614971
6.264812500,0.044028640
6.264875000,0.043488011
6.264937500,0.043139227
6.265000000,0.043014854
6.265062500,0.042979844
6.265125000,0.042975966
6.265187500,0.042859104
6.265250000,0.042544231
6.265312500,0.041993782
6.265375000,0.041404277
6.265437500,0.040922649
6.265500000,0.040661745
6.265562500,0.040605806
6.265625000,0.040775407
6.265687500,0.041033875
6.265750000,0.041226488
6.265812500,0.041210651
6.265875000,0.041049331
6.265937500,0.040804021
6.266000000,0.040567622
6.266062500,0.040381860
6.266125000,0.040337071
6.266187500,0.040373564
6.266250000,0.040379371
6.266312500,0.040213995
6.266375000,0.039871376
6.266437500,0.039326247
6.266500000,0.038591005
6.266562500,0.037674621
6.266625000,0.036665082
6.266687500,0.035563141
6.266750000,0.034355409
6.266812500,0.033024278
6.266875000,0.031659909
6.266937500,0.030322302
6.267000000,0.029084442
6.267062500,0.027993307
6.267125000,0.027139453
6.267187500,0.026495038
6.267250000,0.025978338
6.267312500,0.025462164
6.267375000,0.024907693
6.267437500,0.024241805
6.267500000,0.023436978
6.267562500,0.022493577
6.267625000,0.021534624
6.267687500,0.020617977
6.267750000,0.019766126
6.267812500,0.018925207
6.267875000,0.018092334
6.267937500,0.017176261
6.268000000,0.016095273
6.268062500,0.014784250
6.268125000,0.013342897
6.268187500,0.011861142
6.268250000,0.010447809
6.268312500,0.009157075
6.268375000,0.008103807
6.268437500,0.007272408
6.268500000,0.006588709
6.268562500,0.005912321
6.268625000,0.005218365
6.268687500,0.004446721
6.268750000,0.003576728
6.268812500,0.002590416
6.268875000,0.001608751
6.268937500,0.000696437
6.269000000,-0.000094124
6.269062500,-0.000768240
6.269125000,-0.001256443
6.269187500,-0.001580834
6.269250000,-0.001788364
6.269312500,-0.001965035
6.269375000,-0.002094927
6.269437500,-0.002195639
6.269500000,-0.002258986
6.269562500,-0.002277515
6.269625000,-0.002145701
6.269687500,-0.001805966
6.269750000,-0.001223617
6.269812500,-0.000425841
6.269875000,0.000589071
6.269937500,0.001739784
6.270000000,0.002917857
6.270062500,0.003991568
6.270125000,0.004929716
6.270187500,0.005717555
6.270250000,0.006400459
6.270312500,0.007051270
6.270375000,0.007809972
6.270437500,0.008751999
6.270500000,0.009883063
6.270562500,0.011112988
6.270625000,0.012337575
6.270687500,0.013409217
6.270750000,0.014212786
6.270812500,0.014695537
6.270875000,0.014914013
6.270937500,0.014966642
6.271000000,0.014965781
6.271062500,0.014989840
6.271125000,0.015066579
6.271187500,0.015149725
6.271250000,0.015154029
6.271312500,0.015003879
6.271375000,0.014661247
6.271437500,0.014149875
6.271500000,0.013553915
6.271562500,0.013004528
6.271625000,0.012590093
6.271687500,0.012346596
6.271750000,0.012236172
6.271812500,0.012183524
6.271875000,0.012064194
6.271937500,0.011799485
6.272000000,0.011389053
6.272062500,0.010936134
6.272125000,0.010562879
6.272187500,0.010386359
6.272250000,0.010447809
6.272312500,0.010692218
6.272375000,0.010954970
6.272437500,0.011045872
6.272500000,0.010824307
6.272562500,0.010263292
6.272625000,0.009465484
6.272687500,0.008616183
6.272750000,0.007906451
6.272812500,0.007440560
6.272875000,0.007222825
6.272937500,0.007127446
6.273000000,0.006965206
6.273062500,0.006539092
6.273125000,0.005792694
6.273187500,0.004763473
6.273250000,0.003576728
6.273312500,0.002346338
6.273375000,0.001223403
6.273437500,0.000242412
6.273500000,-0.000658871
6.273562500,-0.001654268
6.273625000,-0.002831095
6.273687500,-0.004259945
6.273750000,-0.005929837
6.273812500,-0.007800906
6.273875000,-0.009669282
6.273937500,-0.011352961
6.274000000,-0.012706795
6.274062500,-0.013716301
6.274125000,-0.014332067
6.274187500,-0.014598523
6.274250000,-0.014589284
6.274312500,-0.014435680
6.274375000,-0.014121231
6.274437500,-0.013622780
6.274500000,-0.012895043
6.274562500,-0.011967269
6.274625000,-0.010785094
6.274687500,-0.009375825
6.274750000,-0.007812326
6.274812500,-0.006257454
6.274875000,-0.004738449
6.274937500,-0.003265470
6.275000000,-0.001788364
6.275062500,-0.000280360
6.275125000,0.001421402
6.275187500,0.003417904
6.275250000,0.005741589
6.275312500,0.008270318
6.275375000,0.010928014
6.275437500,0.013577747
6.275500000,0.016095273
6.275562500,0.018337311
6.275625000,0.020340048
6.275687500,0.022167960
6.275750000,0.023907598
6.275812500,0.025567135
6.275875000,0.027216809
6.275937500,0.028865563
6.276000000,0.030496309
6.276062500,0.032027110
6.276125000,0.033480231
6.276187500,0.034877140
6.276250000,0.036237895
6.276312500,0.037507504
6.276375000,0.038682073
6.276437500,0.039738435
6.276500000,0.040661745
6.276562500,0.041414842
6.276625000,0.042053323
6.276687500,0.042657368
6.276750000,0.043297227
6.276812500,0.043958206
6.276875000,0.044626180
6.276937500,0.045264844
6.277000000,0.045838587
6.277062500,0.046293821
6.277125000,0.046660595
6.277187500,0.046995416
6.277250000,0.047344577
6.277312500,0.047671422
6.277375000,0.047956619
6.277437500,0.048165776
6.277500000,0.048285823
6.277562500,0.048297036
6.277625000,0.048287995
6.277687500,0.048337217
6.277750000,0.048474070
6.277812500,0.048591156
6.277875000,0.048605502
6.277937500,0.048398845
6.278000000,0.047909327
6.278062500,0.047112498
6.278125000,0.046211302
6.278187500,0.045416795
6.278250000,0.044897340
6.278312500,0.044627670
6.278375000,0.044588648
6.278437500,0.044612944
6.278500000,0.044520844
6.278562500,0.044124458
6.278625000,0.043515127
6.278687500,0.042815402
6.278750000,0.042167734
6.278812500,0.041573416
6.278875000,0.041105896
6.278937500,0.040682096
6.279000000,0.040191121
6.279062500,0.039479993
6.279125000,0.038665485
6.279187500,0.037858091
6.279250000,0.037179142
6.279312500,0.036607713
6.279375000,0.036230691
6.279437500,0.035980750
6.279500000,0.035767276
6.279562500,0.035446987
6.279625000,0.035140853
6.279687500,0.034936510
6.279750000,0.034920152
6.279812500,0.035037894
6.279875000,0.035359636
6.279937500,0.035815891
6.280000000,0.036332019
6.280062500,0.036794607
6.280125000,0.037346624
6.280187500,0.038079645
6.280250000,0.039061632
6.280312500,0.040210161
6.280375000,0.041532822
6.280437500,0.042891104
6.280500000,0.044144347
6.280562500,0.045145437
6.280625000,0.045993432
6.280687500,0.046764329
6.280750000,0.047532827
6.280812500,0.048259616
6.280875000,0.048970472
6.280937500,0.049552809
6.281000000,0.049885936
6.281062500,0.049853478
6.281125000,0.049582854
6.281187500,0.049218800
6.281250000,0.048944689
6.281312500,0.048860662
6.281375000,0.049119923
6.281437500,0.049692478
6.281500000,0.050450683
6.281562500,0.051167946
6.281625000,0.051759943
6.281687500,0.052127395
6.281750000,0.052239046
6.281812500,0.052075505
6.281875000,0.051780913
6.281937500,0.051439553
6.282000000,0.051109552
6.282062500,0.050759960
6.282125000,0.050448034
6.282187500,0.050141566
6.282250000,0.049791813
6.282312500,0.049296871
6.282375000,0.048682712
6.282437500,0.047917888
6.282500000,0.046968080
6.282562500,0.045746952
6.282625000,0.044299249
6.282687500,0.042625602
6.282750000,0.040755868
6.282812500,0.038708229
6.282875000,0.036653377
6.282937500,0.034702465
6.283000000,0.032943543
6.283062500,0.031377133
6.283125000,0.030086892
6.283187500,0.029051555
6.283250000,0.028237322
6.283312500,0.027575560
6.283375000,0.027141368
6.283437500,0.026932484
6.283500000,0.026919581
6.283562500,0.026989715
6.283625000,0.027120633
6.283687500,0.027193759
6.283750000,0.027107829
6.283812500,0.026773514
6.283875000,0.026310343
6.283937500,0.025818281
6.284000000,0.025413590
6.284062500,0.025137261
6.284125000,0.025108710
6.284187500,0.025294041
6.284250000,0.025601838
6.284312500,0.025870088
6.284375000,0.026105260
6.284437500,0.026268082
6.284500000,0.026354834
6.284562500,0.026329439
6.284625000,0.026312610
6.284687500,0.026324328
6.284750000,0.026354834
6.284812500,0.026309777
6.284875000,0.026233951
6.284937500,0.026078656
6.285000000,0.025790086
6.285062500,0.025264269
6.285125000,0.024576476
6.285187500,0.023757795
6.285250000,0.022872232
6.285312500,0.021947276
6.285375000,0.021147545
6.285437500,0.020522704
6.285500000,0.020048497
6.285562500,0.019577451
6.285625000,0.019056948
6.285687500,0.018401112
6.285750000,0.017601265
6.285812500,0.016703898
6.285875000,0.015942043
6.285937500,0.015509874
6.286000000,0.015530528
6.286062500,0.015957043
6.286125000,0.016710367
6.286187500,0.017580044
6.286250000,0.018354259
6.286312500,0.018867802
6.286375000,0.019163726
6.286437500,0.019348428
6.286500000,0.019577878
6.286562500,0.019960934
6.286625000,0.020596590
6.286687500,0.021446543
6.286750000,0.022401609
6.286812500,0.023320818
6.286875000,0.024153508
6.286937500,0.024872527
6.287000000,0.025507715
6.287062500,0.026112270
6.287125000,0.026764512
6.287187500,0.027460093
6.287250000,0.028143197
6.287312500,0.028739013
6.287375000,0.029201929
6.287437500,0.029496724
6.287500000,0.029649187
6.287562500,0.029760676
6.287625000,0.029933739
6.287687500,0.030196724
6.287750000,0.030496309
6.287812500,0.030742455
6.287875000,0.030770868
6.287937500,0.030425724
6.288000000,0.029649187
6.288062500,0.028571494
6.288125000,0.027379517
6.288187500,0.026279360
6.288250000,0.025413590
6.288312500,0.024849962
6.288375000,0.024439873
6.288437500,0.023927705
6.288500000,0.023060480
6.288562500,0.021755604
6.288625000,0.020018561
6.288687500,0.017996205
6.288750000,0.015907025
6.288812500,0.014005611
6.288875000,0.012374703
6.288937500,0.010957260
6.289000000,0.009600690
6.289062500,0.008188934
6.289125000,0.006594562
6.289187500,0.004764826
6.289250000,0.002729608
6.289312500,0.000617789
6.289375000,-0.001489028
6.289437500,-0.003567372
6.289500000,-0.005647464
6.289562500,-0.007755225
6.289625000,-0.009960365
6.289687500,-0.012345703
6.289750000,-0.014965781
6.289812500,-0.017797519
6.289875000,-0.020798815
6.289937500,-0.023924822
6.290000000,-0.027107829
6.290062500,-0.030229744
6.290125000,-0.033178635
6.290187500,-0.035885964
6.290250000,-0.038308635
6.290312500,-0.040404655
6.290375000,-0.042164281
6.290437500,-0.043638904
6.290500000,-0.044897340
6.290562500,-0.045982968
6.290625000,-0.046927951
6.290687500,-0.047780547
6.290750000,-0.048568193
6.290812500,-0.049266137
6.290875000,-0.049838163
6.290937500,-0.050268143
6.291000000,-0.050544810
6.291062500,-0.050640482
6.291125000,-0.050552703
6.291187500,-0.050317999
6.291250000,-0.049980059
6.291312500,-0.049548019
6.291375000,-0.049029123
6.291437500,-0.048424676
6.291500000,-0.047721073
6.291562500,-0.046873908
6.291625000,-0.045870438
6.291687500,-0.044726305
6.291750000,-0.043485478
6.291812500,-0.042192280
6.291875000,-0.040930040
6.291937500,-0.039774392
6.292000000,-0.038779255
6.292062500,-0.037941646
6.292125000,-0.037259057
6.292187500,-0.036682554
6.292250000,-0.036143772
6.292312500,-0.035552587
6.292375000,-0.034880511
6.292437500,-0.034102008
6.292500000,-0.033225916
6.292562500,-0.032273971
6.292625000,-0.031343948
6.292687500,-0.030489068
6.292750000,-0.029743314
6.292812500,-0.029095791
6.292875000,-0.028595261
6.292937500,-0.028221902
6.293000000,-0.027954949
6.293062500,-0.027758921
6.293125000,-0.027687714
6.293187500,-0.027711159
6.293250000,-0.027766701
6.293312500,-0.027744481
6.293375000,-0.027614050
6.293437500,-0.027290097
6.293500000,-0.026731333
6.293562500,-0.025945194
6.293625000,-0.025078990
6.293687500,-0.024222909
6.293750000,-0.023436978
6.293812500,-0.022712173
6.293875000,-0.022063114
6.293937500,-0.021394575
6.294000000,-0.020613244
6.294062500,-0.019668709
6.294125000,-0.018646156
6.294187500,-0.017616030
6.294250000,-0.016660020
6.294312500,-0.015828699
6.294375000,-0.015166798
6.294437500,-0.014583192
6.294500000,-0.013930413
6.294562500,-0.013057886
6.294625000,-0.011914005
6.294687500,-0.010483203
6.294750000,-0.008847695
6.294812500,-0.007164842
6.294875000,-0.005673574
6.294937500,-0.004522554
6.295000000,-0.003764976
6.295062500,-0.003337474
6.295125000,-0.003145748
6.295187500,-0.003019854
6.295250000,-0.002823732
6.295312500,-0.002487545
6.295375000,-0.002078664
6.295437500,-0.001650669
6.295500000,-0.001223617
6.295562500,-0.000732454
6.295625000,-0.000118378
6.295687500,0.000715617
6.295750000,0.001788364
6.295812500,0.003018956
6.295875000,0.004151222
6.295937500,0.004967502
6.296000000,0.005365091
6.296062500,0.005462074
6.296125000,0.005468059
6.296187500,0.005702969
6.296250000,0.006400459
6.296312500,0.007620606
6.296375000,0.009110419
6.296437500,0.010529342
6.296500000,0.011577302
6.296562500,0.012173705
6.296625000,0.012383074
6.296687500,0.012452003
6.296750000,0.012612671
6.296812500,0.012967979
6.296875000,0.013333010
6.296937500,0.013422910
6.297000000,0.012989169
6.297062500,0.012009150
6.297125000,0.010629911
6.297187500,0.009186408
6.297250000,0.008000575
6.297312500,0.007246180
6.297375000,0.006777396
6.297437500,0.006287004
6.297500000,0.005459215
6.297562500,0.004180736
6.297625000,0.002533533
6.297687500,0.000810450
6.297750000,-0.000658871
6.297812500,-0.001654006
6.297875000,-0.002247771
6.297937500,-0.002711922
6.298000000,-0.003388479
6.298062500,-0.004487983
6.298125000,-0.006055624
6.298187500,-0.007916452
6.298250000,-0.009788939
6.298312500,-0.011401695
6.298375000,-0.012671399
6.298437500,-0.013676073
6.298500000,-0.014589284
6.298562500,-0.015541757
6.298625000,-0.016591934
6.298687500,-0.017672226
6.298750000,-0.018636633
6.298812500,-0.019321783
6.298875000,-0.019671919
6.298937500,-0.019742936
6.299000000,-0.019672001
6.299062500,-0.019595066
6.299125000,-0.019624583
6.299187500,-0.019812141
6.299250000,-0.020142624
6.299312500,-0.020543156
6.299375000,-0.020954050
6.299437500,-0.021352161
6.299500000,-0.021742739
6.299562500,-0.022124831
6.299625000,-0.022505475
6.299687500,-0.022886546
6.299750000,-0.023248728
6.299812500,-0.023536971
6.299875000,-0.023708152
6.299937500,-0.023737488
6.300000000,-0.023625227
6.300062500,-0.023388602
6.300125000,-0.023070581
6.300187500,-0.022725847
6.300250000,-0.022401609
6.300312500,-0.022118485
6.300375000,-0.021886937
6.300437500,-0.021701243
6.300500000,-0.021554491
6.300562500,-0.021452900
6.300625000,-0.021395463
6.300687500,-0.021373564
6.300750000,-0.021366240
6.300812500,-0.021352790
6.300875000,-0.021287145
6.300937500,-0.021114962
6.301000000,-0.020801496
6.301062500,-0.020370491
6.301125000,-0.019868072
6.301187500,-0.019358229
6.301250000,-0.018919006
6.301312500,-0.018639227
6.301375000,-0.018563116
6.301437500,-0.018656200
6.301500000,-0.018824881
6.301562500,-0.018960299
6.301625000,-0.018974092
6.301687500,-0.018820062
6.301750000,-0.018542508
6.301812500,-0.018271696
6.301875000,-0.018158335
6.301937500,-0.018249905
6.302000000,-0.018448384
6.302062500,-0.018518507
6.302125000,-0.018180231
6.302187500,-0.017196832
6.302250000,-0.015530528
6.302312500,-0.013399072
6.302375000,-0.011233435
6.302437500,-0.009450088
6.302500000,-0.008282948
6.302562500,-0.007656978
6.302625000,-0.007223624
6.302687500,-0.006452574
6.302750000,-0.004894469
6.302812500,-0.002386928
6.302875000,0.000848620
6.302937500,0.004355922
6.303000000,0.007624077
6.303062500,0.010305315
6.303125000,0.012319263
6.303187500,0.013885313
6.303250000,0.015342278
6.303312500,0.016943261
6.303375000,0.018705953
6.303437500,0.020442495
6.303500000,0.021836862
6.303562500,0.022594078
6.303625000,0.022577509
6.303687500,0.021891689
6.303750000,0.020801496
6.303812500,0.019596709
6.303875000,0.018489560
6.303937500,0.017580397
6.304000000,0.016848268
6.304062500,0.016198983
6.304125000,0.015535378
6.304187500,0.014832915
6.304250000,0.014118661
6.304312500,0.013430571
6.304375000,0.012780713
6.304437500,0.012171078
6.304500000,0.011577302
6.304562500,0.010963992
6.304625000,0.010304278
6.304687500,0.009635963
6.304750000,0.009035943
6.304812500,0.008587348
6.304875000,0.008342681
6.304937500,0.008320621
6.305000000,0.008471197
6.305062500,0.008675342
6.305125000,0.008792789
6.305187500,0.008727714
6.305250000,0.008471197
6.305312500,0.008110547
6.305375000,0.007815843
6.305437500,0.007771682
6.305500000,0.008094699
6.305562500,0.008772444
6.305625000,0.009693387
6.305687500,0.010677339
6.305750000,0.011577302
6.305812500,0.012342569
6.305875000,0.013053671
6.305937500,0.013814968
6.306000000,0.014683408
6.306062500,0.015591597
6.306125000,0.016386872
6.306187500,0.016832810
6.306250000,0.016754145
6.306312500,0.016129615
6.306375000,0.015156181
6.306437500,0.014114480
6.306500000,0.013271542
6.306562500,0.012760470
6.306625000,0.012561178
6.306687500,0.012489637
6.306750000,0.012330297
6.306812500,0.011953025
6.306875000,0.011397457
6.306937500,0.010806689
6.307000000,0.010353684
6.307062500,0.010137873
6.307125000,0.010140088
6.307187500,0.010210253
6.307250000,0.010165436
6.307312500,0.009892362
6.307375000,0.009414024
6.307437500,0.008855202
6.307500000,0.008377072
6.307562500,0.008081613
6.307625000,0.007954678
6.307687500,0.007843276
6.307750000,0.007529953
6.307812500,0.006825559
6.307875000,0.005673635
6.307937500,0.004150318
6.308000000,0.002447235
6.308062500,0.000791300
6.308125000,-0.000593590
6.308187500,-0.001584660
6.308250000,-0.002164861
6.308312500,-0.002426121
6.308375000,-0.002455943
6.308437500,-0.002369101
6.308500000,-0.002258986
6.308562500,-0.002218333
6.308625000,-0.002231948
6.308687500,-0.002285917
6.308750000,-0.002353110
6.308812500,-0.002450436
6.308875000,-0.002515511
6.308937500,-0.002540250
6.309000000,-0.002541359
6.309062500,-0.002600820
6.309125000,-0.002712069
6.309187500,-0.002884769
6.309250000,-0.003106105
6.309312500,-0.003392302
6.309375000,-0.003656075
6.309437500,-0.003849505
6.309500000,-0.003953225
6.309562500,-0.004031075
6.309625000,-0.004079251
6.309687500,-0.004117857
6.309750000,-0.004141474
6.309812500,-0.004155304
6.309875000,-0.004052534
6.309937500,-0.003750907
6.310000000,-0.003200230
6.310062500,-0.002443483
6.310125000,-0.001504117
6.310187500,-0.000451299
6.310250000,0.000658871
6.310312500,0.001780688
6.310375000,0.002974322
6.310437500,0.004307598
6.310500000,0.005835713
6.310562500,0.007545190
6.310625000,0.009404792
6.310687500,0.011338370
6.310750000,0.013271542
6.310812500,0.015152010
6.310875000,0.016992681
6.310937500,0.018834228
6.311000000,0.020707369
6.311062500,0.022587275
6.311125000,0.024406450
6.311187500,0.026066875
6.311250000,0.027484328
6.311312500,0.028624011
6.311375000,0.029523995
6.311437500,0.030273570
6.311500000,0.030966930
6.311562500,0.031657111
6.311625000,0.032327045
6.311687500,0.032909043
6.311750000,0.033320040
6.311812500,0.033509754
6.311875000,0.033472717
6.311937500,0.033260066
6.312000000,0.032943543
6.312062500,0.032580357
6.312125000,0.032165959
6.312187500,0.031652451
6.312250000,0.030966930
6.312312500,0.030057285
6.312375000,0.028900653
6.312437500,0.027541544
6.312500000,0.026072461
6.312562500,0.024608377
6.312625000,0.023228288
6.312687500,0.021967066
6.312750000,0.020801496
6.312812500,0.019667834
6.312875000,0.018486377
6.312937500,0.017202266
6.313000000,0.015812902
6.313062500,0.014374570
6.313125000,0.012989038
6.313187500,0.011753717
6.313250000,0.010730183
6.313312500,0.009912623
6.313375000,0.009256463
6.313437500,0.008655831
6.313500000,0.008000575
6.313562500,0.007199185
6.313625000,0.006264408
6.313687500,0.005226569
6.313750000,0.004141474
6.313812500,0.003043276
6.313875000,0.002011147
6.313937500,0.001058667
6.314000000,0.000188249
6.314062500,-0.000612617
6.314125000,-0.001269815
6.314187500,-0.001756779
6.314250000,-0.002070737
6.314312500,-0.002271710
6.314375000,-0.002384614
6.314437500,-0.002508218
6.314500000,-0.002729608
6.314562500,-0.003107916
6.314625000,-0.003559716
6.314687500,-0.004000033
6.314750000,-0.004329723
6.314812500,-0.004493415
6.314875000,-0.004421191
6.314937500,-0.004150937
6.315000000,-0.003764976
6.315062500,-0.003370534
6.315125000,-0.003005293
6.315187500,-0.002719916
6.315250000,-0.002541359
6.315312500,-0.002482909
6.315375000,-0.002497271
6.315437500,-0.002541286
6.315500000,-0.002541359
6.315562500,-0.002400742
6.315625000,-0.001993144
6.315687500,-0.001252227
6.315750000,-0.000188249
6.315812500,0.001099895
6.315875000,0.002451796
6.315937500,0.003672748
6.316000000,0.004612096
6.316062500,0.005220302
6.316125000,0.005550731
6.316187500,0.005715968
6.316250000,0.005835713
6.316312500,0.005990449
6.316375000,0.006179187
6.316437500,0.006340208
6.316500000,0.006400459
6.316562500,0.006336256
6.316625000,0.006170650
6.316687500,0.005977410
6.316750000,0.005835713
6.316812500,0.005794390
6.316875000,0.005820539
6.316937500,0.005833997
6.317000000,0.005741589
6.317062500,0.005488812
6.317125000,0.005068579
6.317187500,0.004532587
6.317250000,0.003953225
6.317312500,0.003389474
6.317375000,0.002844184
6.317437500,0.002290635
6.317500000,0.001694239
6.317562500,0.001048348
6.317625000,0.000381270
6.317687500,-0.000240715
6.317750000,-0.000752995
6.317812500,-0.001137326
6.317875000,-0.001426926
6.317937500,-0.001704430
6.318000000,-0.002070737
6.318062500,-0.002617720
6.318125000,-0.003359282
6.318187500,-0.004244639
6.318250000,-0.005176842
6.318312500,-0.006071019
6.318375000,-0.006824204
6.318437500,-0.007378158
6.318500000,-0.007718201
6.318562500,-0.007899127
6.318625000,-0.007942970
6.318687500,-0.007897361
6.318750000,-0.007812326
6.318812500,-0.007769259
6.318875000,-0.007767410
6.318937500,-0.007795935
6.319000000,-0.007812326
6.319062500,-0.007786826
6.319125000,-0.007613516
6.319187500,-0.007222370
6.319250000,-0.006588709
6.319312500,-0.005785870
6.319375000,-0.004885963
6.319437500,-0.004014172
6.319500000,-0.003294354
6.319562500,-0.002841684
6.319625000,-0.002642716
6.319687500,-0.002620461
6.319750000,-0.002635483
6.319812500,-0.002550749
6.319875000,-0.002199016
6.319937500,-0.001481449
6.320000000,-0.000376498
6.320062500,0.001038730
6.320125000,0.002670180
6.320187500,0.004397668
6.320250000,0.006118086
6.320312500,0.007748983
6.320375000,0.009288583
6.320437500,0.010768991
6.320500000,0.012236172
6.320562500,0.013704543
6.320625000,0.015184660
6.320687500,0.016654132
6.320750000,0.018071886
6.320812500,0.019377394
6.320875000,0.020554852
6.320937500,0.021616030
6.321000000,0.022589857
6.321062500,0.023484260
6.321125000,0.024309799
6.321187500,0.025057357
6.321250000,0.025695963
6.321312500,0.026161416
6.321375000,0.026417619
6.321437500,0.026449131
6.321500000,0.026260709
6.321562500,0.025850395
6.321625000,0.025268357
6.321687500,0.024590319
6.321750000,0.023907598
6.321812500,0.023277974
6.321875000,0.022771345
6.321937500,0.022403503
6.322000000,0.022119237
6.322062500,0.021764481
6.322125000,0.021223839
6.322187500,0.020423869
6.322250000,0.019389628
6.322312500,0.018215336
6.322375000,0.017123001
6.322437500,0.016317651
6.322500000,0.015907025
6.322562500,0.015808113
6.322625000,0.015873097
6.322687500,0.015894098
6.322750000,0.015718777
6.322812500,0.015282646
6.322875000,0.014749378
6.322937500,0.014352496
6.323000000,0.014306910
6.323062500,0.014650347
6.323125000,0.015349117
6.323187500,0.016198145
6.323250000,0.016942395
6.323312500,0.017331498
6.323375000,0.017365290
6.323437500,0.017161921
6.323500000,0.016942395
6.323562500,0.016880177
6.323625000,0.017179646
6.323687500,0.017864088
6.323750000,0.018824881
6.323812500,0.019822927
6.323875000,0.020744678
6.323937500,0.021503745
6.324000000,0.022119237
6.324062500,0.022643944
6.324125000,0.023279302
6.324187500,0.024135746
6.324250000,0.025225341
6.324312500,0.026399326
6.324375000,0.027545331
6.324437500,0.028502759
6.324500000,0.029178567
6.324562500,0.029542930
6.324625000,0.029757835
6.324687500,0.029977253
6.324750000,0.030308058
6.324812500,0.030720344
6.324875000,0.031160075
6.324937500,0.031492855
6.325000000,0.031625804
6.325062500,0.031549968
6.325125000,0.031447865
6.325187500,0.031538866
6.325250000,0.032002300
6.325312500,0.032856252
6.325375000,0.033997484
6.325437500,0.035160325
6.325500000,0.036049645
6.325562500,0.036442492
6.325625000,0.036329988
6.325687500,0.035843045
6.325750000,0.035202529
6.325812500,0.034598496
6.325875000,0.034176286
6.325937500,0.033935215
6.326000000,0.033790659
6.326062500,0.033624031
6.326125000,0.033405662
6.326187500,0.033135820
6.326250000,0.032849420
6.326312500,0.032558132
6.326375000,0.032295182
6.326437500,0.032029752
6.326500000,0.031719927
6.326562500,0.031320598
6.326625000,0.030870955
6.326687500,0.030381687
6.326750000,0.029837437
6.326812500,0.029156584
6.326875000,0.028286774
6.326937500,0.027142035
6.327000000,0.025695963
6.327062500,0.023996143
6.327125000,0.022253651
6.327187500,0.020667570
6.327250000,0.019389628
6.327312500,0.018436482
6.327375000,0.017770773
6.327437500,0.017213279
6.327500000,0.016565897
6.327562500,0.015666490
6.327625000,0.014555426
6.327687500,0.013330562
6.327750000,0.012142048
6.327812500,0.011088074
6.327875000,0.010290251
6.327937500,0.009728807
6.328000000,0.009318316
6.328062500,0.008918216
6.328125000,0.008530469
6.328187500,0.008150076
6.328250000,0.007812326
6.328312500,0.007525003
6.328375000,0.007385978
6.328437500,0.007398740
6.328500000,0.007529953
6.328562500,0.007689388
6.328625000,0.007883012
6.328687500,0.008064360
6.328750000,0.008188824
6.328812500,0.008182118
6.328875000,0.008078098
6.328937500,0.007880404
6.329000000,0.007624077
6.329062500,0.007346232
6.329125000,0.007178822
6.329187500,0.007177969
6.329250000,0.007341704
6.329312500,0.007581662
6.329375000,0.007834876
6.329437500,0.007993283
6.329500000,0.008000575
6.329562500,0.007875917
6.329625000,0.007770734
6.329687500,0.007834685
6.329750000,0.008188824
6.329812500,0.008869595
6.329875000,0.009848379
6.329937500,0.010991797
6.330000000,0.012142048
6.330062500,0.013176313
6.330125000,0.014073350
6.330187500,0.014865149
6.330250000,0.015624652
6.330312500,0.016420821
6.330375000,0.017274000
6.330437500,0.018116355
6.330500000,0.018824881
6.330562500,0.019279974
6.330625000,0.019397324
6.330687500,0.019160362
6.330750000,0.018636633
6.330812500,0.017972300
6.330875000,0.017313737
6.330937500,0.016768562
6.331000000,0.016377648
6.331062500,0.016126579
6.331125000,0.015920687
6.331187500,0.015633939
6.331250000,0.015154029
6.331312500,0.014434556
6.331375000,0.013471805
6.331437500,0.012307845
6.331500000,0.011012556
6.331562500,0.009674492
6.331625000,0.008336464
6.331687500,0.007001265
6.331750000,0.005647464
6.331812500,0.004276847
6.331875000,0.002892967
6.331937500,0.001535779
6.332000000,0.000282373
6.332062500,-0.000753011
6.332125000,-0.001499857
6.332187500,-0.001948818
6.332250000,-0.002164861
6.332312500,-0.002260118
6.332375000,-0.002398580
6.332437500,-0.002739904
6.332500000,-0.003388479
6.332562500,-0.004358208
6.332625000,-0.005566960
6.332687500,-0.006889376
6.332750000,-0.008188824
6.332812500,-0.009367132
6.332875000,-0.010362227
6.332937500,-0.011200847
6.333000000,-0.011953799
6.333062500,-0.012710332
6.333125000,-0.013486049
6.333187500,-0.014281534
6.333250000,-0.015059905
6.333312500,-0.015784284
6.333375000,-0.016363425
6.333437500,-0.016754711
6.333500000,-0.016942395
6.333562500,-0.016964819
6.333625000,-0.016819803
6.333687500,-0.016563464
6.333750000,-0.016283523
6.333812500,-0.016124768
6.333875000,-0.016146529
6.333937500,-0.016395237
6.334000000,-0.016848268
6.334062500,-0.017453467
6.334125000,-0.018033512
6.334187500,-0.018450161
6.334250000,-0.018636633
6.334312500,-0.018665964
6.334375000,-0.018609280
6.334437500,-0.018560618
6.334500000,-0.018542508
6.334562500,-0.018500222
6.334625000,-0.018217985
6.334687500,-0.017465908
6.334750000,-0.016095273
6.334812500,-0.014154002
6.334875000,-0.011820187
6.334937500,-0.009389208
6.335000000,-0.007153455
6.335062500,-0.005320170
6.335125000,-0.003889638
6.335187500,-0.002717913
6.335250000,-0.001600115
6.335312500,-0.000391977
6.335375000,0.000960515
6.335437500,0.002410115
6.335500000,0.003859101
6.335562500,0.005227811
6.335625000,0.006504569
6.335687500,0.007768567
6.335750000,0.009130068
6.335812500,0.010672922
6.335875000,0.012378817
6.335937500,0.014183963
6.336000000,0.016001150
6.336062500,0.017785678
6.336125000,0.019501582
6.336187500,0.021184266
6.336250000,0.022872232
6.336312500,0.024583314
6.336375000,0.026208546
6.336437500,0.027622364
6.336500000,0.028707944
6.336562500,0.029439010
6.336625000,0.029807964
6.336687500,0.029904762
6.336750000,0.029837437
6.336812500,0.029713197
6.336875000,0.029491698
6.336937500,0.029114747
6.337000000,0.028519696
6.337062500,0.027733935
6.337125000,0.026761333
6.337187500,0.025699468
6.337250000,0.024660595
6.337312500,0.023765784
6.337375000,0.022973547
6.337437500,0.022209149
6.337500000,0.021366240
6.337562500,0.020394113
6.337625000,0.019201936
6.337687500,0.017765734
6.337750000,0.016095273
6.337812500,0.014258171
6.337875000,0.012258967
6.337937500,0.010124742
6.338000000,0.007906451
6.338062500,0.005722762
6.338125000,0.003656526
6.338187500,0.001776084
6.338250000,0.000094124
6.338312500,-0.001415556
6.338375000,-0.002881899
6.338437500,-0.004449821
6.338500000,-0.006212211
6.338562500,-0.008126321
6.338625000,-0.010071121
6.338687500,-0.011872767
6.338750000,-0.013365666
6.338812500,-0.014433671
6.338875000,-0.015111742
6.338937500,-0.015582092
6.339000000,-0.016095273
6.339062500,-0.016849829
6.339125000,-0.017969256
6.339187500,-0.019477047
6.339250000,-0.021272115
6.339312500,-0.023128429
6.339375000,-0.024829589
6.339437500,-0.026236631
6.339500000,-0.027296079
6.339562500,-0.027997905
6.339625000,-0.028429862
6.339687500,-0.028742971
6.339750000,-0.029084442
6.339812500,-0.029509280
6.339875000,-0.030042378
6.339937500,-0.030653816
6.340000000,-0.031249303
6.340062500,-0.031648591
6.340125000,-0.031730533
6.340187500,-0.031453833
6.340250000,-0.030872805
6.340312500,-0.030080210
6.340375000,-0.029274400
6.340437500,-0.028650934
6.340500000,-0.028331446
6.340562500,-0.028279465
6.340625000,-0.028417105
6.340687500,-0.028622476
6.340750000,-0.028802069
6.340812500,-0.028897099
6.340875000,-0.028987816
6.340937500,-0.029180868
6.341000000,-0.029555064
6.341062500,-0.030070676
6.341125000,-0.030678572
6.341187500,-0.031279579
6.341250000,-0.031814050
6.341312500,-0.032274421
6.341375000,-0.032817103
6.341437500,-0.033602118
6.341500000,-0.034731906
6.341562500,-0.036141168
6.341625000,-0.037700951
6.341687500,-0.039161872
6.341750000,-0.040285248
6.341812500,-0.040903945
6.341875000,-0.041094426
6.341937500,-0.041031331
6.342000000,-0.040944118
6.342062500,-0.040984098
6.342125000,-0.041270006
6.342187500,-0.041743886
6.342250000,-0.042261858
6.342312500,-0.042643011
6.342375000,-0.042851936
6.342437500,-0.042892069
6.342500000,-0.042826608
6.342562500,-0.042690091
6.342625000,-0.042549703
6.342687500,-0.042331930
6.342750000,-0.041885361
6.342812500,-0.041009363
6.342875000,-0.039647948
6.342937500,-0.037816644
6.343000000,-0.035673149
6.343062500,-0.033455849
6.343125000,-0.031520378
6.343187500,-0.030101851
6.343250000,-0.029272690
6.343312500,-0.028879127
6.343375000,-0.028707312
6.343437500,-0.028447010
6.343500000,-0.027860826
6.343562500,-0.026836714
6.343625000,-0.025562312
6.343687500,-0.024305092
6.343750000,-0.023342853
6.343812500,-0.022785751
6.343875000,-0.022697130
6.343937500,-0.022909313
6.344000000,-0.023154603
6.344062500,-0.023104731
6.344125000,-0.022676453
6.344187500,-0.021850104
6.344250000,-0.020707369
6.344312500,-0.019294493
6.344375000,-0.017837292
6.344437500,-0.016457787
6.344500000,-0.015248154
6.344562500,-0.014191953
6.344625000,-0.013455180
6.344687500,-0.013090849
6.344750000,-0.013083293
6.344812500,-0.013233661
6.344875000,-0.013479037
6.344937500,-0.013656274
6.345000000,-0.013648040
6.345062500,-0.013332358
6.345125000,-0.012915268
6.345187500,-0.012585815
6.345250000,-0.012518546
6.345312500,-0.012692583
6.345375000,-0.013173557
6.345437500,-0.013832830
6.345500000,-0.014495159
6.345562500,-0.014927223
6.345625000,-0.015212028
6.345687500,-0.015492227
6.345750000,-0.016001150
6.345812500,-0.016888551
6.345875000,-0.018399648
6.345937500,-0.020565933
6.346000000,-0.023248728
6.346062500,-0.026098477
6.346125000,-0.028873567
6.346187500,-0.031322565
6.346250000,-0.033320040
6.346312500,-0.034835879
6.346375000,-0.036117531
6.346437500,-0.037440527
6.346500000,-0.039061632
6.346562500,-0.041071262
6.346625000,-0.043515828
6.346687500,-0.046231940
6.346750000,-0.048944689
6.346812500,-0.051313449
6.346875000,-0.053168222
6.346937500,-0.054446336
6.347000000,-0.055251025
6.347062500,-0.055785432
6.347125000,-0.056356251
6.347187500,-0.057184897
6.347250000,-0.058357134
6.347312500,-0.059783265
6.347375000,-0.061281376
6.347437500,-0.062599905
6.347500000,-0.063533977
6.347562500,-0.063998029
6.347625000,-0.064061135
6.347687500,-0.063876905
6.347750000,-0.063628100
6.347812500,-0.063462362
6.347875000,-0.063409366
6.347937500,-0.063367695
6.348000000,-0.063157476
6.348062500,-0.062620595
6.348125000,-0.061623987
6.348187500,-0.060120754
6.348250000,-0.058168884
6.348312500,-0.055948690
6.348375000,-0.053622928
6.348437500,-0.051323615
6.348500000,-0.049132939
6.348562500,-0.047125638
6.348625000,-0.045288496
6.348687500,-0.043563053
6.348750000,-0.041885361
6.348812500,-0.040239688
6.348875000,-0.038603086
6.348937500,-0.036915652
6.349000000,-0.035108406
6.349062500,-0.033141185
6.349125000,-0.030986635
6.349187500,-0.028599421
6.349250000,-0.025978338
6.349312500,-0.023194646
6.349375000,-0.020395443
6.349437500,-0.017667931
6.349500000,-0.015059905
6.349562500,-0.012571832
6.349625000,-0.010197558
6.349687500,-0.007827695
6.349750000,-0.005365091
6.349812500,-0.002774299
6.349875000,-0.000146976
6.349937500,0.002476839
6.350000000,0.005082718
6.350062500,0.007711771
6.350125000,0.010374002
6.350187500,0.013178730
6.350250000,0.016189398
6.350312500,0.019380562
6.350375000,0.022541801
6.350437500,0.025524264
6.350500000,0.028237322
6.350562500,0.030709159
6.350625000,0.032960445
6.350687500,0.035126723
6.350750000,0.037273265
6.350812500,0.039339144
6.350875000,0.041024491
6.350937500,0.042078927
6.351000000,0.042355984
6.351062500,0.041919593
6.351125000,0.040950220
6.351187500,0.039802298
6.351250000,0.038779255
6.351312500,0.038002495
6.351375000,0.037304621
6.351437500,0.036442440
6.351500000,0.035202529
6.351562500,0.033546414
6.351625000,0.031617209
6.351687500,0.029763497
6.351750000,0.028331446
6.351812500,0.027485516
6.351875000,0.027124379
6.351937500,0.026980057
6.352000000,0.026731333
6.352062500,0.026133897
6.352125000,0.025166387
6.352187500,0.024000324
6.352250000,0.022872232
6.352312500,0.021898657
6.352375000,0.021099521
6.352437500,0.020350665
6.352500000,0.019483753
6.352562500,0.018344080
6.352625000,0.016996445
6.352687500,0.015594203
6.352750000,0.014306910
6.352812500,0.013157761
6.352875000,0.012137596
6.352937500,0.011096964
6.353000000,0.009883063
6.353062500,0.008388947
6.353125000,0.006792915
6.353187500,0.005347640
6.353250000,0.004329723
6.353312500,0.003857207
6.353375000,0.004020025
6.353437500,0.004668927
6.353500000,0.005553340
6.353562500,0.006361674
6.353625000,0.007033083
6.353687500,0.007553917
6.353750000,0.008000575
6.353812500,0.008412750
6.353875000,0.008962692
6.353937500,0.009701694
6.354000000,0.010636058
6.354062500,0.011690591
6.354125000,0.012955226
6.354187500,0.014473022
6.354250000,0.016283523
6.354312500,0.018330224
6.354375000,0.020642150
6.354437500,0.023138030
6.354500000,0.025695963
6.354562500,0.028122634
6.354625000,0.030368257
6.354687500,0.032364130
6.354750000,0.034073036
6.354812500,0.035421487
6.354875000,0.036464829
6.354937500,0.037208930
6.355000000,0.037649762
6.355062500,0.037722107
6.355125000,0.037488140
6.355187500,0.036996875
6.355250000,0.036332019
6.355312500,0.035550572
6.355375000,0.034826774
6.355437500,0.034280479
6.355500000,0.033978913
6.355562500,0.033862468
6.355625000,0.033923604
6.355687500,0.034103412
6.355750000,0.034355409
6.355812500,0.034608930
6.355875000,0.034928549
6.355937500,0.035368580
6.356000000,0.035955522
6.356062500,0.036594827
6.356125000,0.037249517
6.356187500,0.037839632
6.356250000,0.038308635
6.356312500,0.038583539
6.356375000,0.038761280
6.356437500,0.038932055
6.356500000,0.039155755
6.356562500,0.039345361
6.356625000,0.039465103
6.356687500,0.039402742
6.356750000,0.039061632
6.356812500,0.038338289
6.356875000,0.037379444
6.356937500,0.036382306
6.357000000,0.035579026
6.357062500,0.035072993
6.357125000,0.035017468
6.357187500,0.035367697
6.357250000,0.035955522
6.357312500,0.036464751
6.357375000,0.036787223
6.357437500,0.036848564
6.357500000,0.036708519
6.357562500,0.036448937
6.357625000,0.036383279
6.357687500,0.036700994
6.357750000,0.037461512
6.357812500,0.038476750
6.357875000,0.039628182
6.357937500,0.040692389
6.358000000,0.041508865
6.358062500,0.041959610
6.358125000,0.042242933
6.358187500,0.042565126
6.358250000,0.043108981
6.358312500,0.043861602
6.358375000,0.044839308
6.358437500,0.045877222
6.358500000,0.046779834
6.358562500,0.047337994
6.358625000,0.047637928
6.358687500,0.047822811
6.358750000,0.048097573
6.358812500,0.048558388
6.358875000,0.049365092
6.358937500,0.050462540
6.359000000,0.051674299
6.359062500,0.052698068
6.359125000,0.053431265
6.359187500,0.053797666
6.359250000,0.053839162
6.359312500,0.053616185
6.359375000,0.053392008
6.359437500,0.053320598
6.359500000,0.053462666
6.359562500,0.053697638
6.359625000,0.053997345
6.359687500,0.054253556
6.359750000,0.054403909
6.359812500,0.054387357
6.359875000,0.054376598
6.359937500,0.054488171
6.360000000,0.054780405
6.360062500,0.055130307
6.360125000,0.055495404
6.360187500,0.055728126
6.360250000,0.055721652
6.360312500,0.055380296
6.360375000,0.054891746
6.360437500,0.054408591
6.360500000,0.054027408
6.360562500,0.053632692
6.360625000,0.053179786
6.360687500,0.052499339
6.360750000,0.051486049
6.360812500,0.050091151
6.360875000,0.048632484
6.360937500,0.047418598
6.361000000,0.046685707
6.361062500,0.046371974
6.361125000,0.046409853
6.361187500,0.046491776
6.361250000,0.046309207
6.361312500,0.045601111
6.361375000,0.044556595
6.361437500,0.043458320
6.361500000,0.042638354
6.361562500,0.042221732
6.361625000,0.042363994
6.361687500,0.042929236
6.361750000,0.043673724
6.361812500,0.044258099
6.361875000,0.044693269
6.361937500,0.045004997
6.362000000,0.045273837
6.362062500,0.045448113
6.362125000,0.045649506
6.362187500,0.045849420
6.362250000,0.046026833
6.362312500,0.046120271
6.362375000,0.046382815
6.362437500,0.046982940
6.362500000,0.048003450
6.362562500,0.049260385
6.362625000,0.050637625
6.362687500,0.051837601
6.362750000,0.052615542
6.362812500,0.052798580
6.362875000,0.052660961
6.362937500,0.052523028
6.363000000,0.052709669
6.363062500,0.053310633
6.363125000,0.054436643
6.363187500,0.055919811
6.363250000,0.057510015
6.363312500,0.058889344
6.363375000,0.060068086
6.363437500,0.061047126
6.363500000,0.061839733
6.363562500,0.062303670
6.363625000,0.062457308
6.363687500,0.062231444
6.363750000,0.061651487
6.363812500,0.060804471
6.363875000,0.060127582
6.363937500,0.059990380
6.364000000,0.060616117
6.364062500,0.061859984
6.364125000,0.063507371
6.364187500,0.065092608
6.364250000,0.066169456
6.364312500,0.066394649
6.364375000,0.065913260
6.364437500,0.065021947
6.364500000,0.064098723
6.364562500,0.063327275
6.364625000,0.062906191
6.364687500,0.062735714
6.364750000,0.062592737
6.364812500,0.062157445
6.364875000,0.061461691
6.364937500,0.060601190
6.365000000,0.059769001
6.365062500,0.059043463
6.365125000,0.058635689
6.365187500,0.058519073
6.365250000,0.058545381
6.365312500,0.058407862
6.365375000,0.058121990
6.365437500,0.057733212
6.365500000,0.057415888
6.365562500,0.057288710
6.365625000,0.057660330
6.365687500,0.058575988
6.365750000,0.059863124
6.365812500,0.061047900
6.365875000,0.061861094
6.365937500,0.062020566
6.366000000,0.061463237
6.366062500,0.060266543
6.366125000,0.058970291
6.366187500,0.058039315
6.366250000,0.057792384
6.366312500,0.058157463
6.366375000,0.059015594
6.366437500,0.059928037
6.366500000,0.060427867
6.366562500,0.060109477
6.366625000,0.059130218
6.366687500,0.057857219
6.366750000,0.056851145
6.366812500,0.056542363
6.366875000,0.057376493
6.366937500,0.059293419
6.367000000,0.061839733
6.367062500,0.064217784
6.367125000,0.065899894
6.367187500,0.066525504
6.367250000,0.066169456
6.367312500,0.065216094
6.367375000,0.064525485
6.367437500,0.064753957
6.367500000,0.066169456
6.367562500,0.068408825
6.367625000,0.070895724
6.367687500,0.072781846
6.367750000,0.073417038
6.367812500,0.072538741
6.367875000,0.070687115
6.367937500,0.068686277
6.368000000,0.067393072
6.368062500,0.067228526
6.368125000,0.068308398
6.368187500,0.070128746
6.368250000,0.071911044
6.368312500,0.072836488
6.368375000,0.072662011
6.368437500,0.071466140
6.368500000,0.069652058
6.368562500,0.067625962
6.368625000,0.065935336
6.368687500,0.064793862
6.368750000,0.064192846
6.368812500,0.063886285
6.368875000,0.063829340
6.368937500,0.063883118
6.369000000,0.063910469
6.369062500,0.063655078
6.369125000,0.063102081
6.369187500,0.062190067
6.369250000,0.060992617
6.369312500,0.059653830
6.369375000,0.058661822
6.369437500,0.058370009
6.369500000,0.058921877
6.369562500,0.060041159
6.369625000,0.061387390
6.369687500,0.062371559
6.369750000,0.062498607
6.369812500,0.061473694
6.369875000,0.059643071
6.369937500,0.057545736
6.370000000,0.055815775
6.370062500,0.054834470
6.370125000,0.054913323
6.370187500,0.055886220
6.370250000,0.057321765
6.370312500,0.058604203
6.370375000,0.059479289
6.370437500,0.059783995
6.370500000,0.059580751
6.370562500,0.058979478
6.370625000,0.058395583
6.370687500,0.058061302
6.370750000,0.058074761
6.370812500,0.058276691
6.370875000,0.058680654
6.370937500,0.059131417
6.371000000,0.059486628
6.371062500,0.059549820
6.371125000,0.059450947
6.371187500,0.059248604
6.371250000,0.059016004
6.371312500,0.058712322
6.371375000,0.058487345
6.371437500,0.058326557
6.371500000,0.058168884
6.371562500,0.057846263
6.371625000,0.057416990
6.371687500,0.056860127
6.371750000,0.056192271
6.371812500,0.055393759
6.371875000,0.054680359
6.371937500,0.054183867
6.372000000,0.054027408
6.372062500,0.054219894
6.372125000,0.054885261
6.372187500,0.055931330
6.372250000,0.057133518
6.372312500,0.058099601
6.372375000,0.058614451
6.372437500,0.058457624
6.372500000,0.057604138
6.372562500,0.056213211
6.372625000,0.054799546
6.372687500,0.053850137
6.372750000,0.053745035
6.372812500,0.054569848
6.372875000,0.056277215
6.372937500,0.058487698
6.373000000,0.060710244
6.373062500,0.062440678
6.373125000,0.063509539
6.373187500,0.063847348
6.373250000,0.063533977
6.373312500,0.062664695
6.373375000,0.061475933
6.373437500,0.060057763
6.373500000,0.058451258
6.373562500,0.056642521
6.373625000,0.054776888
6.373687500,0.052918058
6.373750000,0.051109552
6.373812500,0.049314000
6.373875000,0.047577076
6.373937500,0.045834333
6.374000000,0.044050224
6.374062500,0.042235117
6.374125000,0.040598717
6.374187500,0.039289817
6.374250000,0.038402759
6.374312500,0.037886553
6.374375000,0.037683573
6.374437500,0.037561413
6.374500000,0.037273265
6.374562500,0.036608301
6.374625000,0.035581440
6.374687500,0.034214679
6.374750000,0.032567047
6.374812500,0.030661047
6.374875000,0.028635258
6.374937500,0.026560195
6.375000000,0.024566470
6.375062500,0.022829130
6.375125000,0.021701112
6.375187500,0.021390464
6.375250000,0.021930987
6.375312500,0.023072733
6.375375000,0.024485094
6.375437500,0.025642594
6.375500000,0.026072461
6.375562500,0.025453739
6.375625000,0.023929128
6.375687500,0.021798577
6.375750000,0.019483753
6.375812500,0.017307667
6.375875000,0.015585423
6.375937500,0.014304634
6.376000000,0.013271542
6.376062500,0.012175802
6.376125000,0.010927752
6.376187500,0.009476730
6.376250000,0.007906451
6.376312500,0.006331529
6.376375000,0.005042647
6.376437500,0.004196556
6.376500000,0.003859101
6.376562500,0.003952725
6.376625000,0.004445722
6.376687500,0.005171722
6.376750000,0.005929837
6.376812500,0.006491133
6.376875000,0.006790064
6.376937500,0.006795852
6.377000000,0.006588709
6.377062500,0.006309241
6.377125000,0.006218207
6.377187500,0.006460786
6.377250000,0.007059331
6.377312500,0.007890790
6.377375000,0.008820009
6.377437500,0.009686155
6.377500000,0.010447809
6.377562500,0.011234784
6.377625000,0.012319140
6.377687500,0.013939952
6.377750000,0.016189398
6.377812500,0.018942161
6.377875000,0.021799561
6.377937500,0.024194486
6.378000000,0.025601838
6.378062500,0.025786661
6.378125000,0.024813676
6.378187500,0.023072781
6.378250000,0.021177992
6.378312500,0.019849295
6.378375000,0.019530788
6.378437500,0.020335827
6.378500000,0.022025112
6.378562500,0.024190705
6.378625000,0.026191309
6.378687500,0.027465882
6.378750000,0.027672576
6.378812500,0.026867915
6.378875000,0.025216486
6.378937500,0.023065697
6.379000000,0.020801496
6.379062500,0.018845748
6.379125000,0.017303027
6.379187500,0.016130170
6.379250000,0.015154029
6.379312500,0.014257826
6.379375000,0.013187120
6.379437500,0.011781771
6.379500000,0.009977187
6.379562500,0.007896326
6.379625000,0.005562518
6.379687500,0.003018887
6.379750000,0.000282373
6.379812500,-0.002572467
6.379875000,-0.005616730
6.379937500,-0.008914535
6.380000000,-0.012518546
6.380062500,-0.016384950
6.380125000,-0.020535594
6.380187500,-0.024965588
6.380250000,-0.029649187
6.380312500,-0.034479450
6.380375000,-0.039378125
6.380437500,-0.044242337
6.380500000,-0.048944689
6.380562500,-0.053312201
6.380625000,-0.057231352
6.380687500,-0.060680091
6.380750000,-0.063722223
6.380812500,-0.066458113
6.380875000,-0.069034956
6.380937500,-0.071588695
6.381000000,-0.074170031
6.381062500,-0.076700158
6.381125000,-0.078995511
6.381187500,-0.080865644
6.381250000,-0.082170606
6.381312500,-0.082881734
6.381375000,-0.083071858
6.381437500,-0.082947873
6.381500000,-0.082735352
6.381562500,-0.082587726
6.381625000,-0.082504220
6.381687500,-0.082388818
6.381750000,-0.082076482
6.381812500,-0.081406794
6.381875000,-0.080263384
6.381937500,-0.078642584
6.382000000,-0.076617271
6.382062500,-0.074293971
6.382125000,-0.071754299
6.382187500,-0.069063924
6.382250000,-0.066263586
6.382312500,-0.063380390
6.382375000,-0.060456052
6.382437500,-0.057541095
6.382500000,-0.054686282
6.382562500,-0.051910017
6.382625000,-0.049267769
6.382687500,-0.046791159
6.382750000,-0.044520844
6.382812500,-0.042461716
6.382875000,-0.040705051
6.382937500,-0.039232772
6.383000000,-0.037932139
6.383062500,-0.036527809
6.383125000,-0.034862049
6.383187500,-0.032725617
6.383250000,-0.030025685
6.383312500,-0.026757004
6.383375000,-0.023283727
6.383437500,-0.019943053
6.383500000,-0.017036518
6.383562500,-0.014632363
6.383625000,-0.012873820
6.383687500,-0.011618628
6.383750000,-0.010636058
6.383812500,-0.009596264
6.383875000,-0.008530516
6.383937500,-0.007439574
6.384000000,-0.006400459
6.384062500,-0.005399698
6.384125000,-0.004659502
6.384187500,-0.004176722
6.384250000,-0.003859101
6.384312500,-0.003466328
6.384375000,-0.003046592
6.384437500,-0.002585634
6.384500000,-0.002164861
6.384562500,-0.001845895
6.384625000,-0.001964883
6.384687500,-0.002664196
6.384750000,-0.003953225
6.384812500,-0.005610110
6.384875000,-0.007556009
6.384937500,-0.009606198
6.385000000,-0.011671427
6.385062500,-0.013717650
6.385125000,-0.016018756
6.385187500,-0.018745234
6.385250000,-0.021930987
6.385312500,-0.025333187
6.385375000,-0.028708983
6.385437500,-0.031698577
6.385500000,-0.034073036
6.385562500,-0.035796799
6.385625000,-0.037234690
6.385687500,-0.038807176
6.385750000,-0.040849991
6.385812500,-0.043389764
6.385875000,-0.046270546
6.385937500,-0.049077995
6.386000000,-0.051391926
6.386062500,-0.052940957
6.386125000,-0.053818632
6.386187500,-0.054297294
6.386250000,-0.054686282
6.386312500,-0.055117153
6.386375000,-0.055557445
6.386437500,-0.055777557
6.386500000,-0.055533402
6.386562500,-0.054708023
6.386625000,-0.053471740
6.386687500,-0.052156582
6.386750000,-0.051109552
6.386812500,-0.050496753
6.386875000,-0.050277546
6.386937500,-0.050203163
6.387000000,-0.049980059
6.387062500,-0.049419504
6.387125000,-0.048583876
6.387187500,-0.047707532
6.387250000,-0.047062203
6.387312500,-0.046769798
6.387375000,-0.046761882
6.387437500,-0.046757314
6.387500000,-0.046403330
6.387562500,-0.045418642
6.387625000,-0.043783527
6.387687500,-0.041682672
6.387750000,-0.039438128
6.387812500,-0.037342273
6.387875000,-0.035638034
6.387937500,-0.034362547
6.388000000,-0.033414163
6.388062500,-0.032597296
6.388125000,-0.031825896
6.388187500,-0.031012859
6.388250000,-0.030119810
6.388312500,-0.029099554
6.388375000,-0.028008364
6.388437500,-0.026839012
6.388500000,-0.025601838
6.388562500,-0.024306603
6.388625000,-0.023121385
6.388687500,-0.022131020
6.388750000,-0.021366240
6.388812500,-0.020733440
6.388875000,-0.020196427
6.388937500,-0.019600974
6.389000000,-0.018824881
6.389062500,-0.017794905
6.389125000,-0.016687654
6.389187500,-0.015662234
6.389250000,-0.014871657
6.389312500,-0.014351090
6.389375000,-0.014166194
6.389437500,-0.014204848
6.389500000,-0.014306910
6.389562500,-0.014282861
6.389625000,-0.014151677
6.389687500,-0.013923208
6.389750000,-0.013648040
6.389812500,-0.013331317
6.389875000,-0.013093668
6.389937500,-0.012949495
6.390000000,-0.012895043
6.390062500,-0.012871953
6.390125000,-0.012978620
6.390187500,-0.013220471
6.390250000,-0.013553915
6.390312500,-0.013811521
6.390375000,-0.013934857
6.390437500,-0.013804117
6.390500000,-0.013365666
6.390562500,-0.012606859
6.390625000,-0.011770857
6.390687500,-0.011084297
6.390750000,-0.010730183
6.390812500,-0.010705699
6.390875000,-0.011019397
6.390937500,-0.011523175
6.391000000,-0.012047924
6.391062500,-0.012409472
6.391125000,-0.012672165
6.391187500,-0.012925433
6.391250000,-0.013271542
6.391312500,-0.013682180
6.391375000,-0.014202210
6.391437500,-0.014774296
6.391500000,-0.015342278
6.391562500,-0.015818415
6.391625000,-0.016335592
6.391687500,-0.017003907
6.391750000,-0.017883638
6.391812500,-0.018843679
6.391875000,-0.019798955
6.391937500,-0.020582702
6.392000000,-0.021083867
6.392062500,-0.021239877
6.392125000,-0.021284800
6.392187500,-0.021495942
6.392250000,-0.022119237
6.392312500,-0.023176981
6.392375000,-0.024668936
6.392437500,-0.026423613
6.392500000,-0.028237322
6.392562500,-0.029884858
6.392625000,-0.031415865
6.392687500,-0.032932550
6.392750000,-0.034543656
6.392812500,-0.036176339
6.392875000,-0.037808526
6.392937500,-0.039290596
6.393000000,-0.040473495
6.393062500,-0.041194778
6.393125000,-0.041609649
6.393187500,-0.041943833
6.393250000,-0.042450108
6.393312500,-0.043198302
6.393375000,-0.044296026
6.393437500,-0.045668390
6.393500000,-0.047156330
6.393562500,-0.048491940
6.393625000,-0.049664311
6.393687500,-0.050718810
6.393750000,-0.051768426
6.393812500,-0.052816272
6.393875000,-0.053982832
6.393937500,-0.055241976
6.394000000,-0.056474645
6.394062500,-0.057410926
6.394125000,-0.057987779
6.394187500,-0.058180757
6.394250000,-0.058074761
6.394312500,-0.057739839
6.394375000,-0.057456046
6.394437500,-0.057412855
6.394500000,-0.057698261
6.394562500,-0.058182273
6.394625000,-0.058805753
6.394687500,-0.059428249
6.394750000,-0.059957247
6.394812500,-0.060316276
6.394875000,-0.060691752
6.394937500,-0.061272480
6.395000000,-0.062216233
6.395062500,-0.063495584
6.395125000,-0.065097705
6.395187500,-0.066843875
6.395250000,-0.068522573
6.395312500,-0.069905698
6.395375000,-0.071013324
6.395437500,-0.071899340
6.395500000,-0.072664037
6.395562500,-0.073331617
6.395625000,-0.074003905
6.395687500,-0.074648984
6.395750000,-0.075205401
6.395812500,-0.075583383
6.395875000,-0.075860314
6.395937500,-0.076071814
6.396000000,-0.076240771
6.396062500,-0.076306053
6.396125000,-0.076272607
6.396187500,-0.076050699
6.396250000,-0.075581901
6.396312500,-0.074853651
6.396375000,-0.074039251
6.396437500,-0.073256351
6.396500000,-0.072569914
6.396562500,-0.071917206
6.396625000,-0.071233794
6.396687500,-0.070316054
6.396750000,-0.068993188
6.396812500,-0.067201667
6.396875000,-0.065119162
6.396937500,-0.062946655
6.397000000,-0.060898494
6.397062500,-0.059111129
6.397125000,-0.057654247
6.397187500,-0.056380119
6.397250000,-0.055062778
6.397312500,-0.053500209
6.397375000,-0.051650498
6.397437500,-0.049507961
6.397500000,-0.047156330
6.397562500,-0.044726107
6.397625000,-0.042389929
6.397687500,-0.040172011
6.397750000,-0.038026262
6.397812500,-0.035878267
6.397875000,-0.033734687
6.397937500,-0.031539556
6.398000000,-0.029272690
6.398062500,-0.026954124
6.398125000,-0.024702679
6.398187500,-0.022530220
6.398250000,-0.020424996
6.398312500,-0.018366177
6.398375000,-0.016410692
6.398437500,-0.014509377
6.398500000,-0.012612671
6.398562500,-0.010689734
6.398625000,-0.008826412
6.398687500,-0.007020356
6.398750000,-0.005270967
6.398812500,-0.003577080
6.398875000,-0.002003669
6.398937500,-0.000473950
6.399000000,0.001129493
6.399062500,0.002925683
6.399125000,0.004927599
6.399187500,0.007189972
6.399250000,0.009694814
6.399312500,0.012332776
6.399375000,0.014870257
6.399437500,0.017161289
6.399500000,0.019107254
6.399562500,0.020664681
6.399625000,0.021815579
6.399687500,0.022687001
6.399750000,0.023436978
6.399812500,0.024179962
6.399875000,0.024924047
6.399937500,0.025669614
6.400000000,0.026354834
6.400062500,0.026864430
6.400125000,0.027083198
6.400187500,0.027030844
6.400250000,0.026825456
6.400312500,0.026626250
6.400375000,0.026587699
6.400437500,0.026840517
6.400500000,0.027390203
6.400562500,0.028069383
6.400625000,0.028626921
6.400687500,0.028846039
6.400750000,0.028613821
6.400812500,0.027944269
6.400875000,0.027034769
6.400937500,0.026190285
6.401000000,0.025695963
6.401062500,0.025674010
6.401125000,0.026112497
6.401187500,0.026854858
6.401250000,0.027672576
6.401312500,0.028322455
6.401375000,0.028717723
6.401437500,0.028896475
6.401500000,0.028990317
6.401562500,0.029108277
6.401625000,0.029372007
6.401687500,0.029796826
6.401750000,0.030308058
6.401812500,0.030741394
6.401875000,0.031020612
6.401937500,0.031110797
6.402000000,0.031061055
6.402062500,0.030939924
6.402125000,0.030918555
6.402187500,0.031084692
6.402250000,0.031437553
6.402312500,0.031840827
6.402375000,0.032196008
6.402437500,0.032367013
6.402500000,0.032284670
6.402562500,0.031938579
6.402625000,0.031511791
6.402687500,0.031175850
6.402750000,0.031061055
6.402812500,0.031154202
6.402875000,0.031435676
6.402937500,0.031765867
6.403000000,0.032002300
6.403062500,0.032015815
6.403125000,0.031889927
6.403187500,0.031725693
6.403250000,0.031625804
6.403312500,0.031576622
6.403375000,0.031601526
6.403437500,0.031613842
6.403500000,0.031531677
6.403562500,0.031282097
6.403625000,0.030997492
6.403687500,0.030801620
6.403750000,0.030778680
6.403812500,0.030844999
6.403875000,0.030934062
6.403937500,0.030866330
6.404000000,0.030496309
6.404062500,0.029727727
6.404125000,0.028749797
6.404187500,0.027779996
6.404250000,0.027013704
6.404312500,0.026455728
6.404375000,0.026117180
6.404437500,0.025850594
6.404500000,0.025507715
6.404562500,0.024954569
6.404625000,0.024346959
6.404687500,0.023855697
6.404750000,0.023625227
6.404812500,0.023601124
6.404875000,0.023759536
6.404937500,0.023936609
6.405000000,0.024001725
6.405062500,0.023867525
6.405125000,0.023781458
6.405187500,0.024007447
6.405250000,0.024754720
6.405312500,0.025960362
6.405375000,0.027531069
6.405437500,0.029153313
6.405500000,0.030496309
6.405562500,0.031260956
6.405625000,0.031547133
6.405687500,0.031572048
6.405750000,0.031625804
6.405812500,0.031839658
6.405875000,0.032385480
6.405937500,0.033209827
6.406000000,0.034167159
6.406062500,0.035020243
6.406125000,0.035805944
6.406187500,0.036585759
6.406250000,0.037461512
6.406312500,0.038402874
6.406375000,0.039490920
6.406437500,0.040656708
6.406500000,0.041791238
6.406562500,0.042712808
6.406625000,0.043495312
6.406687500,0.044218555
6.406750000,0.044991467
6.406812500,0.045804810
6.406875000,0.046747480
6.406937500,0.047766894
6.407000000,0.048756443
6.407062500,0.049524169
6.407125000,0.050102659
6.407187500,0.050554335
6.407250000,0.051015429
6.407312500,0.051567502
6.407375000,0.052417457
6.407437500,0.053631257
6.407500000,0.055156901
6.407562500,0.056755494
6.407625000,0.058281466
6.407687500,0.059545297
6.407750000,0.060427867
6.407812500,0.060840592
6.407875000,0.060944948
6.407937500,0.060909577
6.408000000,0.060898494
6.408062500,0.060943704
6.408125000,0.061135150
6.408187500,0.061428368
6.408250000,0.061745610
6.408312500,0.061961383
6.408375000,0.062140081
6.408437500,0.062331356
6.408500000,0.062592737
6.408562500,0.062882818
6.408625000,0.063228451
6.408687500,0.063524559
6.408750000,0.063628100
6.408812500,0.063350715
6.408875000,0.062714756
6.408937500,0.061763987
6.409000000,0.060616117
6.409062500,0.059371773
6.409125000,0.058255028
6.409187500,0.057370789
6.409250000,0.056757014
6.409312500,0.056342442
6.409375000,0.056135263
6.409437500,0.056033075
6.409500000,0.055909898
6.409562500,0.055596124
6.409625000,0.055086333
6.409687500,0.054357905
6.409750000,0.053462666
6.409812500,0.052477494
6.409875000,0.051622406
6.409937500,0.050985675
6.410000000,0.050544810
6.410062500,0.050117724
6.410125000,0.049584251
6.410187500,0.048752703
6.410250000,0.047532827
6.410312500,0.045936551
6.410375000,0.044259641
6.410437500,0.042734880
6.410500000,0.041508865
6.410562500,0.040523510
6.410625000,0.039719395
6.410687500,0.038877286
6.410750000,0.037838012
6.410812500,0.036556099
6.410875000,0.035319172
6.410937500,0.034396704
6.411000000,0.033978913
6.411062500,0.033995867
6.411125000,0.034287699
6.411187500,0.034425989
6.411250000,0.033978913
6.411312500,0.032650400
6.411375000,0.030577131
6.411437500,0.028055897
6.411500000,0.025507715
6.411562500,0.023269635
6.411625000,0.021647923
6.411687500,0.020634940
6.411750000,0.020048497
6.411812500,0.019603236
6.411875000,0.019166304
6.411937500,0.018589221
6.412000000,0.017789513
6.412062500,0.016711079
6.412125000,0.015445328
6.412187500,0.014059910
6.412250000,0.012706795
6.412312500,0.011610189
6.412375000,0.011127383
6.412437500,0.011460392
6.412500000,0.012612671
6.412562500,0.014315862
6.412625000,0.016179351
6.412687500,0.017665766
6.412750000,0.018354259
6.412812500,0.018095296
6.412875000,0.017151399
6.412937500,0.015968814
6.413000000,0.015059905
6.413062500,0.014794012
6.413125000,0.015333253
6.413187500,0.016473399
6.413250000,0.017789513
6.413312500,0.018791446
6.413375000,0.019168971
6.413437500,0.018774841
6.413500000,0.017695390
6.413562500,0.016186018
6.413625000,0.014627883
6.413687500,0.013315203
6.413750000,0.012424421
6.413812500,0.011962850
6.413875000,0.011887643
6.413937500,0.012001407
6.414000000,0.012047924
6.414062500,0.011746026
6.414125000,0.010934633
6.414187500,0.009516147
6.414250000,0.007529953
6.414312500,0.005139130
6.414375000,0.002666245
6.414437500,0.000429196
6.414500000,-0.001317742
6.414562500,-0.002486739
6.414625000,-0.003056848
6.414687500,-0.003164090
6.414750000,-0.003011981
6.414812500,-0.002840864
6.414875000,-0.002793278
6.414937500,-0.002985753
6.415000000,-0.003482603
6.415062500,-0.004329547
6.415125000,-0.005415182
6.415187500,-0.006565419
6.415250000,-0.007529953
6.415312500,-0.008078092
6.415375000,-0.007967724
6.415437500,-0.007159374
6.415500000,-0.005835713
6.415562500,-0.004421040
6.415625000,-0.003325615
6.415687500,-0.002909149
6.415750000,-0.003294354
6.415812500,-0.004325502
6.415875000,-0.005462724
6.415937500,-0.006042621
6.416000000,-0.005459215
6.416062500,-0.003428814
6.416125000,-0.000035932
6.416187500,0.004120519
6.416250000,0.008094699
6.416312500,0.010847043
6.416375000,0.011706353
6.416437500,0.010579987
6.416500000,0.008094699
6.416562500,0.005413390
6.416625000,0.003913947
6.416687500,0.004585017
6.416750000,0.007624077
6.416812500,0.012285631
6.416875000,0.017220886
6.416937500,0.020968011
6.417000000,0.022589857
6.417062500,0.022051582
6.417125000,0.020255584
6.417187500,0.018567340
6.417250000,0.018166009
6.417312500,0.019480031
6.417375000,0.022039579
6.417437500,0.024743393
6.417500000,0.026448958
6.417562500,0.026582122
6.417625000,0.025372038
6.417687500,0.023755286
6.417750000,0.022872232
6.417812500,0.023506522
6.417875000,0.025630450
6.417937500,0.028472628
6.418000000,0.030872805
6.418062500,0.031838864
6.418125000,0.030949136
6.418187500,0.028541582
6.418250000,0.025507715
6.418312500,0.022889439
6.418375000,0.021393742
6.418437500,0.021175012
6.418500000,0.021836862
6.418562500,0.022682898
6.418625000,0.023027720
6.418687500,0.022506332
6.418750000,0.021177992
6.418812500,0.019451493
6.418875000,0.017869452
6.418937500,0.016857117
6.419000000,0.016565897
6.419062500,0.016843729
6.419125000,0.017347453
6.419187500,0.017703909
6.419250000,0.017695390
6.419312500,0.017347800
6.419375000,0.016888902
6.419437500,0.016569475
6.419500000,0.016471772
6.419562500,0.016364187
6.419625000,0.015745934
6.419687500,0.013948432
6.419750000,0.010447809
6.419812500,0.005142117
6.419875000,-0.001467250
6.419937500,-0.008392291
6.420000000,-0.014401034
6.420062500,-0.018411068
6.420125000,-0.019793170
6.420187500,-0.018663920
6.420250000,-0.015812902
6.420312500,-0.012443395
6.420375000,-0.009707979
6.420437500,-0.008395961
6.420500000,-0.008659446
6.420562500,-0.010019613
6.420625000,-0.011555847
6.420687500,-0.012378332
6.420750000,-0.011953799
6.420812500,-0.010304207
6.420875000,-0.007950420
6.420937500,-0.005715648
6.421000000,-0.004329723
6.421062500,-0.004119590
6.421125000,-0.004855659
6.421187500,-0.005941319
6.421250000,-0.006682833
6.421312500,-0.006619447
6.421375000,-0.005683325
6.421437500,-0.004253216
6.421500000,-0.002917857
6.421562500,-0.002189440
6.421625000,-0.002240581
6.421687500,-0.002902606
6.421750000,-0.003764976
6.421812500,-0.004404375
6.421875000,-0.004548864
6.421937500,-0.004224284
6.422000000,-0.003670852
6.422062500,-0.003190881
6.422125000,-0.002957361
6.422187500,-0.002980740
6.422250000,-0.003106105
6.422312500,-0.003109851
6.422375000,-0.002796227
6.422437500,-0.002107865
6.422500000,-0.001129493
6.422562500,-0.000046868
6.422625000,0.000880030
6.422687500,0.001406668
6.422750000,0.001317742
6.422812500,0.000463555
6.422875000,-0.001212554
6.422937500,-0.003577719
6.423000000,-0.006306335
6.423062500,-0.008921726
6.423125000,-0.010909801
6.423187500,-0.011852093
6.423250000,-0.011577302
6.423312500,-0.010226968
6.423375000,-0.008233660
6.423437500,-0.006139711
6.423500000,-0.004423847
6.423562500,-0.003347317
6.423625000,-0.002897557
6.423687500,-0.002832406
6.423750000,-0.002823732
6.423812500,-0.002600852
6.423875000,-0.002096448
6.423937500,-0.001412232
6.424000000,-0.000752995
6.424062500,-0.000294979
6.424125000,-0.000151580
6.424187500,-0.000306036
6.424250000,-0.000658871
6.424312500,-0.001083688
6.424375000,-0.001510919
6.424437500,-0.001908380
6.424500000,-0.002258986
6.424562500,-0.002502320
6.424625000,-0.002575252
6.424687500,-0.002388217
6.424750000,-0.001882488
6.424812500,-0.001051650
6.424875000,-0.000011788
6.424937500,0.001078923
6.425000000,0.002070737
6.425062500,0.002894204
6.425125000,0.003532137
6.425187500,0.004027389
6.425250000,0.004423847
6.425312500,0.004740645
6.425375000,0.004904068
6.425437500,0.004818000
6.425500000,0.004423847
6.425562500,0.003778859
6.425625000,0.003017375
6.425687500,0.002353852
6.425750000,0.001976613
6.425812500,0.001963834
6.425875000,0.002164519
6.425937500,0.002269592
6.426000000,0.001882488
6.426062500,0.000676935
6.426125000,-0.001504955
6.426187500,-0.004514997
6.426250000,-0.007906451
6.426312500,-0.011016813
6.426375000,-0.013214539
6.426437500,-0.014057712
6.426500000,-0.013459790
6.426562500,-0.011719456
6.426625000,-0.009489605
6.426687500,-0.007552745
6.426750000,-0.006588709
6.426812500,-0.006940119
6.426875000,-0.008569940
6.426937500,-0.011036152
6.427000000,-0.013648040
6.427062500,-0.015671875
6.427125000,-0.016615575
6.427187500,-0.016350146
6.427250000,-0.015154029
6.427312500,-0.013591975
6.427375000,-0.012344835
6.427437500,-0.011929973
6.427500000,-0.012518546
6.427562500,-0.013865994
6.427625000,-0.015439427
6.427687500,-0.016618889
6.427750000,-0.016942395
6.427812500,-0.016263150
6.427875000,-0.014796830
6.427937500,-0.012986965
6.428000000,-0.011294928
6.428062500,-0.009994631
6.428125000,-0.009158575
6.428187500,-0.008690924
6.428250000,-0.008471197
6.428312500,-0.008463087
6.428375000,-0.008782119
6.428437500,-0.009584489
6.428500000,-0.010918431
6.428562500,-0.012586664
6.428625000,-0.014215547
6.428687500,-0.015359513
6.428750000,-0.015718777
6.428812500,-0.015285988
6.428875000,-0.014441372
6.428937500,-0.013753369
6.429000000,-0.013742164
6.429062500,-0.014607802
6.429125000,-0.016181881
6.429187500,-0.017911682
6.429250000,-0.019107254
6.429312500,-0.019209316
6.429375000,-0.018080832
6.429437500,-0.016018305
6.429500000,-0.013648040
6.429562500,-0.011644298
6.429625000,-0.010539482
6.429687500,-0.010438340
6.429750000,-0.011012556
6.429812500,-0.011623291
6.429875000,-0.011700243
6.429937500,-0.010939070
6.430000000,-0.009506566
6.430062500,-0.007968265
6.430125000,-0.007180928
6.430187500,-0.007802042
6.430250000,-0.009977187
6.430312500,-0.013152163
6.430375000,-0.016372977
6.430437500,-0.018558117
6.430500000,-0.019013131
6.430562500,-0.017716218
6.430625000,-0.015455707
6.430687500,-0.013384673
6.430750000,-0.012518546
6.430812500,-0.013227456
6.430875000,-0.015174531
6.430937500,-0.017421208
6.431000000,-0.018919006
6.431062500,-0.018968951
6.431125000,-0.017618127
6.431187500,-0.015491504
6.431250000,-0.013459790
6.431312500,-0.012154823
6.431375000,-0.011822665
6.431437500,-0.012200576
6.431500000,-0.012800919
6.431562500,-0.013204201
6.431625000,-0.013378475
6.431687500,-0.013552479
6.431750000,-0.014024537
6.431812500,-0.014865716
6.431875000,-0.015930628
6.431937500,-0.016830144
6.432000000,-0.017224766
6.432062500,-0.017047102
6.432125000,-0.016709050
6.432187500,-0.016854737
6.432250000,-0.018071886
6.432312500,-0.020525012
6.432375000,-0.023939788
6.432437500,-0.027583469
6.432500000,-0.030590432
6.432562500,-0.032283418
6.432625000,-0.032520141
6.432687500,-0.031640802
6.432750000,-0.030308058
6.432812500,-0.029173674
6.432875000,-0.028695229
6.432937500,-0.028903570
6.433000000,-0.029460939
6.433062500,-0.029818272
6.433125000,-0.029576339
6.433187500,-0.028594354
6.433250000,-0.027107829
6.433312500,-0.025620470
6.433375000,-0.024758888
6.433437500,-0.024917124
6.433500000,-0.026072461
6.433562500,-0.027732855
6.433625000,-0.029180463
6.433687500,-0.029711019
6.433750000,-0.028990317
6.433812500,-0.027221177
6.433875000,-0.025086183
6.433937500,-0.023389896
6.434000000,-0.022683984
6.434062500,-0.023014262
6.434125000,-0.023886262
6.434187500,-0.024555728
6.434250000,-0.024472345
6.434312500,-0.023647517
6.434375000,-0.022643441
6.434437500,-0.022296950
6.434500000,-0.023248728
6.434562500,-0.025569933
6.434625000,-0.028563581
6.434687500,-0.031067619
6.434750000,-0.032002300
6.434812500,-0.030950602
6.434875000,-0.028255317
6.434937500,-0.024899162
6.435000000,-0.022025112
6.435062500,-0.020455394
6.435125000,-0.020264493
6.435187500,-0.020856764
6.435250000,-0.021366240
6.435312500,-0.021209508
6.435375000,-0.020212002
6.435437500,-0.018675597
6.435500000,-0.017130643
6.435562500,-0.016072880
6.435625000,-0.015536588
6.435687500,-0.015174589
6.435750000,-0.014495159
6.435812500,-0.013249887
6.435875000,-0.011409454
6.435937500,-0.009229666
6.436000000,-0.007059331
6.436062500,-0.005183575
6.436125000,-0.003471030
6.436187500,-0.001499725
6.436250000,0.001223617
6.436312500,0.004905705
6.436375000,0.009445276
6.436437500,0.014354675
6.436500000,0.018919006
6.436562500,0.022391982
6.436625000,0.024485815
6.436687500,0.025423618
6.436750000,0.025884213
6.436812500,0.026666811
6.436875000,0.028557189
6.436937500,0.031917855
6.437000000,0.036520272
6.437062500,0.041524451
6.437125000,0.045947362
6.437187500,0.048983961
6.437250000,0.050356556
6.437312500,0.050389443
6.437375000,0.050044619
6.437437500,0.050492734
6.437500000,0.052615542
6.437562500,0.056563213
6.437625000,0.061787948
6.437687500,0.067222714
6.437750000,0.071722798
6.437812500,0.074475840
6.437875000,0.075404905
6.437937500,0.075091682
6.438000000,0.074452408
6.438062500,0.074248902
6.438125000,0.074864030
6.438187500,0.076147445
6.438250000,0.077558510
6.438312500,0.078422919
6.438375000,0.078315221
6.438437500,0.077179939
6.438500000,0.075299524
6.438562500,0.073093012
6.438625000,0.071062066
6.438687500,0.069607392
6.438750000,0.068993188
6.438812500,0.069287673
6.438875000,0.070502773
6.438937500,0.072451942
6.439000000,0.074734777
6.439062500,0.076708920
6.439125000,0.077805445
6.439187500,0.077597924
6.439250000,0.076052524
6.439312500,0.073541097
6.439375000,0.070908010
6.439437500,0.068977498
6.439500000,0.068240196
6.439562500,0.068532348
6.439625000,0.069286384
6.439687500,0.069560774
6.439750000,0.068522573
6.439812500,0.065731660
6.439875000,0.061610125
6.439937500,0.057018094
6.440000000,0.052992042
6.440062500,0.050215397
6.440125000,0.049084306
6.440187500,0.049287707
6.440250000,0.050074182
6.440312500,0.050431047
6.440375000,0.049859434
6.440437500,0.048135243
6.440500000,0.045462091
6.440562500,0.042199410
6.440625000,0.039124873
6.440687500,0.036780860
6.440750000,0.035484903
6.440812500,0.035138693
6.440875000,0.035779025
6.440937500,0.037142944
6.441000000,0.038873378
6.441062500,0.040408932
6.441125000,0.041584447
6.441187500,0.042173207
6.441250000,0.042073611
6.441312500,0.041170344
6.441375000,0.039839488
6.441437500,0.038420893
6.441500000,0.037273265
6.441562500,0.036521226
6.441625000,0.036520597
6.441687500,0.037315339
6.441750000,0.038779255
6.441812500,0.040490616
6.441875000,0.042342976
6.441937500,0.044126038
6.442000000,0.045744464
6.442062500,0.047096182
6.442125000,0.048565861
6.442187500,0.050472450
6.442250000,0.053086169
6.442312500,0.056362189
6.442375000,0.060372498
6.442437500,0.064845733
6.442500000,0.069369689
6.442562500,0.073365636
6.442625000,0.076630987
6.442687500,0.079019718
6.442750000,0.080570497
6.442812500,0.081349581
6.442875000,0.081821702
6.442937500,0.082403779
6.443000000,0.083488353
6.443062500,0.085231461
6.443125000,0.087865680
6.443187500,0.091290809
6.443250000,0.095159777
6.443312500,0.098825157
6.443375000,0.101823494
6.443437500,0.103731729
6.443500000,0.104383968
6.443562500,0.103815600
6.443625000,0.102568910
6.443687500,0.101234145
6.443750000,0.100336619
6.443812500,0.100051574
6.443875000,0.100480676
6.443937500,0.101367436
6.444000000,0.102313228
6.444062500,0.102836162
6.444125000,0.102841258
6.444187500,0.102374695
6.444250000,0.101654358
6.444312500,0.100842729
6.444375000,0.100250065
6.444437500,0.099937037
6.444500000,0.099771872
6.444562500,0.099378623
6.444625000,0.098586597
6.444687500,0.097236075
6.444750000,0.095348023
6.444812500,0.093021207
6.444875000,0.090721928
6.444937500,0.088815853
6.445000000,0.087535694
6.445062500,0.086781271
6.445125000,0.086503044
6.445187500,0.086391091
6.445250000,0.086123832
6.445312500,0.085373908
6.445375000,0.084262677
6.445437500,0.082915373
6.445500000,0.081511736
6.445562500,0.080078460
6.445625000,0.078842655
6.445687500,0.077799328
6.445750000,0.076899640
6.445812500,0.075992882
6.445875000,0.075274795
6.445937500,0.074793532
6.446000000,0.074546531
6.446062500,0.074322343
6.446125000,0.074138567
6.446187500,0.073814385
6.446250000,0.073228791
6.446312500,0.072283953
6.446375000,0.071325146
6.446437500,0.070584923
6.446500000,0.070216812
6.446562500,0.070093997
6.446625000,0.070191436
6.446687500,0.070201702
6.446750000,0.069840305
6.446812500,0.068903014
6.446875000,0.067677997
6.446937500,0.066467375
6.447000000,0.065604717
6.447062500,0.065214589
6.447125000,0.065461673
6.447187500,0.066104874
6.447250000,0.066734202
6.447312500,0.066845521
6.447375000,0.066320308
6.447437500,0.065120079
6.447500000,0.063439853
6.447562500,0.061564784
6.447625000,0.060042631
6.447687500,0.059168782
6.447750000,0.059016004
6.447812500,0.059339691
6.447875000,0.059953723
6.447937500,0.060480542
6.448000000,0.060616117
6.448062500,0.060157441
6.448125000,0.059292801
6.448187500,0.058194235
6.448250000,0.057039391
6.448312500,0.055884209
6.448375000,0.054871246
6.448437500,0.053974047
6.448500000,0.053180292
6.448562500,0.052479763
6.448625000,0.052080188
6.448687500,0.051996328
6.448750000,0.052050799
6.448812500,0.051793706
6.448875000,0.050823878
6.448937500,0.048715621
6.449000000,0.045367967
6.449062500,0.041107360
6.449125000,0.036815982
6.449187500,0.033401396
6.449250000,0.031531677
6.449312500,0.031305835
6.449375000,0.032373570
6.449437500,0.033858426
6.449500000,0.034826029
6.449562500,0.034621459
6.449625000,0.033284940
6.449687500,0.031248467
6.449750000,0.029178567
6.449812500,0.027612817
6.449875000,0.026938563
6.449937500,0.027088286
6.450000000,0.027766701
6.450062500,0.028601844
6.450125000,0.029464113
6.450187500,0.030211611
6.450250000,0.030684557
6.450312500,0.030575473
6.450375000,0.029640472
6.450437500,0.027607199
6.450500000,0.024472345
6.450562500,0.020603966
6.450625000,0.016875174
6.450687500,0.014182059
6.450750000,0.013177417
6.450812500,0.013947365
6.450875000,0.016071307
6.450937500,0.018584838
6.451000000,0.020424996
6.451062500,0.020798186
6.451125000,0.019580029
6.451187500,0.017122824
6.451250000,0.014118661
6.451312500,0.011261019
6.451375000,0.009116181
6.451437500,0.007825778
6.451500000,0.007247579
6.451562500,0.007113900
6.451625000,0.007298158
6.451687500,0.007739260
6.451750000,0.008471197
6.451812500,0.009519722
6.451875000,0.010864443
6.451937500,0.012305507
6.452000000,0.013553915
6.452062500,0.014336517
6.452125000,0.014542131
6.452187500,0.014188526
6.452250000,0.013459790
6.452312500,0.012657325
6.452375000,0.012098742
6.452437500,0.011975428
6.452500000,0.012330297
6.452562500,0.013067049
6.452625000,0.013975064
6.452687500,0.014741927
6.452750000,0.015059905
6.452812500,0.014720636
6.452875000,0.013668766
6.452937500,0.011979302
6.453000000,0.009883063
6.453062500,0.007748626
6.453125000,0.005944702
6.453187500,0.004736262
6.453250000,0.004235599
6.453312500,0.004418728
6.453375000,0.005060683
6.453437500,0.005834180
6.453500000,0.006400459
6.453562500,0.006529036
6.453625000,0.006084453
6.453687500,0.005059162
6.453750000,0.003576728
6.453812500,0.001893417
6.453875000,0.000247271
6.453937500,-0.001170702
6.454000000,-0.002258986
6.454062500,-0.002985025
6.454125000,-0.003477020
6.454187500,-0.003940707
6.454250000,-0.004612096
6.454312500,-0.005656808
6.454375000,-0.007216928
6.454437500,-0.009319358
6.454500000,-0.011859675
6.454562500,-0.014572700
6.454625000,-0.017165978
6.454687500,-0.019348472
6.454750000,-0.020895619
6.454812500,-0.021682050
6.454875000,-0.021753198
6.454937500,-0.021319836
6.455000000,-0.020707369
6.455062500,-0.020266715
6.455125000,-0.020318760
6.455187500,-0.021078320
6.455250000,-0.022589857
6.455312500,-0.024700793
6.455375000,-0.027118027
6.455437500,-0.029499460
6.455500000,-0.031531677
6.455562500,-0.033000849
6.455625000,-0.033837643
6.455687500,-0.034131028
6.455750000,-0.034073036
6.455812500,-0.033884171
6.455875000,-0.033756372
6.455937500,-0.033809945
6.456000000,-0.034073036
6.456062500,-0.034487471
6.456125000,-0.034926202
6.456187500,-0.035241578
6.456250000,-0.035296652
6.456312500,-0.035017163
6.456375000,-0.034399368
6.456437500,-0.033566561
6.456500000,-0.032755297
6.456562500,-0.032277327
6.456625000,-0.032371309
6.456687500,-0.033117484
6.456750000,-0.034355409
6.456812500,-0.035698928
6.456875000,-0.036587559
6.456937500,-0.036473963
6.457000000,-0.035014279
6.457062500,-0.032222297
6.457125000,-0.028471060
6.457187500,-0.024394317
6.457250000,-0.020707369
6.457312500,-0.018008584
6.457375000,-0.016579954
6.457437500,-0.016305314
6.457500000,-0.016754145
6.457562500,-0.017364793
6.457625000,-0.017597824
6.457687500,-0.017082240
6.457750000,-0.015718777
6.457812500,-0.013688632
6.457875000,-0.011362975
6.457937500,-0.009139080
6.458000000,-0.007341704
6.458062500,-0.006141175
6.458125000,-0.005561239
6.458187500,-0.005424496
6.458250000,-0.005459215
6.458312500,-0.005375102
6.458375000,-0.004982729
6.458437500,-0.004125352
6.458500000,-0.002729608
6.458562500,-0.000785216
6.458625000,0.001586779
6.458687500,0.004259806
6.458750000,0.007059331
6.458812500,0.009791481
6.458875000,0.012170611
6.458937500,0.013996473
6.459000000,0.015154029
6.459062500,0.015672410
6.459125000,0.015625626
6.459187500,0.015237523
6.459250000,0.014777532
6.459312500,0.014537307
6.459375000,0.014622219
6.459437500,0.015108407
6.459500000,0.016001150
6.459562500,0.017310182
6.459625000,0.018886046
6.459687500,0.020606812
6.459750000,0.022307485
6.459812500,0.023822019
6.459875000,0.024852935
6.459937500,0.025173355
6.460000000,0.024660595
6.460062500,0.023399217
6.460125000,0.021531092
6.460187500,0.019340295
6.460250000,0.017130643
6.460312500,0.015187491
6.460375000,0.013578055
6.460437500,0.012281965
6.460500000,0.011200804
6.460562500,0.010251521
6.460625000,0.009300252
6.460687500,0.008259434
6.460750000,0.007059331
6.460812500,0.005683807
6.460875000,0.004067969
6.460937500,0.002228420
6.461000000,0.000282373
6.461062500,-0.001525623
6.461125000,-0.002958586
6.461187500,-0.003850539
6.461250000,-0.004235599
6.461312500,-0.004377690
6.461375000,-0.004760835
6.461437500,-0.005894220
6.461500000,-0.008094699
6.461562500,-0.011308014
6.461625000,-0.015139663
6.461687500,-0.018996239
6.461750000,-0.022307485
6.461812500,-0.024727950
6.461875000,-0.026236689
6.461937500,-0.027098037
6.462000000,-0.027672576
6.462062500,-0.028224438
6.462125000,-0.028834246
6.462187500,-0.029458007
6.462250000,-0.030025685
6.462312500,-0.030535478
6.462375000,-0.031080302
6.462437500,-0.031789832
6.462500000,-0.032661170
6.462562500,-0.033456005
6.462625000,-0.033751212
6.462687500,-0.033176381
6.462750000,-0.031625804
6.462812500,-0.029383762
6.462875000,-0.027113743
6.462937500,-0.025608476
6.463000000,-0.025413590
6.463062500,-0.026504517
6.463125000,-0.028292138
6.463187500,-0.029811153
6.463250000,-0.030119810
6.463312500,-0.028678121
6.463375000,-0.025664901
6.463437500,-0.021883417
6.463500000,-0.018448384
6.463562500,-0.016300308
6.463625000,-0.015975405
6.463687500,-0.017354550
6.463750000,-0.019766126
6.463812500,-0.022190161
6.463875000,-0.023784764
6.463937500,-0.024012186
6.464000000,-0.022778107
6.464062500,-0.020309106
6.464125000,-0.017231170
6.464187500,-0.014218504
6.464250000,-0.011859675
6.464312500,-0.010443741
6.464375000,-0.010181665
6.464437500,-0.010975474
6.464500000,-0.012518546
6.464562500,-0.014281739
6.464625000,-0.015904577
6.464687500,-0.017060375
6.464750000,-0.017601265
6.464812500,-0.017490702
6.464875000,-0.017069416
6.464937500,-0.016707908
6.465000000,-0.016754145
6.465062500,-0.017322071
6.465125000,-0.018544320
6.465187500,-0.020294441
6.465250000,-0.022307485
6.465312500,-0.024163188
6.465375000,-0.025672857
6.465437500,-0.026687261
6.465500000,-0.027201954
6.465562500,-0.027269471
6.465625000,-0.027234696
6.465687500,-0.027446514
6.465750000,-0.028237322
6.465812500,-0.029758930
6.465875000,-0.032165591
6.465937500,-0.035357799
6.466000000,-0.039061632
6.466062500,-0.042837139
6.466125000,-0.046359047
6.466187500,-0.049365103
6.466250000,-0.051768426
6.466312500,-0.053608164
6.466375000,-0.055174109
6.466437500,-0.056733552
6.466500000,-0.058451258
6.466562500,-0.060248639
6.466625000,-0.061987847
6.466687500,-0.063386045
6.466750000,-0.064192846
6.466812500,-0.064274080
6.466875000,-0.063784510
6.466937500,-0.063033797
6.467000000,-0.062404484
6.467062500,-0.062178493
6.467125000,-0.062549204
6.467187500,-0.063478753
6.467250000,-0.064757593
6.467312500,-0.066051923
6.467375000,-0.067106165
6.467437500,-0.067710504
6.467500000,-0.067769580
6.467562500,-0.067275457
6.467625000,-0.066366069
6.467687500,-0.065193504
6.467750000,-0.063910469
6.467812500,-0.062599607
6.467875000,-0.061367840
6.467937500,-0.060204424
6.468000000,-0.059016004
6.468062500,-0.057607707
6.468125000,-0.055850998
6.468187500,-0.053605128
6.468250000,-0.050827179
6.468312500,-0.047591776
6.468375000,-0.044220276
6.468437500,-0.041109372
6.468500000,-0.038685132
6.468562500,-0.037245002
6.468625000,-0.036974400
6.468687500,-0.037702672
6.468750000,-0.038967505
6.468812500,-0.040085111
6.468875000,-0.040467605
6.468937500,-0.039636154
6.469000000,-0.037461512
6.469062500,-0.034186993
6.469125000,-0.030529516
6.469187500,-0.027242510
6.469250000,-0.024942968
6.469312500,-0.023852082
6.469375000,-0.023905180
6.469437500,-0.024566948
6.469500000,-0.025131216
6.469562500,-0.024945099
6.469625000,-0.023785559
6.469687500,-0.021712795
6.469750000,-0.019107254
6.469812500,-0.016480751
6.469875000,-0.014475935
6.469937500,-0.013463543
6.470000000,-0.013553915
6.470062500,-0.014562450
6.470125000,-0.016237454
6.470187500,-0.018105367
6.470250000,-0.019672001
6.470312500,-0.020502267
6.470375000,-0.020477230
6.470437500,-0.019616680
6.470500000,-0.018166009
6.470562500,-0.016492402
6.470625000,-0.015120169
6.470687500,-0.014348116
6.470750000,-0.014212786
6.470812500,-0.014429200
6.470875000,-0.014624319
6.470937500,-0.014313475
6.471000000,-0.013177417
6.471062500,-0.011196810
6.471125000,-0.008797210
6.471187500,-0.006600490
6.471250000,-0.005270967
6.471312500,-0.005253611
6.471375000,-0.006694289
6.471437500,-0.009231393
6.471500000,-0.012142048
6.471562500,-0.014542826
6.471625000,-0.015764765
6.471687500,-0.015453910
6.471750000,-0.013742164
6.471812500,-0.011187428
6.471875000,-0.008636408
6.471937500,-0.006838676
6.472000000,-0.006212211
6.472062500,-0.006687649
6.472125000,-0.007822054
6.472187500,-0.008911981
6.472250000,-0.009318316
6.472312500,-0.008701359
6.472375000,-0.007195703
6.472437500,-0.005256938
6.472500000,-0.003482603
6.472562500,-0.002359740
6.472625000,-0.002137315
6.472687500,-0.002735161
6.472750000,-0.003859101
6.472812500,-0.005146314
6.472875000,-0.006365111
6.472937500,-0.007388839
6.473000000,-0.008188824
6.473062500,-0.008750611
6.473125000,-0.009044349
6.473187500,-0.008974694
6.473250000,-0.008471197
6.473312500,-0.007571497
6.473375000,-0.006462328
6.473437500,-0.005398239
6.473500000,-0.004612096
6.473562500,-0.004215069
6.473625000,-0.004154072
6.473687500,-0.004232231
6.473750000,-0.004235599
6.473812500,-0.004062498
6.473875000,-0.003735591
6.473937500,-0.003375587
6.474000000,-0.003106105
6.474062500,-0.002974494
6.474125000,-0.002922716
6.474187500,-0.002831297
6.474250000,-0.002635483
6.474312500,-0.002413308
6.474375000,-0.002356098
6.474437500,-0.002656411
6.474500000,-0.003388479
6.474562500,-0.004442071
6.474625000,-0.005498319
6.474687500,-0.006175638
6.474750000,-0.006212211
6.474812500,-0.005623584
6.474875000,-0.004683634
6.474937500,-0.003814271
6.475000000,-0.003388479
6.475062500,-0.003563142
6.475125000,-0.004140519
6.475187500,-0.004664865
6.475250000,-0.004612096
6.475312500,-0.003641469
6.475375000,-0.001715710
6.475437500,0.000844936
6.475500000,0.003482603
6.475562500,0.005604817
6.475625000,0.006827536
6.475687500,0.007115157
6.475750000,0.006776957
6.475812500,0.006319377
6.475875000,0.006276162
6.475937500,0.006989048
6.476000000,0.008471197
6.476062500,0.010373633
6.476125000,0.012187243
6.476187500,0.013407803
6.476250000,0.013742164
6.476312500,0.013181727
6.476375000,0.012103848
6.476437500,0.011055144
6.476500000,0.010541934
6.476562500,0.010782049
6.476625000,0.011753630
6.476687500,0.013158655
6.476750000,0.014589284
6.476812500,0.015649041
6.476875000,0.016231937
6.476937500,0.016433416
6.477000000,0.016471772
6.477062500,0.016503962
6.477125000,0.016644903
6.477187500,0.016878936
6.477250000,0.017130643
6.477312500,0.017321965
6.477375000,0.017466033
6.477437500,0.017616181
6.477500000,0.017789513
6.477562500,0.017893581
6.477625000,0.017739680
6.477687500,0.017132493
6.477750000,0.016001150
6.477812500,0.014463897
6.477875000,0.012913868
6.477937500,0.011829849
6.478000000,0.011577302
6.478062500,0.012161631
6.478125000,0.013438943
6.478187500,0.015070789
6.478250000,0.016754145
6.478312500,0.018277926
6.478375000,0.019861966
6.478437500,0.021818586
6.478500000,0.024378221
6.478562500,0.027396213
6.478625000,0.030617060
6.478687500,0.033591993
6.478750000,0.035955522
6.478812500,0.037511967
6.478875000,0.038583506
6.478937500,0.039631136
6.479000000,0.041038241
6.479062500,0.042766299
6.479125000,0.044567633
6.479187500,0.045896757
6.479250000,0.046215083
6.479312500,0.045140147
6.479375000,0.042834088
6.479437500,0.039689939
6.479500000,0.036143772
6.479562500,0.032333218
6.479625000,0.028314700
6.479687500,0.023931339
6.479750000,0.019107254
6.479812500,0.013985363
6.479875000,0.009301426
6.479937500,0.006037975
6.480000000,0.005176842
6.480062500,0.007260138
6.480125000,0.012436835
6.480187500,0.020208748
6.480250000,0.029649187
6.480312500,0.039599471
6.480375000,0.049185507
6.480437500,0.057792768
6.480500000,0.065134093
6.480562500,0.071074650
6.480625000,0.075728774
6.480687500,0.079167992
6.480750000,0.081417613
6.480812500,0.082411930
6.480875000,0.082297839
6.480937500,0.081326671
6.481000000,0.079911619
6.481062500,0.078473248
6.481125000,0.077523731
6.481187500,0.077289358
6.481250000,0.077652633
6.481312500,0.078106061
6.481375000,0.078142829
6.481437500,0.077320829
6.481500000,0.075581901
6.481562500,0.073308460
6.481625000,0.071324646
6.481687500,0.070387997
6.481750000,0.070875682
6.481812500,0.072541513
6.481875000,0.074661121
6.481937500,0.076217234
6.482000000,0.076429017
6.482062500,0.075123593
6.482125000,0.072838970
6.482187500,0.070462346
6.482250000,0.068804942
6.482312500,0.068185806
6.482375000,0.068307042
6.482437500,0.068397924
6.482500000,0.067675456
6.482562500,0.065769561
6.482625000,0.062991798
6.482687500,0.060136136
6.482750000,0.058074761
6.482812500,0.057230059
6.482875000,0.057547931
6.482937500,0.058366533
6.483000000,0.058827754
6.483062500,0.058241460
6.483125000,0.056622323
6.483187500,0.054413386
6.483250000,0.052333172
6.483312500,0.050946575
6.483375000,0.050552271
6.483437500,0.050775174
6.483500000,0.050827179
6.483562500,0.049818151
6.483625000,0.047221497
6.483687500,0.042867959
6.483750000,0.037085015
6.483812500,0.030542096
6.483875000,0.024087686
6.483937500,0.018251386
6.484000000,0.013177417
6.484062500,0.008614094
6.484125000,0.004274737
6.484187500,-0.000158916
6.484250000,-0.004706220
6.484312500,-0.009065242
6.484375000,-0.012499544
6.484437500,-0.014422305
6.484500000,-0.014589284
6.484562500,-0.013306721
6.484625000,-0.011049349
6.484687500,-0.008457595
6.484750000,-0.005835713
6.484812500,-0.002980634
6.484875000,0.000937326
6.484937500,0.006677757
6.485000000,0.014495159
6.485062500,0.023717487
6.485125000,0.032979634
6.485187500,0.040391441
6.485250000,0.044332597
6.485312500,0.044022676
6.485375000,0.040017974
6.485437500,0.033697188
6.485500000,0.026731333
6.485562500,0.020317500
6.485625000,0.015009400
6.485687500,0.010424435
6.485750000,0.005741589
6.485812500,0.000209494
6.485875000,-0.006178170
6.485937500,-0.012832928
6.486000000,-0.018730756
6.486062500,-0.022896800
6.486125000,-0.024616249
6.486187500,-0.023835052
6.486250000,-0.020989744
6.486312500,-0.016781116
6.486375000,-0.011725859
6.486437500,-0.006194476
6.486500000,-0.000376498
6.486562500,0.005548275
6.486625000,0.011394619
6.486687500,0.016811334
6.486750000,0.021366240
6.486812500,0.024640188
6.486875000,0.026435101
6.486937500,0.026775841
6.487000000,0.025884213
6.487062500,0.024054999
6.487125000,0.021693958
6.487187500,0.019220166
6.487250000,0.017036518
6.487312500,0.015445221
6.487375000,0.014766560
6.487437500,0.015193850
6.487500000,0.016754145
6.487562500,0.019236121
6.487625000,0.022365587
6.487687500,0.025765359
6.487750000,0.029084442
6.487812500,0.032018874
6.487875000,0.034465875
6.487937500,0.036295764
6.488000000,0.037367389
6.488062500,0.037492558
6.488125000,0.036564350
6.488187500,0.034531645
6.488250000,0.031531677
6.488312500,0.027899379
6.488375000,0.024257403
6.488437500,0.021274168
6.488500000,0.019483753
6.488562500,0.019054212
6.488625000,0.019860424
6.488687500,0.021479195
6.488750000,0.023342853
6.488812500,0.024869408
6.488875000,0.025764426
6.488937500,0.026024101
6.489000000,0.025884213
6.489062500,0.025636906
6.489125000,0.025695045
6.489187500,0.026390964
6.489250000,0.027954949
6.489312500,0.030422565
6.489375000,0.033787157
6.489437500,0.037795816
6.489500000,0.041979488
6.489562500,0.045655545
6.489625000,0.048186164
6.489687500,0.049019605
6.489750000,0.047909327
6.489812500,0.044980578
6.489875000,0.040749602
6.489937500,0.035858538
6.490000000,0.030872805
6.490062500,0.026089638
6.490125000,0.021600658
6.490187500,0.017329775
6.490250000,0.013271542
6.490312500,0.009617178
6.490375000,0.006971304
6.490437500,0.006043042
6.490500000,0.007435828
6.490562500,0.011316831
6.490625000,0.017463243
6.490687500,0.025090827
6.490750000,0.033131793
6.490812500,0.040488411
6.490875000,0.046472456
6.490937500,0.050767977
6.491000000,0.053462666
6.491062500,0.054867893
6.491125000,0.055454247
6.491187500,0.055577900
6.491250000,0.055439275
6.491312500,0.055042855
6.491375000,0.054376423
6.491437500,0.053328238
6.491500000,0.051768426
6.491562500,0.049541917
6.491625000,0.046626888
6.491687500,0.043033347
6.491750000,0.038873378
6.491812500,0.034312617
6.491875000,0.029692076
6.491937500,0.025285508
6.492000000,0.021272115
6.492062500,0.017622435
6.492125000,0.014431217
6.492187500,0.011738346
6.492250000,0.009694814
6.492312500,0.008463314
6.492375000,0.008523913
6.492437500,0.010158068
6.492500000,0.013365666
6.492562500,0.017662514
6.492625000,0.022448424
6.492687500,0.026921596
6.492750000,0.030402184
6.492812500,0.032478597
6.492875000,0.033237476
6.492937500,0.033026803
6.493000000,0.032284670
6.493062500,0.031310111
6.493125000,0.030231239
6.493187500,0.028985947
6.493250000,0.027484328
6.493312500,0.025706893
6.493375000,0.023949880
6.493437500,0.022563865
6.493500000,0.021836862
6.493562500,0.021721518
6.493625000,0.022107407
6.493687500,0.022574073
6.493750000,0.022683984
6.493812500,0.022070440
6.493875000,0.020973360
6.493937500,0.019826693
6.494000000,0.019201379
6.494062500,0.019476956
6.494125000,0.021066016
6.494187500,0.024026861
6.494250000,0.028237322
6.494312500,0.033424351
6.494375000,0.039507631
6.494437500,0.046330050
6.494500000,0.053650912
6.494562500,0.060997494
6.494625000,0.067852557
6.494687500,0.073550083
6.494750000,0.077464387
6.494812500,0.079102427
6.494875000,0.078345522
6.494937500,0.075314112
6.495000000,0.070310935
6.495062500,0.063661635
6.495125000,0.055824831
6.495187500,0.047257941
6.495250000,0.038496882
6.495312500,0.030126035
6.495375000,0.022957621
6.495437500,0.017738784
6.495500000,0.015059905
6.495562500,0.015151303
6.495625000,0.018002730
6.495687500,0.023186119
6.495750000,0.030025685
6.495812500,0.037699394
6.495875000,0.045608833
6.495937500,0.053280924
6.496000000,0.060427867
6.496062500,0.066800445
6.496125000,0.072314724
6.496187500,0.076759912
6.496250000,0.079817496
6.496312500,0.081038065
6.496375000,0.080211066
6.496437500,0.077313341
6.496500000,0.072664037
6.496562500,0.066842943
6.496625000,0.060780134
6.496687500,0.055337250
6.496750000,0.051109552
6.496812500,0.048188519
6.496875000,0.046396386
6.496937500,0.045225993
6.497000000,0.044144347
6.497062500,0.042733345
6.497125000,0.041091442
6.497187500,0.039492719
6.497250000,0.038308635
6.497312500,0.037708998
6.497375000,0.037844900
6.497437500,0.038465641
6.497500000,0.039155755
6.497562500,0.039443221
6.497625000,0.039223857
6.497687500,0.038502298
6.497750000,0.037461512
6.497812500,0.036311466
6.497875000,0.035397768
6.497937500,0.034925617
6.498000000,0.035014279
6.498062500,0.035651691
6.498125000,0.036934428
6.498187500,0.038878459
6.498250000,0.041414738
6.498312500,0.044241540
6.498375000,0.047146954
6.498437500,0.049790516
6.498500000,0.051862549
6.498562500,0.053039473
6.498625000,0.053454302
6.498687500,0.053286109
6.498750000,0.052803792
6.498812500,0.052138042
6.498875000,0.051621400
6.498937500,0.051304616
6.499000000,0.051109552
6.499062500,0.050797816
6.499125000,0.050373163
6.499187500,0.049778789
6.499250000,0.049038816
6.499312500,0.048188295
6.499375000,0.047427207
6.499437500,0.046816703
6.499500000,0.046309207
6.499562500,0.045705270
6.499625000,0.044841565
6.499687500,0.043487974
6.499750000,0.041508865
6.499812500,0.038919840
6.499875000,0.036012698
6.499937500,0.033177886
6.500000000,0.030872805
6.500062500,0.029499721
6.500125000,0.029409034
6.500187500,0.030708898
6.500250000,0.033320040
6.500312500,0.036993571
6.500375000,0.041504391
6.500437500,0.046553787
6.500500000,0.051862549
6.500562500,0.057150748
6.500625000,0.062269926
6.500687500,0.067031629
6.500750000,0.071252175
6.500812500,0.074728206
6.500875000,0.077342868
6.500937500,0.078929298
6.501000000,0.079346873
6.501062500,0.078504711
6.501125000,0.076423787
6.501187500,0.073125243
6.501250000,0.068710819
6.501312500,0.063404351
6.501375000,0.057511114
6.501437500,0.051311102
6.501500000,0.045085590
6.501562500,0.039120611
6.501625000,0.033671044
6.501687500,0.028847365
6.501750000,0.024660595
6.501812500,0.021042928
6.501875000,0.017912555
6.501937500,0.015093911
6.502000000,0.012424421
6.502062500,0.009806042
6.502125000,0.007280109
6.502187500,0.004910389
6.502250000,0.002823732
6.502312500,0.001188151
6.502375000,0.000229355
6.502437500,0.000089121
6.502500000,0.000847120
6.502562500,0.002501572
6.502625000,0.004956766
6.502687500,0.007932770
6.502750000,0.011012556
6.502812500,0.013700393
6.502875000,0.015551016
6.502937500,0.016189540
6.503000000,0.015436403
6.503062500,0.013314485
6.503125000,0.010111894
6.503187500,0.006103154
6.503250000,0.001505991
6.503312500,-0.003623046
6.503375000,-0.009193905
6.503437500,-0.015251422
6.503500000,-0.021742739
6.503562500,-0.028443385
6.503625000,-0.034732960
6.503687500,-0.039958358
6.503750000,-0.043485478
6.503812500,-0.044909470
6.503875000,-0.044046793
6.503937500,-0.041218728
6.504000000,-0.037085015
6.504062500,-0.032477759
6.504125000,-0.028104469
6.504187500,-0.024512162
6.504250000,-0.021930987
6.504312500,-0.020281188
6.504375000,-0.019231038
6.504437500,-0.018425534
6.504500000,-0.017601265
6.504562500,-0.016672455
6.504625000,-0.015713947
6.504687500,-0.014924094
6.504750000,-0.014495159
6.504812500,-0.014498913
6.504875000,-0.014858526
6.504937500,-0.015358527
6.505000000,-0.015718777
6.505062500,-0.015667884
6.505125000,-0.015066880
6.505187500,-0.013896953
6.505250000,-0.012236172
6.505312500,-0.010186135
6.505375000,-0.007870991
6.505437500,-0.005409644
6.505500000,-0.002917857
6.505562500,-0.000503097
6.505625000,0.001668696
6.505687500,0.003399513
6.505750000,0.004517972
6.505812500,0.004980279
6.505875000,0.004784605
6.505937500,0.004040607
6.506000000,0.002917857
6.506062500,0.001651854
6.506125000,0.000325589
6.506187500,-0.000988487
6.506250000,-0.002258986
6.506312500,-0.003396741
6.506375000,-0.004441941
6.506437500,-0.005320315
6.506500000,-0.005929837
6.506562500,-0.006116125
6.506625000,-0.005916397
6.506687500,-0.005375237
6.506750000,-0.004612096
6.506812500,-0.003748663
6.506875000,-0.003053046
6.506937500,-0.002729622
6.507000000,-0.002917857
6.507062500,-0.003600102
6.507125000,-0.004793403
6.507187500,-0.006401219
6.507250000,-0.008282948
6.507312500,-0.010219974
6.507375000,-0.012128694
6.507437500,-0.013918260
6.507500000,-0.015530528
6.507562500,-0.016875343
6.507625000,-0.018021621
6.507687500,-0.019042235
6.507750000,-0.020048497
6.507812500,-0.021113953
6.507875000,-0.022418162
6.507937500,-0.024064552
6.508000000,-0.026072461
6.508062500,-0.028297624
6.508125000,-0.030590037
6.508187500,-0.032719217
6.508250000,-0.034449533
6.508312500,-0.035549436
6.508375000,-0.035979230
6.508437500,-0.035827171
6.508500000,-0.035296652
6.508562500,-0.034589425
6.508625000,-0.033968728
6.508687500,-0.033596918
6.508750000,-0.033508290
6.508812500,-0.033567030
6.508875000,-0.033662740
6.508937500,-0.033701550
6.509000000,-0.033696536
6.509062500,-0.033734579
6.509125000,-0.034077089
6.509187500,-0.034944996
6.509250000,-0.036426149
6.509312500,-0.038347106
6.509375000,-0.040446624
6.509437500,-0.042357530
6.509500000,-0.043767847
6.509562500,-0.044484742
6.509625000,-0.044606864
6.509687500,-0.044371232
6.509750000,-0.044050224
6.509812500,-0.043776818
6.509875000,-0.043621991
6.509937500,-0.043503780
6.510000000,-0.043297227
6.510062500,-0.042887256
6.510125000,-0.042346556
6.510187500,-0.041805737
6.510250000,-0.041414738
6.510312500,-0.041228276
6.510375000,-0.041270044
6.510437500,-0.041437563
6.510500000,-0.041602992
6.510562500,-0.041657832
6.510625000,-0.041664053
6.510687500,-0.041710213
6.510750000,-0.041885361
6.510812500,-0.042164426
6.510875000,-0.042498946
6.510937500,-0.042675849
6.511000000,-0.042450108
6.511062500,-0.041612994
6.511125000,-0.040252753
6.511187500,-0.038610090
6.511250000,-0.037085015
6.511312500,-0.036062378
6.511375000,-0.035937112
6.511437500,-0.036793120
6.511500000,-0.038402759
6.511562500,-0.040223621
6.511625000,-0.041737448
6.511687500,-0.042459019
6.511750000,-0.042167734
6.511812500,-0.040929001
6.511875000,-0.039225269
6.511937500,-0.037585292
6.512000000,-0.036426149
6.512062500,-0.035830561
6.512125000,-0.035679512
6.512187500,-0.035538081
6.512250000,-0.034920152
6.512312500,-0.033453315
6.512375000,-0.031182000
6.512437500,-0.028363487
6.512500000,-0.025413590
6.512562500,-0.022683933
6.512625000,-0.020496417
6.512687500,-0.018881967
6.512750000,-0.017695390
6.512812500,-0.016677449
6.512875000,-0.015764678
6.512937500,-0.014943250
6.513000000,-0.014306910
6.513062500,-0.013936679
6.513125000,-0.014038916
6.513187500,-0.014673487
6.513250000,-0.015812902
6.513312500,-0.017302787
6.513375000,-0.019106861
6.513437500,-0.021102061
6.513500000,-0.023154603
6.513562500,-0.025067845
6.513625000,-0.026786091
6.513687500,-0.028205778
6.513750000,-0.029272690
6.513812500,-0.029955704
6.513875000,-0.030394929
6.513937500,-0.030682830
6.514000000,-0.030872805
6.514062500,-0.030904017
6.514125000,-0.030756220
6.514187500,-0.030308913
6.514250000,-0.029460939
6.514312500,-0.028132923
6.514375000,-0.026494291
6.514437500,-0.024730664
6.514500000,-0.023060480
6.514562500,-0.021606274
6.514625000,-0.020579578
6.514687500,-0.020036723
6.514750000,-0.019954374
6.514812500,-0.020176971
6.514875000,-0.020712141
6.514937500,-0.021502886
6.515000000,-0.022495734
6.515062500,-0.023549436
6.515125000,-0.024695855
6.515187500,-0.025916558
6.515250000,-0.027201954
6.515312500,-0.028469870
6.515375000,-0.029769376
6.515437500,-0.031070285
6.515500000,-0.032284670
6.515562500,-0.033205993
6.515625000,-0.033710767
6.515687500,-0.033669684
6.515750000,-0.033037666
6.515812500,-0.031830747
6.515875000,-0.030257965
6.515937500,-0.028531251
6.516000000,-0.026825456
6.516062500,-0.025172831
6.516125000,-0.023623439
6.516187500,-0.022138024
6.516250000,-0.020707369
6.516312500,-0.019361526
6.516375000,-0.018360887
6.516437500,-0.017975669
6.516500000,-0.018448384
6.516562500,-0.019846467
6.516625000,-0.022183899
6.516687500,-0.025245924
6.516750000,-0.028707944
6.516812500,-0.032191101
6.516875000,-0.035503648
6.516937500,-0.038538300
6.517000000,-0.041320615
6.517062500,-0.043930113
6.517125000,-0.046526626
6.517187500,-0.049160924
6.517250000,-0.051768426
6.517312500,-0.054156322
6.517375000,-0.056109443
6.517437500,-0.057380833
6.517500000,-0.057792384
6.517562500,-0.057276133
6.517625000,-0.055919625
6.517687500,-0.053866334
6.517750000,-0.051297802
6.517812500,-0.048402745
6.517875000,-0.045358703
6.517937500,-0.042293247
6.518000000,-0.039344002
6.518062500,-0.036706991
6.518125000,-0.034569398
6.518187500,-0.033033233
6.518250000,-0.032096423
6.518312500,-0.031675179
6.518375000,-0.031567972
6.518437500,-0.031518392
6.518500000,-0.031343430
6.518562500,-0.031050414
6.518625000,-0.030744636
6.518687500,-0.030563815
6.518750000,-0.030590432
6.518812500,-0.030815328
6.518875000,-0.031038521
6.518937500,-0.030958677
6.519000000,-0.030308058
6.519062500,-0.029008672
6.519125000,-0.027138658
6.519187500,-0.024912955
6.519250000,-0.022589857
6.519312500,-0.020396393
6.519375000,-0.018378567
6.519437500,-0.016411003
6.519500000,-0.014306910
6.519562500,-0.011974791
6.519625000,-0.009435073
6.519687500,-0.006796332
6.519750000,-0.004235599
6.519812500,-0.001947742
6.519875000,0.000017413
6.519937500,0.001844665
6.520000000,0.003859101
6.520062500,0.006365133
6.520125000,0.009577524
6.520187500,0.013587323
6.520250000,0.018260136
6.520312500,0.023206932
6.520375000,0.027959313
6.520437500,0.032133289
6.520500000,0.035484903
6.520562500,0.037901744
6.520625000,0.039492898
6.520687500,0.040531632
6.520750000,0.041320615
6.520812500,0.042031921
6.520875000,0.042718407
6.520937500,0.043299083
6.521000000,0.043579601
6.521062500,0.043307327
6.521125000,0.042343050
6.521187500,0.040767625
6.521250000,0.038873378
6.521312500,0.037061866
6.521375000,0.035770614
6.521437500,0.035338677
6.521500000,0.035861399
6.521562500,0.037120685
6.521625000,0.038730714
6.521687500,0.040306844
6.521750000,0.041602992
6.521812500,0.042559683
6.521875000,0.043387339
6.521937500,0.044421695
6.522000000,0.045932710
6.522062500,0.047926638
6.522125000,0.050210565
6.522187500,0.052427448
6.522250000,0.054215658
6.522312500,0.055320725
6.522375000,0.055801220
6.522437500,0.055917308
6.522500000,0.056004021
6.522562500,0.056253426
6.522625000,0.056746822
6.522687500,0.057344388
6.522750000,0.057792384
6.522812500,0.057795137
6.522875000,0.057269566
6.522937500,0.056230132
6.523000000,0.054780405
6.523062500,0.052973766
6.523125000,0.050955299
6.523187500,0.048756592
6.523250000,0.046403330
6.523312500,0.043909501
6.523375000,0.041521829
6.523437500,0.039463572
6.523500000,0.037932139
6.523562500,0.036947273
6.523625000,0.036574561
6.523687500,0.036683094
6.523750000,0.037085015
6.523812500,0.037526034
6.523875000,0.038024720
6.523937500,0.038609087
6.524000000,0.039344002
6.524062500,0.040159699
6.524125000,0.041110866
6.524187500,0.042070065
6.524250000,0.042826608
6.524312500,0.043037079
6.524375000,0.042676508
6.524437500,0.041784402
6.524500000,0.040567622
6.524562500,0.039217602
6.524625000,0.038201839
6.524687500,0.037767895
6.524750000,0.037932139
6.524812500,0.038318254
6.524875000,0.038668416
6.524937500,0.038609952
6.525000000,0.037932139
6.525062500,0.036551233
6.525125000,0.034914888
6.525187500,0.033468049
6.525250000,0.032567047
6.525312500,0.032199789
6.525375000,0.032351382
6.525437500,0.032725379
6.525500000,0.033037666
6.525562500,0.033076327
6.525625000,0.033123702
6.525687500,0.033530578
6.525750000,0.034637783
6.525812500,0.036502492
6.525875000,0.039109897
6.525937500,0.042133346
6.526000000,0.045179714
6.526062500,0.047895528
6.526125000,0.050321884
6.526187500,0.052630533
6.526250000,0.055062778
6.526312500,0.057706162
6.526375000,0.060614403
6.526437500,0.063607998
6.526500000,0.066451833
6.526562500,0.068934269
6.526625000,0.071144141
6.526687500,0.073237218
6.526750000,0.075393654
6.526812500,0.077638045
6.526875000,0.079966441
6.526937500,0.082159616
6.527000000,0.083958976
6.527062500,0.085141003
6.527125000,0.085770026
6.527187500,0.085977629
6.527250000,0.085935585
6.527312500,0.085701600
6.527375000,0.085331596
6.527437500,0.084707029
6.527500000,0.083676599
6.527562500,0.082104050
6.527625000,0.080097608
6.527687500,0.077803344
6.527750000,0.075393654
6.527812500,0.072933294
6.527875000,0.070510782
6.527937500,0.068066888
6.528000000,0.065510593
6.528062500,0.062741891
6.528125000,0.059866894
6.528187500,0.057008967
6.528250000,0.054309785
6.528312500,0.051814090
6.528375000,0.049590405
6.528437500,0.047551647
6.528500000,0.045556214
6.528562500,0.043425705
6.528625000,0.041184392
6.528687500,0.038875155
6.528750000,0.036614396
6.528812500,0.034494180
6.528875000,0.032724503
6.528937500,0.031347517
6.529000000,0.030308058
6.529062500,0.029415265
6.529125000,0.028642578
6.529187500,0.027886970
6.529250000,0.027107829
6.529312500,0.026255285
6.529375000,0.025541358
6.529437500,0.025039732
6.529500000,0.024754720
6.529562500,0.024511110
6.529625000,0.024344036
6.529687500,0.024154821
6.529750000,0.023907598
6.529812500,0.023560686
6.529875000,0.023432404
6.529937500,0.023705643
6.530000000,0.024472345
6.530062500,0.025561718
6.530125000,0.026907945
6.530187500,0.028192196
6.530250000,0.029084442
6.530312500,0.029262926
6.530375000,0.028837977
6.530437500,0.027969727
6.530500000,0.026919581
6.530562500,0.025856545
6.530625000,0.025072353
6.530687500,0.024590107
6.530750000,0.024284096
6.530812500,0.023874344
6.530875000,0.023297554
6.530937500,0.022498364
6.531000000,0.021554491
6.531062500,0.020589026
6.531125000,0.019937988
6.531187500,0.019817805
6.531250000,0.020330872
6.531312500,0.021382574
6.531375000,0.022902632
6.531437500,0.024707051
6.531500000,0.026637208
6.531562500,0.028569408
6.531625000,0.030593537
6.531687500,0.032806739
6.531750000,0.035296652
6.531812500,0.038030569
6.531875000,0.040963739
6.531937500,0.043899734
6.532000000,0.046591584
6.532062500,0.048780456
6.532125000,0.050389521
6.532187500,0.051416248
6.532250000,0.051956676
6.532312500,0.052128211
6.532375000,0.052108750
6.532437500,0.051982693
6.532500000,0.051768426
6.532562500,0.051421866
6.532625000,0.050940659
6.532687500,0.050300952
6.532750000,0.049509440
6.532812500,0.048590951
6.532875000,0.047635715
6.532937500,0.046682298
6.533000000,0.045744464
6.533062500,0.044802140
6.533125000,0.043860417
6.533187500,0.042872779
6.533250000,0.041791238
6.533312500,0.040579919
6.533375000,0.039264109
6.533437500,0.037864625
6.533500000,0.036426149
6.533562500,0.035006847
6.533625000,0.033682827
6.533687500,0.032470267
6.533750000,0.031343430
6.533812500,0.030251741
6.533875000,0.029153617
6.533937500,0.028008012
6.534000000,0.026825456
6.534062500,0.025673686
6.534125000,0.024679240
6.534187500,0.023906756
6.534250000,0.023342853
6.534312500,0.022874177
6.534375000,0.022351796
6.534437500,0.021557966
6.534500000,0.020330872
6.534562500,0.018620225
6.534625000,0.016567651
6.534687500,0.014326195
6.534750000,0.012047924
6.534812500,0.009820960
6.534875000,0.007723680
6.534937500,0.005714205
6.535000000,0.003764976
6.535062500,0.001919837
6.535125000,0.000360683
6.535187500,-0.000793624
6.535250000,-0.001505991
6.535312500,-0.001871532
6.535375000,-0.002048705
6.535437500,-0.002303053
6.535500000,-0.002823732
6.535562500,-0.003627716
6.535625000,-0.004510406
6.535687500,-0.005260314
6.535750000,-0.005741589
6.535812500,-0.005989471
6.535875000,-0.006171104
6.535937500,-0.006583806
6.536000000,-0.007435828
6.536062500,-0.008705847
6.536125000,-0.010082960
6.536187500,-0.011177773
6.536250000,-0.011671427
6.536312500,-0.011480129
6.536375000,-0.010777215
6.536437500,-0.009978671
6.536500000,-0.009506566
6.536562500,-0.009584359
6.536625000,-0.010121269
6.536687500,-0.010834772
6.536750000,-0.011389053
6.536812500,-0.011575276
6.536875000,-0.011406969
6.536937500,-0.011141236
6.537000000,-0.011106680
6.537062500,-0.011515667
6.537125000,-0.012357011
6.537187500,-0.013441986
6.537250000,-0.014495159
6.537312500,-0.015282045
6.537375000,-0.015739752
6.537437500,-0.015979806
6.537500000,-0.016189398
6.537562500,-0.016487639
6.537625000,-0.016896386
6.537687500,-0.017315743
6.537750000,-0.017601265
6.537812500,-0.017640367
6.537875000,-0.017460875
6.537937500,-0.017180817
6.538000000,-0.016942395
6.538062500,-0.016808311
6.538125000,-0.016756153
6.538187500,-0.016661260
6.538250000,-0.016377648
6.538312500,-0.015808055
6.538375000,-0.015000441
6.538437500,-0.014094948
6.538500000,-0.013271542
6.538562500,-0.012650610
6.538625000,-0.012297765
6.538687500,-0.012164077
6.538750000,-0.012142048
6.538812500,-0.012099307
6.538875000,-0.012015885
6.538937500,-0.011914709
6.539000000,-0.011859675
6.539062500,-0.011879326
6.539125000,-0.012035998
6.539187500,-0.012324593
6.539250000,-0.012706795
6.539312500,-0.013093650
6.539375000,-0.013503849
6.539437500,-0.013958915
6.539500000,-0.014495159
6.539562500,-0.015083130
6.539625000,-0.015755437
6.539687500,-0.016467562
6.539750000,-0.017130643
6.539812500,-0.017574266
6.539875000,-0.017745599
6.539937500,-0.017595893
6.540000000,-0.017130643
6.540062500,-0.016349576
6.540125000,-0.015400763
6.540187500,-0.014404538
6.540250000,-0.013459790
6.540312500,-0.012565143
6.540375000,-0.011786018
6.540437500,-0.011116904
6.540500000,-0.010541934
6.540562500,-0.010004853
6.540625000,-0.009579429
6.540687500,-0.009327619
6.540750000,-0.009318316
6.540812500,-0.009552948
6.540875000,-0.010099368
6.540937500,-0.010947442
6.541000000,-0.012047924
6.541062500,-0.013280244
6.541125000,-0.014612624
6.541187500,-0.015998175
6.541250000,-0.017413015
6.541312500,-0.018803786
6.541375000,-0.020232776
6.541437500,-0.021737149
6.541500000,-0.023342853
6.541562500,-0.024995897
6.541625000,-0.026724275
6.541687500,-0.028506583
6.541750000,-0.030308058
6.541812500,-0.032022499
6.541875000,-0.033647355
6.541937500,-0.035135623
6.542000000,-0.036426149
6.542062500,-0.037383933
6.542125000,-0.038014628
6.542187500,-0.038330764
6.542250000,-0.038402759
6.542312500,-0.038277574
6.542375000,-0.038147163
6.542437500,-0.038120259
6.542500000,-0.038214508
6.542562500,-0.038270220
6.542625000,-0.038191751
6.542687500,-0.037845768
6.542750000,-0.037179142
6.542812500,-0.036196776
6.542875000,-0.035129581
6.542937500,-0.034208905
6.543000000,-0.033602413
6.543062500,-0.033283595
6.543125000,-0.033176068
6.543187500,-0.033088811
6.543250000,-0.032849420
6.543312500,-0.032353356
6.543375000,-0.031741563
6.543437500,-0.031253908
6.543500000,-0.031155180
6.543562500,-0.031577960
6.543625000,-0.032564018
6.543687500,-0.033954896
6.543750000,-0.035484903
6.543812500,-0.036844678
6.543875000,-0.037904412
6.543937500,-0.038641013
6.544000000,-0.039155755
6.544062500,-0.039569534
6.544125000,-0.040085111
6.544187500,-0.040793467
6.544250000,-0.041697115
6.544312500,-0.042685375
6.544375000,-0.043716338
6.544437500,-0.044696793
6.544500000,-0.045556214
6.544562500,-0.046216331
6.544625000,-0.046736069
6.544687500,-0.047134802
6.544750000,-0.047438700
6.544812500,-0.047634505
6.544875000,-0.047782943
6.544937500,-0.047841515
6.545000000,-0.047721073
6.545062500,-0.047281813
6.545125000,-0.046487071
6.545187500,-0.045299344
6.545250000,-0.043767847
6.545312500,-0.042008981
6.545375000,-0.040263910
6.545437500,-0.038693674
6.545500000,-0.037367389
6.545562500,-0.036218401
6.545625000,-0.035148911
6.545687500,-0.033976573
6.545750000,-0.032567047
6.545812500,-0.030893138
6.545875000,-0.029115925
6.545937500,-0.027438793
6.546000000,-0.026072461
6.546062500,-0.025149107
6.546125000,-0.024719317
6.546187500,-0.024658065
6.546250000,-0.024754720
6.546312500,-0.024785081
6.546375000,-0.024644338
6.546437500,-0.024277089
6.546500000,-0.023719350
6.546562500,-0.023047170
6.546625000,-0.022404579
6.546687500,-0.021826180
6.546750000,-0.021272115
6.546812500,-0.020627147
6.546875000,-0.019844316
6.546937500,-0.018843118
6.547000000,-0.017601265
6.547062500,-0.016141135
6.547125000,-0.014624579
6.547187500,-0.013147578
6.547250000,-0.011765551
6.547312500,-0.010450855
6.547375000,-0.009232164
6.547437500,-0.008051168
6.547500000,-0.006871082
6.547562500,-0.005677118
6.547625000,-0.004608626
6.547687500,-0.003741254
6.547750000,-0.003106105
6.547812500,-0.002629962
6.547875000,-0.002254632
6.547937500,-0.001807861
6.548000000,-0.001129493
6.548062500,-0.000115868
6.548125000,0.001144381
6.548187500,0.002524718
6.548250000,0.003859101
6.548312500,0.005022513
6.548375000,0.005885978
6.548437500,0.006451063
6.548500000,0.006776957
6.548562500,0.006948723
6.548625000,0.006957357
6.548687500,0.006788409
6.548750000,0.006400459
6.548812500,0.005775522
6.548875000,0.004876647
6.548937500,0.003762264
6.549000000,0.002541359
6.549062500,0.001358609
6.549125000,0.000293451
6.549187500,-0.000576698
6.549250000,-0.001223617
6.549312500,-0.001659708
6.549375000,-0.001974214
6.549437500,-0.002243187
6.549500000,-0.002541359
6.549562500,-0.002928124
6.549625000,-0.003451966
6.549687500,-0.004095912
6.549750000,-0.004800345
6.549812500,-0.005489308
6.549875000,-0.006070921
6.549937500,-0.006455095
6.550000000,-0.006588709
6.550062500,-0.006496374
6.550125000,-0.006216326
6.550187500,-0.005814461
6.550250000,-0.005365091
6.550312500,-0.004972377
6.550375000,-0.004656501
6.550437500,-0.004416793
6.550500000,-0.004235599
6.550562500,-0.004146993
6.550625000,-0.004110516
6.550687500,-0.004109977
6.550750000,-0.004141474
6.550812500,-0.004274329
6.550875000,-0.004467728
6.550937500,-0.004689671
6.551000000,-0.004894469
6.551062500,-0.005100565
6.551125000,-0.005214668
6.551187500,-0.005185897
6.551250000,-0.004988594
6.551312500,-0.004697980
6.551375000,-0.004285613
6.551437500,-0.003755274
6.551500000,-0.003106105
6.551562500,-0.002399781
6.551625000,-0.001577326
6.551687500,-0.000599195
6.551750000,0.000564746
6.551812500,0.001855620
6.551875000,0.003297988
6.551937500,0.004882724
6.552000000,0.006588709
6.552062500,0.008320954
6.552125000,0.010093846
6.552187500,0.011922644
6.552250000,0.013836288
6.552312500,0.015801325
6.552375000,0.017864674
6.552437500,0.020039257
6.552500000,0.022307485
6.552562500,0.024647349
6.552625000,0.026943095
6.552687500,0.029114932
6.552750000,0.031155180
6.552812500,0.033190630
6.552875000,0.035344161
6.552937500,0.037720840
6.553000000,0.040285248
6.553062500,0.042846803
6.553125000,0.045035094
6.553187500,0.046533048
6.553250000,0.047250453
6.553312500,0.047447339
6.553375000,0.047576621
6.553437500,0.048105840
6.553500000,0.049227066
6.553562500,0.050734363
6.553625000,0.052055851
6.553687500,0.052625868
6.553750000,0.052239046
6.553812500,0.051253341
6.553875000,0.050396472
6.553937500,0.050376963
6.554000000,0.051391926
6.554062500,0.052915446
6.554125000,0.053905711
6.554187500,0.053443208
6.554250000,0.051391926
6.554312500,0.048697315
6.554375000,0.047034003
6.554437500,0.047900572
6.554500000,0.051580172
6.554562500,0.056551918
6.554625000,0.059791345
6.554687500,0.057900958
6.554750000,0.048662320
6.554812500,0.032224279
6.554875000,0.011382782
6.554937500,-0.009389065
6.555000000,-0.025601838
6.555062500,-0.034461640
6.555125000,-0.035738666
6.555187500,-0.031660311
6.555250000,-0.025695963
6.555312500,-0.021028111
6.555375000,-0.019254453
6.555437500,-0.020178834
6.555500000,-0.022307485
6.555562500,-0.023916770
6.555625000,-0.023843236
6.555687500,-0.022078173
6.555750000,-0.019483753
6.555812500,-0.017214721
6.555875000,-0.015898583
6.555937500,-0.015550612
6.556000000,-0.015624652
6.556062500,-0.015471575
6.556125000,-0.014545953
6.556187500,-0.012841043
6.556250000,-0.010730183
6.556312500,-0.008762314
6.556375000,-0.007176137
6.556437500,-0.006030121
6.556500000,-0.005176842
6.556562500,-0.004478802
6.556625000,-0.003731906
6.556687500,-0.002957060
6.556750000,-0.002258986
6.556812500,-0.001775871
6.556875000,-0.001390127
6.556937500,-0.000973677
6.557000000,-0.000376498
6.557062500,0.000428199
6.557125000,0.001512236
6.557187500,0.002749542
6.557250000,0.003953225
6.557312500,0.004892707
6.557375000,0.005570128
6.557437500,0.006005859
6.557500000,0.006306335
6.557562500,0.006613433
6.557625000,0.007103409
6.557687500,0.007945670
6.557750000,0.009224192
6.557812500,0.010877039
6.557875000,0.012759316
6.557937500,0.014705395
6.558000000,0.016565897
6.558062500,0.018218689
6.558125000,0.019647073
6.558187500,0.020918509
6.558250000,0.022119237
6.558312500,0.023265827
6.558375000,0.024357790
6.558437500,0.025368771
6.558500000,0.026260709
6.558562500,0.026971189
6.558625000,0.027509678
6.558687500,0.027918842
6.558750000,0.028237322
6.558812500,0.028431712
6.558875000,0.028479638
6.558937500,0.028352316
6.559000000,0.028049074
6.559062500,0.027585285
6.559125000,0.027092261
6.559187500,0.026730087
6.559250000,0.026637208
6.559312500,0.026833218
6.559375000,0.027296925
6.559437500,0.027911404
6.559500000,0.028519696
6.559562500,0.028941767
6.559625000,0.029137244
6.559687500,0.029147156
6.559750000,0.029084442
6.559812500,0.029035911
6.559875000,0.029139284
6.559937500,0.029446753
6.560000000,0.029931562
6.560062500,0.030454928
6.560125000,0.030946061
6.560187500,0.031339254
6.560250000,0.031625804
6.560312500,0.031805675
6.560375000,0.032009225
6.560437500,0.032338727
6.560500000,0.032849420
6.560562500,0.033467643
6.560625000,0.034147773
6.560687500,0.034765944
6.560750000,0.035202529
6.560812500,0.035335630
6.560875000,0.035210796
6.560937500,0.034887504
6.561000000,0.034449533
6.561062500,0.033924006
6.561125000,0.033410065
6.561187500,0.032926083
6.561250000,0.032472920
6.561312500,0.032011557
6.561375000,0.031626601
6.561437500,0.031362239
6.561500000,0.031249303
6.561562500,0.031242162
6.561625000,0.031357925
6.561687500,0.031537198
6.561750000,0.031719927
6.561812500,0.031840615
6.561875000,0.031966828
6.561937500,0.032156419
6.562000000,0.032472920
6.562062500,0.032923080
6.562125000,0.033537947
6.562187500,0.034242369
6.562250000,0.034920152
6.562312500,0.035431128
6.562375000,0.035743427
6.562437500,0.035840739
6.562500000,0.035767276
6.562562500,0.035591632
6.562625000,0.035440601
6.562687500,0.035352685
6.562750000,0.035296652
6.562812500,0.035165731
6.562875000,0.034877092
6.562937500,0.034313541
6.563000000,0.033414163
6.563062500,0.032193281
6.563125000,0.030806312
6.563187500,0.029407160
6.563250000,0.028143197
6.563312500,0.027102644
6.563375000,0.026357062
6.563437500,0.025856329
6.563500000,0.025507715
6.563562500,0.025213717
6.563625000,0.024959454
6.563687500,0.024716310
6.563750000,0.024472345
6.563812500,0.024205176
6.563875000,0.023910403
6.563937500,0.023501847
6.564000000,0.022872232
6.564062500,0.021924542
6.564125000,0.020665310
6.564187500,0.019128455
6.564250000,0.017413015
6.564312500,0.015647851
6.564375000,0.014012652
6.564437500,0.012591477
6.564500000,0.011389053
6.564562500,0.010318919
6.564625000,0.009307505
6.564687500,0.008222790
6.564750000,0.006965206
6.564812500,0.005484594
6.564875000,0.003887883
6.564937500,0.002293890
6.565000000,0.000847120
6.565062500,-0.000345889
6.565125000,-0.001160492
6.565187500,-0.001609554
6.565250000,-0.001788364
6.565312500,-0.001861728
6.565375000,-0.001927351
6.565437500,-0.002102659
6.565500000,-0.002447235
6.565562500,-0.002973302
6.565625000,-0.003578735
6.565687500,-0.004201042
6.565750000,-0.004800345
6.565812500,-0.005383129
6.565875000,-0.005926450
6.565937500,-0.006453238
6.566000000,-0.006965206
6.566062500,-0.007434749
6.566125000,-0.007749437
6.566187500,-0.007828355
6.566250000,-0.007624077
6.566312500,-0.007158984
6.566375000,-0.006478674
6.566437500,-0.005711054
6.566500000,-0.004988594
6.566562500,-0.004406501
6.566625000,-0.003944609
6.566687500,-0.003544071
6.566750000,-0.003106105
6.566812500,-0.002539363
6.566875000,-0.001766157
6.566937500,-0.000799977
6.567000000,0.000282373
6.567062500,0.001365823
6.567125000,0.002349216
6.567187500,0.003137368
6.567250000,0.003670852
6.567312500,0.003931527
6.567375000,0.003948533
6.567437500,0.003773855
6.567500000,0.003482603
6.567562500,0.003164260
6.567625000,0.002895326
6.567687500,0.002720336
6.567750000,0.002635483
6.567812500,0.002592351
6.567875000,0.002508560
6.567937500,0.002312908
6.568000000,0.001976613
6.568062500,0.001535802
6.568125000,0.001063989
6.568187500,0.000655086
6.568250000,0.000376498
6.568312500,0.000243703
6.568375000,0.000196374
6.568437500,0.000144119
6.568500000,-0.000000000
6.568562500,-0.000271901
6.568625000,-0.000666429
6.568687500,-0.001110734
6.568750000,-0.001505991
6.568812500,-0.001757046
6.568875000,-0.001845180
6.568937500,-0.001799062
6.569000000,-0.001694239
6.569062500,-0.001611534
6.569125000,-0.001629460
6.569187500,-0.001765103
6.569250000,-0.001976613
6.569312500,-0.002177064
6.569375000,-0.002291588
6.569437500,-0.002279595
6.569500000,-0.002164861
6.569562500,-0.002027008
6.569625000,-0.001973886
6.569687500,-0.002082326
6.569750000,-0.002353110
6.569812500,-0.002697406
6.569875000,-0.002967021
6.569937500,-0.003027558
6.570000000,-0.002823732
6.570062500,-0.002416163
6.570125000,-0.001966808
6.570187500,-0.001677411
6.570250000,-0.001694239
6.570312500,-0.002032838
6.570375000,-0.002568572
6.570437500,-0.003089309
6.570500000,-0.003388479
6.570562500,-0.003354275
6.570625000,-0.003029624
6.570687500,-0.002588749
6.570750000,-0.002258986
6.570812500,-0.002216820
6.570875000,-0.002536592
6.570937500,-0.003163232
6.571000000,-0.003953225
6.571062500,-0.004734400
6.571125000,-0.005385411
6.571187500,-0.005848171
6.571250000,-0.006118086
6.571312500,-0.006203988
6.571375000,-0.006121638
6.571437500,-0.005871472
6.571500000,-0.005459215
6.571562500,-0.004913472
6.571625000,-0.004309440
6.571687500,-0.003741551
6.571750000,-0.003294354
6.571812500,-0.003004628
6.571875000,-0.002859263
6.571937500,-0.002793849
6.572000000,-0.002729608
6.572062500,-0.002608012
6.572125000,-0.002426297
6.572187500,-0.002225342
6.572250000,-0.002070737
6.572312500,-0.002021754
6.572375000,-0.002102743
6.572437500,-0.002292838
6.572500000,-0.002541359
6.572562500,-0.002797998
6.572625000,-0.003025621
6.572687500,-0.003215661
6.572750000,-0.003388479
6.572812500,-0.003588138
6.572875000,-0.003842510
6.572937500,-0.004158793
6.573000000,-0.004517972
6.573062500,-0.004890394
6.573125000,-0.005227702
6.573187500,-0.005487429
6.573250000,-0.005647464
6.573312500,-0.005722336
6.573375000,-0.005731660
6.573437500,-0.005701066
6.573500000,-0.005647464
6.573562500,-0.005578759
6.573625000,-0.005471601
6.573687500,-0.005286804
6.573750000,-0.004988594
6.573812500,-0.004572154
6.573875000,-0.004062832
6.573937500,-0.003516280
6.574000000,-0.003011981
6.574062500,-0.002638369
6.574125000,-0.002449141
6.574187500,-0.002439253
6.574250000,-0.002541359
6.574312500,-0.002649513
6.574375000,-0.002627766
6.574437500,-0.002360163
6.574500000,-0.001788364
6.574562500,-0.000947319
6.574625000,0.000085241
6.574687500,0.001192749
6.574750000,0.002258986
6.574812500,0.003174604
6.574875000,0.003924737
6.574937500,0.004540987
6.575000000,0.005082718
6.575062500,0.005571828
6.575125000,0.006059009
6.575187500,0.006558564
6.575250000,0.007059331
6.575312500,0.007494476
6.575375000,0.007867070
6.575437500,0.008186723
6.575500000,0.008471197
6.575562500,0.008682694
6.575625000,0.008845776
6.575687500,0.008964944
6.575750000,0.009035943
6.575812500,0.008995183
6.575875000,0.008874760
6.575937500,0.008715223
6.576000000,0.008565322
6.576062500,0.008400236
6.576125000,0.008272725
6.576187500,0.008203163
6.576250000,0.008188824
6.576312500,0.008134096
6.576375000,0.008054202
6.576437500,0.007965907
6.576500000,0.007906451
6.576562500,0.007845799
6.576625000,0.007898474
6.576687500,0.008169197
6.576750000,0.008753570
6.576812500,0.009620327
6.576875000,0.010836362
6.576937500,0.012390682
6.577000000,0.014212786
6.577062500,0.016078275
6.577125000,0.017913992
6.577187500,0.019650213
6.577250000,0.021272115
6.577312500,0.022705814
6.577375000,0.024099400
6.577437500,0.025572015
6.577500000,0.027201954
6.577562500,0.028871294
6.577625000,0.030594859
6.577687500,0.032314803
6.577750000,0.033978913
6.577812500,0.035441756
6.577875000,0.036809694
6.577937500,0.038176421
6.578000000,0.039626375
6.578062500,0.041066181
6.578125000,0.042554814
6.578187500,0.044064384
6.578250000,0.045556214
6.578312500,0.046883620
6.578375000,0.048152510
6.578437500,0.049462851
6.578500000,0.050921306
6.578562500,0.052472625
6.578625000,0.054197315
6.578687500,0.056061722
6.578750000,0.057980634
6.578812500,0.059734292
6.578875000,0.061333977
6.578937500,0.062816776
6.579000000,0.064286970
6.579062500,0.065764777
6.579125000,0.067442574
6.579187500,0.069403701
6.579250000,0.071628675
6.579312500,0.073880441
6.579375000,0.076056108
6.579437500,0.078023769
6.579500000,0.079723373
6.579562500,0.081075758
6.579625000,0.082279541
6.579687500,0.083511412
6.579750000,0.084900215
6.579812500,0.086351685
6.579875000,0.087858848
6.579937500,0.089277454
6.580000000,0.090453550
6.580062500,0.091178231
6.580125000,0.091557585
6.580187500,0.091727637
6.580250000,0.091865420
6.580312500,0.091999233
6.580375000,0.092284843
6.580437500,0.092689462
6.580500000,0.093089037
6.580562500,0.093211986
6.580625000,0.093045048
6.580687500,0.092572473
6.580750000,0.091865420
6.580812500,0.090938650
6.580875000,0.090048604
6.580937500,0.089312300
6.581000000,0.088759318
6.581062500,0.088216819
6.581125000,0.087696411
6.581187500,0.087108366
6.581250000,0.086406209
6.581312500,0.085498139
6.581375000,0.084609531
6.581437500,0.083876804
6.581500000,0.083394229
6.581562500,0.083049819
6.581625000,0.082907625
6.581687500,0.082847893
6.581750000,0.082735352
6.581812500,0.082350373
6.581875000,0.081830099
6.581937500,0.081241518
6.582000000,0.080664620
6.582062500,0.080016278
6.582125000,0.079463094
6.582187500,0.078976475
6.582250000,0.078499757
6.582312500,0.077853203
6.582375000,0.077206068
6.582437500,0.076597981
6.582500000,0.076052524
6.582562500,0.075418845
6.582625000,0.074820898
6.582687500,0.074200839
6.582750000,0.073511161
6.582812500,0.072626784
6.582875000,0.071794152
6.582937500,0.071123920
6.583000000,0.070687436
6.583062500,0.070351981
6.583125000,0.070197545
6.583187500,0.070079058
6.583250000,0.069840305
6.583312500,0.069269292
6.583375000,0.068552919
6.583437500,0.067813009
6.583500000,0.067204826
6.583562500,0.066747159
6.583625000,0.066660874
6.583687500,0.066915788
6.583750000,0.067393072
6.583812500,0.067835428
6.583875000,0.068270892
6.583937500,0.068631455
6.584000000,0.068899065
6.584062500,0.069005132
6.584125000,0.069149598
6.584187500,0.069387741
6.584250000,0.069746181
6.584312500,0.070131540
6.584375000,0.070663527
6.584437500,0.071288645
6.584500000,0.071911044
6.584562500,0.072325148
6.584625000,0.072556108
6.584687500,0.072523452
6.584750000,0.072193421
6.584812500,0.071517229
6.584875000,0.070707761
6.584937500,0.069852710
6.585000000,0.068993188
6.585062500,0.068038248
6.585125000,0.067052767
6.585187500,0.065970026
6.585250000,0.064757593
6.585312500,0.063394129
6.585375000,0.062096156
6.585437500,0.060968142
6.585500000,0.060051370
6.585562500,0.059245672
6.585625000,0.058528859
6.585687500,0.057739526
6.585750000,0.056757014
6.585812500,0.055523973
6.585875000,0.054232899
6.585937500,0.053014901
6.586000000,0.051956676
6.586062500,0.051012807
6.586125000,0.050150137
6.586187500,0.049172059
6.586250000,0.047909327
6.586312500,0.046290379
6.586375000,0.044529378
6.586437500,0.042856071
6.586500000,0.041508865
6.586562500,0.040601443
6.586625000,0.040203206
6.586687500,0.040107608
6.586750000,0.040002871
6.586812500,0.039574213
6.586875000,0.038741801
6.586937500,0.037491750
6.587000000,0.035955522
6.587062500,0.034331638
6.587125000,0.032917004
6.587187500,0.031809185
6.587250000,0.030966930
6.587312500,0.030225083
6.587375000,0.029456493
6.587437500,0.028438104
6.587500000,0.027013704
6.587562500,0.025143849
6.587625000,0.022991573
6.587687500,0.020704614
6.587750000,0.018448384
6.587812500,0.016365515
6.587875000,0.014587124
6.587937500,0.013064572
6.588000000,0.011671427
6.588062500,0.010275480
6.588125000,0.008808467
6.588187500,0.007179142
6.588250000,0.005365091
6.588312500,0.003446425
6.588375000,0.001593029
6.588437500,-0.000067288
6.588500000,-0.001411866
6.588562500,-0.002316472
6.588625000,-0.002704175
6.588687500,-0.002655217
6.588750000,-0.002353110
6.588812500,-0.002018480
6.588875000,-0.001879852
6.588937500,-0.002171026
6.589000000,-0.003011981
6.589062500,-0.004333817
6.589125000,-0.005935399
6.589187500,-0.007598427
6.589250000,-0.009130068
6.589312500,-0.010398190
6.589375000,-0.011393298
6.589437500,-0.012257623
6.589500000,-0.013177417
6.589562500,-0.014268132
6.589625000,-0.015558225
6.589687500,-0.017016059
6.589750000,-0.018542508
6.589812500,-0.019988202
6.589875000,-0.021259371
6.589937500,-0.022375790
6.590000000,-0.023436978
6.590062500,-0.024547866
6.590125000,-0.025812164
6.590187500,-0.027298912
6.590250000,-0.028990317
6.590312500,-0.030749643
6.590375000,-0.032426830
6.590437500,-0.033900186
6.590500000,-0.035108406
6.590562500,-0.036030155
6.590625000,-0.036749680
6.590687500,-0.037383512
6.590750000,-0.038026262
6.590812500,-0.038672388
6.590875000,-0.039304782
6.590937500,-0.039862651
6.591000000,-0.040285248
6.591062500,-0.040505391
6.591125000,-0.040566180
6.591187500,-0.040533431
6.591250000,-0.040473495
6.591312500,-0.040376607
6.591375000,-0.040243000
6.591437500,-0.040015511
6.591500000,-0.039626375
6.591562500,-0.039004579
6.591625000,-0.038199700
6.591687500,-0.037320074
6.591750000,-0.036520272
6.591812500,-0.035915244
6.591875000,-0.035623662
6.591937500,-0.035642516
6.592000000,-0.035861399
6.592062500,-0.036064774
6.592125000,-0.036088362
6.592187500,-0.035804924
6.592250000,-0.035202529
6.592312500,-0.034364831
6.592375000,-0.033518679
6.592437500,-0.032854091
6.592500000,-0.032472920
6.592562500,-0.032320466
6.592625000,-0.032298096
6.592687500,-0.032231368
6.592750000,-0.032002300
6.592812500,-0.031589262
6.592875000,-0.031162830
6.592937500,-0.030889781
6.593000000,-0.030872805
6.593062500,-0.031050466
6.593125000,-0.031303696
6.593187500,-0.031397283
6.593250000,-0.031155180
6.593312500,-0.030537827
6.593375000,-0.029764473
6.593437500,-0.029087186
6.593500000,-0.028707944
6.593562500,-0.028640728
6.593625000,-0.028781090
6.593687500,-0.028834397
6.593750000,-0.028519696
6.593812500,-0.027698420
6.593875000,-0.026526354
6.593937500,-0.025262840
6.594000000,-0.024189973
6.594062500,-0.023458729
6.594125000,-0.023079259
6.594187500,-0.022824576
6.594250000,-0.022401609
6.594312500,-0.021597389
6.594375000,-0.020423943
6.594437500,-0.019017570
6.594500000,-0.017601265
6.594562500,-0.016370699
6.594625000,-0.015442698
6.594687500,-0.014745015
6.594750000,-0.014118661
6.594812500,-0.013422061
6.594875000,-0.012627359
6.594937500,-0.011762260
6.595000000,-0.010918431
6.595062500,-0.010206506
6.595125000,-0.009696872
6.595187500,-0.009341539
6.595250000,-0.009035943
6.595312500,-0.008691025
6.595375000,-0.008268825
6.595437500,-0.007748835
6.595500000,-0.007153455
6.595562500,-0.006544587
6.595625000,-0.005976762
6.595687500,-0.005438903
6.595750000,-0.004894469
6.595812500,-0.004323824
6.595875000,-0.003725640
6.595937500,-0.003074958
6.596000000,-0.002353110
6.596062500,-0.001561130
6.596125000,-0.000705919
6.596187500,0.000244240
6.596250000,0.001317742
6.596312500,0.002512906
6.596375000,0.003782228
6.596437500,0.005092539
6.596500000,0.006400459
6.596562500,0.007652140
6.596625000,0.008782958
6.596687500,0.009775933
6.596750000,0.010636058
6.596812500,0.011382909
6.596875000,0.012036637
6.596937500,0.012668246
6.597000000,0.013365666
6.597062500,0.014211351
6.597125000,0.015245334
6.597187500,0.016483735
6.597250000,0.017883638
6.597312500,0.019344131
6.597375000,0.020716699
6.597437500,0.021883013
6.597500000,0.022778107
6.597562500,0.023413252
6.597625000,0.023849798
6.597687500,0.024200017
6.597750000,0.024566470
6.597812500,0.025005346
6.597875000,0.025485380
6.597937500,0.025934264
6.598000000,0.026260709
6.598062500,0.026396593
6.598125000,0.026301870
6.598187500,0.025992068
6.598250000,0.025507715
6.598312500,0.024889670
6.598375000,0.024142440
6.598437500,0.023255317
6.598500000,0.022213360
6.598562500,0.021022730
6.598625000,0.019723490
6.598687500,0.018394778
6.598750000,0.017130643
6.598812500,0.016008556
6.598875000,0.015067706
6.598937500,0.014296946
6.599000000,0.013648040
6.599062500,0.013053474
6.599125000,0.012468132
6.599187500,0.011856152
6.599250000,0.011200804
6.599312500,0.010489568
6.599375000,0.009743388
6.599437500,0.008971427
6.599500000,0.008188824
6.599562500,0.007406279
6.599625000,0.006663326
6.599687500,0.005960935
6.599750000,0.005270967
6.599812500,0.004528670
6.599875000,0.003707332
6.599937500,0.002782873
6.600000000,0.001788364
6.600062500,0.000806506
6.600125000,-0.000000892
6.600187500,-0.000529522
6.600250000,-0.000752995
6.600312500,-0.000756374
6.600375000,-0.000654598
6.600437500,-0.000616308
6.600500000,-0.000752995
6.600562500,-0.001073712
6.600625000,-0.001428597
6.600687500,-0.001649927
6.600750000,-0.001600115
6.600812500,-0.001249994
6.600875000,-0.000657050
6.600937500,-0.000012972
6.601000000,0.000470622
6.601062500,0.000653409
6.601125000,0.000550102
6.601187500,0.000271463
6.601250000,0.000000000
6.601312500,-0.000079737
6.601375000,0.000145607
6.601437500,0.000652879
6.601500000,0.001317742
6.601562500,0.001984423
6.601625000,0.002514295
6.601687500,0.002824105
6.601750000,0.002917857
6.601812500,0.002892759
6.601875000,0.002848475
6.601937500,0.002852262
6.602000000,0.002917857
6.602062500,0.003039045
6.602125000,0.003130818
6.602187500,0.003106943
6.602250000,0.002917857
6.602312500,0.002611485
6.602375000,0.002232047
6.602437500,0.001846873
6.602500000,0.001505991
6.602562500,0.001263331
6.602625000,0.001050542
6.602687500,0.000780055
6.602750000,0.000376498
6.602812500,-0.000131137
6.602875000,-0.000728397
6.602937500,-0.001339181
6.603000000,-0.001882488
6.603062500,-0.002261045
6.603125000,-0.002540794
6.603187500,-0.002838179
6.603250000,-0.003294354
6.603312500,-0.003954467
6.603375000,-0.004893361
6.603437500,-0.006084321
6.603500000,-0.007435828
6.603562500,-0.008758458
6.603625000,-0.009981050
6.603687500,-0.011050656
6.603750000,-0.011953799
6.603812500,-0.012644739
6.603875000,-0.013213952
6.603937500,-0.013777917
6.604000000,-0.014495159
6.604062500,-0.015478976
6.604125000,-0.016904725
6.604187500,-0.018834531
6.604250000,-0.021177992
6.604312500,-0.023632037
6.604375000,-0.025886049
6.604437500,-0.027652662
6.604500000,-0.028802069
6.604562500,-0.029377449
6.604625000,-0.029683976
6.604687500,-0.030089410
6.604750000,-0.030872805
6.604812500,-0.032059822
6.604875000,-0.033506170
6.604937500,-0.034924582
6.605000000,-0.036049645
6.605062500,-0.036739636
6.605125000,-0.037119463
6.605187500,-0.037456255
6.605250000,-0.038026262
6.605312500,-0.038939871
6.605375000,-0.040168237
6.605437500,-0.041530743
6.605500000,-0.042826608
6.605562500,-0.043927580
6.605625000,-0.044907831
6.605687500,-0.045934908
6.605750000,-0.047156330
6.605812500,-0.048551310
6.605875000,-0.049952909
6.605937500,-0.051058061
6.606000000,-0.051580172
6.606062500,-0.051372927
6.606125000,-0.050561748
6.606187500,-0.049445987
6.606250000,-0.048379947
6.606312500,-0.047598302
6.606375000,-0.047166921
6.606437500,-0.046923034
6.606500000,-0.046591584
6.606562500,-0.045913454
6.606625000,-0.044805419
6.606687500,-0.043335807
6.606750000,-0.041697115
6.606812500,-0.040094860
6.606875000,-0.038704310
6.606937500,-0.037543952
6.607000000,-0.036520272
6.607062500,-0.035483189
6.607125000,-0.034352761
6.607187500,-0.033083875
6.607250000,-0.031719927
6.607312500,-0.030369269
6.607375000,-0.029191097
6.607437500,-0.028261010
6.607500000,-0.027578451
6.607562500,-0.027065964
6.607625000,-0.026640929
6.607687500,-0.026159458
6.607750000,-0.025507715
6.607812500,-0.024634689
6.607875000,-0.023609271
6.607937500,-0.022495376
6.608000000,-0.021366240
6.608062500,-0.020265399
6.608125000,-0.019257527
6.608187500,-0.018299710
6.608250000,-0.017318891
6.608312500,-0.016234819
6.608375000,-0.015072754
6.608437500,-0.013826991
6.608500000,-0.012518546
6.608562500,-0.011167353
6.608625000,-0.009879231
6.608687500,-0.008668500
6.608750000,-0.007529953
6.608812500,-0.006439414
6.608875000,-0.005463505
6.608937500,-0.004604629
6.609000000,-0.003859101
6.609062500,-0.003191471
6.609125000,-0.002615796
6.609187500,-0.002035519
6.609250000,-0.001317742
6.609312500,-0.000315536
6.609375000,0.001001279
6.609437500,0.002642064
6.609500000,0.004517972
6.609562500,0.006464448
6.609625000,0.008208489
6.609687500,0.009564093
6.609750000,0.010447809
6.609812500,0.010918679
6.609875000,0.011080015
6.609937500,0.011123349
6.610000000,0.011200804
6.610062500,0.011372284
6.610125000,0.011530170
6.610187500,0.011542565
6.610250000,0.011294928
6.610312500,0.010770775
6.610375000,0.010014615
6.610437500,0.009190214
6.610500000,0.008471197
6.610562500,0.007973782
6.610625000,0.007658438
6.610687500,0.007426769
6.610750000,0.007153455
6.610812500,0.006767070
6.610875000,0.006245211
6.610937500,0.005674569
6.611000000,0.005176842
6.611062500,0.004851198
6.611125000,0.004693477
6.611187500,0.004644714
6.611250000,0.004612096
6.611312500,0.004527470
6.611375000,0.004359001
6.611437500,0.004145401
6.611500000,0.003953225
6.611562500,0.003834861
6.611625000,0.003777834
6.611687500,0.003720998
6.611750000,0.003576728
6.611812500,0.003275182
6.611875000,0.002794013
6.611937500,0.002175154
6.612000000,0.001505991
6.612062500,0.000881524
6.612125000,0.000387778
6.612187500,0.000063505
6.612250000,-0.000094124
6.612312500,-0.000125242
6.612375000,-0.000065268
6.612437500,0.000027471
6.612500000,0.000094124
6.612562500,0.000075405
6.612625000,-0.000049921
6.612687500,-0.000298439
6.612750000,-0.000658871
6.612812500,-0.001097278
6.612875000,-0.001534552
6.612937500,-0.001906075
6.613000000,-0.002164861
6.613062500,-0.002301970
6.613125000,-0.002318420
6.613187500,-0.002255071
6.613250000,-0.002164861
6.613312500,-0.002100320
6.613375000,-0.002079107
6.613437500,-0.002105959
6.613500000,-0.002164861
6.613562500,-0.002234004
6.613625000,-0.002277140
6.613687500,-0.002282085
6.613750000,-0.002258986
6.613812500,-0.002240533
6.613875000,-0.002241904
6.613937500,-0.002261659
6.614000000,-0.002258986
6.614062500,-0.002165501
6.614125000,-0.001888028
6.614187500,-0.001377177
6.614250000,-0.000658871
6.614312500,0.000144515
6.614375000,0.000879045
6.614437500,0.001390916
6.614500000,0.001600115
6.614562500,0.001522856
6.614625000,0.001298631
6.614687500,0.001095750
6.614750000,0.001035369
6.614812500,0.001116648
6.614875000,0.001265174
6.614937500,0.001358965
6.615000000,0.001317742
6.615062500,0.001147508
6.615125000,0.000985298
6.615187500,0.001004005
6.615250000,0.001317742
6.615312500,0.001883258
6.615375000,0.002541105
6.615437500,0.003048782
6.615500000,0.003200230
6.615562500,0.002908254
6.615625000,0.002301818
6.615687500,0.001644460
6.615750000,0.001223617
6.615812500,0.001199482
6.615875000,0.001591623
6.615937500,0.002245571
6.616000000,0.002917857
6.616062500,0.003362672
6.616125000,0.003495298
6.616187500,0.003381012
6.616250000,0.003200230
6.616312500,0.003133848
6.616375000,0.003340208
6.616437500,0.003858225
6.616500000,0.004612096
6.616562500,0.005433338
6.616625000,0.006199512
6.616687500,0.006854439
6.616750000,0.007435828
6.616812500,0.008023921
6.616875000,0.008752859
6.616937500,0.009696094
6.617000000,0.010824307
6.617062500,0.011969405
6.617125000,0.012944949
6.617187500,0.013566707
6.617250000,0.013742164
6.617312500,0.013489278
6.617375000,0.013009347
6.617437500,0.012570815
6.617500000,0.012424421
6.617562500,0.012682847
6.617625000,0.013357474
6.617687500,0.014312938
6.617750000,0.015342278
6.617812500,0.016223187
6.617875000,0.016867280
6.617937500,0.017291043
6.618000000,0.017601265
6.618062500,0.017903071
6.618125000,0.018322248
6.618187500,0.018895935
6.618250000,0.019577878
6.618312500,0.020228878
6.618375000,0.020761305
6.618437500,0.021111535
6.618500000,0.021272115
6.618562500,0.021249847
6.618625000,0.021135177
6.618687500,0.021001648
6.618750000,0.020895619
6.618812500,0.020792281
6.618875000,0.020700851
6.618937500,0.020610197
6.619000000,0.020519121
6.619062500,0.020410117
6.619125000,0.020335358
6.619187500,0.020332856
6.619250000,0.020424996
6.619312500,0.020576794
6.619375000,0.020780098
6.619437500,0.020993290
6.619500000,0.021177992
6.619562500,0.021289423
6.619625000,0.021371422
6.619687500,0.021472877
6.619750000,0.021648614
6.619812500,0.021905722
6.619875000,0.022253515
6.619937500,0.022615740
6.620000000,0.022872232
6.620062500,0.022883110
6.620125000,0.022615300
6.620187500,0.022117855
6.620250000,0.021554491
6.620312500,0.021146104
6.620375000,0.021161899
6.620437500,0.021746440
6.620500000,0.022872232
6.620562500,0.024306269
6.620625000,0.025739331
6.620687500,0.026817331
6.620750000,0.027296079
6.620812500,0.027113337
6.620875000,0.026469192
6.620937500,0.025670920
6.621000000,0.025037091
6.621062500,0.024759946
6.621125000,0.024882134
6.621187500,0.025226273
6.621250000,0.025507715
6.621312500,0.025449980
6.621375000,0.024936184
6.621437500,0.023989262
6.621500000,0.022778107
6.621562500,0.021534292
6.621625000,0.020495294
6.621687500,0.019761192
6.621750000,0.019295502
6.621812500,0.018948898
6.621875000,0.018563453
6.621937500,0.017981835
6.622000000,0.017130643
6.622062500,0.016040893
6.622125000,0.014856795
6.622187500,0.013731670
6.622250000,0.012800919
6.622312500,0.012141956
6.622375000,0.011771082
6.622437500,0.011597377
6.622500000,0.011483178
6.622562500,0.011296324
6.622625000,0.010980067
6.622687500,0.010521300
6.622750000,0.009977187
6.622812500,0.009447641
6.622875000,0.009048115
6.622937500,0.008805456
6.623000000,0.008659446
6.623062500,0.008476660
6.623125000,0.008118611
6.623187500,0.007445412
6.623250000,0.006400459
6.623312500,0.005036328
6.623375000,0.003536614
6.623437500,0.002087291
6.623500000,0.000847120
6.623562500,-0.000102585
6.623625000,-0.000736814
6.623687500,-0.001137220
6.623750000,-0.001411866
6.623812500,-0.001647556
6.623875000,-0.001842214
6.623937500,-0.001987907
6.624000000,-0.002070737
6.624062500,-0.002112405
6.624125000,-0.002146507
6.624187500,-0.002281939
6.624250000,-0.002635483
6.624312500,-0.003287336
6.624375000,-0.004209906
6.624437500,-0.005323388
6.624500000,-0.006494584
6.624562500,-0.007582474
6.624625000,-0.008445604
6.624687500,-0.009023732
6.624750000,-0.009318316
6.624812500,-0.009381120
6.624875000,-0.009260770
6.624937500,-0.009029110
6.625000000,-0.008753570
6.625062500,-0.008500961
6.625125000,-0.008301156
6.625187500,-0.008190400
6.625250000,-0.008188824
6.625312500,-0.008303262
6.625375000,-0.008479725
6.625437500,-0.008654818
6.625500000,-0.008753570
6.625562500,-0.008723688
6.625625000,-0.008510752
6.625687500,-0.008123864
6.625750000,-0.007624077
6.625812500,-0.007124378
6.625875000,-0.006707231
6.625937500,-0.006434301
6.626000000,-0.006306335
6.626062500,-0.006275416
6.626125000,-0.006214343
6.626187500,-0.005998892
6.626250000,-0.005553340
6.626312500,-0.004909075
6.626375000,-0.004147830
6.626437500,-0.003407384
6.626500000,-0.002823732
6.626562500,-0.002506324
6.626625000,-0.002438374
6.626687500,-0.002526707
6.626750000,-0.002635483
6.626812500,-0.002668188
6.626875000,-0.002538479
6.626937500,-0.002231590
6.627000000,-0.001788364
6.627062500,-0.001303767
6.627125000,-0.000824926
6.627187500,-0.000365422
6.627250000,0.000094124
6.627312500,0.000561893
6.627375000,0.001076719
6.627437500,0.001669534
6.627500000,0.002353110
6.627562500,0.003090688
6.627625000,0.003869119
6.627687500,0.004668566
6.627750000,0.005459215
6.627812500,0.006169936
6.627875000,0.006775918
6.627937500,0.007278800
6.628000000,0.007718201
6.628062500,0.008137942
6.628125000,0.008636035
6.628187500,0.009299140
6.628250000,0.010165436
6.628312500,0.011178089
6.628375000,0.012259717
6.628437500,0.013321741
6.628500000,0.014306910
6.628562500,0.015192831
6.628625000,0.016036713
6.628687500,0.016917249
6.628750000,0.017883638
6.628812500,0.018899532
6.628875000,0.019885022
6.628937500,0.020733804
6.629000000,0.021366240
6.629062500,0.021757124
6.629125000,0.021979695
6.629187500,0.022156227
6.629250000,0.022401609
6.629312500,0.022756547
6.629375000,0.023191124
6.629437500,0.023610542
6.629500000,0.023907598
6.629562500,0.024012865
6.629625000,0.023952600
6.629687500,0.023835907
6.629750000,0.023813475
6.629812500,0.024012607
6.629875000,0.024485799
6.629937500,0.025184752
6.630000000,0.025978338
6.630062500,0.026700785
6.630125000,0.027212663
6.630187500,0.027439609
6.630250000,0.027390203
6.630312500,0.027137108
6.630375000,0.026780950
6.630437500,0.026390245
6.630500000,0.025978338
6.630562500,0.025502974
6.630625000,0.024895838
6.630687500,0.024087971
6.630750000,0.023060480
6.630812500,0.021870904
6.630875000,0.020640375
6.630937500,0.019498065
6.631000000,0.018542508
6.631062500,0.017808288
6.631125000,0.017247338
6.631187500,0.016726540
6.631250000,0.016095273
6.631312500,0.015253427
6.631375000,0.014203597
6.631437500,0.013023750
6.631500000,0.011859675
6.631562500,0.010870297
6.631625000,0.010184648
6.631687500,0.009800232
6.631750000,0.009600690
6.631812500,0.009392263
6.631875000,0.008989653
6.631937500,0.008230597
6.632000000,0.007059331
6.632062500,0.005548676
6.632125000,0.003903045
6.632187500,0.002337016
6.632250000,0.001035369
6.632312500,0.000100337
6.632375000,-0.000446871
6.632437500,-0.000711301
6.632500000,-0.000847120
6.632562500,-0.000997768
6.632625000,-0.001223208
6.632687500,-0.001554614
6.632750000,-0.001976613
6.632812500,-0.002456277
6.632875000,-0.002943617
6.632937500,-0.003458317
6.633000000,-0.004047350
6.633062500,-0.004758104
6.633125000,-0.005584074
6.633187500,-0.006520095
6.633250000,-0.007529953
6.633312500,-0.008551698
6.633375000,-0.009486045
6.633437500,-0.010264237
6.633500000,-0.010824307
6.633562500,-0.011113816
6.633625000,-0.011080193
6.633687500,-0.010739047
6.633750000,-0.010165436
6.633812500,-0.009489529
6.633875000,-0.008849238
6.633937500,-0.008388475
6.634000000,-0.008188824
6.634062500,-0.008239328
6.634125000,-0.008432383
6.634187500,-0.008638943
6.634250000,-0.008753570
6.634312500,-0.008738055
6.634375000,-0.008623635
6.634437500,-0.008504325
6.634500000,-0.008471197
6.634562500,-0.008561859
6.634625000,-0.008736224
6.634687500,-0.008918207
6.634750000,-0.009035943
6.634812500,-0.009063238
6.634875000,-0.009038260
6.634937500,-0.009038291
6.635000000,-0.009130068
6.635062500,-0.009325681
6.635125000,-0.009565588
6.635187500,-0.009748627
6.635250000,-0.009788939
6.635312500,-0.009674720
6.635375000,-0.009461046
6.635437500,-0.009249819
6.635500000,-0.009130068
6.635562500,-0.009137454
6.635625000,-0.009197742
6.635687500,-0.009175468
6.635750000,-0.008941819
6.635812500,-0.008468764
6.635875000,-0.007792269
6.635937500,-0.007025543
6.636000000,-0.006306335
6.636062500,-0.005770075
6.636125000,-0.005434560
6.636187500,-0.005237442
6.636250000,-0.005082718
6.636312500,-0.004935931
6.636375000,-0.004763782
6.636437500,-0.004580794
6.636500000,-0.004423847
6.636562500,-0.004361121
6.636625000,-0.004360621
6.636687500,-0.004348402
6.636750000,-0.004235599
6.636812500,-0.004007026
6.636875000,-0.003643790
6.636937500,-0.003189683
6.637000000,-0.002729608
6.637062500,-0.002398236
6.637125000,-0.002215867
6.637187500,-0.002122050
6.637250000,-0.001976613
6.637312500,-0.001652976
6.637375000,-0.000981155
6.637437500,0.000118954
6.637500000,0.001600115
6.637562500,0.003242376
6.637625000,0.004845748
6.637687500,0.006253143
6.637750000,0.007435828
6.637812500,0.008472346
6.637875000,0.009622560
6.637937500,0.011164250
6.638000000,0.013271542
6.638062500,0.015877699
6.638125000,0.018780373
6.638187500,0.021656409
6.638250000,0.024189973
6.638312500,0.026144583
6.638375000,0.027536975
6.638437500,0.028554441
6.638500000,0.029460939
6.638562500,0.030427586
6.638625000,0.031556185
6.638687500,0.032792278
6.638750000,0.033978913
6.638812500,0.034898985
6.638875000,0.035475876
6.638937500,0.035748634
6.639000000,0.035861399
6.639062500,0.035953697
6.639125000,0.036191363
6.639187500,0.036643256
6.639250000,0.037273265
6.639312500,0.037931673
6.639375000,0.038508791
6.639437500,0.038940791
6.639500000,0.039249878
6.639562500,0.039502457
6.639625000,0.039844211
6.639687500,0.040382370
6.639750000,0.041132364
6.639812500,0.041964948
6.639875000,0.042699531
6.639937500,0.043129139
6.640000000,0.043108981
6.640062500,0.042590883
6.640125000,0.041713722
6.640187500,0.040706526
6.640250000,0.039814625
6.640312500,0.039180841
6.640375000,0.038874619
6.640437500,0.038821705
6.640500000,0.038873378
6.640562500,0.038848009
6.640625000,0.038689736
6.640687500,0.038396932
6.640750000,0.038026262
6.640812500,0.037609156
6.640875000,0.037243802
6.640937500,0.036947139
6.641000000,0.036708519
6.641062500,0.036468022
6.641125000,0.036281116
6.641187500,0.036149930
6.641250000,0.036049645
6.641312500,0.035862561
6.641375000,0.035557218
6.641437500,0.035040889
6.641500000,0.034261286
6.641562500,0.033185352
6.641625000,0.031978585
6.641687500,0.030769443
6.641750000,0.029649187
6.641812500,0.028571485
6.641875000,0.027547956
6.641937500,0.026486345
6.642000000,0.025319466
6.642062500,0.023996318
6.642125000,0.022709094
6.642187500,0.021628721
6.642250000,0.020895619
6.642312500,0.020482795
6.642375000,0.020396506
6.642437500,0.020472558
6.642500000,0.020519121
6.642562500,0.020327371
6.642625000,0.019960742
6.642687500,0.019508019
6.642750000,0.019107254
6.642812500,0.018812867
6.642875000,0.018764792
6.642937500,0.018949591
6.643000000,0.019295502
6.643062500,0.019657729
6.643125000,0.020069933
6.643187500,0.020537192
6.643250000,0.021083867
6.643312500,0.021666249
6.643375000,0.022344595
6.643437500,0.023078822
6.643500000,0.023813475
6.643562500,0.024457656
6.643625000,0.025069991
6.643687500,0.025666697
6.643750000,0.026260709
6.643812500,0.026806045
6.643875000,0.027342429
6.643937500,0.027849285
6.644000000,0.028331446
6.644062500,0.028807102
6.644125000,0.029414527
6.644187500,0.030225374
6.644250000,0.031249303
6.644312500,0.032392401
6.644375000,0.033558451
6.644437500,0.034591842
6.644500000,0.035390779
6.644562500,0.035951197
6.644625000,0.036403518
6.644687500,0.036878821
6.644750000,0.037461512
6.644812500,0.038139090
6.644875000,0.038794547
6.644937500,0.039223015
6.645000000,0.039249878
6.645062500,0.038837075
6.645125000,0.038086679
6.645187500,0.037184060
6.645250000,0.036332019
6.645312500,0.035686310
6.645375000,0.035255786
6.645437500,0.034907334
6.645500000,0.034449533
6.645562500,0.033753216
6.645625000,0.032756548
6.645687500,0.031483475
6.645750000,0.030025685
6.645812500,0.028514765
6.645875000,0.027022827
6.645937500,0.025537664
6.646000000,0.024001725
6.646062500,0.022385070
6.646125000,0.020680899
6.646187500,0.018909449
6.646250000,0.017130643
6.646312500,0.015439164
6.646375000,0.013897876
6.646437500,0.012482520
6.646500000,0.011106680
6.646562500,0.009669428
6.646625000,0.008075509
6.646687500,0.006238827
6.646750000,0.004141474
6.646812500,0.001856420
6.646875000,-0.000489108
6.646937500,-0.002812598
6.647000000,-0.005082718
6.647062500,-0.007319401
6.647125000,-0.009552971
6.647187500,-0.011849311
6.647250000,-0.014212786
6.647312500,-0.016553441
6.647375000,-0.018678084
6.647437500,-0.020453313
6.647500000,-0.021836862
6.647562500,-0.022915818
6.647625000,-0.023833277
6.647687500,-0.024808796
6.647750000,-0.025978338
6.647812500,-0.027316002
6.647875000,-0.028583363
6.647937500,-0.029520545
6.648000000,-0.029931562
6.648062500,-0.029795304
6.648125000,-0.029242191
6.648187500,-0.028586289
6.648250000,-0.028143197
6.648312500,-0.028092396
6.648375000,-0.028355144
6.648437500,-0.028715616
6.648500000,-0.028896192
6.648562500,-0.028696606
6.648625000,-0.028054012
6.648687500,-0.027122691
6.648750000,-0.026166586
6.648812500,-0.025433127
6.648875000,-0.025036208
6.648937500,-0.024953937
6.649000000,-0.025037091
6.649062500,-0.025074938
6.649125000,-0.024889391
6.649187500,-0.024401257
6.649250000,-0.023625227
6.649312500,-0.022618968
6.649375000,-0.021487212
6.649437500,-0.020324744
6.649500000,-0.019201379
6.649562500,-0.018125579
6.649625000,-0.017148042
6.649687500,-0.016285243
6.649750000,-0.015530528
6.649812500,-0.014800916
6.649875000,-0.014092039
6.649937500,-0.013368043
6.650000000,-0.012612671
6.650062500,-0.011775415
6.650125000,-0.010966125
6.650187500,-0.010256560
6.650250000,-0.009694814
6.650312500,-0.009205292
6.650375000,-0.008815510
6.650437500,-0.008466279
6.650500000,-0.008094699
6.650562500,-0.007576327
6.650625000,-0.007007451
6.650687500,-0.006461171
6.650750000,-0.006023962
6.650812500,-0.005674277
6.650875000,-0.005534705
6.650937500,-0.005625247
6.651000000,-0.005929837
6.651062500,-0.006311357
6.651125000,-0.006815679
6.651187500,-0.007420388
6.651250000,-0.008094699
6.651312500,-0.008700953
6.651375000,-0.009299655
6.651437500,-0.009920433
6.651500000,-0.010636058
6.651562500,-0.011456545
6.651625000,-0.012587577
6.651687500,-0.014131565
6.651750000,-0.016095273
6.651812500,-0.018273158
6.651875000,-0.020559782
6.651937500,-0.022784775
6.652000000,-0.024848843
6.652062500,-0.026678933
6.652125000,-0.028476899
6.652187500,-0.030430187
6.652250000,-0.032661170
6.652312500,-0.035068292
6.652375000,-0.037564863
6.652437500,-0.039953191
6.652500000,-0.042073611
6.652562500,-0.043811403
6.652625000,-0.045334786
6.652687500,-0.046858530
6.652750000,-0.048568193
6.652812500,-0.050448496
6.652875000,-0.052435897
6.652937500,-0.054324660
6.653000000,-0.055909898
6.653062500,-0.057038706
6.653125000,-0.057828072
6.653187500,-0.058499396
6.653250000,-0.059298374
6.653312500,-0.060322225
6.653375000,-0.061591316
6.653437500,-0.062953912
6.653500000,-0.064192846
6.653562500,-0.065088220
6.653625000,-0.065616921
6.653687500,-0.065863602
6.653750000,-0.065981209
6.653812500,-0.066063948
6.653875000,-0.066189826
6.653937500,-0.066319339
6.654000000,-0.066357709
6.654062500,-0.066188209
6.654125000,-0.065812454
6.654187500,-0.065276824
6.654250000,-0.064663462
6.654312500,-0.064013526
6.654375000,-0.063388020
6.654437500,-0.062770747
6.654500000,-0.062122110
6.654562500,-0.061383832
6.654625000,-0.060595855
6.654687500,-0.059773568
6.654750000,-0.058921877
6.654812500,-0.057983574
6.654875000,-0.056950051
6.654937500,-0.055744387
6.655000000,-0.054309785
6.655062500,-0.052614428
6.655125000,-0.050794888
6.655187500,-0.048967771
6.655250000,-0.047250453
6.655312500,-0.045683488
6.655375000,-0.044351269
6.655437500,-0.043187346
6.655500000,-0.042073611
6.655562500,-0.040849216
6.655625000,-0.039527006
6.655687500,-0.038098499
6.655750000,-0.036614396
6.655812500,-0.035115521
6.655875000,-0.033772573
6.655937500,-0.032602150
6.656000000,-0.031531677
6.656062500,-0.030372718
6.656125000,-0.029069526
6.656187500,-0.027513627
6.656250000,-0.025695963
6.656312500,-0.023682604
6.656375000,-0.021779018
6.656437500,-0.020187348
6.656500000,-0.019013131
6.656562500,-0.018169492
6.656625000,-0.017587630
6.656687500,-0.017028235
6.656750000,-0.016283523
6.656812500,-0.015226830
6.656875000,-0.014033637
6.656937500,-0.012882444
6.657000000,-0.011953799
6.657062500,-0.011301002
6.657125000,-0.010984487
6.657187500,-0.010856488
6.657250000,-0.010730183
6.657312500,-0.010441829
6.657375000,-0.010064989
6.657437500,-0.009682953
6.657500000,-0.009412440
6.657562500,-0.009302479
6.657625000,-0.009436631
6.657687500,-0.009733073
6.657750000,-0.010071312
6.657812500,-0.010332326
6.657875000,-0.010573170
6.657937500,-0.010841993
6.658000000,-0.011200804
6.658062500,-0.011648190
6.658125000,-0.012204212
6.658187500,-0.012758736
6.658250000,-0.013177417
6.658312500,-0.013341679
6.658375000,-0.013296084
6.658437500,-0.013110097
6.658500000,-0.012895043
6.658562500,-0.012731590
6.658625000,-0.012719299
6.658687500,-0.012833956
6.658750000,-0.012989169
6.658812500,-0.013058689
6.658875000,-0.013008405
6.658937500,-0.012817445
6.659000000,-0.012518546
6.659062500,-0.012158838
6.659125000,-0.011838698
6.659187500,-0.011590556
6.659250000,-0.011389053
6.659312500,-0.011137282
6.659375000,-0.010767791
6.659437500,-0.010201843
6.659500000,-0.009412440
6.659562500,-0.008425443
6.659625000,-0.007382526
6.659687500,-0.006439982
6.659750000,-0.005741589
6.659812500,-0.005352338
6.659875000,-0.005299030
6.659937500,-0.005504662
6.660000000,-0.005835713
6.660062500,-0.006125629
6.660125000,-0.006287590
6.660187500,-0.006278132
6.660250000,-0.006118086
6.660312500,-0.005850836
6.660375000,-0.005581297
6.660437500,-0.005377614
6.660500000,-0.005270967
6.660562500,-0.005231973
6.660625000,-0.005254014
6.660687500,-0.005304832
6.660750000,-0.005365091
6.660812500,-0.005415965
6.660875000,-0.005507637
6.660937500,-0.005672274
6.661000000,-0.005929837
6.661062500,-0.006260138
6.661125000,-0.006654488
6.661187500,-0.007063432
6.661250000,-0.007435828
6.661312500,-0.007728227
6.661375000,-0.007960822
6.661437500,-0.008162439
6.661500000,-0.008377072
6.661562500,-0.008636996
6.661625000,-0.008983353
6.661687500,-0.009409448
6.661750000,-0.009883063
6.661812500,-0.010351808
6.661875000,-0.010792437
6.661937500,-0.011175035
6.662000000,-0.011483178
6.662062500,-0.011707185
6.662125000,-0.011874028
6.662187500,-0.012007901
6.662250000,-0.012142048
6.662312500,-0.012307613
6.662375000,-0.012541275
6.662437500,-0.012843700
6.662500000,-0.013177417
6.662562500,-0.013465495
6.662625000,-0.013637433
6.662687500,-0.013636698
6.662750000,-0.013459790
6.662812500,-0.013159709
6.662875000,-0.012847318
6.662937500,-0.012619469
6.663000000,-0.012518546
6.663062500,-0.012497790
6.663125000,-0.012447156
6.663187500,-0.012213524
6.663250000,-0.011671427
6.663312500,-0.010772382
6.663375000,-0.009587267
6.663437500,-0.008260645
6.663500000,-0.006965206
6.663562500,-0.005834655
6.663625000,-0.004944183
6.663687500,-0.004277649
6.663750000,-0.003764976
6.663812500,-0.003321700
6.663875000,-0.002914766
6.663937500,-0.002547446
6.664000000,-0.002258986
6.664062500,-0.002087414
6.664125000,-0.002067440
6.664187500,-0.002176845
6.664250000,-0.002353110
6.664312500,-0.002506309
6.664375000,-0.002586683
6.664437500,-0.002563243
6.664500000,-0.002447235
6.664562500,-0.002268887
6.664625000,-0.002113753
6.664687500,-0.002038680
6.664750000,-0.002070737
6.664812500,-0.002181130
6.664875000,-0.002350646
6.664937500,-0.002520903
6.665000000,-0.002635483
6.665062500,-0.002639199
6.665125000,-0.002556316
6.665187500,-0.002415658
6.665250000,-0.002258986
6.665312500,-0.002103432
6.665375000,-0.002000814
6.665437500,-0.001960320
6.665500000,-0.001976613
6.665562500,-0.002017783
6.665625000,-0.002101013
6.665687500,-0.002218572
6.665750000,-0.002353110
6.665812500,-0.002455149
6.665875000,-0.002515248
6.665937500,-0.002511808
6.666000000,-0.002447235
6.666062500,-0.002336234
6.666125000,-0.002253390
6.666187500,-0.002252914
6.666250000,-0.002353110
6.666312500,-0.002504991
6.666375000,-0.002660790
6.666437500,-0.002768444
6.666500000,-0.002823732
6.666562500,-0.002874630
6.666625000,-0.003052702
6.666687500,-0.003484752
6.666750000,-0.004235599
6.666812500,-0.005245453
6.666875000,-0.006381514
6.666937500,-0.007450241
6.667000000,-0.008282948
6.667062500,-0.008786021
6.667125000,-0.009014943
6.667187500,-0.009107643
6.667250000,-0.009224192
6.667312500,-0.009458851
6.667375000,-0.009838282
6.667437500,-0.010296769
6.667500000,-0.010730183
6.667562500,-0.011045046
6.667625000,-0.011227099
6.667687500,-0.011318216
6.667750000,-0.011389053
6.667812500,-0.011485055
6.667875000,-0.011614902
6.667937500,-0.011731152
6.668000000,-0.011765551
6.668062500,-0.011669113
6.668125000,-0.011456909
6.668187500,-0.011201805
6.668250000,-0.011012556
6.668312500,-0.010984444
6.668375000,-0.011173936
6.668437500,-0.011558859
6.668500000,-0.012047924
6.668562500,-0.012508841
6.668625000,-0.012823582
6.668687500,-0.012920002
6.668750000,-0.012800919
6.668812500,-0.012540285
6.668875000,-0.012259818
6.668937500,-0.012073754
6.669000000,-0.012047924
6.669062500,-0.012179811
6.669125000,-0.012398498
6.669187500,-0.012601737
6.669250000,-0.012706795
6.669312500,-0.012688716
6.669375000,-0.012577208
6.669437500,-0.012419181
6.669500000,-0.012236172
6.669562500,-0.011997998
6.669625000,-0.011625138
6.669687500,-0.011024979
6.669750000,-0.010165436
6.669812500,-0.009124690
6.669875000,-0.008065257
6.669937500,-0.007156322
6.670000000,-0.006494584
6.670062500,-0.006059040
6.670125000,-0.005702712
6.670187500,-0.005229146
6.670250000,-0.004517972
6.670312500,-0.003621852
6.670375000,-0.002743782
6.670437500,-0.002136792
6.670500000,-0.001976613
6.670562500,-0.002270681
6.670625000,-0.002814070
6.670687500,-0.003280306
6.670750000,-0.003388479
6.670812500,-0.003059503
6.670875000,-0.002420216
6.670937500,-0.001727749
6.671000000,-0.001223617
6.671062500,-0.001013015
6.671125000,-0.000969236
6.671187500,-0.000813479
6.671250000,-0.000282373
6.671312500,0.000693815
6.671375000,0.001964656
6.671437500,0.003220891
6.671500000,0.004141474
6.671562500,0.004531906
6.671625000,0.004464529
6.671687500,0.004221275
6.671750000,0.004141474
6.671812500,0.004424854
6.671875000,0.005099511
6.671937500,0.006018919
6.672000000,0.006965206
6.672062500,0.007747139
6.672125000,0.008357033
6.672187500,0.008922399
6.672250000,0.009600690
6.672312500,0.010425418
6.672375000,0.011337514
6.672437500,0.012180634
6.672500000,0.012800919
6.672562500,0.013107035
6.672625000,0.013212501
6.672687500,0.013327464
6.672750000,0.013648040
6.672812500,0.014199359
6.672875000,0.014916843
6.672937500,0.015630959
6.673000000,0.016189398
6.673062500,0.016508844
6.673125000,0.016730979
6.673187500,0.017070098
6.673250000,0.017695390
6.673312500,0.018565614
6.673375000,0.019529115
6.673437500,0.020319197
6.673500000,0.020707369
6.673562500,0.020581324
6.673625000,0.020135429
6.673687500,0.019713305
6.673750000,0.019672001
6.673812500,0.020164622
6.673875000,0.021204289
6.673937500,0.022583200
6.674000000,0.024001725
6.674062500,0.025148062
6.674125000,0.025968172
6.674187500,0.026557112
6.674250000,0.027107829
6.674312500,0.027727868
6.674375000,0.028530087
6.674437500,0.029468739
6.674500000,0.030402184
6.674562500,0.031101320
6.674625000,0.031525813
6.674687500,0.031717736
6.674750000,0.031814050
6.674812500,0.031911924
6.674875000,0.032206248
6.674937500,0.032776769
6.675000000,0.033602413
6.675062500,0.034500498
6.675125000,0.035391971
6.675187500,0.036176167
6.675250000,0.036802646
6.675312500,0.037198715
6.675375000,0.037479572
6.675437500,0.037733879
6.675500000,0.038026262
6.675562500,0.038291696
6.675625000,0.038574465
6.675687500,0.038861576
6.675750000,0.039155755
6.675812500,0.039406940
6.675875000,0.039745681
6.675937500,0.040249504
6.676000000,0.040944118
6.676062500,0.041693088
6.676125000,0.042448401
6.676187500,0.043098059
6.676250000,0.043579601
6.676312500,0.043844804
6.676375000,0.044093885
6.676437500,0.044521138
6.676500000,0.045273837
6.676562500,0.046291046
6.676625000,0.047531307
6.676687500,0.048799075
6.676750000,0.049885936
6.676812500,0.050573323
6.676875000,0.050941035
6.676937500,0.051123366
6.677000000,0.051297802
6.677062500,0.051509544
6.677125000,0.051891569
6.677187500,0.052414749
6.677250000,0.052992042
6.677312500,0.053445149
6.677375000,0.053823259
6.677437500,0.054157961
6.677500000,0.054498032
6.677562500,0.054775488
6.677625000,0.055071525
6.677687500,0.055364557
6.677750000,0.055627525
6.677812500,0.055761367
6.677875000,0.055901565
6.677937500,0.056124069
6.678000000,0.056474645
6.678062500,0.056831561
6.678125000,0.057194859
6.678187500,0.057433981
6.678250000,0.057415888
6.678312500,0.056965269
6.678375000,0.056215420
6.678437500,0.055322289
6.678500000,0.054498032
6.678562500,0.053840734
6.678625000,0.053579181
6.678687500,0.053738181
6.678750000,0.054215658
6.678812500,0.054720987
6.678875000,0.055168062
6.678937500,0.055443425
6.679000000,0.055533402
6.679062500,0.055419650
6.679125000,0.055366218
6.679187500,0.055535823
6.679250000,0.056004021
6.679312500,0.056612242
6.679375000,0.057324491
6.679437500,0.057958111
6.679500000,0.058357134
6.679562500,0.058352076
6.679625000,0.058132049
6.679687500,0.057879779
6.679750000,0.057792384
6.679812500,0.057889037
6.679875000,0.058308784
6.679937500,0.058962870
6.680000000,0.059674874
6.680062500,0.060143970
6.680125000,0.060375489
6.680187500,0.060374551
6.680250000,0.060239621
6.680312500,0.060007952
6.680375000,0.059947535
6.680437500,0.060152814
6.680500000,0.060616117
6.680562500,0.061127190
6.680625000,0.061669372
6.680687500,0.062121723
6.680750000,0.062404484
6.680812500,0.062395293
6.680875000,0.062274896
6.680937500,0.062151294
6.681000000,0.062122110
6.681062500,0.062138189
6.681125000,0.062326018
6.681187500,0.062656738
6.681250000,0.063063353
6.681312500,0.063365988
6.681375000,0.063636474
6.681437500,0.063874736
6.681500000,0.064098723
6.681562500,0.064222075
6.681625000,0.064377330
6.681687500,0.064565703
6.681750000,0.064757593
6.681812500,0.064803615
6.681875000,0.064801902
6.681937500,0.064772457
6.682000000,0.064757593
6.682062500,0.064702518
6.682125000,0.064775400
6.682187500,0.064995594
6.682250000,0.065322340
6.682312500,0.065564536
6.682375000,0.065735735
6.682437500,0.065759875
6.682500000,0.065604717
6.682562500,0.065201595
6.682625000,0.064760633
6.682687500,0.064398423
6.682750000,0.064192846
6.682812500,0.064054452
6.682875000,0.064037025
6.682937500,0.064030506
6.683000000,0.063910469
6.683062500,0.063499406
6.683125000,0.062912427
6.683187500,0.062227931
6.683250000,0.061557360
6.683312500,0.060914729
6.683375000,0.060482357
6.683437500,0.060272112
6.683500000,0.060239621
6.683562500,0.060231425
6.683625000,0.060301665
6.683687500,0.060409948
6.683750000,0.060521994
6.683812500,0.060531147
6.683875000,0.060532387
6.683937500,0.060524818
6.684000000,0.060521994
6.684062500,0.060482834
6.684125000,0.060557354
6.684187500,0.060750559
6.684250000,0.060992617
6.684312500,0.061074331
6.684375000,0.060930047
6.684437500,0.060416870
6.684500000,0.059486628
6.684562500,0.058169249
6.684625000,0.056780666
6.684687500,0.055564038
6.684750000,0.054686282
6.684812500,0.054115042
6.684875000,0.053830467
6.684937500,0.053618472
6.685000000,0.053274415
6.685062500,0.052650150
6.685125000,0.051896814
6.685187500,0.051152397
6.685250000,0.050544810
6.685312500,0.050062608
6.685375000,0.049719740
6.685437500,0.049342483
6.685500000,0.048756443
6.685562500,0.047839735
6.685625000,0.046748295
6.685687500,0.045627717
6.685750000,0.044614971
6.685812500,0.043716066
6.685875000,0.042947203
6.685937500,0.042141341
6.686000000,0.041132364
6.686062500,0.039819669
6.686125000,0.038373098
6.686187500,0.036966696
6.686250000,0.035767276
6.686312500,0.034805428
6.686375000,0.034090705
6.686437500,0.033421431
6.686500000,0.032567047
6.686562500,0.031349704
6.686625000,0.029861093
6.686687500,0.028230980
6.686750000,0.026637208
6.686812500,0.025189258
6.686875000,0.024012063
6.686937500,0.023032263
6.687000000,0.022119237
6.687062500,0.021142950
6.687125000,0.020158987
6.687187500,0.019207884
6.687250000,0.018354259
6.687312500,0.017614523
6.687375000,0.017041566
6.687437500,0.016543599
6.687500000,0.016001150
6.687562500,0.015310415
6.687625000,0.014527677
6.687687500,0.013697885
6.687750000,0.012895043
6.687812500,0.012165963
6.687875000,0.011599080
6.687937500,0.011149986
6.688000000,0.010730183
6.688062500,0.010233940
6.688125000,0.009674627
6.688187500,0.009044413
6.688250000,0.008377072
6.688312500,0.007716242
6.688375000,0.007179288
6.688437500,0.006783333
6.688500000,0.006494584
6.688562500,0.006227923
6.688625000,0.005958595
6.688687500,0.005618522
6.688750000,0.005176842
6.688812500,0.004639077
6.688875000,0.004099676
6.688937500,0.003592202
6.689000000,0.003106105
6.689062500,0.002575386
6.689125000,0.001959805
6.689187500,0.001194433
6.689250000,0.000282373
6.689312500,-0.000683734
6.689375000,-0.001511399
6.689437500,-0.002054559
6.689500000,-0.002258986
6.689562500,-0.002204309
6.689625000,-0.002064559
6.689687500,-0.002085377
6.689750000,-0.002447235
6.689812500,-0.003174075
6.689875000,-0.004099084
6.689937500,-0.004972540
6.690000000,-0.005553340
6.690062500,-0.005712628
6.690125000,-0.005476671
6.690187500,-0.005032199
6.690250000,-0.004612096
6.690312500,-0.004379376
6.690375000,-0.004355113
6.690437500,-0.004450107
6.690500000,-0.004517972
6.690562500,-0.004435867
6.690625000,-0.004173818
6.690687500,-0.003812968
6.690750000,-0.003482603
6.690812500,-0.003277171
6.690875000,-0.003222929
6.690937500,-0.003282375
6.691000000,-0.003388479
6.691062500,-0.003484436
6.691125000,-0.003583285
6.691187500,-0.003749221
6.691250000,-0.004047350
6.691312500,-0.004478105
6.691375000,-0.004992451
6.691437500,-0.005502119
6.691500000,-0.005929837
6.691562500,-0.006237454
6.691625000,-0.006483865
6.691687500,-0.006765147
6.691750000,-0.007153455
6.691812500,-0.007618959
6.691875000,-0.008086145
6.691937500,-0.008432447
6.692000000,-0.008565322
6.692062500,-0.008449748
6.692125000,-0.008200480
6.692187500,-0.007975442
6.692250000,-0.007906451
6.692312500,-0.007995375
6.692375000,-0.008189428
6.692437500,-0.008356226
6.692500000,-0.008377072
6.692562500,-0.008181221
6.692625000,-0.007879045
6.692687500,-0.007639394
6.692750000,-0.007624077
6.692812500,-0.007866565
6.692875000,-0.008341277
6.692937500,-0.008909700
6.693000000,-0.009412440
6.693062500,-0.009714855
6.693125000,-0.009855563
6.693187500,-0.009954935
6.693250000,-0.010165436
6.693312500,-0.010554513
6.693375000,-0.011146881
6.693437500,-0.011850327
6.693500000,-0.012518546
6.693562500,-0.012990256
6.693625000,-0.013237530
6.693687500,-0.013318797
6.693750000,-0.013365666
6.693812500,-0.013494570
6.693875000,-0.013836228
6.693937500,-0.014432648
6.694000000,-0.015248154
6.694062500,-0.016165216
6.694125000,-0.017106116
6.694187500,-0.018001422
6.694250000,-0.018824881
6.694312500,-0.019568361
6.694375000,-0.020291898
6.694437500,-0.021040035
6.694500000,-0.021836862
6.694562500,-0.022659460
6.694625000,-0.023494124
6.694687500,-0.024298927
6.694750000,-0.025037091
6.694812500,-0.025676556
6.694875000,-0.026232440
6.694937500,-0.026711138
6.695000000,-0.027107829
6.695062500,-0.027387731
6.695125000,-0.027527679
6.695187500,-0.027496979
6.695250000,-0.027296079
6.695312500,-0.026963219
6.695375000,-0.026595311
6.695437500,-0.026281182
6.695500000,-0.026072461
6.695562500,-0.025947880
6.695625000,-0.025846658
6.695687500,-0.025664316
6.695750000,-0.025319466
6.695812500,-0.024791816
6.695875000,-0.024162782
6.695937500,-0.023548594
6.696000000,-0.023060480
6.696062500,-0.022747444
6.696125000,-0.022593306
6.696187500,-0.022491287
6.696250000,-0.022307485
6.696312500,-0.021934416
6.696375000,-0.021342712
6.696437500,-0.020543503
6.696500000,-0.019577878
6.696562500,-0.018483911
6.696625000,-0.017292036
6.696687500,-0.015993787
6.696750000,-0.014589284
6.696812500,-0.013116852
6.696875000,-0.011683169
6.696937500,-0.010390305
6.697000000,-0.009318316
6.697062500,-0.008488865
6.697125000,-0.007876960
6.697187500,-0.007375541
6.697250000,-0.006871082
6.697312500,-0.006295098
6.697375000,-0.005675870
6.697437500,-0.005062170
6.697500000,-0.004517972
6.697562500,-0.004086165
6.697625000,-0.003791588
6.697687500,-0.003580976
6.697750000,-0.003388479
6.697812500,-0.003176598
6.697875000,-0.002973158
6.697937500,-0.002791879
6.698000000,-0.002635483
6.698062500,-0.002475124
6.698125000,-0.002272508
6.698187500,-0.001939391
6.698250000,-0.001411866
6.698312500,-0.000690488
6.698375000,0.000130110
6.698437500,0.000952824
6.698500000,0.001694239
6.698562500,0.002320516
6.698625000,0.002837237
6.698687500,0.003324118
6.698750000,0.003859101
6.698812500,0.004470102
6.698875000,0.005089873
6.698937500,0.005635041
6.699000000,0.006023962
6.699062500,0.006223545
6.699125000,0.006247364
6.699187500,0.006200364
6.699250000,0.006212211
6.699312500,0.006384296
6.699375000,0.006727637
6.699437500,0.007200814
6.699500000,0.007718201
6.699562500,0.008193596
6.699625000,0.008568720
6.699687500,0.008858699
6.699750000,0.009130068
6.699812500,0.009463444
6.699875000,0.009910852
6.699937500,0.010477887
6.700000000,0.011106680
6.700062500,0.011687594
6.700125000,0.012099805
6.700187500,0.012258453
6.700250000,0.012142048
6.700312500,0.011798913
6.700375000,0.011334374
6.700437500,0.010878995
6.700500000,0.010541934
6.700562500,0.010378142
6.700625000,0.010363241
6.700687500,0.010419856
6.700750000,0.010447809
6.700812500,0.010367978
6.700875000,0.010138163
6.700937500,0.009771510
6.701000000,0.009318316
6.701062500,0.008840133
6.701125000,0.008379753
6.701187500,0.007948157
6.701250000,0.007529953
6.701312500,0.007099151
6.701375000,0.006634567
6.701437500,0.006120676
6.701500000,0.005553340
6.701562500,0.004938618
6.701625000,0.004300963
6.701687500,0.003672604
6.701750000,0.003106105
6.701812500,0.002671785
6.701875000,0.002446271
6.701937500,0.002469827
6.702000000,0.002729608
6.702062500,0.003152228
6.702125000,0.003632869
6.702187500,0.004052239
6.702250000,0.004329723
6.702312500,0.004448914
6.702375000,0.004465285
6.702437500,0.004444092
6.702500000,0.004423847
6.702562500,0.004379242
6.702625000,0.004236862
6.702687500,0.003875901
6.702750000,0.003200230
6.702812500,0.002190812
6.702875000,0.000950933
6.702937500,-0.000348488
6.703000000,-0.001505991
6.703062500,-0.002356537
6.703125000,-0.002807992
6.703187500,-0.002891910
6.703250000,-0.002729608
6.703312500,-0.002483129
6.703375000,-0.002280841
6.703437500,-0.002204322
6.703500000,-0.002258986
6.703562500,-0.002391026
6.703625000,-0.002503213
6.703687500,-0.002528385
6.703750000,-0.002447235
6.703812500,-0.002298671
6.703875000,-0.002142007
6.703937500,-0.002051386
6.704000000,-0.002070737
6.704062500,-0.002195023
6.704125000,-0.002362336
6.704187500,-0.002497775
6.704250000,-0.002541359
6.704312500,-0.002475378
6.704375000,-0.002329341
6.704437500,-0.002171184
6.704500000,-0.002070737
6.704562500,-0.002065192
6.704625000,-0.002143824
6.704687500,-0.002259732
6.704750000,-0.002353110
6.704812500,-0.002380621
6.704875000,-0.002333497
6.704937500,-0.002244980
6.705000000,-0.002164861
6.705062500,-0.002133298
6.705125000,-0.002153351
6.705187500,-0.002205630
6.705250000,-0.002258986
6.705312500,-0.002298033
6.705375000,-0.002314298
6.705437500,-0.002325344
6.705500000,-0.002353110
6.705562500,-0.002408725
6.705625000,-0.002465398
6.705687500,-0.002468152
6.705750000,-0.002353110
6.705812500,-0.002078435
6.705875000,-0.001639320
6.705937500,-0.001076570
6.706000000,-0.000470622
6.706062500,0.000079943
6.706125000,0.000481469
6.706187500,0.000677276
6.706250000,0.000658871
6.706312500,0.000467763
6.706375000,0.000168389
6.706437500,-0.000163853
6.706500000,-0.000470622
6.706562500,-0.000721949
6.706625000,-0.000929105
6.706687500,-0.001118910
6.706750000,-0.001317742
6.706812500,-0.001531578
6.706875000,-0.001756692
6.706937500,-0.001973504
6.707000000,-0.002164861
6.707062500,-0.002320889
6.707125000,-0.002446467
6.707187500,-0.002532456
6.707250000,-0.002541359
6.707312500,-0.002398465
6.707375000,-0.002022750
6.707437500,-0.001349921
6.707500000,-0.000376498
6.707562500,0.000821566
6.707625000,0.002088389
6.707687500,0.003244286
6.707750000,0.004141474
6.707812500,0.004714627
6.707875000,0.004984473
6.707937500,0.005041599
6.708000000,0.004988594
6.708062500,0.004888061
6.708125000,0.004727455
6.708187500,0.004441587
6.708250000,0.003953225
6.708312500,0.003224855
6.708375000,0.002291269
6.708437500,0.001262147
6.708500000,0.000282373
6.708562500,-0.000524394
6.708625000,-0.001090804
6.708687500,-0.001426231
6.708750000,-0.001600115
6.708812500,-0.001709888
6.708875000,-0.001826929
6.708937500,-0.001982804
6.709000000,-0.002164861
6.709062500,-0.002339076
6.709125000,-0.002458641
6.709187500,-0.002495079
6.709250000,-0.002447235
6.709312500,-0.002346900
6.709375000,-0.002228776
6.709437500,-0.002128277
6.709500000,-0.002070737
6.709562500,-0.002074289
6.709625000,-0.002127473
6.709687500,-0.002201771
6.709750000,-0.002258986
6.709812500,-0.002271794
6.709875000,-0.002213311
6.709937500,-0.002077314
6.710000000,-0.001882488
6.710062500,-0.001680924
6.710125000,-0.001507986
6.710187500,-0.001388023
6.710250000,-0.001317742
6.710312500,-0.001285713
6.710375000,-0.001219399
6.710437500,-0.001055740
6.710500000,-0.000752995
6.710562500,-0.000334905
6.710625000,0.000186353
6.710687500,0.000757561
6.710750000,0.001317742
6.710812500,0.001785489
6.710875000,0.002163148
6.710937500,0.002467040
6.711000000,0.002729608
6.711062500,0.002952455
6.711125000,0.003174105
6.711187500,0.003411139
6.711250000,0.003670852
6.711312500,0.003927627
6.711375000,0.004205216
6.711437500,0.004523415
6.711500000,0.004894469
6.711562500,0.005282165
6.711625000,0.005677108
6.711687500,0.006056057
6.711750000,0.006400459
6.711812500,0.006671262
6.711875000,0.006898694
6.711937500,0.007114669
6.712000000,0.007341704
6.712062500,0.007541509
6.712125000,0.007722621
6.712187500,0.007894184
6.712250000,0.008094699
6.712312500,0.008352705
6.712375000,0.008782818
6.712437500,0.009472478
6.712500000,0.010447809
6.712562500,0.011601997
6.712625000,0.012839796
6.712687500,0.014045748
6.712750000,0.015154029
6.712812500,0.016131634
6.712875000,0.017093237
6.712937500,0.018158866
6.713000000,0.019389628
6.713062500,0.020681834
6.713125000,0.021904789
6.713187500,0.022870639
6.713250000,0.023436978
6.713312500,0.023523524
6.713375000,0.023277411
6.713437500,0.022922833
6.713500000,0.022683984
6.713562500,0.022636004
6.713625000,0.022805547
6.713687500,0.023088289
6.713750000,0.023342853
6.713812500,0.023423972
6.713875000,0.023383072
6.713937500,0.023358049
6.714000000,0.023531102
6.714062500,0.023988504
6.714125000,0.024799636
6.714187500,0.025891749
6.714250000,0.027107829
6.714312500,0.028219592
6.714375000,0.029154722
6.714437500,0.029915119
6.714500000,0.030590432
6.714562500,0.031252787
6.714625000,0.032048896
6.714687500,0.033032019
6.714750000,0.034167159
6.714812500,0.035288397
6.714875000,0.036294162
6.714937500,0.037070930
6.715000000,0.037555639
6.715062500,0.037698142
6.715125000,0.037617281
6.715187500,0.037454370
6.715250000,0.037367389
6.715312500,0.037432276
6.715375000,0.037768442
6.715437500,0.038373373
6.715500000,0.039155755
6.715562500,0.039909165
6.715625000,0.040518593
6.715687500,0.040872872
6.715750000,0.040944118
6.715812500,0.040744711
6.715875000,0.040448487
6.715937500,0.040180668
6.716000000,0.040002871
6.716062500,0.039843209
6.716125000,0.039663460
6.716187500,0.039378855
6.716250000,0.038967505
6.716312500,0.038463794
6.716375000,0.038081858
6.716437500,0.037999898
6.716500000,0.038308635
6.716562500,0.038906436
6.716625000,0.039645873
6.716687500,0.040269986
6.716750000,0.040567622
6.716812500,0.040426079
6.716875000,0.039999384
6.716937500,0.039504178
6.717000000,0.039155755
6.717062500,0.039026935
6.717125000,0.039127529
6.717187500,0.039295785
6.717250000,0.039344002
6.717312500,0.039130006
6.717375000,0.038736116
6.717437500,0.038290616
6.717500000,0.037932139
6.717562500,0.037683204
6.717625000,0.037532080
6.717687500,0.037302926
6.717750000,0.036802646
6.717812500,0.035894614
6.717875000,0.034678135
6.717937500,0.033314556
6.718000000,0.032002300
6.718062500,0.030857075
6.718125000,0.029970022
6.718187500,0.029263670
6.718250000,0.028613821
6.718312500,0.027906017
6.718375000,0.027200146
6.718437500,0.026563108
6.718500000,0.026072461
6.718562500,0.025735408
6.718625000,0.025566094
6.718687500,0.025461825
6.718750000,0.025319466
6.718812500,0.025076363
6.718875000,0.024820454
6.718937500,0.024612680
6.719000000,0.024472345
6.719062500,0.024306009
6.719125000,0.024009150
6.719187500,0.023387481
6.719250000,0.022307485
6.719312500,0.020755593
6.719375000,0.018964043
6.719437500,0.017200669
6.719500000,0.015718777
6.719562500,0.014636157
6.719625000,0.013993083
6.719687500,0.013637085
6.719750000,0.013365666
6.719812500,0.013005811
6.719875000,0.012569039
6.719937500,0.012100156
6.720000000,0.011671427
6.720062500,0.011297179
6.720125000,0.010984140
6.720187500,0.010616403
6.720250000,0.010071312
6.720312500,0.009280056
6.720375000,0.008352349
6.720437500,0.007432234
6.720500000,0.006682833
6.720562500,0.006195910
6.720625000,0.006007927
6.720687500,0.005987380
6.720750000,0.005929837
6.720812500,0.005632569
6.720875000,0.005032124
6.720937500,0.004147034
6.721000000,0.003106105
6.721062500,0.002092295
6.721125000,0.001329041
6.721187500,0.000937323
6.721250000,0.000941244
6.721312500,0.001265779
6.721375000,0.001817967
6.721437500,0.002445648
6.721500000,0.003011981
6.721562500,0.003418182
6.721625000,0.003665407
6.721687500,0.003767546
6.721750000,0.003764976
6.721812500,0.003695410
6.721875000,0.003617430
6.721937500,0.003526571
6.722000000,0.003388479
6.722062500,0.003154193
6.722125000,0.002809924
6.722187500,0.002346653
6.722250000,0.001788364
6.722312500,0.001185041
6.722375000,0.000621361
6.722437500,0.000153891
6.722500000,-0.000188249
6.722562500,-0.000410732
6.722625000,-0.000530891
6.722687500,-0.000597695
6.722750000,-0.000658871
6.722812500,-0.000743941
6.722875000,-0.000852885
6.722937500,-0.000983685
6.723000000,-0.001129493
6.723062500,-0.001277183
6.723125000,-0.001428171
6.723187500,-0.001595470
6.723250000,-0.001788364
6.723312500,-0.001990877
6.723375000,-0.002182824
6.723437500,-0.002341181
6.723500000,-0.002447235
6.723562500,-0.002483364
6.723625000,-0.002463074
6.723687500,-0.002411606
6.723750000,-0.002353110
6.723812500,-0.002287503
6.723875000,-0.002218481
6.723937500,-0.002143863
6.724000000,-0.002070737
6.724062500,-0.002011018
6.724125000,-0.002004206
6.724187500,-0.002084916
6.724250000,-0.002258986
6.724312500,-0.002478941
6.724375000,-0.002674531
6.724437500,-0.002772291
6.724500000,-0.002729608
6.724562500,-0.002549016
6.724625000,-0.002299520
6.724687500,-0.002080185
6.724750000,-0.001976613
6.724812500,-0.002016973
6.724875000,-0.002185546
6.724937500,-0.002435394
6.725000000,-0.002729608
6.725062500,-0.003067469
6.725125000,-0.003508297
6.725187500,-0.004131017
6.725250000,-0.004988594
6.725312500,-0.006060495
6.725375000,-0.007254383
6.725437500,-0.008421625
6.725500000,-0.009412440
6.725562500,-0.010124493
6.725625000,-0.010542555
6.725687500,-0.010717534
6.725750000,-0.010730183
6.725812500,-0.010643244
6.725875000,-0.010489786
6.725937500,-0.010268492
6.726000000,-0.009977187
6.726062500,-0.009639136
6.726125000,-0.009329219
6.726187500,-0.009137194
6.726250000,-0.009130068
6.726312500,-0.009310426
6.726375000,-0.009610257
6.726437500,-0.009905572
6.726500000,-0.010071312
6.726562500,-0.010032023
6.726625000,-0.009802546
6.726687500,-0.009465315
6.726750000,-0.009130068
6.726812500,-0.008878970
6.726875000,-0.008735948
6.726937500,-0.008657363
6.727000000,-0.008565322
6.727062500,-0.008392153
6.727125000,-0.008106287
6.727187500,-0.007714637
6.727250000,-0.007247579
6.727312500,-0.006740781
6.727375000,-0.006207555
6.727437500,-0.005650812
6.727500000,-0.005082718
6.727562500,-0.004546192
6.727625000,-0.004094618
6.727687500,-0.003770784
6.727750000,-0.003576728
6.727812500,-0.003465782
6.727875000,-0.003349365
6.727937500,-0.003142938
6.728000000,-0.002823732
6.728062500,-0.002459653
6.728125000,-0.002190697
6.728187500,-0.002141310
6.728250000,-0.002353110
6.728312500,-0.002738964
6.728375000,-0.003116364
6.728437500,-0.003257578
6.728500000,-0.003011981
6.728562500,-0.002384968
6.728625000,-0.001571853
6.728687500,-0.000850317
6.728750000,-0.000470622
6.728812500,-0.000537649
6.728875000,-0.000979923
6.728937500,-0.001556591
6.729000000,-0.001976613
6.729062500,-0.002018013
6.729125000,-0.001629143
6.729187500,-0.000897972
6.729250000,-0.000000000
6.729312500,0.000898867
6.729375000,0.001690986
6.729437500,0.002376226
6.729500000,0.003011981
6.729562500,0.003656398
6.729625000,0.004299311
6.729687500,0.004890987
6.729750000,0.005365091
6.729812500,0.005691039
6.729875000,0.005877947
6.729937500,0.005994674
6.730000000,0.006118086
6.730062500,0.006291050
6.730125000,0.006478314
6.730187500,0.006604421
6.730250000,0.006588709
6.730312500,0.006395079
6.730375000,0.006035855
6.730437500,0.005575215
6.730500000,0.005082718
6.730562500,0.004596029
6.730625000,0.004090759
6.730687500,0.003514162
6.730750000,0.002823732
6.730812500,0.002033561
6.730875000,0.001216392
6.730937500,0.000497065
6.731000000,0.000000000
6.731062500,-0.000198440
6.731125000,-0.000117256
6.731187500,0.000150725
6.731250000,0.000470622
6.731312500,0.000718835
6.731375000,0.000816180
6.731437500,0.000750777
6.731500000,0.000564746
6.731562500,0.000328417
6.731625000,0.000094625
6.731687500,-0.000108329
6.731750000,-0.000282373
6.731812500,-0.000445024
6.731875000,-0.000619381
6.731937500,-0.000816982
6.732000000,-0.001035369
6.732062500,-0.001262459
6.732125000,-0.001482940
6.732187500,-0.001690116
6.732250000,-0.001882488
6.732312500,-0.002060981
6.732375000,-0.002217264
6.732437500,-0.002347701
6.732500000,-0.002447235
6.732562500,-0.002511165
6.732625000,-0.002530155
6.732687500,-0.002506796
6.732750000,-0.002447235
6.732812500,-0.002360558
6.732875000,-0.002252706
6.732937500,-0.002146106
6.733000000,-0.002070737
6.733062500,-0.002055968
6.733125000,-0.002117774
6.733187500,-0.002257252
6.733250000,-0.002447235
6.733312500,-0.002633291
6.733375000,-0.002750540
6.733437500,-0.002753479
6.733500000,-0.002635483
6.733562500,-0.002433348
6.733625000,-0.002223378
6.733687500,-0.002085760
6.733750000,-0.002070737
6.733812500,-0.002172835
6.733875000,-0.002337652
6.733937500,-0.002483867
6.734000000,-0.002541359
6.734062500,-0.002479637
6.734125000,-0.002324831
6.734187500,-0.002137255
6.734250000,-0.001976613
6.734312500,-0.001867013
6.734375000,-0.001794079
6.734437500,-0.001716306
6.734500000,-0.001600115
6.734562500,-0.001445939
6.734625000,-0.001304634
6.734687500,-0.001245357
6.734750000,-0.001317742
6.734812500,-0.001514903
6.734875000,-0.001779407
6.734937500,-0.002020423
6.735000000,-0.002164861
6.735062500,-0.002194524
6.735125000,-0.002164739
6.735187500,-0.002162720
6.735250000,-0.002258986
6.735312500,-0.002462478
6.735375000,-0.002710000
6.735437500,-0.002892740
6.735500000,-0.002917857
6.735562500,-0.002764674
6.735625000,-0.002495838
6.735687500,-0.002227521
6.735750000,-0.002070737
6.735812500,-0.002077674
6.735875000,-0.002210953
6.735937500,-0.002369127
6.736000000,-0.002447235
6.736062500,-0.002400872
6.736125000,-0.002262199
6.736187500,-0.002120788
6.736250000,-0.002070737
6.736312500,-0.002161686
6.736375000,-0.002354198
6.736437500,-0.002547732
6.736500000,-0.002635483
6.736562500,-0.002574248
6.736625000,-0.002384776
6.736687500,-0.002151949
6.736750000,-0.001976613
6.736812500,-0.001936932
6.736875000,-0.002021072
6.736937500,-0.002158259
6.737000000,-0.002258986
6.737062500,-0.002279227
6.737125000,-0.002210224
6.737187500,-0.002092423
6.737250000,-0.001976613
6.737312500,-0.001897325
6.737375000,-0.001814659
6.737437500,-0.001648899
6.737500000,-0.001317742
6.737562500,-0.000795686
6.737625000,-0.000106181
6.737687500,0.000666221
6.737750000,0.001411866
6.737812500,0.002023103
6.737875000,0.002469924
6.737937500,0.002778910
6.738000000,0.003011981
6.738062500,0.003215076
6.738125000,0.003425313
6.738187500,0.003645574
6.738250000,0.003859101
6.738312500,0.004037275
6.738375000,0.004195013
6.738437500,0.004370493
6.738500000,0.004612096
6.738562500,0.004941902
6.738625000,0.005382072
6.738687500,0.005933753
6.738750000,0.006588709
6.738812500,0.007321825
6.738875000,0.008130511
6.738937500,0.008998694
6.739000000,0.009883063
6.739062500,0.010694237
6.739125000,0.011345399
6.739187500,0.011769361
6.739250000,0.011953799
6.739312500,0.011941052
6.739375000,0.011840967
6.739437500,0.011763456
6.739500000,0.011765551
6.739562500,0.011809290
6.739625000,0.011810091
6.739687500,0.011678147
6.739750000,0.011389053
6.739812500,0.011011016
6.739875000,0.010721480
6.739937500,0.010715054
6.740000000,0.011106680
6.740062500,0.011845258
6.740125000,0.012741697
6.740187500,0.013519079
6.740250000,0.013930413
6.740312500,0.013849010
6.740375000,0.013354803
6.740437500,0.012666552
6.740500000,0.012047924
6.740562500,0.011681743
6.740625000,0.011636767
6.740687500,0.011838702
6.740750000,0.012142048
6.740812500,0.012403513
6.740875000,0.012578294
6.740937500,0.012691533
6.741000000,0.012800919
6.741062500,0.012925345
6.741125000,0.013039870
6.741187500,0.013058444
6.741250000,0.012895043
6.741312500,0.012514711
6.741375000,0.011989195
6.741437500,0.011444540
6.741500000,0.011012556
6.741562500,0.010761563
6.741625000,0.010691527
6.741687500,0.010715623
6.741750000,0.010730183
6.741812500,0.010669707
6.741875000,0.010561346
6.741937500,0.010466550
6.742000000,0.010447809
6.742062500,0.010517769
6.742125000,0.010643800
6.742187500,0.010738500
6.742250000,0.010730183
6.742312500,0.010611625
6.742375000,0.010463378
6.742437500,0.010385498
6.742500000,0.010447809
6.742562500,0.010642306
6.742625000,0.010872411
6.742687500,0.010977580
6.742750000,0.010824307
6.742812500,0.010384875
6.742875000,0.009755277
6.742937500,0.009095209
6.743000000,0.008565322
6.743062500,0.008259687
6.743125000,0.008157123
6.743187500,0.008125329
6.743250000,0.008000575
6.743312500,0.007675169
6.743375000,0.007139076
6.743437500,0.006458560
6.743500000,0.005741589
6.743562500,0.005082401
6.743625000,0.004520011
6.743687500,0.004011537
6.743750000,0.003482603
6.743812500,0.002884777
6.743875000,0.002227593
6.743937500,0.001557010
6.744000000,0.000941244
6.744062500,0.000441011
6.744125000,0.000072539
6.744187500,-0.000208353
6.744250000,-0.000470622
6.744312500,-0.000763625
6.744375000,-0.001103538
6.744437500,-0.001483812
6.744500000,-0.001882488
6.744562500,-0.002277611
6.744625000,-0.002682116
6.744687500,-0.003153833
6.744750000,-0.003764976
6.744812500,-0.004560200
6.744875000,-0.005538320
6.744937500,-0.006653365
6.745000000,-0.007812326
6.745062500,-0.008891213
6.745125000,-0.009780353
6.745187500,-0.010424505
6.745250000,-0.010824307
6.745312500,-0.011016803
6.745375000,-0.011067958
6.745437500,-0.011051679
6.745500000,-0.011012556
6.745562500,-0.010938128
6.745625000,-0.010793272
6.745687500,-0.010541201
6.745750000,-0.010165436
6.745812500,-0.009677015
6.745875000,-0.009144039
6.745937500,-0.008674281
6.746000000,-0.008377072
6.746062500,-0.008309719
6.746125000,-0.008486284
6.746187500,-0.008856517
6.746250000,-0.009318316
6.746312500,-0.009734949
6.746375000,-0.010011180
6.746437500,-0.010110948
6.746500000,-0.010071312
6.746562500,-0.009969955
6.746625000,-0.009932593
6.746687500,-0.010052842
6.746750000,-0.010353684
6.746812500,-0.010751136
6.746875000,-0.011133425
6.746937500,-0.011372742
6.747000000,-0.011389053
6.747062500,-0.011161300
6.747125000,-0.010793083
6.747187500,-0.010421360
6.747250000,-0.010165436
6.747312500,-0.010054163
6.747375000,-0.010084296
6.747437500,-0.010199252
6.747500000,-0.010353684
6.747562500,-0.010598455
6.747625000,-0.010931905
6.747687500,-0.011359134
6.747750000,-0.011859675
6.747812500,-0.012432084
6.747875000,-0.012975778
6.747937500,-0.013380328
6.748000000,-0.013553915
6.748062500,-0.013502952
6.748125000,-0.013241651
6.748187500,-0.012860755
6.748250000,-0.012518546
6.748312500,-0.012443502
6.748375000,-0.012746738
6.748437500,-0.013385107
6.748500000,-0.014118661
6.748562500,-0.014612815
6.748625000,-0.014501392
6.748687500,-0.013655519
6.748750000,-0.012330297
6.748812500,-0.011170871
6.748875000,-0.010867755
6.748937500,-0.011820970
6.749000000,-0.013836288
6.749062500,-0.016138336
6.749125000,-0.017636253
6.749187500,-0.017542485
6.749250000,-0.015907025
6.749312500,-0.013792524
6.749375000,-0.012794928
6.749437500,-0.014213916
6.749500000,-0.018166009
6.749562500,-0.023173243
6.749625000,-0.026452404
6.749687500,-0.024996728
6.749750000,-0.016942395
6.749812500,-0.002602522
6.749875000,0.015439857
6.749937500,0.033179343
6.750000000,0.046685707
6.750062500,0.053564150
6.750125000,0.053772643
6.750187500,0.049400020
6.750250000,0.043579601
6.750312500,0.039090455
6.750375000,0.037334681
6.750437500,0.038070388
6.750500000,0.039908748
6.750562500,0.041237909
6.750625000,0.041074887
6.750687500,0.039450139
6.750750000,0.037179142
6.750812500,0.035272907
6.750875000,0.034367520
6.750937500,0.034461074
6.751000000,0.035014279
6.751062500,0.035317425
6.751125000,0.034897026
6.751187500,0.033735812
6.751250000,0.032190546
6.751312500,0.030725524
6.751375000,0.029665794
6.751437500,0.029061625
6.751500000,0.028707944
6.751562500,0.028279129
6.751625000,0.027545143
6.751687500,0.026476229
6.751750000,0.025225341
6.751812500,0.024010558
6.751875000,0.023041667
6.751937500,0.022425987
6.752000000,0.022119237
6.752062500,0.021923000
6.752125000,0.021600945
6.752187500,0.020968959
6.752250000,0.019954374
6.752312500,0.018601893
6.752375000,0.017111067
6.752437500,0.015758161
6.752500000,0.014777532
6.752562500,0.014197079
6.752625000,0.014008006
6.752687500,0.013977856
6.752750000,0.013836288
6.752812500,0.013343018
6.752875000,0.012571683
6.752937500,0.011683398
6.753000000,0.010918431
6.753062500,0.010430743
6.753125000,0.010388406
6.753187500,0.010735421
6.753250000,0.011294928
6.753312500,0.011799729
6.753375000,0.012174823
6.753437500,0.012389197
6.753500000,0.012518546
6.753562500,0.012645535
6.753625000,0.012991561
6.753687500,0.013663256
6.753750000,0.014683408
6.753812500,0.015936999
6.753875000,0.017381389
6.753937500,0.018888738
6.754000000,0.020330872
6.754062500,0.021548398
6.754125000,0.022545543
6.754187500,0.023319611
6.754250000,0.023907598
6.754312500,0.024321146
6.754375000,0.024689449
6.754437500,0.025075864
6.754500000,0.025507715
6.754562500,0.025927819
6.754625000,0.026360489
6.754687500,0.026786739
6.754750000,0.027201954
6.754812500,0.027574906
6.754875000,0.027976831
6.754937500,0.028424352
6.755000000,0.028896192
6.755062500,0.029289702
6.755125000,0.029555725
6.755187500,0.029622404
6.755250000,0.029460939
6.755312500,0.029076299
6.755375000,0.028610611
6.755437500,0.028218787
6.755500000,0.028049074
6.755562500,0.028166501
6.755625000,0.028610054
6.755687500,0.029307108
6.755750000,0.030119810
6.755812500,0.030863393
6.755875000,0.031436577
6.755937500,0.031779919
6.756000000,0.031908173
6.756062500,0.031871099
6.756125000,0.031793978
6.756187500,0.031762391
6.756250000,0.031814050
6.756312500,0.031905569
6.756375000,0.032002106
6.756437500,0.032024778
6.756500000,0.031908173
6.756562500,0.031599987
6.756625000,0.031158196
6.756687500,0.030641638
6.756750000,0.030119810
6.756812500,0.029623153
6.756875000,0.029218419
6.756937500,0.028895464
6.757000000,0.028613821
6.757062500,0.028299429
6.757125000,0.027947601
6.757187500,0.027525811
6.757250000,0.027013704
6.757312500,0.026384801
6.757375000,0.025674606
6.757437500,0.024879642
6.757500000,0.024001725
6.757562500,0.023050718
6.757625000,0.022095939
6.757687500,0.021176405
6.757750000,0.020330872
6.757812500,0.019592972
6.757875000,0.018998697
6.757937500,0.018512882
6.758000000,0.018071886
6.758062500,0.017617816
6.758125000,0.017113814
6.758187500,0.016514987
6.758250000,0.015812902
6.758312500,0.015060293
6.758375000,0.014339697
6.758437500,0.013701288
6.758500000,0.013177417
6.758562500,0.012799675
6.758625000,0.012571199
6.758687500,0.012435871
6.758750000,0.012330297
6.758812500,0.012231054
6.758875000,0.012135077
6.758937500,0.012018102
6.759000000,0.011859675
6.759062500,0.011663734
6.759125000,0.011426132
6.759187500,0.011098920
6.759250000,0.010636058
6.759312500,0.010037594
6.759375000,0.009321347
6.759437500,0.008485819
6.759500000,0.007529953
6.759562500,0.006472236
6.759625000,0.005308302
6.759687500,0.003985637
6.759750000,0.002447235
6.759812500,0.000680017
6.759875000,-0.001297300
6.759937500,-0.003457475
6.760000000,-0.005741589
6.760062500,-0.008045367
6.760125000,-0.010270979
6.760187500,-0.012365704
6.760250000,-0.014306910
6.760312500,-0.016071336
6.760375000,-0.017675782
6.760437500,-0.019171748
6.760500000,-0.020613244
6.760562500,-0.022009276
6.760625000,-0.023371588
6.760687500,-0.024702244
6.760750000,-0.025978338
6.760812500,-0.027123252
6.760875000,-0.028084088
6.760937500,-0.028832780
6.761000000,-0.029366815
6.761062500,-0.029677548
6.761125000,-0.029813603
6.761187500,-0.029844752
6.761250000,-0.029837437
6.761312500,-0.029808810
6.761375000,-0.029786216
6.761437500,-0.029790755
6.761500000,-0.029837437
6.761562500,-0.029905040
6.761625000,-0.030005317
6.761687500,-0.030145390
6.761750000,-0.030308058
6.761812500,-0.030408761
6.761875000,-0.030381188
6.761937500,-0.030167773
6.762000000,-0.029743314
6.762062500,-0.029092792
6.762125000,-0.028307199
6.762187500,-0.027510740
6.762250000,-0.026825456
6.762312500,-0.026290758
6.762375000,-0.025958458
6.762437500,-0.025829224
6.762500000,-0.025884213
6.762562500,-0.026049877
6.762625000,-0.026356850
6.762687500,-0.026810981
6.762750000,-0.027390203
6.762812500,-0.027967988
6.762875000,-0.028490886
6.762937500,-0.028874742
6.763000000,-0.029084442
6.763062500,-0.029099284
6.763125000,-0.029072655
6.763187500,-0.029116012
6.763250000,-0.029272690
6.763312500,-0.029424671
6.763375000,-0.029482033
6.763437500,-0.029295705
6.763500000,-0.028802069
6.763562500,-0.028036494
6.763625000,-0.027276553
6.763687500,-0.026784454
6.763750000,-0.026731333
6.763812500,-0.027068516
6.763875000,-0.027664276
6.763937500,-0.028250055
6.764000000,-0.028613821
6.764062500,-0.028682346
6.764125000,-0.028659608
6.764187500,-0.028794048
6.764250000,-0.029272690
6.764312500,-0.030073510
6.764375000,-0.031046584
6.764437500,-0.031891949
6.764500000,-0.032378796
6.764562500,-0.032475188
6.764625000,-0.032461047
6.764687500,-0.032704752
6.764750000,-0.033508290
6.764812500,-0.034915965
6.764875000,-0.036725383
6.764937500,-0.038481999
6.765000000,-0.039720498
6.765062500,-0.040163849
6.765125000,-0.039886013
6.765187500,-0.039175600
6.765250000,-0.038402759
6.765312500,-0.037825096
6.765375000,-0.037498958
6.765437500,-0.037223399
6.765500000,-0.036708519
6.765562500,-0.035759848
6.765625000,-0.034385346
6.765687500,-0.032740667
6.765750000,-0.031061055
6.765812500,-0.029555138
6.765875000,-0.028273866
6.765937500,-0.027084317
6.766000000,-0.025790086
6.766062500,-0.024294253
6.766125000,-0.022610895
6.766187500,-0.020856617
6.766250000,-0.019201379
6.766312500,-0.017823022
6.766375000,-0.016722003
6.766437500,-0.015746824
6.766500000,-0.014683408
6.766562500,-0.013422910
6.766625000,-0.011905131
6.766687500,-0.010177271
6.766750000,-0.008377072
6.766812500,-0.006734813
6.766875000,-0.005377908
6.766937500,-0.004337418
6.767000000,-0.003576728
6.767062500,-0.003085653
6.767125000,-0.002791834
6.767187500,-0.002588025
6.767250000,-0.002353110
6.767312500,-0.002010224
6.767375000,-0.001431007
6.767437500,-0.000475692
6.767500000,0.000941244
6.767562500,0.002768006
6.767625000,0.004910314
6.767687500,0.007277121
6.767750000,0.009788939
6.767812500,0.012353142
6.767875000,0.014953665
6.767937500,0.017635500
6.768000000,0.020424996
6.768062500,0.023242792
6.768125000,0.025977481
6.768187500,0.028537810
6.768250000,0.030872805
6.768312500,0.032964252
6.768375000,0.034915403
6.768437500,0.036917865
6.768500000,0.039155755
6.768562500,0.041682351
6.768625000,0.044468112
6.768687500,0.047391288
6.768750000,0.050262433
6.768812500,0.052831858
6.768875000,0.054953679
6.768937500,0.056571364
6.769000000,0.057698261
6.769062500,0.058332413
6.769125000,0.058542185
6.769187500,0.058400206
6.769250000,0.057980634
6.769312500,0.057309505
6.769375000,0.056504518
6.769437500,0.055688132
6.769500000,0.054968655
6.769562500,0.054356631
6.769625000,0.053894181
6.769687500,0.053573512
6.769750000,0.053368539
6.769812500,0.053196687
6.769875000,0.053067569
6.769937500,0.052977107
6.770000000,0.052897915
6.770062500,0.052711662
6.770125000,0.052355632
6.770187500,0.051763307
6.770250000,0.050921306
6.770312500,0.049839795
6.770375000,0.048680216
6.770437500,0.047593292
6.770500000,0.046685707
6.770562500,0.045931116
6.770625000,0.045320064
6.770687500,0.044771418
6.770750000,0.044238474
6.770812500,0.043705974
6.770875000,0.043338209
6.770937500,0.043251682
6.771000000,0.043485478
6.771062500,0.043902542
6.771125000,0.044371668
6.771187500,0.044661287
6.771250000,0.044614971
6.771312500,0.044190757
6.771375000,0.043640234
6.771437500,0.043213688
6.771500000,0.043108981
6.771562500,0.043324657
6.771625000,0.043808714
6.771687500,0.044295404
6.771750000,0.044520844
6.771812500,0.044317242
6.771875000,0.043831829
6.771937500,0.043262787
6.772000000,0.042826608
6.772062500,0.042607117
6.772125000,0.042633552
6.772187500,0.042700168
6.772250000,0.042544231
6.772312500,0.041947376
6.772375000,0.040952399
6.772437500,0.039675269
6.772500000,0.038308635
6.772562500,0.036996201
6.772625000,0.035881389
6.772687500,0.034896869
6.772750000,0.033884790
6.772812500,0.032660898
6.772875000,0.031232035
6.772937500,0.029647021
6.773000000,0.028049074
6.773062500,0.026582414
6.773125000,0.025462445
6.773187500,0.024726691
6.773250000,0.024284096
6.773312500,0.023901664
6.773375000,0.023446640
6.773437500,0.022753077
6.773500000,0.021742739
6.773562500,0.020386204
6.773625000,0.018889863
6.773687500,0.017417086
6.773750000,0.016095273
6.773812500,0.014901105
6.773875000,0.013889952
6.773937500,0.012974137
6.774000000,0.012047924
6.774062500,0.010960562
6.774125000,0.009808547
6.774187500,0.008666470
6.774250000,0.007624077
6.774312500,0.006653370
6.774375000,0.005859316
6.774437500,0.005203463
6.774500000,0.004612096
6.774562500,0.003932488
6.774625000,0.003245313
6.774687500,0.002599899
6.774750000,0.002070737
6.774812500,0.001637268
6.774875000,0.001432052
6.774937500,0.001461279
6.775000000,0.001694239
6.775062500,0.002009622
6.775125000,0.002481967
6.775187500,0.003143490
6.775250000,0.004047350
6.775312500,0.005171303
6.775375000,0.006638044
6.775437500,0.008467976
6.775500000,0.010636058
6.775562500,0.013010807
6.775625000,0.015571125
6.775687500,0.018228592
6.775750000,0.020895619
6.775812500,0.023442846
6.775875000,0.025880642
6.775937500,0.028197411
6.776000000,0.030402184
6.776062500,0.032468762
6.776125000,0.034482274
6.776187500,0.036482815
6.776250000,0.038496882
6.776312500,0.040485077
6.776375000,0.042469323
6.776437500,0.044405013
6.776500000,0.046215083
6.776562500,0.047761265
6.776625000,0.048997253
6.776687500,0.049887098
6.776750000,0.050450683
6.776812500,0.050720628
6.776875000,0.050838418
6.776937500,0.050916061
6.777000000,0.051015429
6.777062500,0.051081911
6.777125000,0.051081795
6.777187500,0.050946821
6.777250000,0.050638933
6.777312500,0.050132230
6.777375000,0.049541302
6.777437500,0.048990007
6.777500000,0.048568193
6.777562500,0.048286956
6.777625000,0.048014265
6.777687500,0.047544651
6.777750000,0.046685707
6.777812500,0.045374718
6.777875000,0.043659776
6.777937500,0.041707862
6.778000000,0.039720498
6.778062500,0.037876092
6.778125000,0.036210120
6.778187500,0.034675304
6.778250000,0.033225916
6.778312500,0.031930510
6.778375000,0.030884838
6.778437500,0.030164134
6.778500000,0.029743314
6.778562500,0.029507592
6.778625000,0.029206427
6.778687500,0.028623967
6.778750000,0.027766701
6.778812500,0.026982274
6.778875000,0.026708612
6.778937500,0.027222848
6.779000000,0.028425572
6.779062500,0.029854851
6.779125000,0.030775420
6.779187500,0.030604657
6.779250000,0.029366815
6.779312500,0.027910061
6.779375000,0.027477507
6.779437500,0.029061474
6.779500000,0.032755297
6.779562500,0.037483018
6.779625000,0.041074332
6.779687500,0.041079070
6.779750000,0.035861399
6.779812500,0.025504421
6.779875000,0.011801416
6.779937500,-0.002331542
6.780000000,-0.013930413
6.780062500,-0.021011477
6.780125000,-0.023380660
6.780187500,-0.022486795
6.780250000,-0.020613244
6.780312500,-0.019757761
6.780375000,-0.021009644
6.780437500,-0.024281450
6.780500000,-0.028613821
6.780562500,-0.032746263
6.780625000,-0.035916328
6.780687500,-0.038092881
6.780750000,-0.039814625
6.780812500,-0.041691810
6.780875000,-0.044185668
6.780937500,-0.047338903
6.781000000,-0.050827179
6.781062500,-0.054116119
6.781125000,-0.056902420
6.781187500,-0.059163272
6.781250000,-0.061086740
6.781312500,-0.062823378
6.781375000,-0.064517662
6.781437500,-0.066187777
6.781500000,-0.067769580
6.781562500,-0.069139473
6.781625000,-0.070349984
6.781687500,-0.071561821
6.781750000,-0.072946422
6.781812500,-0.074510895
6.781875000,-0.076199077
6.781937500,-0.077867329
6.782000000,-0.079346873
6.782062500,-0.080462858
6.782125000,-0.081205338
6.782187500,-0.081691228
6.782250000,-0.082076482
6.782312500,-0.082426026
6.782375000,-0.082748942
6.782437500,-0.083005533
6.782500000,-0.083111852
6.782562500,-0.082921006
6.782625000,-0.082439803
6.782687500,-0.081712544
6.782750000,-0.080852866
6.782812500,-0.079955749
6.782875000,-0.079209529
6.782937500,-0.078696370
6.783000000,-0.078405634
6.783062500,-0.078191012
6.783125000,-0.077964239
6.783187500,-0.077591099
6.783250000,-0.076993763
6.783312500,-0.076132819
6.783375000,-0.075161152
6.783437500,-0.074195020
6.783500000,-0.073322915
6.783562500,-0.072523862
6.783625000,-0.071825229
6.783687500,-0.071122728
6.783750000,-0.070310935
6.783812500,-0.069301747
6.783875000,-0.068216376
6.783937500,-0.067141034
6.784000000,-0.066169456
6.784062500,-0.065318145
6.784125000,-0.064662978
6.784187500,-0.064092830
6.784250000,-0.063439853
6.784312500,-0.062503502
6.784375000,-0.061274346
6.784437500,-0.059701454
6.784500000,-0.057792384
6.784562500,-0.055574168
6.784625000,-0.053225897
6.784687500,-0.050809987
6.784750000,-0.048379947
6.784812500,-0.045972832
6.784875000,-0.043752823
6.784937500,-0.041741360
6.785000000,-0.039908748
6.785062500,-0.038160563
6.785125000,-0.036493488
6.785187500,-0.034783442
6.785250000,-0.032943543
6.785312500,-0.030956367
6.785375000,-0.028996654
6.785437500,-0.027158858
6.785500000,-0.025507715
6.785562500,-0.024038786
6.785625000,-0.022769762
6.785687500,-0.021553749
6.785750000,-0.020236747
6.785812500,-0.018724132
6.785875000,-0.017087424
6.785937500,-0.015351043
6.786000000,-0.013553915
6.786062500,-0.011735927
6.786125000,-0.009996234
6.786187500,-0.008334722
6.786250000,-0.006776957
6.786312500,-0.005411150
6.786375000,-0.004415638
6.786437500,-0.003830442
6.786500000,-0.003576728
6.786562500,-0.003450585
6.786625000,-0.003200688
6.786687500,-0.002476363
6.786750000,-0.001035369
6.786812500,0.001131736
6.786875000,0.003751362
6.786937500,0.006476292
6.787000000,0.008941819
6.787062500,0.010873311
6.787125000,0.012150091
6.787187500,0.012922049
6.787250000,0.013459790
6.787312500,0.014005909
6.787375000,0.014678074
6.787437500,0.015519718
6.787500000,0.016471772
6.787562500,0.017403487
6.787625000,0.018217567
6.787687500,0.018940590
6.787750000,0.019672001
6.787812500,0.020492539
6.787875000,0.021473562
6.787937500,0.022654366
6.788000000,0.024001725
6.788062500,0.025381051
6.788125000,0.026677145
6.788187500,0.027823210
6.788250000,0.028802069
6.788312500,0.029596198
6.788375000,0.030257976
6.788437500,0.030856570
6.788500000,0.031437553
6.788562500,0.031960789
6.788625000,0.032402001
6.788687500,0.032733031
6.788750000,0.032943543
6.788812500,0.033012260
6.788875000,0.033018224
6.788937500,0.033060115
6.789000000,0.033225916
6.789062500,0.033509500
6.789125000,0.033906721
6.789187500,0.034347683
6.789250000,0.034731906
6.789312500,0.034921195
6.789375000,0.034883969
6.789437500,0.034638926
6.789500000,0.034261286
6.789562500,0.033812888
6.789625000,0.033448592
6.789687500,0.033286136
6.789750000,0.033414163
6.789812500,0.033832662
6.789875000,0.034586139
6.789937500,0.035637192
6.790000000,0.036896769
6.790062500,0.038186245
6.790125000,0.039401229
6.790187500,0.040413119
6.790250000,0.041132364
6.790312500,0.041481216
6.790375000,0.041539341
6.790437500,0.041391108
6.790500000,0.041132364
6.790562500,0.040793423
6.790625000,0.040457778
6.790687500,0.040115345
6.790750000,0.039720498
6.790812500,0.039177421
6.790875000,0.038525071
6.790937500,0.037800018
6.791000000,0.037085015
6.791062500,0.036436595
6.791125000,0.036015421
6.791187500,0.035868626
6.791250000,0.035955522
6.791312500,0.036095358
6.791375000,0.036187228
6.791437500,0.036077466
6.791500000,0.035673149
6.791562500,0.034924913
6.791625000,0.034008928
6.791687500,0.033102341
6.791750000,0.032378796
6.791812500,0.031897832
6.791875000,0.031740416
6.791937500,0.031825222
6.792000000,0.032002300
6.792062500,0.032061759
6.792125000,0.031961199
6.792187500,0.031674989
6.792250000,0.031249303
6.792312500,0.030723060
6.792375000,0.030254511
6.792437500,0.029900204
6.792500000,0.029649187
6.792562500,0.029378386
6.792625000,0.029057791
6.792687500,0.028599702
6.792750000,0.027954949
6.792812500,0.027084824
6.792875000,0.026137149
6.792937500,0.025227142
6.793000000,0.024472345
6.793062500,0.023916511
6.793125000,0.023687284
6.793187500,0.023791755
6.793250000,0.024189973
6.793312500,0.024765443
6.793375000,0.025525568
6.793437500,0.026416913
6.793500000,0.027390203
6.793562500,0.028342882
6.793625000,0.029283823
6.793687500,0.030131852
6.793750000,0.030778680
6.793812500,0.031058902
6.793875000,0.030960720
6.793937500,0.030470019
6.794000000,0.029649187
6.794062500,0.028584026
6.794125000,0.027524129
6.794187500,0.026648114
6.794250000,0.026072461
6.794312500,0.025774106
6.794375000,0.025762854
6.794437500,0.025933847
6.794500000,0.026166586
6.794562500,0.026323522
6.794625000,0.026419682
6.794687500,0.026456112
6.794750000,0.026448958
6.794812500,0.026361788
6.794875000,0.026236219
6.794937500,0.026031982
6.795000000,0.025695963
6.795062500,0.025155129
6.795125000,0.024477558
6.795187500,0.023738822
6.795250000,0.023060480
6.795312500,0.022545379
6.795375000,0.022352362
6.795437500,0.022515355
6.795500000,0.022966355
6.795562500,0.023524826
6.795625000,0.024060570
6.795687500,0.024447631
6.795750000,0.024660595
6.795812500,0.024759743
6.795875000,0.024936045
6.795937500,0.025310038
6.796000000,0.025884213
6.796062500,0.026490519
6.796125000,0.026936974
6.796187500,0.027009051
6.796250000,0.026637208
6.796312500,0.025935506
6.796375000,0.025267525
6.796437500,0.024970664
6.796500000,0.025225341
6.796562500,0.025912175
6.796625000,0.026724059
6.796687500,0.027186174
6.796750000,0.026919581
6.796812500,0.025807893
6.796875000,0.024140988
6.796937500,0.022401171
6.797000000,0.021083867
6.797062500,0.020453785
6.797125000,0.020515122
6.797187500,0.020938767
6.797250000,0.021272115
6.797312500,0.021125879
6.797375000,0.020433327
6.797437500,0.019345675
6.797500000,0.018166009
6.797562500,0.017148219
6.797625000,0.016493028
6.797687500,0.016167287
6.797750000,0.016001150
6.797812500,0.015755882
6.797875000,0.015357506
6.797937500,0.014793091
6.798000000,0.014118661
6.798062500,0.013351865
6.798125000,0.012569096
6.798187500,0.011762040
6.798250000,0.010918431
6.798312500,0.010024289
6.798375000,0.009238449
6.798437500,0.008711900
6.798500000,0.008565322
6.798562500,0.008772057
6.798625000,0.009289509
6.798687500,0.009924284
6.798750000,0.010447809
6.798812500,0.010627964
6.798875000,0.010451853
6.798937500,0.009972146
6.799000000,0.009318316
6.799062500,0.008588323
6.799125000,0.007959697
6.799187500,0.007505852
6.799250000,0.007247579
6.799312500,0.007124576
6.799375000,0.007202059
6.799437500,0.007511786
6.799500000,0.008094699
6.799562500,0.008927752
6.799625000,0.010073585
6.799687500,0.011511374
6.799750000,0.013177417
6.799812500,0.014918932
6.799875000,0.016686628
6.799937500,0.018390723
6.800000000,0.019954374
6.800062500,0.021265738
6.800125000,0.022348661
6.800187500,0.023216549
6.800250000,0.023907598
6.800312500,0.024423826
6.800375000,0.024874106
6.800437500,0.025318982
6.800500000,0.025790086
6.800562500,0.026235506
6.800625000,0.026675412
6.800687500,0.027093263
6.800750000,0.027484328
6.800812500,0.027816340
6.800875000,0.028151717
6.800937500,0.028514795
6.801000000,0.028896192
6.801062500,0.029209405
6.801125000,0.029413609
6.801187500,0.029463092
6.801250000,0.029366815
6.801312500,0.029174808
6.801375000,0.029052321
6.801437500,0.029148128
6.801500000,0.029555064
6.801562500,0.030243918
6.801625000,0.031129604
6.801687500,0.032049265
6.801750000,0.032849420
6.801812500,0.033431277
6.801875000,0.033828646
6.801937500,0.034133289
6.802000000,0.034449533
6.802062500,0.034818299
6.802125000,0.035234451
6.802187500,0.035614543
6.802250000,0.035861399
6.802312500,0.035901528
6.802375000,0.035772968
6.802437500,0.035545412
6.802500000,0.035296652
6.802562500,0.035044029
6.802625000,0.034806047
6.802687500,0.034529626
6.802750000,0.034167159
6.802812500,0.033694331
6.802875000,0.033208862
6.802937500,0.032788947
6.803000000,0.032472920
6.803062500,0.032189649
6.803125000,0.031854864
6.803187500,0.031302836
6.803250000,0.030402184
6.803312500,0.029094366
6.803375000,0.027521636
6.803437500,0.025860431
6.803500000,0.024284096
6.803562500,0.022853080
6.803625000,0.021603270
6.803687500,0.020429986
6.803750000,0.019201379
6.803812500,0.017798865
6.803875000,0.016295966
6.803937500,0.014803016
6.804000000,0.013459790
6.804062500,0.012325997
6.804125000,0.011480449
6.804187500,0.010861397
6.804250000,0.010353684
6.804312500,0.009804401
6.804375000,0.009229437
6.804437500,0.008662498
6.804500000,0.008188824
6.804562500,0.007854278
6.804625000,0.007786101
6.804687500,0.007984290
6.804750000,0.008377072
6.804812500,0.008797226
6.804875000,0.009198935
6.804937500,0.009506647
6.805000000,0.009694814
6.805062500,0.009732967
6.805125000,0.009753447
6.805187500,0.009823785
6.805250000,0.009977187
6.805312500,0.010143552
6.805375000,0.010357283
6.805437500,0.010586997
6.805500000,0.010824307
6.805562500,0.011039736
6.805625000,0.011369891
6.805687500,0.011886586
6.805750000,0.012612671
6.805812500,0.013440719
6.805875000,0.014333275
6.805937500,0.015179780
6.806000000,0.015907025
6.806062500,0.016465157
6.806125000,0.016997777
6.806187500,0.017630992
6.806250000,0.018448384
6.806312500,0.019386047
6.806375000,0.020381173
6.806437500,0.021275423
6.806500000,0.021930987
6.806562500,0.022256235
6.806625000,0.022363981
6.806687500,0.022419060
6.806750000,0.022589857
6.806812500,0.022929143
6.806875000,0.023455501
6.806937500,0.024072990
6.807000000,0.024660595
6.807062500,0.025109161
6.807125000,0.025466254
6.807187500,0.025838397
6.807250000,0.026354834
6.807312500,0.027064390
6.807375000,0.027990716
6.807437500,0.029051114
6.807500000,0.030119810
6.807562500,0.031053098
6.807625000,0.031829976
6.807687500,0.032472640
6.807750000,0.033037666
6.807812500,0.033540104
6.807875000,0.034007922
6.807937500,0.034397125
6.808000000,0.034637783
6.808062500,0.034648322
6.808125000,0.034449685
6.808187500,0.034099888
6.808250000,0.033696536
6.808312500,0.033318445
6.808375000,0.033055764
6.808437500,0.032916453
6.808500000,0.032849420
6.808562500,0.032751996
6.808625000,0.032562334
6.808687500,0.032221980
6.808750000,0.031719927
6.808812500,0.031085085
6.808875000,0.030410325
6.808937500,0.029761713
6.809000000,0.029178567
6.809062500,0.028658198
6.809125000,0.028185472
6.809187500,0.027690791
6.809250000,0.027107829
6.809312500,0.026412467
6.809375000,0.025640896
6.809437500,0.024843965
6.809500000,0.024095848
6.809562500,0.023484342
6.809625000,0.023068627
6.809687500,0.022826415
6.809750000,0.022683984
6.809812500,0.022560751
6.809875000,0.022377359
6.809937500,0.022053108
6.810000000,0.021554491
6.810062500,0.020921635
6.810125000,0.020231312
6.810187500,0.019526694
6.810250000,0.018824881
6.810312500,0.018131403
6.810375000,0.017426547
6.810437500,0.016640509
6.810500000,0.015718777
6.810562500,0.014671912
6.810625000,0.013552726
6.810687500,0.012390119
6.810750000,0.011200804
6.810812500,0.010003184
6.810875000,0.008783199
6.810937500,0.007474145
6.811000000,0.006023962
6.811062500,0.004461333
6.811125000,0.002845049
6.811187500,0.001221189
6.811250000,-0.000376498
6.811312500,-0.001909763
6.811375000,-0.003408993
6.811437500,-0.004969369
6.811500000,-0.006682833
6.811562500,-0.008551399
6.811625000,-0.010539364
6.811687500,-0.012582358
6.811750000,-0.014589284
6.811812500,-0.016431555
6.811875000,-0.018049354
6.811937500,-0.019457418
6.812000000,-0.020707369
6.812062500,-0.021810686
6.812125000,-0.022797080
6.812187500,-0.023686292
6.812250000,-0.024472345
6.812312500,-0.025093896
6.812375000,-0.025544094
6.812437500,-0.025872188
6.812500000,-0.026166586
6.812562500,-0.026490750
6.812625000,-0.026923588
6.812687500,-0.027512657
6.812750000,-0.028237322
6.812812500,-0.028973334
6.812875000,-0.029609514
6.812937500,-0.030081304
6.813000000,-0.030402184
6.813062500,-0.030637959
6.813125000,-0.030952355
6.813187500,-0.031525537
6.813250000,-0.032472920
6.813312500,-0.033757776
6.813375000,-0.035257965
6.813437500,-0.036778789
6.813500000,-0.038120385
6.813562500,-0.039114021
6.813625000,-0.039740440
6.813687500,-0.040083535
6.813750000,-0.040285248
6.813812500,-0.040444318
6.813875000,-0.040650021
6.813937500,-0.040900711
6.814000000,-0.041132364
6.814062500,-0.041228548
6.814125000,-0.041168574
6.814187500,-0.040980406
6.814250000,-0.040755868
6.814312500,-0.040578559
6.814375000,-0.040572587
6.814437500,-0.040753964
6.814500000,-0.041038241
6.814562500,-0.041228149
6.814625000,-0.041183367
6.814687500,-0.040779490
6.814750000,-0.040002871
6.814812500,-0.038934875
6.814875000,-0.037830513
6.814937500,-0.036914535
6.815000000,-0.036332019
6.815062500,-0.036056723
6.815125000,-0.036001664
6.815187500,-0.035946846
6.815250000,-0.035673149
6.815312500,-0.035019759
6.815375000,-0.034046628
6.815437500,-0.032885790
6.815500000,-0.031719927
6.815562500,-0.030671209
6.815625000,-0.029855568
6.815687500,-0.029236166
6.815750000,-0.028707944
6.815812500,-0.028138014
6.815875000,-0.027521864
6.815937500,-0.026874568
6.816000000,-0.026260709
6.816062500,-0.025731727
6.816125000,-0.025380045
6.816187500,-0.025177300
6.816250000,-0.025037091
6.816312500,-0.024833273
6.816375000,-0.024529105
6.816437500,-0.024067570
6.816500000,-0.023436978
6.816562500,-0.022655485
6.816625000,-0.021830983
6.816687500,-0.021013012
6.816750000,-0.020236747
6.816812500,-0.019516392
6.816875000,-0.018911472
6.816937500,-0.018408274
6.817000000,-0.017977761
6.817062500,-0.017582452
6.817125000,-0.017238727
6.817187500,-0.016909704
6.817250000,-0.016565897
6.817312500,-0.016199907
6.817375000,-0.015858218
6.817437500,-0.015541242
6.817500000,-0.015248154
6.817562500,-0.014988730
6.817625000,-0.014789539
6.817687500,-0.014613307
6.817750000,-0.014401034
6.817812500,-0.014098719
6.817875000,-0.013665779
6.817937500,-0.013028719
6.818000000,-0.012142048
6.818062500,-0.011026610
6.818125000,-0.009760774
6.818187500,-0.008414160
6.818250000,-0.007059331
6.818312500,-0.005772218
6.818375000,-0.004604229
6.818437500,-0.003539904
6.818500000,-0.002541359
6.818562500,-0.001584595
6.818625000,-0.000661830
6.818687500,0.000261802
6.818750000,0.001223617
6.818812500,0.002246015
6.818875000,0.003329480
6.818937500,0.004476521
6.819000000,0.005647464
6.819062500,0.006750052
6.819125000,0.007667048
6.819187500,0.008352104
6.819250000,0.008847695
6.819312500,0.009284565
6.819375000,0.009840176
6.819437500,0.010700776
6.819500000,0.011953799
6.819562500,0.013534622
6.819625000,0.015228336
6.819687500,0.016797872
6.819750000,0.018071886
6.819812500,0.019024676
6.819875000,0.019758990
6.819937500,0.020481680
6.820000000,0.021366240
6.820062500,0.022459663
6.820125000,0.023614118
6.820187500,0.024604565
6.820250000,0.025225341
6.820312500,0.025408316
6.820375000,0.025220487
6.820437500,0.024869146
6.820500000,0.024566470
6.820562500,0.024429735
6.820625000,0.024376016
6.820687500,0.024229314
6.820750000,0.023813475
6.820812500,0.023076789
6.820875000,0.022098482
6.820937500,0.021083428
6.821000000,0.020236747
6.821062500,0.019660428
6.821125000,0.019275881
6.821187500,0.018899921
6.821250000,0.018354259
6.821312500,0.017582547
6.821375000,0.016674569
6.821437500,0.015813647
6.821500000,0.015154029
6.821562500,0.014713294
6.821625000,0.014344339
6.821687500,0.013802932
6.821750000,0.012895043
6.821812500,0.011597103
6.821875000,0.010094230
6.821937500,0.008663966
6.822000000,0.007529953
6.822062500,0.006726489
6.822125000,0.006093571
6.822187500,0.005340288
6.822250000,0.004235599
6.822312500,0.002744398
6.822375000,0.001115698
6.822437500,-0.000300705
6.822500000,-0.001223617
6.822562500,-0.001599395
6.822625000,-0.001663906
6.822687500,-0.001851238
6.822750000,-0.002541359
6.822812500,-0.003830263
6.822875000,-0.005466371
6.822937500,-0.007001710
6.823000000,-0.008000575
6.823062500,-0.008249342
6.823125000,-0.007872784
6.823187500,-0.007272477
6.823250000,-0.006871082
6.823312500,-0.006856061
6.823375000,-0.007113869
6.823437500,-0.007343331
6.823500000,-0.007247579
6.823562500,-0.006705721
6.823625000,-0.005893945
6.823687500,-0.005164938
6.823750000,-0.004800345
6.823812500,-0.004781041
6.823875000,-0.004841442
6.823937500,-0.004628547
6.824000000,-0.003953225
6.824062500,-0.002927001
6.824125000,-0.002011167
6.824187500,-0.001719358
6.824250000,-0.002258986
6.824312500,-0.003266304
6.824375000,-0.003988979
6.824437500,-0.003619563
6.824500000,-0.001788364
6.824562500,0.001148519
6.824625000,0.004016962
6.824687500,0.005332251
6.824750000,0.003953225
6.824812500,-0.000302338
6.824875000,-0.006613589
6.824937500,-0.013386401
6.825000000,-0.018919006
6.825062500,-0.022039790
6.825125000,-0.022638878
6.825187500,-0.021519233
6.825250000,-0.019954374
6.825312500,-0.019033719
6.825375000,-0.019320510
6.825437500,-0.020653658
6.825500000,-0.022401609
6.825562500,-0.023842435
6.825625000,-0.024641400
6.825687500,-0.024897369
6.825750000,-0.025037091
6.825812500,-0.025498746
6.825875000,-0.026559841
6.825937500,-0.028147217
6.826000000,-0.029931562
6.826062500,-0.031497553
6.826125000,-0.032612339
6.826187500,-0.033256136
6.826250000,-0.033602413
6.826312500,-0.033878665
6.826375000,-0.034282036
6.826437500,-0.034869108
6.826500000,-0.035579026
6.826562500,-0.036294281
6.826625000,-0.036940176
6.826687500,-0.037502162
6.826750000,-0.038026262
6.826812500,-0.038573395
6.826875000,-0.039187014
6.826937500,-0.039847419
6.827000000,-0.040473495
6.827062500,-0.040944789
6.827125000,-0.041144159
6.827187500,-0.040991284
6.827250000,-0.040473495
6.827312500,-0.039651521
6.827375000,-0.038639281
6.827437500,-0.037566077
6.827500000,-0.036520272
6.827562500,-0.035505675
6.827625000,-0.034478132
6.827687500,-0.033333469
6.827750000,-0.032002300
6.827812500,-0.030496337
6.827875000,-0.028959297
6.827937500,-0.027543699
6.828000000,-0.026354834
6.828062500,-0.025375629
6.828125000,-0.024511540
6.828187500,-0.023572426
6.828250000,-0.022401609
6.828312500,-0.020946477
6.828375000,-0.019331586
6.828437500,-0.017708652
6.828500000,-0.016189398
6.828562500,-0.014754481
6.828625000,-0.013329539
6.828687500,-0.011760617
6.828750000,-0.009977187
6.828812500,-0.008057801
6.828875000,-0.006300342
6.828937500,-0.004979638
6.829000000,-0.004235599
6.829062500,-0.003948532
6.829125000,-0.003862808
6.829187500,-0.003600394
6.829250000,-0.002917857
6.829312500,-0.001831978
6.829375000,-0.000727182
6.829437500,-0.000045427
6.829500000,-0.000094124
6.829562500,-0.000825265
6.829625000,-0.001913659
6.829687500,-0.002759097
6.829750000,-0.002823732
6.829812500,-0.001875240
6.829875000,-0.000207378
6.829937500,0.001607128
6.830000000,0.002917857
6.830062500,0.003306242
6.830125000,0.002674775
6.830187500,0.001379810
6.830250000,0.000000000
6.830312500,-0.000911293
6.830375000,-0.001129456
6.830437500,-0.000718884
6.830500000,-0.000000000
6.830562500,0.000640376
6.830625000,0.000868586
6.830687500,0.000608357
6.830750000,0.000000000
6.830812500,-0.000694208
6.830875000,-0.001257180
6.830937500,-0.001554019
6.831000000,-0.001600115
6.831062500,-0.001542619
6.831125000,-0.001575392
6.831187500,-0.001832740
6.831250000,-0.002353110
6.831312500,-0.003091435
6.831375000,-0.003910756
6.831437500,-0.004647380
6.831500000,-0.005176842
6.831562500,-0.005482296
6.831625000,-0.005591272
6.831687500,-0.005585899
6.831750000,-0.005553340
6.831812500,-0.005573602
6.831875000,-0.005618144
6.831937500,-0.005609997
6.832000000,-0.005459215
6.832062500,-0.005147827
6.832125000,-0.004673451
6.832187500,-0.004111818
6.832250000,-0.003576728
6.832312500,-0.003202681
6.832375000,-0.003028520
6.832437500,-0.003025188
6.832500000,-0.003106105
6.832562500,-0.003195578
6.832625000,-0.003195222
6.832687500,-0.003067529
6.832750000,-0.002823732
6.832812500,-0.002522173
6.832875000,-0.002170001
6.832937500,-0.001734612
6.833000000,-0.001129493
6.833062500,-0.000258768
6.833125000,0.000999164
6.833187500,0.002699565
6.833250000,0.004800345
6.833312500,0.007135435
6.833375000,0.009502757
6.833437500,0.011691025
6.833500000,0.013553915
6.833562500,0.015036983
6.833625000,0.016220242
6.833687500,0.017247640
6.833750000,0.018260136
6.833812500,0.019319614
6.833875000,0.020416494
6.833937500,0.021473749
6.834000000,0.022401609
6.834062500,0.023143694
6.834125000,0.023717858
6.834187500,0.024198063
6.834250000,0.024660595
6.834312500,0.025125721
6.834375000,0.025539272
6.834437500,0.025796959
6.834500000,0.025790086
6.834562500,0.025456833
6.834625000,0.024818577
6.834687500,0.023976387
6.834750000,0.023060480
6.834812500,0.022166390
6.834875000,0.021342432
6.834937500,0.020583445
6.835000000,0.019860249
6.835062500,0.019147478
6.835125000,0.018474113
6.835187500,0.017904980
6.835250000,0.017507140
6.835312500,0.017295202
6.835375000,0.017239904
6.835437500,0.017254338
6.835500000,0.017224766
6.835562500,0.017038852
6.835625000,0.016655313
6.835687500,0.016096264
6.835750000,0.015436403
6.835812500,0.014750572
6.835875000,0.014131264
6.835937500,0.013613590
6.836000000,0.013177417
6.836062500,0.012732033
6.836125000,0.012233072
6.836187500,0.011630802
6.836250000,0.010918431
6.836312500,0.010100420
6.836375000,0.009286848
6.836437500,0.008546390
6.836500000,0.007906451
6.836562500,0.007299154
6.836625000,0.006720673
6.836687500,0.006134466
6.836750000,0.005553340
6.836812500,0.005010835
6.836875000,0.004693005
6.836937500,0.004730630
6.837000000,0.005176842
6.837062500,0.005916744
6.837125000,0.006841515
6.837187500,0.007748444
6.837250000,0.008471197
6.837312500,0.008899250
6.837375000,0.009148530
6.837437500,0.009367274
6.837500000,0.009694814
6.837562500,0.010136891
6.837625000,0.010679864
6.837687500,0.011181296
6.837750000,0.011483178
6.837812500,0.011449336
6.837875000,0.011163924
6.837937500,0.010790095
6.838000000,0.010541934
6.838062500,0.010545788
6.838125000,0.010930404
6.838187500,0.011662681
6.838250000,0.012612671
6.838312500,0.013569344
6.838375000,0.014455937
6.838437500,0.015246371
6.838500000,0.016001150
6.838562500,0.016783385
6.838625000,0.017742686
6.838687500,0.018937070
6.838750000,0.020330872
6.838812500,0.021759655
6.838875000,0.023094883
6.838937500,0.024204977
6.839000000,0.025037091
6.839062500,0.025602564
6.839125000,0.026059959
6.839187500,0.026562376
6.839250000,0.027201954
6.839312500,0.027926346
6.839375000,0.028640697
6.839437500,0.029190397
6.839500000,0.029460939
6.839562500,0.029409710
6.839625000,0.029160403
6.839687500,0.028880022
6.839750000,0.028707944
6.839812500,0.028658865
6.839875000,0.028698778
6.839937500,0.028731408
6.840000000,0.028707944
6.840062500,0.028660564
6.840125000,0.028786767
6.840187500,0.029277755
6.840250000,0.030213933
6.840312500,0.031445827
6.840375000,0.032698642
6.840437500,0.033602182
6.840500000,0.033884790
6.840562500,0.033482324
6.840625000,0.032651726
6.840687500,0.031786580
6.840750000,0.031249303
6.840812500,0.031168064
6.840875000,0.031447075
6.840937500,0.031754684
6.841000000,0.031719927
6.841062500,0.031093922
6.841125000,0.029941740
6.841187500,0.028526856
6.841250000,0.027201954
6.841312500,0.026211796
6.841375000,0.025677379
6.841437500,0.025485409
6.841500000,0.025413590
6.841562500,0.025228217
6.841625000,0.024885757
6.841687500,0.024418030
6.841750000,0.023907598
6.841812500,0.023368223
6.841875000,0.022820771
6.841937500,0.022178553
6.842000000,0.021366240
6.842062500,0.020364825
6.842125000,0.019369677
6.842187500,0.018602705
6.842250000,0.018260136
6.842312500,0.018376654
6.842375000,0.018908998
6.842437500,0.019623360
6.842500000,0.020236747
6.842562500,0.020491485
6.842625000,0.020369096
6.842687500,0.019947758
6.842750000,0.019389628
6.842812500,0.018811919
6.842875000,0.018357551
6.842937500,0.018014995
6.843000000,0.017695390
6.843062500,0.017250204
6.843125000,0.016685471
6.843187500,0.016022284
6.843250000,0.015342278
6.843312500,0.014707333
6.843375000,0.014264528
6.843437500,0.014048552
6.843500000,0.014024537
6.843562500,0.014062354
6.843625000,0.014135467
6.843687500,0.014188517
6.843750000,0.014212786
6.843812500,0.014202399
6.843875000,0.014285280
6.843937500,0.014531685
6.844000000,0.014965781
6.844062500,0.015500166
6.844125000,0.016097637
6.844187500,0.016644634
6.844250000,0.017036518
6.844312500,0.017170634
6.844375000,0.017116861
6.844437500,0.016966943
6.844500000,0.016848268
6.844562500,0.016838485
6.844625000,0.017061589
6.844687500,0.017526753
6.844750000,0.018166009
6.844812500,0.018818578
6.844875000,0.019407002
6.844937500,0.019854102
6.845000000,0.020142624
6.845062500,0.020267412
6.845125000,0.020356355
6.845187500,0.020490820
6.845250000,0.020707369
6.845312500,0.020936012
6.845375000,0.021166112
6.845437500,0.021345882
6.845500000,0.021460366
6.845562500,0.021503305
6.845625000,0.021614179
6.845687500,0.021897204
6.845750000,0.022401609
6.845812500,0.023036275
6.845875000,0.023727315
6.845937500,0.024334934
6.846000000,0.024754720
6.846062500,0.024919877
6.846125000,0.024964441
6.846187500,0.025049808
6.846250000,0.025319466
6.846312500,0.025771424
6.846375000,0.026386369
6.846437500,0.027016189
6.846500000,0.027484328
6.846562500,0.027603492
6.846625000,0.027400197
6.846687500,0.026966698
6.846750000,0.026448958
6.846812500,0.025919240
6.846875000,0.025511272
6.846937500,0.025253233
6.847000000,0.025131216
6.847062500,0.025065199
6.847125000,0.025121341
6.847187500,0.025349444
6.847250000,0.025790086
6.847312500,0.026371919
6.847375000,0.027086910
6.847437500,0.027838251
6.847500000,0.028519696
6.847562500,0.028993914
6.847625000,0.029310590
6.847687500,0.029531829
6.847750000,0.029743314
6.847812500,0.029948419
6.847875000,0.030239297
6.847937500,0.030618945
6.848000000,0.031061055
6.848062500,0.031467795
6.848125000,0.031880803
6.848187500,0.032307789
6.848250000,0.032755297
6.848312500,0.033151824
6.848375000,0.033539139
6.848437500,0.033908099
6.848500000,0.034261286
6.848562500,0.034560043
6.848625000,0.034925848
6.848687500,0.035436414
6.848750000,0.036143772
6.848812500,0.036979031
6.848875000,0.037943523
6.848937500,0.038932115
6.849000000,0.039814625
6.849062500,0.040413938
6.849125000,0.040747266
6.849187500,0.040856156
6.849250000,0.040849991
6.849312500,0.040808693
6.849375000,0.040922534
6.849437500,0.041260395
6.849500000,0.041791238
6.849562500,0.042332690
6.849625000,0.042779908
6.849687500,0.042996258
6.849750000,0.042920731
6.849812500,0.042538915
6.849875000,0.042054977
6.849937500,0.041660599
6.850000000,0.041508865
6.850062500,0.041593991
6.850125000,0.041915420
6.850187500,0.042324077
6.850250000,0.042638354
6.850312500,0.042659800
6.850375000,0.042409390
6.850437500,0.041951817
6.850500000,0.041414738
6.850562500,0.040878579
6.850625000,0.040508758
6.850687500,0.040348552
6.850750000,0.040379371
6.850812500,0.040494882
6.850875000,0.040703442
6.850937500,0.040961161
6.851000000,0.041226488
6.851062500,0.041401211
6.851125000,0.041503102
6.851187500,0.041487586
6.851250000,0.041320615
6.851312500,0.040946499
6.851375000,0.040459342
6.851437500,0.039909713
6.851500000,0.039344002
6.851562500,0.038743705
6.851625000,0.038186088
6.851687500,0.037666436
6.851750000,0.037179142
6.851812500,0.036693152
6.851875000,0.036309082
6.851937500,0.036060691
6.852000000,0.035955522
6.852062500,0.035924278
6.852125000,0.035962433
6.852187500,0.035972841
6.852250000,0.035861399
6.852312500,0.035541017
6.852375000,0.035088863
6.852437500,0.034569517
6.852500000,0.034073036
6.852562500,0.033649717
6.852625000,0.033401452
6.852687500,0.033294663
6.852750000,0.033225916
6.852812500,0.033027902
6.852875000,0.032644752
6.852937500,0.032013532
6.853000000,0.031155180
6.853062500,0.030149778
6.853125000,0.029214956
6.853187500,0.028492022
6.853250000,0.028049074
6.853312500,0.027831402
6.853375000,0.027770981
6.853437500,0.027683508
6.853500000,0.027390203
6.853562500,0.026764056
6.853625000,0.025860518
6.853687500,0.024768170
6.853750000,0.023625227
6.853812500,0.022548568
6.853875000,0.021675780
6.853937500,0.020997886
6.854000000,0.020424996
6.854062500,0.019813241
6.854125000,0.019098533
6.854187500,0.018207183
6.854250000,0.017130643
6.854312500,0.015911685
6.854375000,0.014697078
6.854437500,0.013578521
6.854500000,0.012612671
6.854562500,0.011803302
6.854625000,0.011165541
6.854687500,0.010639449
6.854750000,0.010165436
6.854812500,0.009706066
6.854875000,0.009301408
6.854937500,0.008954983
6.855000000,0.008659446
6.855062500,0.008385400
6.855125000,0.008119027
6.855187500,0.007789836
6.855250000,0.007341704
6.855312500,0.006761030
6.855375000,0.006116370
6.855437500,0.005452277
6.855500000,0.004800345
6.855562500,0.004160761
6.855625000,0.003537718
6.855687500,0.002881603
6.855750000,0.002164861
6.855812500,0.001411838
6.855875000,0.000726878
6.855937500,0.000183522
6.856000000,-0.000188249
6.856062500,-0.000428091
6.856125000,-0.000606667
6.856187500,-0.000846949
6.856250000,-0.001223617
6.856312500,-0.001713560
6.856375000,-0.002176285
6.856437500,-0.002476738
6.856500000,-0.002541359
6.856562500,-0.002417892
6.856625000,-0.002255384
6.856687500,-0.002292992
6.856750000,-0.002729608
6.856812500,-0.003630335
6.856875000,-0.004867204
6.856937500,-0.006215896
6.857000000,-0.007435828
6.857062500,-0.008372786
6.857125000,-0.009003962
6.857187500,-0.009450785
6.857250000,-0.009883063
6.857312500,-0.010420049
6.857375000,-0.011059836
6.857437500,-0.011710013
6.857500000,-0.012236172
6.857562500,-0.012537772
6.857625000,-0.012588953
6.857687500,-0.012455916
6.857750000,-0.012236172
6.857812500,-0.011996264
6.857875000,-0.011734470
6.857937500,-0.011415580
6.858000000,-0.011012556
6.858062500,-0.010547847
6.858125000,-0.010113923
6.858187500,-0.009834295
6.858250000,-0.009788939
6.858312500,-0.009942713
6.858375000,-0.010177498
6.858437500,-0.010326108
6.858500000,-0.010259560
6.858562500,-0.009934221
6.858625000,-0.009457218
6.858687500,-0.008990183
6.858750000,-0.008659446
6.858812500,-0.008452884
6.858875000,-0.008271308
6.858937500,-0.007943873
6.859000000,-0.007341704
6.859062500,-0.006440498
6.859125000,-0.005419156
6.859187500,-0.004541372
6.859250000,-0.004047350
6.859312500,-0.004007682
6.859375000,-0.004356673
6.859437500,-0.004867589
6.859500000,-0.005270967
6.859562500,-0.005339804
6.859625000,-0.005064301
6.859687500,-0.004567092
6.859750000,-0.004047350
6.859812500,-0.003639061
6.859875000,-0.003446466
6.859937500,-0.003431679
6.860000000,-0.003482603
6.860062500,-0.003450316
6.860125000,-0.003334585
6.860187500,-0.003204935
6.860250000,-0.003200230
6.860312500,-0.003424619
6.860375000,-0.004017305
6.860437500,-0.005000911
6.860500000,-0.006306335
6.860562500,-0.007755290
6.860625000,-0.009242271
6.860687500,-0.010661262
6.860750000,-0.011953799
6.860812500,-0.013058869
6.860875000,-0.014033861
6.860937500,-0.014914538
6.861000000,-0.015718777
6.861062500,-0.016391624
6.861125000,-0.016952412
6.861187500,-0.017406078
6.861250000,-0.017789513
6.861312500,-0.018127225
6.861375000,-0.018544817
6.861437500,-0.019119143
6.861500000,-0.019860249
6.861562500,-0.020646114
6.861625000,-0.021381674
6.861687500,-0.021951549
6.861750000,-0.022307485
6.861812500,-0.022456774
6.861875000,-0.022573797
6.861937500,-0.022834307
6.862000000,-0.023342853
6.862062500,-0.024023272
6.862125000,-0.024749335
6.862187500,-0.025322856
6.862250000,-0.025601838
6.862312500,-0.025541041
6.862375000,-0.025331868
6.862437500,-0.025241295
6.862500000,-0.025507715
6.862562500,-0.026182951
6.862625000,-0.027210450
6.862687500,-0.028381472
6.862750000,-0.029460939
6.862812500,-0.030256601
6.862875000,-0.030792454
6.862937500,-0.031196754
6.863000000,-0.031625804
6.863062500,-0.032121036
6.863125000,-0.032663908
6.863187500,-0.033115074
6.863250000,-0.033320040
6.863312500,-0.033166576
6.863375000,-0.032752678
6.863437500,-0.032262504
6.863500000,-0.031908173
6.863562500,-0.031790577
6.863625000,-0.031965178
6.863687500,-0.032336377
6.863750000,-0.032755297
6.863812500,-0.033059664
6.863875000,-0.033261899
6.863937500,-0.033417109
6.864000000,-0.033602413
6.864062500,-0.033805028
6.864125000,-0.034030605
6.864187500,-0.034184538
6.864250000,-0.034167159
6.864312500,-0.033891398
6.864375000,-0.033460043
6.864437500,-0.033003632
6.864500000,-0.032661170
6.864562500,-0.032468081
6.864625000,-0.032473519
6.864687500,-0.032604299
6.864750000,-0.032755297
6.864812500,-0.032793917
6.864875000,-0.032754626
6.864937500,-0.032668229
6.865000000,-0.032567047
6.865062500,-0.032389585
6.865125000,-0.032134134
6.865187500,-0.031715769
6.865250000,-0.031061055
6.865312500,-0.030100377
6.865375000,-0.028973470
6.865437500,-0.027829016
6.865500000,-0.026825456
6.865562500,-0.026014887
6.865625000,-0.025497623
6.865687500,-0.025233198
6.865750000,-0.025131216
6.865812500,-0.025038915
6.865875000,-0.024988441
6.865937500,-0.025002338
6.866000000,-0.025131216
6.866062500,-0.025350448
6.866125000,-0.025738869
6.866187500,-0.026259040
6.866250000,-0.026825456
6.866312500,-0.027266087
6.866375000,-0.027570460
6.866437500,-0.027703706
6.866500000,-0.027672576
6.866562500,-0.027453400
6.866625000,-0.027186494
6.866687500,-0.026953790
6.866750000,-0.026825456
6.866812500,-0.026787370
6.866875000,-0.026938155
6.866937500,-0.027277801
6.867000000,-0.027766701
6.867062500,-0.028276429
6.867125000,-0.028803159
6.867187500,-0.029298037
6.867250000,-0.029743314
6.867312500,-0.030103473
6.867375000,-0.030486409
6.867437500,-0.030931467
6.867500000,-0.031437553
6.867562500,-0.031904992
6.867625000,-0.032319173
6.867687500,-0.032611538
6.867750000,-0.032755297
6.867812500,-0.032747373
6.867875000,-0.032753892
6.867937500,-0.032910295
6.868000000,-0.033320040
6.868062500,-0.033972252
6.868125000,-0.034866862
6.868187500,-0.035888698
6.868250000,-0.036896769
6.868312500,-0.037736632
6.868375000,-0.038399860
6.868437500,-0.038891885
6.868500000,-0.039249878
6.868562500,-0.039475486
6.868625000,-0.039621122
6.868687500,-0.039657567
6.868750000,-0.039532252
6.868812500,-0.039176412
6.868875000,-0.038636122
6.868937500,-0.037968554
6.869000000,-0.037273265
6.869062500,-0.036637571
6.869125000,-0.036185261
6.869187500,-0.035922799
6.869250000,-0.035767276
6.869312500,-0.035546456
6.869375000,-0.035142083
6.869437500,-0.034438908
6.869500000,-0.033414163
6.869562500,-0.032128736
6.869625000,-0.030793412
6.869687500,-0.029584613
6.869750000,-0.028613821
6.869812500,-0.027855389
6.869875000,-0.027260825
6.869937500,-0.026679059
6.870000000,-0.025978338
6.870062500,-0.025079852
6.870125000,-0.024104644
6.870187500,-0.023195693
6.870250000,-0.022495734
6.870312500,-0.022038443
6.870375000,-0.021850677
6.870437500,-0.021808108
6.870500000,-0.021742739
6.870562500,-0.021472959
6.870625000,-0.020999201
6.870687500,-0.020345587
6.870750000,-0.019577878
6.870812500,-0.018711429
6.870875000,-0.017824313
6.870937500,-0.016879469
6.871000000,-0.015812902
6.871062500,-0.014543383
6.871125000,-0.013159284
6.871187500,-0.011751172
6.871250000,-0.010447809
6.871312500,-0.009332491
6.871375000,-0.008557164
6.871437500,-0.008134412
6.871500000,-0.008000575
6.871562500,-0.008002853
6.871625000,-0.008095736
6.871687500,-0.008200165
6.871750000,-0.008282948
6.871812500,-0.008318746
6.871875000,-0.008422297
6.871937500,-0.008651202
6.872000000,-0.009035943
6.872062500,-0.009532315
6.872125000,-0.010157757
6.872187500,-0.010856541
6.872250000,-0.011577302
6.872312500,-0.012264867
6.872375000,-0.012979214
6.872437500,-0.013748642
6.872500000,-0.014589284
6.872562500,-0.015461760
6.872625000,-0.016361449
6.872687500,-0.017221130
6.872750000,-0.017977761
6.872812500,-0.018580019
6.872875000,-0.019060533
6.872937500,-0.019427782
6.873000000,-0.019672001
6.873062500,-0.019738721
6.873125000,-0.019596992
6.873187500,-0.019196076
6.873250000,-0.018542508
6.873312500,-0.017725170
6.873375000,-0.016940508
6.873437500,-0.016380636
6.873500000,-0.016189398
6.873562500,-0.016414640
6.873625000,-0.016987884
6.873687500,-0.017731775
6.873750000,-0.018448384
6.873812500,-0.019015808
6.873875000,-0.019377172
6.873937500,-0.019547572
6.874000000,-0.019577878
6.874062500,-0.019540550
6.874125000,-0.019413790
6.874187500,-0.019133747
6.874250000,-0.018636633
6.874312500,-0.017951781
6.874375000,-0.017121853
6.874437500,-0.016246300
6.874500000,-0.015436403
6.874562500,-0.014807136
6.874625000,-0.014341017
6.874687500,-0.013939666
6.874750000,-0.013459790
6.874812500,-0.012816358
6.874875000,-0.011921762
6.874937500,-0.010765298
6.875000000,-0.009412440
6.875062500,-0.008027444
6.875125000,-0.006724713
6.875187500,-0.005579284
6.875250000,-0.004612096
6.875312500,-0.003838897
6.875375000,-0.003182611
6.875437500,-0.002534124
6.875500000,-0.001788364
6.875562500,-0.000912710
6.875625000,0.000147469
6.875687500,0.001442419
6.875750000,0.003011981
6.875812500,0.004833512
6.875875000,0.006915712
6.875937500,0.009245720
6.876000000,0.011765551
6.876062500,0.014319359
6.876125000,0.016802592
6.876187500,0.019150807
6.876250000,0.021366240
6.876312500,0.023465117
6.876375000,0.025551904
6.876437500,0.027710872
6.876500000,0.029931562
6.876562500,0.032027490
6.876625000,0.033782113
6.876687500,0.034996271
6.876750000,0.035579026
6.876812500,0.035558768
6.876875000,0.035198379
6.876937500,0.034870606
6.877000000,0.034920152
6.877062500,0.035477020
6.877125000,0.036531437
6.877187500,0.037887238
6.877250000,0.039249878
6.877312500,0.040279739
6.877375000,0.040850971
6.877437500,0.041010436
6.877500000,0.040944118
6.877562500,0.040810242
6.877625000,0.040823638
6.877687500,0.041072875
6.877750000,0.041508865
6.877812500,0.041899849
6.877875000,0.042118635
6.877937500,0.042095523
6.878000000,0.041885361
6.878062500,0.041569881
6.878125000,0.041422892
6.878187500,0.041657869
6.878250000,0.042355984
6.878312500,0.043322090
6.878375000,0.044372164
6.878437500,0.045244671
6.878500000,0.045744464
6.878562500,0.045717452
6.878625000,0.045354147
6.878687500,0.044905562
6.878750000,0.044614971
6.878812500,0.044499174
6.878875000,0.044627003
6.878937500,0.044896014
6.879000000,0.045179714
6.879062500,0.045302354
6.879125000,0.045411821
6.879187500,0.045665737
6.879250000,0.046215083
6.879312500,0.046998769
6.879375000,0.048049603
6.879437500,0.049222808
6.879500000,0.050356556
6.879562500,0.051244792
6.879625000,0.052029736
6.879687500,0.052870676
6.879750000,0.053933285
6.879812500,0.055174991
6.879875000,0.056643799
6.879937500,0.058180910
6.880000000,0.059580751
6.880062500,0.060572594
6.880125000,0.061250247
6.880187500,0.061757088
6.880250000,0.062310360
6.880312500,0.062991202
6.880375000,0.064013526
6.880437500,0.065367408
6.880500000,0.066922449
6.880562500,0.068374775
6.880625000,0.069680087
6.880687500,0.070784971
6.880750000,0.071722798
6.880812500,0.072464749
6.880875000,0.073232435
6.880937500,0.074113727
6.881000000,0.075111277
6.881062500,0.076012395
6.881125000,0.076791078
6.881187500,0.077310286
6.881250000,0.077464387
6.881312500,0.077099383
6.881375000,0.076407537
6.881437500,0.075575292
6.881500000,0.074828900
6.881562500,0.074246205
6.881625000,0.074073672
6.881687500,0.074336819
6.881750000,0.074923024
6.881812500,0.075493827
6.881875000,0.075937793
6.881937500,0.076105103
6.882000000,0.075958401
6.882062500,0.075459667
6.882125000,0.074915670
6.882187500,0.074537784
6.882250000,0.074452408
6.882312500,0.074523225
6.882375000,0.074744135
6.882437500,0.074933022
6.882500000,0.074923024
6.882562500,0.074519999
6.882625000,0.073918365
6.882687500,0.073296636
6.882750000,0.072852299
6.882812500,0.072604403
6.882875000,0.072725952
6.882937500,0.073164120
6.883000000,0.073793538
6.883062500,0.074362174
6.883125000,0.074921966
6.883187500,0.075453028
6.883250000,0.075958401
6.883312500,0.076316960
6.883375000,0.076648422
6.883437500,0.076918423
6.883500000,0.077087887
6.883562500,0.077033624
6.883625000,0.076953620
6.883687500,0.076944567
6.883750000,0.077087887
6.883812500,0.077300787
6.883875000,0.077684149
6.883937500,0.078131869
6.884000000,0.078499757
6.884062500,0.078565396
6.884125000,0.078423880
6.884187500,0.078119889
6.884250000,0.077746756
6.884312500,0.077315867
6.884375000,0.077027544
6.884437500,0.076883376
6.884500000,0.076805517
6.884562500,0.076587290
6.884625000,0.076236278
6.884687500,0.075663865
6.884750000,0.074828900
6.884812500,0.073678203
6.884875000,0.072418101
6.884937500,0.071164265
6.885000000,0.070028558
6.885062500,0.069029920
6.885125000,0.068318836
6.885187500,0.067847170
6.885250000,0.067487195
6.885312500,0.067019641
6.885375000,0.066418394
6.885437500,0.065619387
6.885500000,0.064663462
6.885562500,0.063641049
6.885625000,0.062849522
6.885687500,0.062413063
6.885750000,0.062310360
6.885812500,0.062310439
6.885875000,0.062236685
6.885937500,0.061793908
6.886000000,0.060804367
6.886062500,0.059248202
6.886125000,0.057460345
6.886187500,0.055739246
6.886250000,0.054309785
6.886312500,0.053168278
6.886375000,0.052259956
6.886437500,0.051270839
6.886500000,0.049885936
6.886562500,0.047901522
6.886625000,0.045504708
6.886687500,0.042953577
6.886750000,0.040567622
6.886812500,0.038545150
6.886875000,0.037070114
6.886937500,0.036011700
6.887000000,0.035108406
6.887062500,0.034047738
6.887125000,0.032770913
6.887187500,0.031227784
6.887250000,0.029460939
6.887312500,0.027505731
6.887375000,0.025550008
6.887437500,0.023627531
6.887500000,0.021742739
6.887562500,0.019865688
6.887625000,0.018159201
6.887687500,0.016697483
6.887750000,0.015530528
6.887812500,0.014605344
6.887875000,0.013943484
6.887937500,0.013398016
6.888000000,0.012800919
6.888062500,0.011991460
6.888125000,0.011039414
6.888187500,0.010011803
6.888250000,0.009035943
6.888312500,0.008215301
6.888375000,0.007731486
6.888437500,0.007574168
6.888500000,0.007624077
6.888562500,0.007666294
6.888625000,0.007602732
6.888687500,0.007310455
6.888750000,0.006776957
6.888812500,0.006087776
6.888875000,0.005508587
6.888937500,0.005212293
6.889000000,0.005270967
6.889062500,0.005597401
6.889125000,0.006081344
6.889187500,0.006498320
6.889250000,0.006682833
6.889312500,0.006597695
6.889375000,0.006431106
6.889437500,0.006397326
6.889500000,0.006682833
6.889562500,0.007346808
6.889625000,0.008335848
6.889687500,0.009423038
6.889750000,0.010353684
6.889812500,0.010957478
6.889875000,0.011237284
6.889937500,0.011276576
6.890000000,0.011200804
6.890062500,0.011099319
6.890125000,0.010988418
6.890187500,0.010776125
6.890250000,0.010353684
6.890312500,0.009678271
6.890375000,0.008820370
6.890437500,0.007904926
6.890500000,0.007059331
6.890562500,0.006342274
6.890625000,0.005726601
6.890687500,0.005094813
6.890750000,0.004329723
6.890812500,0.003391997
6.890875000,0.002366184
6.890937500,0.001404041
6.891000000,0.000658871
6.891062500,0.000206389
6.891125000,0.000018939
6.891187500,-0.000031702
6.891250000,-0.000094124
6.891312500,-0.000267914
6.891375000,-0.000542824
6.891437500,-0.000852321
6.891500000,-0.001129493
6.891562500,-0.001386058
6.891625000,-0.001694516
6.891687500,-0.002194989
6.891750000,-0.003011981
6.891812500,-0.004203747
6.891875000,-0.005658411
6.891937500,-0.007183183
6.892000000,-0.008565322
6.892062500,-0.009684750
6.892125000,-0.010473565
6.892187500,-0.010979512
6.892250000,-0.011294928
6.892312500,-0.011526527
6.892375000,-0.011647600
6.892437500,-0.011595726
6.892500000,-0.011294928
6.892562500,-0.010748398
6.892625000,-0.009956390
6.892687500,-0.009005021
6.892750000,-0.008000575
6.892812500,-0.007064080
6.892875000,-0.006186340
6.892937500,-0.005344414
6.893000000,-0.004517972
6.893062500,-0.003769000
6.893125000,-0.003132531
6.893187500,-0.002680074
6.893250000,-0.002447235
6.893312500,-0.002433997
6.893375000,-0.002476931
6.893437500,-0.002381452
6.893500000,-0.001976613
6.893562500,-0.001225438
6.893625000,-0.000134345
6.893687500,0.001193821
6.893750000,0.002635483
6.893812500,0.004065322
6.893875000,0.005501749
6.893937500,0.007010108
6.894000000,0.008659446
6.894062500,0.010421590
6.894125000,0.012255706
6.894187500,0.014056822
6.894250000,0.015718777
6.894312500,0.017146714
6.894375000,0.018373093
6.894437500,0.019473417
6.894500000,0.020519121
6.894562500,0.021495244
6.894625000,0.022362240
6.894687500,0.023053488
6.894750000,0.023531102
6.894812500,0.023803432
6.894875000,0.023991851
6.894937500,0.024264727
6.895000000,0.024754720
6.895062500,0.025462897
6.895125000,0.026301961
6.895187500,0.027118387
6.895250000,0.027766701
6.895312500,0.028155502
6.895375000,0.028348107
6.895437500,0.028504223
6.895500000,0.028802069
6.895562500,0.029321101
6.895625000,0.030063359
6.895687500,0.030917870
6.895750000,0.031719927
6.895812500,0.032295920
6.895875000,0.032600500
6.895937500,0.032683242
6.896000000,0.032661170
6.896062500,0.032626148
6.896125000,0.032667562
6.896187500,0.032793295
6.896250000,0.032943543
6.896312500,0.032993991
6.896375000,0.032881334
6.896437500,0.032574695
6.896500000,0.032096423
6.896562500,0.031476740
6.896625000,0.030812290
6.896687500,0.030163070
6.896750000,0.029555064
6.896812500,0.028950851
6.896875000,0.028354261
6.896937500,0.027741140
6.897000000,0.027107829
6.897062500,0.026453506
6.897125000,0.025869865
6.897187500,0.025416894
6.897250000,0.025131216
6.897312500,0.024980232
6.897375000,0.024961600
6.897437500,0.025005072
6.897500000,0.025037091
6.897562500,0.024976337
6.897625000,0.024860330
6.897687500,0.024713634
6.897750000,0.024566470
6.897812500,0.024402490
6.897875000,0.024264732
6.897937500,0.024135431
6.898000000,0.024001725
6.898062500,0.023844119
6.898125000,0.023752930
6.898187500,0.023771506
6.898250000,0.023907598
6.898312500,0.024080286
6.898375000,0.024242982
6.898437500,0.024278004
6.898500000,0.024095848
6.898562500,0.023646515
6.898625000,0.023042167
6.898687500,0.022381209
6.898750000,0.021742739
6.898812500,0.021117661
6.898875000,0.020508407
6.898937500,0.019828990
6.899000000,0.019013131
6.899062500,0.018041726
6.899125000,0.017048642
6.899187500,0.016152056
6.899250000,0.015436403
6.899312500,0.014886245
6.899375000,0.014470628
6.899437500,0.014080429
6.899500000,0.013648040
6.899562500,0.013190686
6.899625000,0.012881053
6.899687500,0.012879081
6.899750000,0.013271542
6.899812500,0.013987995
6.899875000,0.014853166
6.899937500,0.015575823
6.900000000,0.015907025
6.900062500,0.015743023
6.900125000,0.015216692
6.900187500,0.014560766
6.900250000,0.014024537
6.900312500,0.013748975
6.900375000,0.013752985
6.900437500,0.013880831
6.900500000,0.013930413
6.900562500,0.013762133
6.900625000,0.013397395
6.900687500,0.012937309
6.900750000,0.012518546
6.900812500,0.012226675
6.900875000,0.012063310
6.900937500,0.011899670
6.901000000,0.011577302
6.901062500,0.011002596
6.901125000,0.010214587
6.901187500,0.009321910
6.901250000,0.008471197
6.901312500,0.007782301
6.901375000,0.007296990
6.901437500,0.006939178
6.901500000,0.006588709
6.901562500,0.006164523
6.901625000,0.005652895
6.901687500,0.005084529
6.901750000,0.004517972
6.901812500,0.004014431
6.901875000,0.003567138
6.901937500,0.003104274
6.902000000,0.002541359
6.902062500,0.001859862
6.902125000,0.001080302
6.902187500,0.000271988
6.902250000,-0.000470622
6.902312500,-0.001039925
6.902375000,-0.001411587
6.902437500,-0.001631951
6.902500000,-0.001788364
6.902562500,-0.001943683
6.902625000,-0.002167628
6.902687500,-0.002514076
6.902750000,-0.003011981
6.902812500,-0.003640264
6.902875000,-0.004400765
6.902937500,-0.005295355
6.903000000,-0.006306335
6.903062500,-0.007352756
6.903125000,-0.008365978
6.903187500,-0.009284982
6.903250000,-0.010071312
6.903312500,-0.010688504
6.903375000,-0.011183606
6.903437500,-0.011640105
6.903500000,-0.012142048
6.903562500,-0.012706784
6.903625000,-0.013348043
6.903687500,-0.014048995
6.903750000,-0.014777532
6.903812500,-0.015474724
6.903875000,-0.016148478
6.903937500,-0.016838666
6.904000000,-0.017601265
6.904062500,-0.018450812
6.904125000,-0.019417292
6.904187500,-0.020495664
6.904250000,-0.021648614
6.904312500,-0.022786170
6.904375000,-0.023852957
6.904437500,-0.024801282
6.904500000,-0.025601838
6.904562500,-0.026218327
6.904625000,-0.026668856
6.904687500,-0.026983304
6.904750000,-0.027201954
6.904812500,-0.027348034
6.904875000,-0.027470166
6.904937500,-0.027602309
6.905000000,-0.027766701
6.905062500,-0.027960772
6.905125000,-0.028188733
6.905187500,-0.028441507
6.905250000,-0.028707944
6.905312500,-0.028973626
6.905375000,-0.029244578
6.905437500,-0.029528676
6.905500000,-0.029837437
6.905562500,-0.030170877
6.905625000,-0.030529583
6.905687500,-0.030878285
6.905750000,-0.031155180
6.905812500,-0.031277031
6.905875000,-0.031190481
6.905937500,-0.030860964
6.906000000,-0.030308058
6.906062500,-0.029605741
6.906125000,-0.028882576
6.906187500,-0.028247502
6.906250000,-0.027766701
6.906312500,-0.027439296
6.906375000,-0.027215349
6.906437500,-0.026984269
6.906500000,-0.026637208
6.906562500,-0.026108585
6.906625000,-0.025414608
6.906687500,-0.024597907
6.906750000,-0.023719350
6.906812500,-0.022822367
6.906875000,-0.021934042
6.906937500,-0.021004179
6.907000000,-0.019954374
6.907062500,-0.018711139
6.907125000,-0.017275088
6.907187500,-0.015661854
6.907250000,-0.013930413
6.907312500,-0.012159757
6.907375000,-0.010469786
6.907437500,-0.008918306
6.907500000,-0.007529953
6.907562500,-0.006300088
6.907625000,-0.005254755
6.907687500,-0.004380956
6.907750000,-0.003670852
6.907812500,-0.003114138
6.907875000,-0.002746851
6.907937500,-0.002543803
6.908000000,-0.002447235
6.908062500,-0.002360791
6.908125000,-0.002221303
6.908187500,-0.001928092
6.908250000,-0.001411866
6.908312500,-0.000649278
6.908375000,0.000272224
6.908437500,0.001271117
6.908500000,0.002258986
6.908562500,0.003173456
6.908625000,0.003940895
6.908687500,0.004567692
6.908750000,0.005082718
6.908812500,0.005516648
6.908875000,0.005852081
6.908937500,0.006106352
6.909000000,0.006306335
6.909062500,0.006490248
6.909125000,0.006666542
6.909187500,0.006861099
6.909250000,0.007059331
6.909312500,0.007197940
6.909375000,0.007159057
6.909437500,0.006885538
6.909500000,0.006400459
6.909562500,0.005824253
6.909625000,0.005312307
6.909687500,0.005038075
6.909750000,0.005082718
6.909812500,0.005385075
6.909875000,0.005730134
6.909937500,0.005875710
6.910000000,0.005647464
6.910062500,0.005028038
6.910125000,0.004160265
6.910187500,0.003307967
6.910250000,0.002729608
6.910312500,0.002564098
6.910375000,0.002774440
6.910437500,0.003185987
6.910500000,0.003576728
6.910562500,0.003781630
6.910625000,0.003771616
6.910687500,0.003648491
6.910750000,0.003576728
6.910812500,0.003688062
6.910875000,0.004031576
6.910937500,0.004560513
6.911000000,0.005176842
6.911062500,0.005785116
6.911125000,0.006362293
6.911187500,0.006932366
6.911250000,0.007529953
6.911312500,0.008136689
6.911375000,0.008695402
6.911437500,0.009093163
6.911500000,0.009224192
6.911562500,0.009027264
6.911625000,0.008567866
6.911687500,0.007964201
6.911750000,0.007341704
6.911812500,0.006745602
6.911875000,0.006195104
6.911937500,0.005632152
6.912000000,0.004988594
6.912062500,0.004204586
6.912125000,0.003353879
6.912187500,0.002543856
6.912250000,0.001882488
6.912312500,0.001388777
6.912375000,0.001081631
6.912437500,0.000916331
6.912500000,0.000847120
6.912562500,0.000825824
6.912625000,0.000928782
6.912687500,0.001234877
6.912750000,0.001788364
6.912812500,0.002511232
6.912875000,0.003306553
6.912937500,0.004018913
6.913000000,0.004517972
6.913062500,0.004718790
6.913125000,0.004713129
6.913187500,0.004655190
6.913250000,0.004706220
6.913312500,0.004917447
6.913375000,0.005312033
6.913437500,0.005811264
6.913500000,0.006306335
6.913562500,0.006677793
6.913625000,0.006964101
6.913687500,0.007264993
6.913750000,0.007718201
6.913812500,0.008393388
6.913875000,0.009375082
6.913937500,0.010648408
6.914000000,0.012142048
6.914062500,0.013721306
6.914125000,0.015348293
6.914187500,0.016990991
6.914250000,0.018636633
6.914312500,0.020231808
6.914375000,0.021769008
6.914437500,0.023200244
6.914500000,0.024472345
6.914562500,0.025515527
6.914625000,0.026359240
6.914687500,0.027055109
6.914750000,0.027672576
6.914812500,0.028240429
6.914875000,0.028794041
6.914937500,0.029313110
6.915000000,0.029743314
6.915062500,0.029999007
6.915125000,0.030054074
6.915187500,0.029918397
6.915250000,0.029649187
6.915312500,0.029319333
6.915375000,0.029049121
6.915437500,0.028944705
6.915500000,0.029084442
6.915562500,0.029483253
6.915625000,0.030125106
6.915687500,0.030918563
6.915750000,0.031719927
6.915812500,0.032357130
6.915875000,0.032709129
6.915937500,0.032727551
6.916000000,0.032472920
6.916062500,0.032087989
6.916125000,0.031771090
6.916187500,0.031650368
6.916250000,0.031719927
6.916312500,0.031811453
6.916375000,0.031687256
6.916437500,0.031119252
6.916500000,0.030025685
6.916562500,0.028525963
6.916625000,0.026953517
6.916687500,0.025674870
6.916750000,0.024942968
6.916812500,0.024758922
6.916875000,0.024917817
6.916937500,0.025035840
6.917000000,0.024754720
6.917062500,0.023886086
6.917125000,0.022555146
6.917187500,0.021042820
6.917250000,0.019672001
6.917312500,0.018629309
6.917375000,0.017965831
6.917437500,0.017512489
6.917500000,0.017036518
6.917562500,0.016357092
6.917625000,0.015506366
6.917687500,0.014591886
6.917750000,0.013742164
6.917812500,0.012989248
6.917875000,0.012288028
6.917937500,0.011461032
6.918000000,0.010353684
6.918062500,0.008941118
6.918125000,0.007433456
6.918187500,0.006119326
6.918250000,0.005270967
6.918312500,0.004998814
6.918375000,0.005246802
6.918437500,0.005732210
6.918500000,0.006118086
6.918562500,0.006159632
6.918625000,0.005851252
6.918687500,0.005324572
6.918750000,0.004800345
6.918812500,0.004466545
6.918875000,0.004432815
6.918937500,0.004627035
6.919000000,0.004894469
6.919062500,0.005091612
6.919125000,0.005186677
6.919187500,0.005194461
6.919250000,0.005176842
6.919312500,0.005196443
6.919375000,0.005292596
6.919437500,0.005427986
6.919500000,0.005553340
6.919562500,0.005655318
6.919625000,0.005777511
6.919687500,0.005939334
6.919750000,0.006118086
6.919812500,0.006230739
6.919875000,0.006135924
6.919937500,0.005660836
6.920000000,0.004706220
6.920062500,0.003327396
6.920125000,0.001730256
6.920187500,0.000189587
6.920250000,-0.001035369
6.920312500,-0.001782677
6.920375000,-0.002062491
6.920437500,-0.002046615
6.920500000,-0.001976613
6.920562500,-0.002048463
6.920625000,-0.002367819
6.920687500,-0.002934833
6.920750000,-0.003670852
6.920812500,-0.004458459
6.920875000,-0.005230736
6.920937500,-0.005968984
6.921000000,-0.006682833
6.921062500,-0.007360782
6.921125000,-0.007990387
6.921187500,-0.008550891
6.921250000,-0.009035943
6.921312500,-0.009458402
6.921375000,-0.009885356
6.921437500,-0.010391465
6.921500000,-0.011012556
6.921562500,-0.011699880
6.921625000,-0.012356116
6.921687500,-0.012870116
6.921750000,-0.013177417
6.921812500,-0.013291888
6.921875000,-0.013327808
6.921937500,-0.013439948
6.922000000,-0.013742164
6.922062500,-0.014239081
6.922125000,-0.014823086
6.922187500,-0.015330998
6.922250000,-0.015624652
6.922312500,-0.015662653
6.922375000,-0.015521265
6.922437500,-0.015362987
6.922500000,-0.015342278
6.922562500,-0.015519215
6.922625000,-0.015824245
6.922687500,-0.016101886
6.922750000,-0.016189398
6.922812500,-0.016000025
6.922875000,-0.015580233
6.922937500,-0.015080225
6.923000000,-0.014683408
6.923062500,-0.014516089
6.923125000,-0.014603942
6.923187500,-0.014862632
6.923250000,-0.015154029
6.923312500,-0.015356191
6.923375000,-0.015413252
6.923437500,-0.015332069
6.923500000,-0.015154029
6.923562500,-0.014918284
6.923625000,-0.014624143
6.923687500,-0.014238873
6.923750000,-0.013742164
6.923812500,-0.013173326
6.923875000,-0.012616336
6.923937500,-0.012161870
6.924000000,-0.011859675
6.924062500,-0.011685189
6.924125000,-0.011520366
6.924187500,-0.011188451
6.924250000,-0.010541934
6.924312500,-0.009541916
6.924375000,-0.008284605
6.924437500,-0.006949448
6.924500000,-0.005741589
6.924562500,-0.004817570
6.924625000,-0.004236286
6.924687500,-0.003929822
6.924750000,-0.003764976
6.924812500,-0.003612226
6.924875000,-0.003415300
6.924937500,-0.003168796
6.925000000,-0.002917857
6.925062500,-0.002716420
6.925125000,-0.002617164
6.925187500,-0.002607207
6.925250000,-0.002635483
6.925312500,-0.002630750
6.925375000,-0.002553035
6.925437500,-0.002350180
6.925500000,-0.001976613
6.925562500,-0.001387760
6.925625000,-0.000561589
6.925687500,0.000529984
6.925750000,0.001882488
6.925812500,0.003443504
6.925875000,0.005094556
6.925937500,0.006713871
6.926000000,0.008188824
6.926062500,0.009442803
6.926125000,0.010428832
6.926187500,0.011161036
6.926250000,0.011671427
6.926312500,0.011985526
6.926375000,0.012089877
6.926437500,0.011981503
6.926500000,0.011671427
6.926562500,0.011207186
6.926625000,0.010646866
6.926687500,0.010083985
6.926750000,0.009600690
6.926812500,0.009240523
6.926875000,0.008974844
6.926937500,0.008744542
6.927000000,0.008471197
6.927062500,0.008085763
6.927125000,0.007542977
6.927187500,0.006844324
6.927250000,0.006023962
6.927312500,0.005135207
6.927375000,0.004232058
6.927437500,0.003376750
6.927500000,0.002635483
6.927562500,0.002080030
6.927625000,0.001766415
6.927687500,0.001732702
6.927750000,0.001976613
6.927812500,0.002448649
6.927875000,0.003045726
6.927937500,0.003646705
6.928000000,0.004141474
6.928062500,0.004466258
6.928125000,0.004611533
6.928187500,0.004630663
6.928250000,0.004612096
6.928312500,0.004639773
6.928375000,0.004757385
6.928437500,0.004937132
6.928500000,0.005082718
6.928562500,0.005056933
6.928625000,0.004743153
6.928687500,0.004078839
6.928750000,0.003106105
6.928812500,0.001972589
6.928875000,0.000914821
6.928937500,0.000149185
6.929000000,-0.000188249
6.929062500,-0.000089791
6.929125000,0.000340319
6.929187500,0.000905651
6.929250000,0.001411866
6.929312500,0.001741835
6.929375000,0.001880929
6.929437500,0.001875774
6.929500000,0.001788364
6.929562500,0.001650886
6.929625000,0.001438851
6.929687500,0.001089189
6.929750000,0.000564746
6.929812500,-0.000093477
6.929875000,-0.000763485
6.929937500,-0.001299530
6.930000000,-0.001600115
6.930062500,-0.001655352
6.930125000,-0.001575187
6.930187500,-0.001518541
6.930250000,-0.001600115
6.930312500,-0.001799336
6.930375000,-0.002001118
6.930437500,-0.002035632
6.930500000,-0.001788364
6.930562500,-0.001261019
6.930625000,-0.000646669
6.930687500,-0.000216313
6.930750000,-0.000188249
6.930812500,-0.000579929
6.930875000,-0.001252141
6.930937500,-0.001932297
6.931000000,-0.002353110
6.931062500,-0.002348380
6.931125000,-0.002004332
6.931187500,-0.001565577
6.931250000,-0.001317742
6.931312500,-0.001414290
6.931375000,-0.001902016
6.931437500,-0.002676587
6.931500000,-0.003576728
6.931562500,-0.004442131
6.931625000,-0.005265116
6.931687500,-0.006094420
6.931750000,-0.006965206
6.931812500,-0.007786852
6.931875000,-0.008406447
6.931937500,-0.008617680
6.932000000,-0.008282948
6.932062500,-0.007408512
6.932125000,-0.006246836
6.932187500,-0.005185110
6.932250000,-0.004612096
6.932312500,-0.004749110
6.932375000,-0.005624914
6.932437500,-0.007055729
6.932500000,-0.008753570
6.932562500,-0.010439994
6.932625000,-0.011986325
6.932687500,-0.013399917
6.932750000,-0.014777532
6.932812500,-0.016210642
6.932875000,-0.017734362
6.932937500,-0.019296784
6.933000000,-0.020801496
6.933062500,-0.022167249
6.933125000,-0.023376206
6.933187500,-0.024468554
6.933250000,-0.025507715
6.933312500,-0.026538800
6.933375000,-0.027539074
6.933437500,-0.028442435
6.933500000,-0.029178567
6.933562500,-0.029728003
6.933625000,-0.030105045
6.933687500,-0.030352432
6.933750000,-0.030496309
6.933812500,-0.030529989
6.933875000,-0.030363418
6.933937500,-0.029897502
6.934000000,-0.029084442
6.934062500,-0.027999086
6.934125000,-0.026775757
6.934187500,-0.025588045
6.934250000,-0.024566470
6.934312500,-0.023760783
6.934375000,-0.023077553
6.934437500,-0.022356691
6.934500000,-0.021460366
6.934562500,-0.020372698
6.934625000,-0.019153500
6.934687500,-0.017917331
6.934750000,-0.016754145
6.934812500,-0.015691109
6.934875000,-0.014611711
6.934937500,-0.013346703
6.935000000,-0.011765551
6.935062500,-0.009886830
6.935125000,-0.007842702
6.935187500,-0.005855409
6.935250000,-0.004141474
6.935312500,-0.002832080
6.935375000,-0.001881636
6.935437500,-0.001087053
6.935500000,-0.000188249
6.935562500,0.000998468
6.935625000,0.002522709
6.935687500,0.004296409
6.935750000,0.006118086
6.935812500,0.007745632
6.935875000,0.009011195
6.935937500,0.009922480
6.936000000,0.010636058
6.936062500,0.011376684
6.936125000,0.012340751
6.936187500,0.013647453
6.936250000,0.015248154
6.936312500,0.016920174
6.936375000,0.018352922
6.936437500,0.019323124
6.936500000,0.019766126
6.936562500,0.019798173
6.936625000,0.019673305
6.936687500,0.019715032
6.936750000,0.020142624
6.936812500,0.020954695
6.936875000,0.021942016
6.936937500,0.022818994
6.937000000,0.023342853
6.937062500,0.023414655
6.937125000,0.023137819
6.937187500,0.022775436
6.937250000,0.022589857
6.937312500,0.022680994
6.937375000,0.022967609
6.937437500,0.023235643
6.937500000,0.023248728
6.937562500,0.022853537
6.937625000,0.022121390
6.937687500,0.021302748
6.937750000,0.020707369
6.937812500,0.020522708
6.937875000,0.020799473
6.937937500,0.021388739
6.938000000,0.022025112
6.938062500,0.022411138
6.938125000,0.022429558
6.938187500,0.022118645
6.938250000,0.021648614
6.938312500,0.021186385
6.938375000,0.020928495
6.938437500,0.020941971
6.938500000,0.021177992
6.938562500,0.021460718
6.938625000,0.021693151
6.938687500,0.021792527
6.938750000,0.021742739
6.938812500,0.021527225
6.938875000,0.021276481
6.938937500,0.021080209
6.939000000,0.020989744
6.939062500,0.020936456
6.939125000,0.020933608
6.939187500,0.020932058
6.939250000,0.020895619
6.939312500,0.020760367
6.939375000,0.020637190
6.939437500,0.020621555
6.939500000,0.020801496
6.939562500,0.021154519
6.939625000,0.021733090
6.939687500,0.022488203
6.939750000,0.023342853
6.939812500,0.024156766
6.939875000,0.024941090
6.939937500,0.025678849
6.940000000,0.026354834
6.940062500,0.026876960
6.940125000,0.027278945
6.940187500,0.027562018
6.940250000,0.027766701
6.940312500,0.027917465
6.940375000,0.028191151
6.940437500,0.028696347
6.940500000,0.029460939
6.940562500,0.030337404
6.940625000,0.031227294
6.940687500,0.031970065
6.940750000,0.032472920
6.940812500,0.032703657
6.940875000,0.032889158
6.940937500,0.033276003
6.941000000,0.034073036
6.941062500,0.035291910
6.941125000,0.036896575
6.941187500,0.038658265
6.941250000,0.040285248
6.941312500,0.041467186
6.941375000,0.042148795
6.941437500,0.042386465
6.941500000,0.042355984
6.941562500,0.042213649
6.941625000,0.042184688
6.941687500,0.042342361
6.941750000,0.042638354
6.941812500,0.042883001
6.941875000,0.042987481
6.941937500,0.042871665
6.942000000,0.042544231
6.942062500,0.042044580
6.942125000,0.041566096
6.942187500,0.041242011
6.942250000,0.041132364
6.942312500,0.041149884
6.942375000,0.041243281
6.942437500,0.041294876
6.942500000,0.041226488
6.942562500,0.040990695
6.942625000,0.040739603
6.942687500,0.040620439
6.942750000,0.040755868
6.942812500,0.041129027
6.942875000,0.041727185
6.942937500,0.042390447
6.943000000,0.042920731
6.943062500,0.043103274
6.943125000,0.042945992
6.943187500,0.042519718
6.943250000,0.041979488
6.943312500,0.041443486
6.943375000,0.041105773
6.943437500,0.040998202
6.943500000,0.041038241
6.943562500,0.041010201
6.943625000,0.040817428
6.943687500,0.040357951
6.943750000,0.039626375
6.943812500,0.038660984
6.943875000,0.037702985
6.943937500,0.036923427
6.944000000,0.036426149
6.944062500,0.036155965
6.944125000,0.036092933
6.944187500,0.036080405
6.944250000,0.035955522
6.944312500,0.035556879
6.944375000,0.034947887
6.944437500,0.034198448
6.944500000,0.033414163
6.944562500,0.032637116
6.944625000,0.031994261
6.944687500,0.031483162
6.944750000,0.031061055
6.944812500,0.030634003
6.944875000,0.030265959
6.944937500,0.029986165
6.945000000,0.029837437
6.945062500,0.029798806
6.945125000,0.029943783
6.945187500,0.030232312
6.945250000,0.030590432
6.945312500,0.030887961
6.945375000,0.031142086
6.945437500,0.031327620
6.945500000,0.031437553
6.945562500,0.031422123
6.945625000,0.031365298
6.945687500,0.031274967
6.945750000,0.031155180
6.945812500,0.030961463
6.945875000,0.030784650
6.945937500,0.030634848
6.946000000,0.030496309
6.946062500,0.030270664
6.946125000,0.029983155
6.946187500,0.029593192
6.946250000,0.029084442
6.946312500,0.028425215
6.946375000,0.027758325
6.946437500,0.027171720
6.946500000,0.026731333
6.946562500,0.026399834
6.946625000,0.026216783
6.946687500,0.026108978
6.946750000,0.025978338
6.946812500,0.025684511
6.946875000,0.025260817
6.946937500,0.024736306
6.947000000,0.024189973
6.947062500,0.023675734
6.947125000,0.023356199
6.947187500,0.023284206
6.947250000,0.023436978
6.947312500,0.023677208
6.947375000,0.023943275
6.947437500,0.024131408
6.947500000,0.024189973
6.947562500,0.024093479
6.947625000,0.023977920
6.947687500,0.023933271
6.947750000,0.024001725
6.947812500,0.024108853
6.947875000,0.024225933
6.947937500,0.024264397
6.948000000,0.024189973
6.948062500,0.024024725
6.948125000,0.023968404
6.948187500,0.024182403
6.948250000,0.024754720
6.948312500,0.025608761
6.948375000,0.026625669
6.948437500,0.027569158
6.948500000,0.028237322
6.948562500,0.028529767
6.948625000,0.028570486
6.948687500,0.028538126
6.948750000,0.028613821
6.948812500,0.028866399
6.948875000,0.029296901
6.948937500,0.029747561
6.949000000,0.030025685
6.949062500,0.029984036
6.949125000,0.029648094
6.949187500,0.029112464
6.949250000,0.028519696
6.949312500,0.027973857
6.949375000,0.027543036
6.949437500,0.027165713
6.949500000,0.026731333
6.949562500,0.026143931
6.949625000,0.025428673
6.949687500,0.024668021
6.949750000,0.024001725
6.949812500,0.023555428
6.949875000,0.023420114
6.949937500,0.023533566
6.950000000,0.023719350
6.950062500,0.023734685
6.950125000,0.023414824
6.950187500,0.022668850
6.950250000,0.021554491
6.950312500,0.020249739
6.950375000,0.019029161
6.950437500,0.018073402
6.950500000,0.017413015
6.950562500,0.016893642
6.950625000,0.016284551
6.950687500,0.015314268
6.950750000,0.013836288
6.950812500,0.011907441
6.950875000,0.009833658
6.950937500,0.007986449
6.951000000,0.006682833
6.951062500,0.006038165
6.951125000,0.005972560
6.951187500,0.006162297
6.951250000,0.006212211
6.951312500,0.005798060
6.951375000,0.004864282
6.951437500,0.003532850
6.951500000,0.002070737
6.951562500,0.000739822
6.951625000,-0.000218258
6.951687500,-0.000771150
6.951750000,-0.001035369
6.951812500,-0.001229561
6.951875000,-0.001460062
6.951937500,-0.001787282
6.952000000,-0.002164861
6.952062500,-0.002507741
6.952125000,-0.002631644
6.952187500,-0.002451705
6.952250000,-0.001976613
6.952312500,-0.001343421
6.952375000,-0.000657952
6.952437500,-0.000076467
6.952500000,0.000282373
6.952562500,0.000330360
6.952625000,0.000150787
6.952687500,-0.000156166
6.952750000,-0.000470622
6.952812500,-0.000737112
6.952875000,-0.000865010
6.952937500,-0.000874973
6.953000000,-0.000847120
6.953062500,-0.000922047
6.953125000,-0.001124768
6.953187500,-0.001444299
6.953250000,-0.001788364
6.953312500,-0.002041812
6.953375000,-0.002003936
6.953437500,-0.001551853
6.953500000,-0.000658871
6.953562500,0.000565356
6.953625000,0.001988319
6.953687500,0.003441778
6.953750000,0.004800345
6.953812500,0.005996673
6.953875000,0.007097132
6.953937500,0.008204021
6.954000000,0.009412440
6.954062500,0.010733440
6.954125000,0.012139261
6.954187500,0.013528005
6.954250000,0.014777532
6.954312500,0.015769284
6.954375000,0.016501825
6.954437500,0.017043371
6.954500000,0.017507140
6.954562500,0.017966149
6.954625000,0.018506758
6.954687500,0.019148808
6.954750000,0.019860249
6.954812500,0.020541586
6.954875000,0.021162530
6.954937500,0.021713290
6.955000000,0.022213360
6.955062500,0.022651907
6.955125000,0.023076044
6.955187500,0.023499137
6.955250000,0.023907598
6.955312500,0.024228608
6.955375000,0.024441002
6.955437500,0.024523625
6.955500000,0.024472345
6.955562500,0.024263853
6.955625000,0.023931248
6.955687500,0.023495868
6.955750000,0.022966355
6.955812500,0.022311771
6.955875000,0.021532454
6.955937500,0.020638706
6.956000000,0.019672001
6.956062500,0.018689856
6.956125000,0.017806366
6.956187500,0.017133318
6.956250000,0.016754145
6.956312500,0.016683444
6.956375000,0.016913546
6.956437500,0.017393295
6.956500000,0.018071886
6.956562500,0.018909266
6.956625000,0.019931991
6.956687500,0.021160159
6.956750000,0.022589857
6.956812500,0.024152806
6.956875000,0.025764560
6.956937500,0.027290512
6.957000000,0.028613821
6.957062500,0.029667174
6.957125000,0.030478410
6.957187500,0.031088114
6.957250000,0.031531677
6.957312500,0.031800654
6.957375000,0.031878229
6.957437500,0.031704366
6.957500000,0.031249303
6.957562500,0.030544007
6.957625000,0.029718712
6.957687500,0.028892525
6.957750000,0.028143197
6.957812500,0.027457634
6.957875000,0.026772330
6.957937500,0.025942890
6.958000000,0.024848843
6.958062500,0.023455096
6.958125000,0.021878239
6.958187500,0.020279169
6.958250000,0.018824881
6.958312500,0.017611731
6.958375000,0.016662199
6.958437500,0.015864559
6.958500000,0.015059905
6.958562500,0.014117801
6.958625000,0.013027241
6.958687500,0.011853551
6.958750000,0.010730183
6.958812500,0.009793222
6.958875000,0.009134546
6.958937500,0.008712542
6.959000000,0.008377072
6.959062500,0.007920081
6.959125000,0.007172152
6.959187500,0.006028828
6.959250000,0.004517972
6.959312500,0.002797834
6.959375000,0.001130981
6.959437500,-0.000256279
6.959500000,-0.001223617
6.959562500,-0.001763444
6.959625000,-0.001954928
6.959687500,-0.001992774
6.959750000,-0.002070737
6.959812500,-0.002312086
6.959875000,-0.002685215
6.959937500,-0.003112545
6.960000000,-0.003482603
6.960062500,-0.003715081
6.960125000,-0.003755380
6.960187500,-0.003671101
6.960250000,-0.003576728
6.960312500,-0.003577150
6.960375000,-0.003688063
6.960437500,-0.003896396
6.960500000,-0.004141474
6.960562500,-0.004345045
6.960625000,-0.004432227
6.960687500,-0.004409781
6.960750000,-0.004329723
6.960812500,-0.004249428
6.960875000,-0.004207241
6.960937500,-0.004234019
6.961000000,-0.004329723
6.961062500,-0.004459686
6.961125000,-0.004591737
6.961187500,-0.004728117
6.961250000,-0.004894469
6.961312500,-0.005113650
6.961375000,-0.005414454
6.961437500,-0.005815977
6.961500000,-0.006306335
6.961562500,-0.006825462
6.961625000,-0.007303538
6.961687500,-0.007677749
6.961750000,-0.007906451
6.961812500,-0.007962121
6.961875000,-0.007878247
6.961937500,-0.007713625
6.962000000,-0.007529953
6.962062500,-0.007348672
6.962125000,-0.007195774
6.962187500,-0.007069368
6.962250000,-0.006965206
6.962312500,-0.006875109
6.962375000,-0.006844872
6.962437500,-0.006924368
6.962500000,-0.007153455
6.962562500,-0.007527838
6.962625000,-0.008029539
6.962687500,-0.008609885
6.962750000,-0.009224192
6.962812500,-0.009845912
6.962875000,-0.010495180
6.962937500,-0.011196102
6.963000000,-0.011953799
6.963062500,-0.012728151
6.963125000,-0.013455533
6.963187500,-0.014058993
6.963250000,-0.014495159
6.963312500,-0.014774302
6.963375000,-0.014968844
6.963437500,-0.015150018
6.963500000,-0.015342278
6.963562500,-0.015497557
6.963625000,-0.015509946
6.963687500,-0.015275800
6.963750000,-0.014777532
6.963812500,-0.014139809
6.963875000,-0.013583203
6.963937500,-0.013342111
6.964000000,-0.013553915
6.964062500,-0.014195534
6.964125000,-0.015048237
6.964187500,-0.015800437
6.964250000,-0.016189398
6.964312500,-0.016136998
6.964375000,-0.015740251
6.964437500,-0.015216584
6.964500000,-0.014777532
6.964562500,-0.014524867
6.964625000,-0.014367922
6.964687500,-0.014086639
6.964750000,-0.013459790
6.964812500,-0.012407248
6.964875000,-0.011012828
6.964937500,-0.009494108
6.965000000,-0.008094699
6.965062500,-0.006979588
6.965125000,-0.006149746
6.965187500,-0.005475597
6.965250000,-0.004800345
6.965312500,-0.004055075
6.965375000,-0.003301716
6.965437500,-0.002687224
6.965500000,-0.002353110
6.965562500,-0.002333038
6.965625000,-0.002499871
6.965687500,-0.002576722
6.965750000,-0.002258986
6.965812500,-0.001345550
6.965875000,0.000159814
6.965937500,0.002083320
6.966000000,0.004141474
6.966062500,0.006059343
6.966125000,0.007653563
6.966187500,0.008918372
6.966250000,0.009977187
6.966312500,0.011008187
6.966375000,0.012117672
6.966437500,0.013335925
6.966500000,0.014589284
6.966562500,0.015745489
6.966625000,0.016629700
6.966687500,0.017133040
6.966750000,0.017224766
6.966812500,0.016972842
6.966875000,0.016461568
6.966937500,0.015837070
6.967000000,0.015248154
6.967062500,0.014833840
6.967125000,0.014610022
6.967187500,0.014535917
6.967250000,0.014495159
6.967312500,0.014360606
6.967375000,0.013953033
6.967437500,0.013197833
6.967500000,0.012142048
6.967562500,0.010986019
6.967625000,0.009918918
6.967687500,0.009120096
6.967750000,0.008659446
6.967812500,0.008507743
6.967875000,0.008448927
6.967937500,0.008262618
6.968000000,0.007812326
6.968062500,0.007165177
6.968125000,0.006439959
6.968187500,0.005827212
6.968250000,0.005459215
6.968312500,0.005382707
6.968375000,0.005392748
6.968437500,0.005214830
6.968500000,0.004612096
6.968562500,0.003560108
6.968625000,0.002144945
6.968687500,0.000612959
6.968750000,-0.000752995
6.968812500,-0.001704067
6.968875000,-0.002244176
6.968937500,-0.002555243
6.969000000,-0.002917857
6.969062500,-0.003533695
6.969125000,-0.004550205
6.969187500,-0.005959639
6.969250000,-0.007624077
6.969312500,-0.009296673
6.969375000,-0.010833067
6.969437500,-0.012197552
6.969500000,-0.013459790
6.969562500,-0.014691291
6.969625000,-0.016023340
6.969687500,-0.017530898
6.969750000,-0.019201379
6.969812500,-0.020891527
6.969875000,-0.022500431
6.969937500,-0.023969535
6.970000000,-0.025319466
6.970062500,-0.026594400
6.970125000,-0.027955454
6.970187500,-0.029548638
6.970250000,-0.031437553
6.970312500,-0.033502452
6.970375000,-0.035599850
6.970437500,-0.037536755
6.970500000,-0.039155755
6.970562500,-0.040335175
6.970625000,-0.041161742
6.970687500,-0.041805424
6.970750000,-0.042450108
6.970812500,-0.043149665
6.970875000,-0.043931834
6.970937500,-0.044714011
6.971000000,-0.045367967
6.971062500,-0.045730770
6.971125000,-0.045810360
6.971187500,-0.045701139
6.971250000,-0.045556214
6.971312500,-0.045455195
6.971375000,-0.045518026
6.971437500,-0.045759812
6.971500000,-0.046120960
6.971562500,-0.046436373
6.971625000,-0.046660535
6.971687500,-0.046768293
6.971750000,-0.046779834
6.971812500,-0.046669796
6.971875000,-0.046530459
6.971937500,-0.046405416
6.972000000,-0.046309207
6.972062500,-0.046157923
6.972125000,-0.045989145
6.972187500,-0.045811519
6.972250000,-0.045650337
6.972312500,-0.045470744
6.972375000,-0.045387331
6.972437500,-0.045464598
6.972500000,-0.045744464
6.972562500,-0.046153095
6.972625000,-0.046726309
6.972687500,-0.047404710
6.972750000,-0.048097573
6.972812500,-0.048621684
6.972875000,-0.048963942
6.972937500,-0.049075630
6.973000000,-0.048944689
6.973062500,-0.048518550
6.973125000,-0.047949538
6.973187500,-0.047336444
6.973250000,-0.046779834
6.973312500,-0.046289604
6.973375000,-0.046025041
6.973437500,-0.046031550
6.973500000,-0.046309207
6.973562500,-0.046739686
6.973625000,-0.047338359
6.973687500,-0.048013568
6.973750000,-0.048662320
6.973812500,-0.049123205
6.973875000,-0.049431365
6.973937500,-0.049581531
6.974000000,-0.049603563
6.974062500,-0.049488325
6.974125000,-0.049388055
6.974187500,-0.049357679
6.974250000,-0.049415316
6.974312500,-0.049485195
6.974375000,-0.049605876
6.974437500,-0.049724326
6.974500000,-0.049791813
6.974562500,-0.049736921
6.974625000,-0.049648501
6.974687500,-0.049561035
6.974750000,-0.049509440
6.974812500,-0.049473390
6.974875000,-0.049515598
6.974937500,-0.049586464
6.975000000,-0.049603563
6.975062500,-0.049448136
6.975125000,-0.049130738
6.975187500,-0.048637010
6.975250000,-0.048003450
6.975312500,-0.047282249
6.975375000,-0.046636447
6.975437500,-0.046125483
6.975500000,-0.045744464
6.975562500,-0.045396637
6.975625000,-0.045041274
6.975687500,-0.044557862
6.975750000,-0.043861974
6.975812500,-0.042917669
6.975875000,-0.041858889
6.975937500,-0.040792037
6.976000000,-0.039814625
6.976062500,-0.038953353
6.976125000,-0.038250770
6.976187500,-0.037610441
6.976250000,-0.036896769
6.976312500,-0.035968009
6.976375000,-0.034822624
6.976437500,-0.033453759
6.976500000,-0.031908173
6.976562500,-0.030246016
6.976625000,-0.028609795
6.976687500,-0.027034542
6.976750000,-0.025507715
6.976812500,-0.023972234
6.976875000,-0.022446223
6.976937500,-0.020891260
6.977000000,-0.019295502
6.977062500,-0.017665731
6.977125000,-0.016108248
6.977187500,-0.014646994
6.977250000,-0.013271542
6.977312500,-0.011923478
6.977375000,-0.010611239
6.977437500,-0.009279330
6.977500000,-0.007906451
6.977562500,-0.006511720
6.977625000,-0.005250104
6.977687500,-0.004218721
6.977750000,-0.003482603
6.977812500,-0.003029047
6.977875000,-0.002864367
6.977937500,-0.002872056
6.978000000,-0.002917857
6.978062500,-0.002876312
6.978125000,-0.002758535
6.978187500,-0.002551664
6.978250000,-0.002258986
6.978312500,-0.001858439
6.978375000,-0.001397739
6.978437500,-0.000847992
6.978500000,-0.000188249
6.978562500,0.000587979
6.978625000,0.001364525
6.978687500,0.002065819
6.978750000,0.002635483
6.978812500,0.003083981
6.978875000,0.003404862
6.978937500,0.003691870
6.979000000,0.004047350
6.979062500,0.004550962
6.979125000,0.005148128
6.979187500,0.005767718
6.979250000,0.006306335
6.979312500,0.006682442
6.979375000,0.006804991
6.979437500,0.006686732
6.979500000,0.006400459
6.979562500,0.006059660
6.979625000,0.005727341
6.979687500,0.005460662
6.979750000,0.005270967
6.979812500,0.005136189
6.979875000,0.004980898
6.979937500,0.004752690
6.980000000,0.004423847
6.980062500,0.004001652
6.980125000,0.003511915
6.980187500,0.003008268
6.980250000,0.002541359
6.980312500,0.002134485
6.980375000,0.001783929
6.980437500,0.001462354
6.980500000,0.001129493
6.980562500,0.000741816
6.980625000,0.000285321
6.980687500,-0.000225288
6.980750000,-0.000752995
6.980812500,-0.001264197
6.980875000,-0.001708294
6.980937500,-0.002046854
6.981000000,-0.002258986
6.981062500,-0.002364244
6.981125000,-0.002366394
6.981187500,-0.002288441
6.981250000,-0.002164861
6.981312500,-0.002065201
6.981375000,-0.002008794
6.981437500,-0.002012020
6.981500000,-0.002070737
6.981562500,-0.002194099
6.981625000,-0.002322628
6.981687500,-0.002414253
6.981750000,-0.002447235
6.981812500,-0.002467203
6.981875000,-0.002475780
6.981937500,-0.002497769
6.982000000,-0.002541359
6.982062500,-0.002622387
6.982125000,-0.002649055
6.982187500,-0.002526134
6.982250000,-0.002164861
6.982312500,-0.001557245
6.982375000,-0.000680450
6.982437500,0.000407643
6.982500000,0.001600115
6.982562500,0.002725418
6.982625000,0.003703589
6.982687500,0.004485259
6.982750000,0.005082718
6.982812500,0.005517153
6.982875000,0.005918995
6.982937500,0.006404739
6.983000000,0.007059331
6.983062500,0.007868483
6.983125000,0.008840215
6.983187500,0.009935584
6.983250000,0.011106680
6.983312500,0.012267510
6.983375000,0.013429559
6.983437500,0.014607670
6.983500000,0.015812902
6.983562500,0.016981937
6.983625000,0.018108489
6.983687500,0.019167017
6.983750000,0.020142624
6.983812500,0.020986799
6.983875000,0.021763474
6.983937500,0.022534415
6.984000000,0.023342853
6.984062500,0.024132337
6.984125000,0.024890944
6.984187500,0.025577459
6.984250000,0.026166586
6.984312500,0.026616022
6.984375000,0.027008696
6.984437500,0.027433451
6.984500000,0.027954949
6.984562500,0.028524971
6.984625000,0.029116346
6.984687500,0.029663498
6.984750000,0.030119810
6.984812500,0.030437795
6.984875000,0.030710896
6.984937500,0.031048577
6.985000000,0.031531677
6.985062500,0.032110851
6.985125000,0.032735825
6.985187500,0.033295184
6.985250000,0.033696536
6.985312500,0.033870861
6.985375000,0.033925015
6.985437500,0.034007259
6.985500000,0.034261286
6.985562500,0.034712423
6.985625000,0.035374653
6.985687500,0.036166824
6.985750000,0.036990892
6.985812500,0.037738457
6.985875000,0.038459972
6.985937500,0.039225321
6.986000000,0.040096994
6.986062500,0.041022036
6.986125000,0.041964952
6.986187500,0.042797394
6.986250000,0.043391351
6.986312500,0.043626849
6.986375000,0.043581683
6.986437500,0.043366197
6.986500000,0.043108981
6.986562500,0.042842887
6.986625000,0.042641558
6.986687500,0.042468179
6.986750000,0.042261858
6.986812500,0.041929521
6.986875000,0.041559022
6.986937500,0.041233666
6.987000000,0.041038241
6.987062500,0.040944725
6.987125000,0.040983878
6.987187500,0.041059379
6.987250000,0.041038241
6.987312500,0.040734015
6.987375000,0.040171266
6.987437500,0.039392643
6.987500000,0.038496882
6.987562500,0.037524998
6.987625000,0.036651492
6.987687500,0.035938516
6.987750000,0.035390779
6.987812500,0.034894966
6.987875000,0.034487635
6.987937500,0.034150533
6.988000000,0.033884790
6.988062500,0.033630848
6.988125000,0.033492692
6.988187500,0.033489153
6.988250000,0.033602413
6.988312500,0.033698313
6.988375000,0.033785466
6.988437500,0.033799749
6.988500000,0.033696536
6.988562500,0.033392847
6.988625000,0.033016291
6.988687500,0.032649674
6.988750000,0.032378796
6.988812500,0.032191519
6.988875000,0.032212347
6.988937500,0.032443516
6.989000000,0.032849420
6.989062500,0.033298098
6.989125000,0.033842500
6.989187500,0.034474794
6.989250000,0.035202529
6.989312500,0.035958942
6.989375000,0.036846038
6.989437500,0.037861664
6.989500000,0.038967505
6.989562500,0.040018231
6.989625000,0.041035615
6.989687500,0.041977771
6.989750000,0.042826608
6.989812500,0.043509111
6.989875000,0.044144794
6.989937500,0.044765785
6.990000000,0.045367967
6.990062500,0.045825653
6.990125000,0.046160478
6.990187500,0.046325747
6.990250000,0.046309207
6.990312500,0.046073321
6.990375000,0.045796316
6.990437500,0.045598108
6.990500000,0.045556214
6.990562500,0.045589171
6.990625000,0.045696929
6.990687500,0.045758411
6.990750000,0.045650337
6.990812500,0.045227941
6.990875000,0.044593874
6.990937500,0.043866627
6.991000000,0.043203104
6.991062500,0.042671088
6.991125000,0.042439803
6.991187500,0.042537216
6.991250000,0.042920731
6.991312500,0.043429904
6.991375000,0.044045068
6.991437500,0.044685230
6.991500000,0.045273837
6.991562500,0.045666382
6.991625000,0.045890775
6.991687500,0.045938395
6.991750000,0.045838587
6.991812500,0.045583799
6.991875000,0.045364719
6.991937500,0.045300297
6.992000000,0.045462091
6.992062500,0.045761049
6.992125000,0.046207469
6.992187500,0.046683565
6.992250000,0.047062203
6.992312500,0.047169238
6.992375000,0.047096096
6.992437500,0.046926055
6.992500000,0.046779834
6.992562500,0.046678592
6.992625000,0.046784952
6.992687500,0.047097024
6.992750000,0.047532827
6.992812500,0.047871172
6.992875000,0.048080545
6.992937500,0.048073888
6.993000000,0.047815196
6.993062500,0.047241073
6.993125000,0.046530183
6.993187500,0.045804136
6.993250000,0.045179714
6.993312500,0.044659216
6.993375000,0.044378500
6.993437500,0.044325650
6.993500000,0.044426721
6.993562500,0.044491410
6.993625000,0.044515051
6.993687500,0.044455554
6.993750000,0.044332597
6.993812500,0.044143777
6.993875000,0.044098657
6.993937500,0.044306166
6.994000000,0.044803217
6.994062500,0.045451924
6.994125000,0.046224814
6.994187500,0.046985306
6.994250000,0.047626950
6.994312500,0.048036516
6.994375000,0.048367437
6.994437500,0.048733298
6.994500000,0.049227066
6.994562500,0.049790710
6.994625000,0.050453607
6.994687500,0.051095217
6.994750000,0.051580172
6.994812500,0.051744428
6.994875000,0.051686890
6.994937500,0.051498558
6.995000000,0.051297802
6.995062500,0.051101390
6.995125000,0.051027354
6.995187500,0.051031731
6.995250000,0.051015429
6.995312500,0.050801110
6.995375000,0.050422415
6.995437500,0.049883172
6.995500000,0.049227066
6.995562500,0.048444714
6.995625000,0.047692079
6.995687500,0.047027931
6.995750000,0.046497457
6.995812500,0.046071697
6.995875000,0.045879189
6.995937500,0.045939516
6.996000000,0.046215083
6.996062500,0.046535537
6.996125000,0.046854354
6.996187500,0.047051832
6.996250000,0.047062203
6.996312500,0.046838533
6.996375000,0.046565242
6.996437500,0.046366010
6.996500000,0.046309207
6.996562500,0.046297610
6.996625000,0.046304431
6.996687500,0.046186894
6.996750000,0.045838587
6.996812500,0.045177791
6.996875000,0.044400267
6.996937500,0.043668821
6.997000000,0.043108981
6.997062500,0.042663988
6.997125000,0.042344801
6.997187500,0.042004697
6.997250000,0.041508865
6.997312500,0.040731393
6.997375000,0.039865851
6.997437500,0.039095301
6.997500000,0.038591005
6.997562500,0.038338348
6.997625000,0.038377013
6.997687500,0.038533553
6.997750000,0.038591005
6.997812500,0.038308240
6.997875000,0.037769131
6.997937500,0.037104107
6.998000000,0.036520272
6.998062500,0.036127895
6.998125000,0.036131937
6.998187500,0.036505129
6.998250000,0.037085015
6.998312500,0.037552834
6.998375000,0.037796572
6.998437500,0.037703115
6.998500000,0.037273265
6.998562500,0.036524497
6.998625000,0.035734147
6.998687500,0.035093162
6.998750000,0.034731906
6.998812500,0.034596141
6.998875000,0.034757167
6.998937500,0.035144534
6.999000000,0.035673149
6.999062500,0.036186658
6.999125000,0.036774758
6.999187500,0.037470836
6.999250000,0.038308635
6.999312500,0.039200936
6.999375000,0.040224198
6.999437500,0.041330591
6.999500000,0.042450108
6.999562500,0.043426111
6.999625000,0.044317666
6.999687500,0.045122180
6.999750000,0.045838587
6.999812500,0.046361145
6.999875000,0.046749942
6.999937500,0.046965998
7.000000000,0.046968080
7.000062500,0.046655767
7.000125000,0.046167172
7.000187500,0.045623496
7.000250000,0.045179714
7.000312500,0.044895392
7.000375000,0.044961073
7.000437500,0.045398198
7.000500000,0.046120960
7.000562500,0.046879835
7.000625000,0.047589932
7.000687500,0.048151143
7.000750000,0.048568193
7.000812500,0.048873838
7.000875000,0.049336705
7.000937500,0.050127193
7.001000000,0.051297802
7.001062500,0.052659843
7.001125000,0.054056589
7.001187500,0.055211239
7.001250000,0.055909898
7.001312500,0.056019451
7.001375000,0.055736497
7.001437500,0.055305138
7.001500000,0.054968655
7.001562500,0.054795966
7.001625000,0.054842778
7.001687500,0.054964624
7.001750000,0.054968655
7.001812500,0.054660641
7.001875000,0.054106884
7.001937500,0.053428531
7.002000000,0.052803792
7.002062500,0.052327901
7.002125000,0.052136555
7.002187500,0.052180476
7.002250000,0.052333172
7.002312500,0.052411422
7.002375000,0.052422613
7.002437500,0.052375682
7.002500000,0.052333172
7.002562500,0.052317284
7.002625000,0.052441213
7.002687500,0.052669417
7.002750000,0.052897915
7.002812500,0.052954614
7.002875000,0.052805666
7.002937500,0.052402988
7.003000000,0.051768426
7.003062500,0.050950170
7.003125000,0.050128877
7.003187500,0.049389720
7.003250000,0.048756443
7.003312500,0.048156969
7.003375000,0.047576960
7.003437500,0.046919797
7.003500000,0.046120960
7.003562500,0.045152970
7.003625000,0.044140238
7.003687500,0.043140184
7.003750000,0.042167734
7.003812500,0.041148372
7.003875000,0.040052734
7.003937500,0.038755555
7.004000000,0.037179142
7.004062500,0.035325561
7.004125000,0.033403393
7.004187500,0.031589419
7.004250000,0.030025685
7.004312500,0.028738206
7.004375000,0.027735678
7.004437500,0.026867347
7.004500000,0.025978338
7.004562500,0.024976237
7.004625000,0.023965031
7.004687500,0.023044676
7.004750000,0.022307485
7.004812500,0.021757437
7.004875000,0.021362405
7.004937500,0.020926036
7.005000000,0.020236747
7.005062500,0.019158356
7.005125000,0.017757261
7.005187500,0.016146947
7.005250000,0.014495159
7.005312500,0.012948609
7.005375000,0.011638571
7.005437500,0.010526328
7.005500000,0.009506566
7.005562500,0.008473605
7.005625000,0.007421236
7.005687500,0.006322196
7.005750000,0.005176842
7.005812500,0.003997379
7.005875000,0.002840988
7.005937500,0.001695349
7.006000000,0.000564746
7.006062500,-0.000497187
7.006125000,-0.001350577
7.006187500,-0.001916044
7.006250000,-0.002164861
7.006312500,-0.002139981
7.006375000,-0.001928293
7.006437500,-0.001720163
7.006500000,-0.001694239
7.006562500,-0.001941280
7.006625000,-0.002421391
7.006687500,-0.003062088
7.006750000,-0.003764976
7.006812500,-0.004441650
7.006875000,-0.005056284
7.006937500,-0.005675850
7.007000000,-0.006400459
7.007062500,-0.007291037
7.007125000,-0.008343226
7.007187500,-0.009517086
7.007250000,-0.010730183
7.007312500,-0.011875036
7.007375000,-0.012875414
7.007437500,-0.013732696
7.007500000,-0.014495159
7.007562500,-0.015212738
7.007625000,-0.015923185
7.007687500,-0.016657546
7.007750000,-0.017413015
7.007812500,-0.018137757
7.007875000,-0.018778447
7.007937500,-0.019298093
7.008000000,-0.019672001
7.008062500,-0.019869529
7.008125000,-0.019901248
7.008187500,-0.019811662
7.008250000,-0.019672001
7.008312500,-0.019543856
7.008375000,-0.019509798
7.008437500,-0.019617943
7.008500000,-0.019860249
7.008562500,-0.020145280
7.008625000,-0.020389296
7.008687500,-0.020518674
7.008750000,-0.020519121
7.008812500,-0.020424869
7.008875000,-0.020368885
7.008937500,-0.020474279
7.009000000,-0.020801496
7.009062500,-0.021285081
7.009125000,-0.021810388
7.009187500,-0.022220798
7.009250000,-0.022401609
7.009312500,-0.022308283
7.009375000,-0.022044236
7.009437500,-0.021753797
7.009500000,-0.021554491
7.009562500,-0.021445140
7.009625000,-0.021366507
7.009687500,-0.021186812
7.009750000,-0.020801496
7.009812500,-0.020178594
7.009875000,-0.019465368
7.009937500,-0.018860722
7.010000000,-0.018542508
7.010062500,-0.018552730
7.010125000,-0.018840559
7.010187500,-0.019219045
7.010250000,-0.019483753
7.010312500,-0.019488819
7.010375000,-0.019277580
7.010437500,-0.018973608
7.010500000,-0.018730756
7.010562500,-0.018628152
7.010625000,-0.018690910
7.010687500,-0.018825462
7.010750000,-0.018919006
7.010812500,-0.018901855
7.010875000,-0.018838430
7.010937500,-0.018819578
7.011000000,-0.018919006
7.011062500,-0.019116463
7.011125000,-0.019338669
7.011187500,-0.019435065
7.011250000,-0.019295502
7.011312500,-0.018913273
7.011375000,-0.018449889
7.011437500,-0.018092727
7.011500000,-0.017977761
7.011562500,-0.018096440
7.011625000,-0.018334953
7.011687500,-0.018476736
7.011750000,-0.018354259
7.011812500,-0.017945798
7.011875000,-0.017429575
7.011937500,-0.017036047
7.012000000,-0.016942395
7.012062500,-0.017156525
7.012125000,-0.017521881
7.012187500,-0.017732179
7.012250000,-0.017507140
7.012312500,-0.016732065
7.012375000,-0.015546646
7.012437500,-0.014228971
7.012500000,-0.013083293
7.012562500,-0.012289053
7.012625000,-0.011848103
7.012687500,-0.011549607
7.012750000,-0.011106680
7.012812500,-0.010297364
7.012875000,-0.009101729
7.012937500,-0.007657205
7.013000000,-0.006212211
7.013062500,-0.005007144
7.013125000,-0.004201160
7.013187500,-0.003773053
7.013250000,-0.003576728
7.013312500,-0.003420611
7.013375000,-0.003190948
7.013437500,-0.002847269
7.013500000,-0.002447235
7.013562500,-0.002094125
7.013625000,-0.001906170
7.013687500,-0.001896311
7.013750000,-0.001976613
7.013812500,-0.001976274
7.013875000,-0.001744857
7.013937500,-0.001156116
7.014000000,-0.000188249
7.014062500,0.001065737
7.014125000,0.002388016
7.014187500,0.003562226
7.014250000,0.004423847
7.014312500,0.004918998
7.014375000,0.005080234
7.014437500,0.005050058
7.014500000,0.004988594
7.014562500,0.005007321
7.014625000,0.005096927
7.014687500,0.005188246
7.014750000,0.005176842
7.014812500,0.004990149
7.014875000,0.004598275
7.014937500,0.004081701
7.015000000,0.003576728
7.015062500,0.003221445
7.015125000,0.003080228
7.015187500,0.003157626
7.015250000,0.003388479
7.015312500,0.003670897
7.015375000,0.003891890
7.015437500,0.003990336
7.015500000,0.003953225
7.015562500,0.003801707
7.015625000,0.003570407
7.015687500,0.003298832
7.015750000,0.003011981
7.015812500,0.002712183
7.015875000,0.002393767
7.015937500,0.002053156
7.016000000,0.001694239
7.016062500,0.001324982
7.016125000,0.000973828
7.016187500,0.000677346
7.016250000,0.000470622
7.016312500,0.000367148
7.016375000,0.000381995
7.016437500,0.000515008
7.016500000,0.000752995
7.016562500,0.001055969
7.016625000,0.001400695
7.016687500,0.001752788
7.016750000,0.002070737
7.016812500,0.002288435
7.016875000,0.002381849
7.016937500,0.002335331
7.017000000,0.002164861
7.017062500,0.001898439
7.017125000,0.001631665
7.017187500,0.001449762
7.017250000,0.001411866
7.017312500,0.001505591
7.017375000,0.001716900
7.017437500,0.001988040
7.017500000,0.002258986
7.017562500,0.002465862
7.017625000,0.002631807
7.017687500,0.002798141
7.017750000,0.003011981
7.017812500,0.003274519
7.017875000,0.003591404
7.017937500,0.003926766
7.018000000,0.004235599
7.018062500,0.004466023
7.018125000,0.004639637
7.018187500,0.004796708
7.018250000,0.004988594
7.018312500,0.005237353
7.018375000,0.005571416
7.018437500,0.005991436
7.018500000,0.006494584
7.018562500,0.007074114
7.018625000,0.007754249
7.018687500,0.008542759
7.018750000,0.009412440
7.018812500,0.010279766
7.018875000,0.011051647
7.018937500,0.011647300
7.019000000,0.012047924
7.019062500,0.012309212
7.019125000,0.012559691
7.019187500,0.012924384
7.019250000,0.013459790
7.019312500,0.014112257
7.019375000,0.014754512
7.019437500,0.015246777
7.019500000,0.015530528
7.019562500,0.015679019
7.019625000,0.015879488
7.019687500,0.016331611
7.019750000,0.017130643
7.019812500,0.018187078
7.019875000,0.019237349
7.019937500,0.019943677
7.020000000,0.020048497
7.020062500,0.019500669
7.020125000,0.018490516
7.020187500,0.017364521
7.020250000,0.016471772
7.020312500,0.016006999
7.020375000,0.015933592
7.020437500,0.016007381
7.020500000,0.015907025
7.020562500,0.015390932
7.020625000,0.014409348
7.020687500,0.013110142
7.020750000,0.011765551
7.020812500,0.010646116
7.020875000,0.009911411
7.020937500,0.009549540
7.021000000,0.009412440
7.021062500,0.009299007
7.021125000,0.009054529
7.021187500,0.008610995
7.021250000,0.008000575
7.021312500,0.007314796
7.021375000,0.006659161
7.021437500,0.006078615
7.021500000,0.005553340
7.021562500,0.005013881
7.021625000,0.004400688
7.021687500,0.003667642
7.021750000,0.002823732
7.021812500,0.001932072
7.021875000,0.001109729
7.021937500,0.000449103
7.022000000,0.000000000
7.022062500,-0.000252328
7.022125000,-0.000353030
7.022187500,-0.000397504
7.022250000,-0.000470622
7.022312500,-0.000616571
7.022375000,-0.000795344
7.022437500,-0.000953230
7.022500000,-0.001035369
7.022562500,-0.001026692
7.022625000,-0.000934344
7.022687500,-0.000841729
7.022750000,-0.000847120
7.022812500,-0.001019050
7.022875000,-0.001341595
7.022937500,-0.001756312
7.023000000,-0.002164861
7.023062500,-0.002467877
7.023125000,-0.002586631
7.023187500,-0.002526688
7.023250000,-0.002353110
7.023312500,-0.002157582
7.023375000,-0.002016777
7.023437500,-0.001986108
7.023500000,-0.002070737
7.023562500,-0.002224678
7.023625000,-0.002372413
7.023687500,-0.002455638
7.023750000,-0.002447235
7.023812500,-0.002352696
7.023875000,-0.002216162
7.023937500,-0.002104412
7.024000000,-0.002070737
7.024062500,-0.002121784
7.024125000,-0.002232251
7.024187500,-0.002356000
7.024250000,-0.002447235
7.024312500,-0.002471511
7.024375000,-0.002440098
7.024437500,-0.002388328
7.024500000,-0.002353110
7.024562500,-0.002340628
7.024625000,-0.002347282
7.024687500,-0.002354051
7.024750000,-0.002353110
7.024812500,-0.002356510
7.024875000,-0.002418848
7.024937500,-0.002596602
7.025000000,-0.002917857
7.025062500,-0.003352199
7.025125000,-0.003832131
7.025187500,-0.004271245
7.025250000,-0.004612096
7.025312500,-0.004852667
7.025375000,-0.005056933
7.025437500,-0.005306161
7.025500000,-0.005647464
7.025562500,-0.006051393
7.025625000,-0.006428202
7.025687500,-0.006661932
7.025750000,-0.006682833
7.025812500,-0.006515466
7.025875000,-0.006296100
7.025937500,-0.006207721
7.026000000,-0.006400459
7.026062500,-0.006914300
7.026125000,-0.007664997
7.026187500,-0.008469348
7.026250000,-0.009130068
7.026312500,-0.009521315
7.026375000,-0.009632423
7.026437500,-0.009552237
7.026500000,-0.009412440
7.026562500,-0.009322635
7.026625000,-0.009304733
7.026687500,-0.009302163
7.026750000,-0.009224192
7.026812500,-0.009015310
7.026875000,-0.008668974
7.026937500,-0.008240613
7.027000000,-0.007812326
7.027062500,-0.007457602
7.027125000,-0.007176609
7.027187500,-0.006913510
7.027250000,-0.006588709
7.027312500,-0.006159585
7.027375000,-0.005617495
7.027437500,-0.005011787
7.027500000,-0.004423847
7.027562500,-0.003945526
7.027625000,-0.003604103
7.027687500,-0.003375632
7.027750000,-0.003200230
7.027812500,-0.003031004
7.027875000,-0.002828055
7.027937500,-0.002590482
7.028000000,-0.002353110
7.028062500,-0.002183563
7.028125000,-0.002117811
7.028187500,-0.002156049
7.028250000,-0.002258986
7.028312500,-0.002374537
7.028375000,-0.002411049
7.028437500,-0.002272734
7.028500000,-0.001882488
7.028562500,-0.001219297
7.028625000,-0.000285839
7.028687500,0.000871068
7.028750000,0.002164861
7.028812500,0.003467920
7.028875000,0.004675154
7.028937500,0.005721092
7.029000000,0.006588709
7.029062500,0.007288699
7.029125000,0.007875764
7.029187500,0.008413753
7.029250000,0.008941819
7.029312500,0.009441649
7.029375000,0.009885669
7.029437500,0.010251530
7.029500000,0.010541934
7.029562500,0.010777004
7.029625000,0.011027386
7.029687500,0.011372538
7.029750000,0.011859675
7.029812500,0.012452191
7.029875000,0.013079764
7.029937500,0.013637472
7.030000000,0.014024537
7.030062500,0.014161680
7.030125000,0.014072194
7.030187500,0.013853120
7.030250000,0.013648040
7.030312500,0.013574207
7.030375000,0.013737154
7.030437500,0.014159664
7.030500000,0.014777532
7.030562500,0.015435359
7.030625000,0.016002521
7.030687500,0.016384846
7.030750000,0.016565897
7.030812500,0.016581783
7.030875000,0.016555760
7.030937500,0.016597793
7.031000000,0.016754145
7.031062500,0.016954981
7.031125000,0.017108304
7.031187500,0.017115403
7.031250000,0.016942395
7.031312500,0.016624110
7.031375000,0.016325347
7.031437500,0.016212365
7.031500000,0.016377648
7.031562500,0.016751049
7.031625000,0.017199291
7.031687500,0.017527374
7.031750000,0.017601265
7.031812500,0.017396696
7.031875000,0.017097181
7.031937500,0.016943024
7.032000000,0.017130643
7.032062500,0.017675342
7.032125000,0.018469526
7.032187500,0.019255079
7.032250000,0.019766126
7.032312500,0.019824026
7.032375000,0.019501349
7.032437500,0.019012360
7.032500000,0.018636633
7.032562500,0.018560234
7.032625000,0.018884176
7.032687500,0.019512275
7.032750000,0.020236747
7.032812500,0.020809315
7.032875000,0.021127284
7.032937500,0.021185765
7.033000000,0.021083867
7.033062500,0.020933291
7.033125000,0.020881753
7.033187500,0.020974956
7.033250000,0.021177992
7.033312500,0.021376586
7.033375000,0.021523129
7.033437500,0.021578034
7.033500000,0.021554491
7.033562500,0.021478204
7.033625000,0.021449106
7.033687500,0.021509452
7.033750000,0.021648614
7.033812500,0.021775737
7.033875000,0.021833032
7.033937500,0.021740174
7.034000000,0.021460366
7.034062500,0.020997498
7.034125000,0.020471171
7.034187500,0.019997586
7.034250000,0.019672001
7.034312500,0.019508010
7.034375000,0.019509140
7.034437500,0.019595547
7.034500000,0.019672001
7.034562500,0.019646239
7.034625000,0.019541975
7.034687500,0.019403698
7.034750000,0.019295502
7.034812500,0.019236092
7.034875000,0.019258624
7.034937500,0.019307869
7.035000000,0.019295502
7.035062500,0.019117353
7.035125000,0.018775836
7.035187500,0.018304709
7.035250000,0.017789513
7.035312500,0.017315164
7.035375000,0.017003540
7.035437500,0.016889781
7.035500000,0.016942395
7.035562500,0.017056946
7.035625000,0.017164806
7.035687500,0.017175425
7.035750000,0.017036518
7.035812500,0.016728874
7.035875000,0.016331991
7.035937500,0.015912937
7.036000000,0.015530528
7.036062500,0.015196231
7.036125000,0.014932983
7.036187500,0.014691209
7.036250000,0.014401034
7.036312500,0.013990420
7.036375000,0.013474300
7.036437500,0.012890941
7.036500000,0.012330297
7.036562500,0.011897774
7.036625000,0.011727520
7.036687500,0.011858122
7.036750000,0.012236172
7.036812500,0.012718757
7.036875000,0.013156624
7.036937500,0.013395929
7.037000000,0.013365666
7.037062500,0.013102545
7.037125000,0.012757913
7.037187500,0.012473470
7.037250000,0.012330297
7.037312500,0.012305548
7.037375000,0.012292993
7.037437500,0.012121974
7.037500000,0.011671427
7.037562500,0.010948653
7.037625000,0.010100272
7.037687500,0.009315711
7.037750000,0.008753570
7.037812500,0.008474529
7.037875000,0.008405834
7.037937500,0.008367465
7.038000000,0.008188824
7.038062500,0.007819382
7.038125000,0.007327907
7.038187500,0.006846612
7.038250000,0.006494584
7.038312500,0.006317217
7.038375000,0.006220825
7.038437500,0.006019443
7.038500000,0.005553340
7.038562500,0.004814109
7.038625000,0.003919867
7.038687500,0.003069815
7.038750000,0.002447235
7.038812500,0.002147827
7.038875000,0.002075365
7.038937500,0.002003120
7.039000000,0.001694239
7.039062500,0.001054211
7.039125000,0.000115021
7.039187500,-0.000962526
7.039250000,-0.001976613
7.039312500,-0.002758030
7.039375000,-0.003315693
7.039437500,-0.003800842
7.039500000,-0.004423847
7.039562500,-0.005309387
7.039625000,-0.006498216
7.039687500,-0.007897043
7.039750000,-0.009318316
7.039812500,-0.010523587
7.039875000,-0.011404599
7.039937500,-0.011988976
7.040000000,-0.012424421
7.040062500,-0.012869287
7.040125000,-0.013516832
7.040187500,-0.014472793
7.040250000,-0.015718777
7.040312500,-0.017075049
7.040375000,-0.018375695
7.040437500,-0.019479064
7.040500000,-0.020330872
7.040562500,-0.020930082
7.040625000,-0.021432308
7.040687500,-0.022009747
7.040750000,-0.022778107
7.040812500,-0.023687193
7.040875000,-0.024657818
7.040937500,-0.025552718
7.041000000,-0.026260709
7.041062500,-0.026698476
7.041125000,-0.026973680
7.041187500,-0.027249807
7.041250000,-0.027672576
7.041312500,-0.028231148
7.041375000,-0.028883621
7.041437500,-0.029494863
7.041500000,-0.029931562
7.041562500,-0.030081034
7.041625000,-0.030042836
7.041687500,-0.029993763
7.041750000,-0.030119810
7.041812500,-0.030464746
7.041875000,-0.031052193
7.041937500,-0.031791504
7.042000000,-0.032567047
7.042062500,-0.033248384
7.042125000,-0.033888802
7.042187500,-0.034577075
7.042250000,-0.035390779
7.042312500,-0.036267620
7.042375000,-0.037157502
7.042437500,-0.037932619
7.042500000,-0.038496882
7.042562500,-0.038795348
7.042625000,-0.038993135
7.042687500,-0.039282121
7.042750000,-0.039814625
7.042812500,-0.040560313
7.042875000,-0.041452412
7.042937500,-0.042298559
7.043000000,-0.042920731
7.043062500,-0.043196321
7.043125000,-0.043263324
7.043187500,-0.043323286
7.043250000,-0.043579601
7.043312500,-0.044079728
7.043375000,-0.044817556
7.043437500,-0.045606930
7.043500000,-0.046215083
7.043562500,-0.046425793
7.043625000,-0.046270449
7.043687500,-0.045878619
7.043750000,-0.045462091
7.043812500,-0.045176867
7.043875000,-0.045179483
7.043937500,-0.045444842
7.044000000,-0.045838587
7.044062500,-0.046145853
7.044125000,-0.046285268
7.044187500,-0.046204258
7.044250000,-0.045932710
7.044312500,-0.045514479
7.044375000,-0.045095671
7.044437500,-0.044733632
7.044500000,-0.044426721
7.044562500,-0.044085681
7.044625000,-0.043695644
7.044687500,-0.043193303
7.044750000,-0.042544231
7.044812500,-0.041720361
7.044875000,-0.040839955
7.044937500,-0.039988883
7.045000000,-0.039249878
7.045062500,-0.038639724
7.045125000,-0.038222168
7.045187500,-0.037932687
7.045250000,-0.037649762
7.045312500,-0.037200365
7.045375000,-0.036535185
7.045437500,-0.035606887
7.045500000,-0.034449533
7.045562500,-0.033141766
7.045625000,-0.031890031
7.045687500,-0.030807890
7.045750000,-0.029931562
7.045812500,-0.029179901
7.045875000,-0.028492164
7.045937500,-0.027715845
7.046000000,-0.026731333
7.046062500,-0.025478691
7.046125000,-0.024098391
7.046187500,-0.022736073
7.046250000,-0.021554491
7.046312500,-0.020650074
7.046375000,-0.020126333
7.046437500,-0.019913794
7.046500000,-0.019860249
7.046562500,-0.019764373
7.046625000,-0.019555608
7.046687500,-0.019171720
7.046750000,-0.018636633
7.046812500,-0.018018693
7.046875000,-0.017503280
7.046937500,-0.017173283
7.047000000,-0.017036518
7.047062500,-0.016997837
7.047125000,-0.016997149
7.047187500,-0.016891416
7.047250000,-0.016565897
7.047312500,-0.015950054
7.047375000,-0.015138430
7.047437500,-0.014214342
7.047500000,-0.013271542
7.047562500,-0.012345973
7.047625000,-0.011528117
7.047687500,-0.010792019
7.047750000,-0.010071312
7.047812500,-0.009255446
7.047875000,-0.008370814
7.047937500,-0.007430746
7.048000000,-0.006494584
7.048062500,-0.005611771
7.048125000,-0.004932604
7.048187500,-0.004509730
7.048250000,-0.004329723
7.048312500,-0.004275439
7.048375000,-0.004299344
7.048437500,-0.004305903
7.048500000,-0.004235599
7.048562500,-0.004039446
7.048625000,-0.003813511
7.048687500,-0.003617234
7.048750000,-0.003482603
7.048812500,-0.003352768
7.048875000,-0.003234294
7.048937500,-0.003091045
7.049000000,-0.002917857
7.049062500,-0.002710563
7.049125000,-0.002591961
7.049187500,-0.002629724
7.049250000,-0.002823732
7.049312500,-0.003040112
7.049375000,-0.003179213
7.049437500,-0.003116712
7.049500000,-0.002823732
7.049562500,-0.002376668
7.049625000,-0.002082448
7.049687500,-0.002270332
7.049750000,-0.003200230
7.049812500,-0.004903977
7.049875000,-0.007269683
7.049937500,-0.009952598
7.050000000,-0.012518546
7.050062500,-0.014545945
7.050125000,-0.015864737
7.050187500,-0.016498428
7.050250000,-0.016660020
7.050312500,-0.016619612
7.050375000,-0.016705588
7.050437500,-0.017113080
7.050500000,-0.017883638
7.050562500,-0.018880449
7.050625000,-0.019957798
7.050687500,-0.020948036
7.050750000,-0.021742739
7.050812500,-0.022287475
7.050875000,-0.022671305
7.050937500,-0.023015335
7.051000000,-0.023436978
7.051062500,-0.023971429
7.051125000,-0.024644278
7.051187500,-0.025404746
7.051250000,-0.026166586
7.051312500,-0.026808109
7.051375000,-0.027291436
7.051437500,-0.027604247
7.051500000,-0.027766701
7.051562500,-0.027778307
7.051625000,-0.027703868
7.051687500,-0.027591364
7.051750000,-0.027484328
7.051812500,-0.027384419
7.051875000,-0.027350526
7.051937500,-0.027414151
7.052000000,-0.027578451
7.052062500,-0.027768452
7.052125000,-0.027933307
7.052187500,-0.027988812
7.052250000,-0.027860826
7.052312500,-0.027480550
7.052375000,-0.026907858
7.052437500,-0.026259063
7.052500000,-0.025695963
7.052562500,-0.025336692
7.052625000,-0.025321070
7.052687500,-0.025662407
7.052750000,-0.026260709
7.052812500,-0.026885075
7.052875000,-0.027359718
7.052937500,-0.027518211
7.053000000,-0.027296079
7.053062500,-0.026712343
7.053125000,-0.025970142
7.053187500,-0.025268055
7.053250000,-0.024754720
7.053312500,-0.024431029
7.053375000,-0.024286076
7.053437500,-0.024207726
7.053500000,-0.024095848
7.053562500,-0.023881285
7.053625000,-0.023688249
7.053687500,-0.023655953
7.053750000,-0.023907598
7.053812500,-0.024434604
7.053875000,-0.025213100
7.053937500,-0.026075903
7.054000000,-0.026825456
7.054062500,-0.027270136
7.054125000,-0.027424201
7.054187500,-0.027358241
7.054250000,-0.027201954
7.054312500,-0.027036937
7.054375000,-0.026983649
7.054437500,-0.027032007
7.054500000,-0.027107829
7.054562500,-0.027080595
7.054625000,-0.026948849
7.054687500,-0.026719762
7.054750000,-0.026448958
7.054812500,-0.026173213
7.054875000,-0.026003093
7.054937500,-0.025952427
7.055000000,-0.025978338
7.055062500,-0.025964024
7.055125000,-0.025883587
7.055187500,-0.025697397
7.055250000,-0.025413590
7.055312500,-0.025049735
7.055375000,-0.024740024
7.055437500,-0.024565406
7.055500000,-0.024566470
7.055562500,-0.024691289
7.055625000,-0.024930231
7.055687500,-0.025198618
7.055750000,-0.025413590
7.055812500,-0.025489230
7.055875000,-0.025470771
7.055937500,-0.025397547
7.056000000,-0.025319466
7.056062500,-0.025232365
7.056125000,-0.025184359
7.056187500,-0.025140254
7.056250000,-0.025037091
7.056312500,-0.024775879
7.056375000,-0.024379181
7.056437500,-0.023876840
7.056500000,-0.023342853
7.056562500,-0.022832163
7.056625000,-0.022471972
7.056687500,-0.022284402
7.056750000,-0.022213360
7.056812500,-0.022104040
7.056875000,-0.021875316
7.056937500,-0.021440873
7.057000000,-0.020801496
7.057062500,-0.020024616
7.057125000,-0.019333359
7.057187500,-0.018902227
7.057250000,-0.018824881
7.057312500,-0.019034876
7.057375000,-0.019436853
7.057437500,-0.019832473
7.057500000,-0.020048497
7.057562500,-0.019976731
7.057625000,-0.019708950
7.057687500,-0.019374346
7.057750000,-0.019107254
7.057812500,-0.018949674
7.057875000,-0.018919202
7.057937500,-0.018915502
7.058000000,-0.018824881
7.058062500,-0.018571043
7.058125000,-0.018240361
7.058187500,-0.017961789
7.058250000,-0.017883638
7.058312500,-0.018080346
7.058375000,-0.018582627
7.058437500,-0.019270044
7.058500000,-0.019954374
7.058562500,-0.020435909
7.058625000,-0.020647693
7.058687500,-0.020585448
7.058750000,-0.020330872
7.058812500,-0.019988857
7.058875000,-0.019702880
7.058937500,-0.019514631
7.059000000,-0.019389628
7.059062500,-0.019228779
7.059125000,-0.018978035
7.059187500,-0.018587152
7.059250000,-0.018071886
7.059312500,-0.017503845
7.059375000,-0.017035551
7.059437500,-0.016771823
7.059500000,-0.016754145
7.059562500,-0.016931549
7.059625000,-0.017208546
7.059687500,-0.017419338
7.059750000,-0.017413015
7.059812500,-0.017104052
7.059875000,-0.016522018
7.059937500,-0.015742961
7.060000000,-0.014871657
7.060062500,-0.013993926
7.060125000,-0.013170609
7.060187500,-0.012381305
7.060250000,-0.011577302
7.060312500,-0.010727073
7.060375000,-0.009851530
7.060437500,-0.008986893
7.060500000,-0.008188824
7.060562500,-0.007513680
7.060625000,-0.006996879
7.060687500,-0.006611926
7.060750000,-0.006306335
7.060812500,-0.006036805
7.060875000,-0.005784967
7.060937500,-0.005531843
7.061000000,-0.005270967
7.061062500,-0.005005667
7.061125000,-0.004744983
7.061187500,-0.004464822
7.061250000,-0.004141474
7.061312500,-0.003774669
7.061375000,-0.003392822
7.061437500,-0.003009780
7.061500000,-0.002635483
7.061562500,-0.002272343
7.061625000,-0.001910134
7.061687500,-0.001489793
7.061750000,-0.000941244
7.061812500,-0.000216122
7.061875000,0.000675977
7.061937500,0.001690727
7.062000000,0.002729608
7.062062500,0.003660429
7.062125000,0.004347725
7.062187500,0.004742539
7.062250000,0.004894469
7.062312500,0.004948977
7.062375000,0.005079676
7.062437500,0.005468318
7.062500000,0.006212211
7.062562500,0.007284127
7.062625000,0.008521288
7.062687500,0.009726739
7.062750000,0.010730183
7.062812500,0.011452814
7.062875000,0.011904971
7.062937500,0.012190081
7.063000000,0.012424421
7.063062500,0.012675338
7.063125000,0.012916853
7.063187500,0.013077090
7.063250000,0.013083293
7.063312500,0.012920619
7.063375000,0.012649640
7.063437500,0.012405435
7.063500000,0.012330297
7.063562500,0.012504697
7.063625000,0.012894263
7.063687500,0.013368320
7.063750000,0.013742164
7.063812500,0.013849401
7.063875000,0.013600619
7.063937500,0.013022733
7.064000000,0.012236172
7.064062500,0.011401820
7.064125000,0.010653673
7.064187500,0.010059062
7.064250000,0.009600690
7.064312500,0.009196701
7.064375000,0.008742278
7.064437500,0.008160715
7.064500000,0.007435828
7.064562500,0.006617598
7.064625000,0.005808447
7.064687500,0.005115364
7.064750000,0.004612096
7.064812500,0.004306339
7.064875000,0.004149905
7.064937500,0.004038839
7.065000000,0.003859101
7.065062500,0.003524762
7.065125000,0.003026673
7.065187500,0.002414776
7.065250000,0.001788364
7.065312500,0.001254002
7.065375000,0.000911507
7.065437500,0.000787953
7.065500000,0.000847120
7.065562500,0.001001046
7.065625000,0.001174026
7.065687500,0.001291000
7.065750000,0.001317742
7.065812500,0.001257885
7.065875000,0.001176346
7.065937500,0.001123649
7.066000000,0.001129493
7.066062500,0.001183292
7.066125000,0.001266783
7.066187500,0.001327073
7.066250000,0.001317742
7.066312500,0.001213340
7.066375000,0.001046296
7.066437500,0.000850060
7.066500000,0.000658871
7.066562500,0.000487686
7.066625000,0.000349352
7.066687500,0.000223940
7.066750000,0.000094124
7.066812500,-0.000037569
7.066875000,-0.000125773
7.066937500,-0.000124700
7.067000000,0.000000000
7.067062500,0.000247977
7.067125000,0.000586216
7.067187500,0.000938833
7.067250000,0.001223617
7.067312500,0.001383039
7.067375000,0.001404615
7.067437500,0.001307319
7.067500000,0.001129493
7.067562500,0.000910831
7.067625000,0.000682522
7.067687500,0.000464373
7.067750000,0.000282373
7.067812500,0.000180201
7.067875000,0.000209106
7.067937500,0.000403267
7.068000000,0.000752995
7.068062500,0.001192369
7.068125000,0.001604839
7.068187500,0.001863822
7.068250000,0.001882488
7.068312500,0.001653205
7.068375000,0.001247018
7.068437500,0.000783085
7.068500000,0.000376498
7.068562500,0.000093107
7.068625000,-0.000078853
7.068687500,-0.000208338
7.068750000,-0.000376498
7.068812500,-0.000628562
7.068875000,-0.000947162
7.068937500,-0.001265911
7.069000000,-0.001505991
7.069062500,-0.001618677
7.069125000,-0.001613559
7.069187500,-0.001550632
7.069250000,-0.001505991
7.069312500,-0.001534075
7.069375000,-0.001635031
7.069437500,-0.001768152
7.069500000,-0.001882488
7.069562500,-0.001955872
7.069625000,-0.002001045
7.069687500,-0.002059088
7.069750000,-0.002164861
7.069812500,-0.002323340
7.069875000,-0.002481187
7.069937500,-0.002569062
7.070000000,-0.002541359
7.070062500,-0.002423059
7.070125000,-0.002271679
7.070187500,-0.002169125
7.070250000,-0.002164861
7.070312500,-0.002259986
7.070375000,-0.002363228
7.070437500,-0.002377067
7.070500000,-0.002258986
7.070562500,-0.002083780
7.070625000,-0.001969129
7.070687500,-0.002044126
7.070750000,-0.002353110
7.070812500,-0.002826907
7.070875000,-0.003238429
7.070937500,-0.003346488
7.071000000,-0.003011981
7.071062500,-0.002309988
7.071125000,-0.001459662
7.071187500,-0.000768012
7.071250000,-0.000470622
7.071312500,-0.000633307
7.071375000,-0.001052977
7.071437500,-0.001388903
7.071500000,-0.001317742
7.071562500,-0.000719324
7.071625000,0.000323526
7.071687500,0.001524855
7.071750000,0.002541359
7.071812500,0.003101834
7.071875000,0.003191894
7.071937500,0.002999698
7.072000000,0.002823732
7.072062500,0.002901439
7.072125000,0.003382009
7.072187500,0.004246583
7.072250000,0.005365091
7.072312500,0.006552818
7.072375000,0.007730035
7.072437500,0.008890278
7.072500000,0.010071312
7.072562500,0.011259940
7.072625000,0.012434374
7.072687500,0.013512606
7.072750000,0.014401034
7.072812500,0.015015223
7.072875000,0.015397284
7.072937500,0.015652347
7.073000000,0.015907025
7.073062500,0.016216023
7.073125000,0.016614782
7.073187500,0.017067060
7.073250000,0.017507140
7.073312500,0.017846044
7.073375000,0.018096263
7.073437500,0.018307133
7.073500000,0.018542508
7.073562500,0.018805884
7.073625000,0.019120621
7.073687500,0.019476343
7.073750000,0.019860249
7.073812500,0.020239118
7.073875000,0.020665694
7.073937500,0.021190252
7.074000000,0.021836862
7.074062500,0.022535529
7.074125000,0.023222599
7.074187500,0.023800345
7.074250000,0.024189973
7.074312500,0.024326414
7.074375000,0.024289053
7.074437500,0.024199249
7.074500000,0.024189973
7.074562500,0.024307186
7.074625000,0.024601426
7.074687500,0.025032163
7.074750000,0.025507715
7.074812500,0.025872786
7.074875000,0.026087267
7.074937500,0.026141107
7.075000000,0.026072461
7.075062500,0.025890470
7.075125000,0.025708554
7.075187500,0.025597168
7.075250000,0.025601838
7.075312500,0.025684964
7.075375000,0.025898293
7.075437500,0.026248261
7.075500000,0.026731333
7.075562500,0.027274087
7.075625000,0.027892882
7.075687500,0.028547572
7.075750000,0.029178567
7.075812500,0.029665107
7.075875000,0.029993704
7.075937500,0.030140324
7.076000000,0.030119810
7.076062500,0.029940464
7.076125000,0.029731365
7.076187500,0.029583152
7.076250000,0.029555064
7.076312500,0.029613661
7.076375000,0.029773152
7.076437500,0.029986538
7.076500000,0.030213933
7.076562500,0.030406063
7.076625000,0.030640291
7.076687500,0.030970987
7.076750000,0.031437553
7.076812500,0.032000177
7.076875000,0.032666918
7.076937500,0.033376757
7.077000000,0.034073036
7.077062500,0.034693856
7.077125000,0.035302952
7.077187500,0.035937488
7.077250000,0.036614396
7.077312500,0.037266791
7.077375000,0.037870757
7.077437500,0.038336068
7.077500000,0.038591005
7.077562500,0.038605861
7.077625000,0.038454026
7.077687500,0.038206603
7.077750000,0.037932139
7.077812500,0.037654955
7.077875000,0.037387185
7.077937500,0.037047070
7.078000000,0.036520272
7.078062500,0.035696924
7.078125000,0.034573607
7.078187500,0.033200111
7.078250000,0.031719927
7.078312500,0.030326091
7.078375000,0.029248727
7.078437500,0.028575622
7.078500000,0.028237322
7.078562500,0.028009431
7.078625000,0.027663201
7.078687500,0.026994709
7.078750000,0.025978338
7.078812500,0.024787361
7.078875000,0.023769878
7.078937500,0.023181312
7.079000000,0.023060480
7.079062500,0.023161395
7.079125000,0.023120977
7.079187500,0.022580283
7.079250000,0.021460366
7.079312500,0.020052874
7.079375000,0.018985782
7.079437500,0.018805992
7.079500000,0.019672001
7.079562500,0.021130176
7.079625000,0.022282923
7.079687500,0.022022944
7.079750000,0.019577878
7.079812500,0.014886644
7.079875000,0.008797295
7.079937500,0.002655650
7.080000000,-0.002164861
7.080062500,-0.004821174
7.080125000,-0.005192223
7.080187500,-0.003974512
7.080250000,-0.002258986
7.080312500,-0.001065345
7.080375000,-0.000840370
7.080437500,-0.001499449
7.080500000,-0.002541359
7.080562500,-0.003405583
7.080625000,-0.003654900
7.080687500,-0.003271588
7.080750000,-0.002541359
7.080812500,-0.001883831
7.080875000,-0.001526548
7.080937500,-0.001535421
7.081000000,-0.001788364
7.081062500,-0.002117289
7.081125000,-0.002310464
7.081187500,-0.002312137
7.081250000,-0.002164861
7.081312500,-0.001978013
7.081375000,-0.001742897
7.081437500,-0.001442728
7.081500000,-0.001035369
7.081562500,-0.000531575
7.081625000,0.000090799
7.081687500,0.000765995
7.081750000,0.001411866
7.081812500,0.001937277
7.081875000,0.002381623
7.081937500,0.002786350
7.082000000,0.003200230
7.082062500,0.003610314
7.082125000,0.004050735
7.082187500,0.004490731
7.082250000,0.004894469
7.082312500,0.005207363
7.082375000,0.005494849
7.082437500,0.005811007
7.082500000,0.006212211
7.082562500,0.006705740
7.082625000,0.007312271
7.082687500,0.008011446
7.082750000,0.008753570
7.082812500,0.009442229
7.082875000,0.010038073
7.082937500,0.010524046
7.083000000,0.010918431
7.083062500,0.011233363
7.083125000,0.011547711
7.083187500,0.011929943
7.083250000,0.012424421
7.083312500,0.013003906
7.083375000,0.013659697
7.083437500,0.014357683
7.083500000,0.015059905
7.083562500,0.015698351
7.083625000,0.016272143
7.083687500,0.016781360
7.083750000,0.017224766
7.083812500,0.017552635
7.083875000,0.017774202
7.083937500,0.017903112
7.084000000,0.017977761
7.084062500,0.018018434
7.084125000,0.018133523
7.084187500,0.018415442
7.084250000,0.018919006
7.084312500,0.019585703
7.084375000,0.020374889
7.084437500,0.021190418
7.084500000,0.021930987
7.084562500,0.022470556
7.084625000,0.022820525
7.084687500,0.023024524
7.084750000,0.023154603
7.084812500,0.023226276
7.084875000,0.023323931
7.084937500,0.023483491
7.085000000,0.023719350
7.085062500,0.023980059
7.085125000,0.024307646
7.085187500,0.024720721
7.085250000,0.025225341
7.085312500,0.025744714
7.085375000,0.026269430
7.085437500,0.026743110
7.085500000,0.027107829
7.085562500,0.027272230
7.085625000,0.027281562
7.085687500,0.027196303
7.085750000,0.027107829
7.085812500,0.027059957
7.085875000,0.027175281
7.085937500,0.027504899
7.086000000,0.028049074
7.086062500,0.028710574
7.086125000,0.029466694
7.086187500,0.030261731
7.086250000,0.031061055
7.086312500,0.031806808
7.086375000,0.032568555
7.086437500,0.033382222
7.086500000,0.034261286
7.086562500,0.035129040
7.086625000,0.035976093
7.086687500,0.036739521
7.086750000,0.037367389
7.086812500,0.037792511
7.086875000,0.038085699
7.086937500,0.038303304
7.087000000,0.038496882
7.087062500,0.038642291
7.087125000,0.038781982
7.087187500,0.038896039
7.087250000,0.038967505
7.087312500,0.038956501
7.087375000,0.038946312
7.087437500,0.038978141
7.087500000,0.039061632
7.087562500,0.039111931
7.087625000,0.039099205
7.087687500,0.038941193
7.087750000,0.038591005
7.087812500,0.038027033
7.087875000,0.037396073
7.087937500,0.036829084
7.088000000,0.036426149
7.088062500,0.036168199
7.088125000,0.036039237
7.088187500,0.035915371
7.088250000,0.035673149
7.088312500,0.035217721
7.088375000,0.034638450
7.088437500,0.034054436
7.088500000,0.033602413
7.088562500,0.033339150
7.088625000,0.033317786
7.088687500,0.033452556
7.088750000,0.033602413
7.088812500,0.033598185
7.088875000,0.033409324
7.088937500,0.033021864
7.089000000,0.032472920
7.089062500,0.031788997
7.089125000,0.031083951
7.089187500,0.030395765
7.089250000,0.029743314
7.089312500,0.029108910
7.089375000,0.028567394
7.089437500,0.028125623
7.089500000,0.027766701
7.089562500,0.027419301
7.089625000,0.027084466
7.089687500,0.026707044
7.089750000,0.026260709
7.089812500,0.025741436
7.089875000,0.025275601
7.089937500,0.024935739
7.090000000,0.024754720
7.090062500,0.024674743
7.090125000,0.024650738
7.090187500,0.024535723
7.090250000,0.024189973
7.090312500,0.023516281
7.090375000,0.022591075
7.090437500,0.021514548
7.090500000,0.020424996
7.090562500,0.019428218
7.090625000,0.018646257
7.090687500,0.018065365
7.090750000,0.017601265
7.090812500,0.017119620
7.090875000,0.016584001
7.090937500,0.015954165
7.091000000,0.015248154
7.091062500,0.014509441
7.091125000,0.013878346
7.091187500,0.013426239
7.091250000,0.013177417
7.091312500,0.013074073
7.091375000,0.013088283
7.091437500,0.013102950
7.091500000,0.012989169
7.091562500,0.012618109
7.091625000,0.011994002
7.091687500,0.011143968
7.091750000,0.010165436
7.091812500,0.009181178
7.091875000,0.008385614
7.091937500,0.007869612
7.092000000,0.007624077
7.092062500,0.007517905
7.092125000,0.007423906
7.092187500,0.007176500
7.092250000,0.006682833
7.092312500,0.005943675
7.092375000,0.005125241
7.092437500,0.004390663
7.092500000,0.003859101
7.092562500,0.003529670
7.092625000,0.003362812
7.092687500,0.003226301
7.092750000,0.003011981
7.092812500,0.002682024
7.092875000,0.002366802
7.092937500,0.002216113
7.093000000,0.002353110
7.093062500,0.002783445
7.093125000,0.003449331
7.093187500,0.004178874
7.093250000,0.004800345
7.093312500,0.005206771
7.093375000,0.005461867
7.093437500,0.005689712
7.093500000,0.006023962
7.093562500,0.006509348
7.093625000,0.007119453
7.093687500,0.007706050
7.093750000,0.008094699
7.093812500,0.008155202
7.093875000,0.007915876
7.093937500,0.007494121
7.094000000,0.007059331
7.094062500,0.006736117
7.094125000,0.006605281
7.094187500,0.006623913
7.094250000,0.006682833
7.094312500,0.006654814
7.094375000,0.006506802
7.094437500,0.006266824
7.094500000,0.006023962
7.094562500,0.005870546
7.094625000,0.005898053
7.094687500,0.006122235
7.094750000,0.006494584
7.094812500,0.006914268
7.094875000,0.007298893
7.094937500,0.007577239
7.095000000,0.007718201
7.095062500,0.007725385
7.095125000,0.007653776
7.095187500,0.007567883
7.095250000,0.007529953
7.095312500,0.007573076
7.095375000,0.007718237
7.095437500,0.007942379
7.095500000,0.008188824
7.095562500,0.008368746
7.095625000,0.008426106
7.095687500,0.008329666
7.095750000,0.008094699
7.095812500,0.007757241
7.095875000,0.007428515
7.095937500,0.007205906
7.096000000,0.007153455
7.096062500,0.007249234
7.096125000,0.007479154
7.096187500,0.007782083
7.096250000,0.008094699
7.096312500,0.008334269
7.096375000,0.008524515
7.096437500,0.008688832
7.096500000,0.008847695
7.096562500,0.008950384
7.096625000,0.009002686
7.096687500,0.008975391
7.096750000,0.008847695
7.096812500,0.008576467
7.096875000,0.008229645
7.096937500,0.007866199
7.097000000,0.007529953
7.097062500,0.007178996
7.097125000,0.006823058
7.097187500,0.006439490
7.097250000,0.006023962
7.097312500,0.005558597
7.097375000,0.005153165
7.097437500,0.004907668
7.097500000,0.004894469
7.097562500,0.005073348
7.097625000,0.005437971
7.097687500,0.005927467
7.097750000,0.006494584
7.097812500,0.007084869
7.097875000,0.007804287
7.097937500,0.008768153
7.098000000,0.010071312
7.098062500,0.011672601
7.098125000,0.013534542
7.098187500,0.015508667
7.098250000,0.017413015
7.098312500,0.019035103
7.098375000,0.020362178
7.098437500,0.021464534
7.098500000,0.022495734
7.098562500,0.023563344
7.098625000,0.024845397
7.098687500,0.026394362
7.098750000,0.028143197
7.098812500,0.029854221
7.098875000,0.031366307
7.098937500,0.032516390
7.099000000,0.033225916
7.099062500,0.033455677
7.099125000,0.033391450
7.099187500,0.033246510
7.099250000,0.033225916
7.099312500,0.033390921
7.099375000,0.033822201
7.099437500,0.034466963
7.099500000,0.035202529
7.099562500,0.035817314
7.099625000,0.036254875
7.099687500,0.036500990
7.099750000,0.036614396
7.099812500,0.036630455
7.099875000,0.036713336
7.099937500,0.036972847
7.100000000,0.037461512
7.100062500,0.038095977
7.100125000,0.038847495
7.100187500,0.039635029
7.100250000,0.040379371
7.100312500,0.040959194
7.100375000,0.041410383
7.100437500,0.041786242
7.100500000,0.042167734
7.100562500,0.042569414
7.100625000,0.043103494
7.100687500,0.043815747
7.100750000,0.044709094
7.100812500,0.045673683
7.100875000,0.046693668
7.100937500,0.047688566
7.101000000,0.048568193
7.101062500,0.049184088
7.101125000,0.049552232
7.101187500,0.049695555
7.101250000,0.049697686
7.101312500,0.049617223
7.101375000,0.049656302
7.101437500,0.049906373
7.101500000,0.050356556
7.101562500,0.050817519
7.101625000,0.051183034
7.101687500,0.051299535
7.101750000,0.051109552
7.101812500,0.050623510
7.101875000,0.050117895
7.101937500,0.049826335
7.102000000,0.049885936
7.102062500,0.050186004
7.102125000,0.050609607
7.102187500,0.050894033
7.102250000,0.050827179
7.102312500,0.050282005
7.102375000,0.049482029
7.102437500,0.048699889
7.102500000,0.048191696
7.102562500,0.048001010
7.102625000,0.048140839
7.102687500,0.048408587
7.102750000,0.048568193
7.102812500,0.048398338
7.102875000,0.047993865
7.102937500,0.047495492
7.103000000,0.047062203
7.103062500,0.046694748
7.103125000,0.046421964
7.103187500,0.046094518
7.103250000,0.045556214
7.103312500,0.044679552
7.103375000,0.043649584
7.103437500,0.042679153
7.103500000,0.041979488
7.103562500,0.041585293
7.103625000,0.041524518
7.103687500,0.041606054
7.103750000,0.041602992
7.103812500,0.041315190
7.103875000,0.040850818
7.103937500,0.040373940
7.104000000,0.040096994
7.104062500,0.040119737
7.104125000,0.040557809
7.104187500,0.041304350
7.104250000,0.042167734
7.104312500,0.042908859
7.104375000,0.043499600
7.104437500,0.043907776
7.104500000,0.044144347
7.104562500,0.044175457
7.104625000,0.044073705
7.104687500,0.043814790
7.104750000,0.043391351
7.104812500,0.042808902
7.104875000,0.042259067
7.104937500,0.041865636
7.105000000,0.041697115
7.105062500,0.041682001
7.105125000,0.041773021
7.105187500,0.041795917
7.105250000,0.041602992
7.105312500,0.041104272
7.105375000,0.040451817
7.105437500,0.039791107
7.105500000,0.039249878
7.105562500,0.038822982
7.105625000,0.038503062
7.105687500,0.038113896
7.105750000,0.037461512
7.105812500,0.036389034
7.105875000,0.034980062
7.105937500,0.033362933
7.106000000,0.031719927
7.106062500,0.030180868
7.106125000,0.028900176
7.106187500,0.027870532
7.106250000,0.027013704
7.106312500,0.026204184
7.106375000,0.025443695
7.106437500,0.024709657
7.106500000,0.024001725
7.106562500,0.023288192
7.106625000,0.022603767
7.106687500,0.021891512
7.106750000,0.021083867
7.106812500,0.020109396
7.106875000,0.019046877
7.106937500,0.017960912
7.107000000,0.016942395
7.107062500,0.016044296
7.107125000,0.015391372
7.107187500,0.014985786
7.107250000,0.014777532
7.107312500,0.014653289
7.107375000,0.014611578
7.107437500,0.014600248
7.107500000,0.014589284
7.107562500,0.014534948
7.107625000,0.014513922
7.107687500,0.014534477
7.107750000,0.014589284
7.107812500,0.014618394
7.107875000,0.014649819
7.107937500,0.014629747
7.108000000,0.014495159
7.108062500,0.014163363
7.108125000,0.013673888
7.108187500,0.013044161
7.108250000,0.012330297
7.108312500,0.011588641
7.108375000,0.010969693
7.108437500,0.010529774
7.108500000,0.010259560
7.108562500,0.010057667
7.108625000,0.009863922
7.108687500,0.009572981
7.108750000,0.009130068
7.108812500,0.008538664
7.108875000,0.007944857
7.108937500,0.007480786
7.109000000,0.007247579
7.109062500,0.007256379
7.109125000,0.007495873
7.109187500,0.007868998
7.109250000,0.008282948
7.109312500,0.008686202
7.109375000,0.009133233
7.109437500,0.009678511
7.109500000,0.010353684
7.109562500,0.011119741
7.109625000,0.011900046
7.109687500,0.012559389
7.109750000,0.012989169
7.109812500,0.013156049
7.109875000,0.013141772
7.109937500,0.013056177
7.110000000,0.012989169
7.110062500,0.012949951
7.110125000,0.012879685
7.110187500,0.012646570
7.110250000,0.012142048
7.110312500,0.011351176
7.110375000,0.010405016
7.110437500,0.009502147
7.110500000,0.008847695
7.110562500,0.008564227
7.110625000,0.008664779
7.110687500,0.009014883
7.110750000,0.009412440
7.110812500,0.009671329
7.110875000,0.009708993
7.110937500,0.009531905
7.111000000,0.009224192
7.111062500,0.008889234
7.111125000,0.008606252
7.111187500,0.008367104
7.111250000,0.008094699
7.111312500,0.007680467
7.111375000,0.007047959
7.111437500,0.006167274
7.111500000,0.005082718
7.111562500,0.003900680
7.111625000,0.002763559
7.111687500,0.001787164
7.111750000,0.001035369
7.111812500,0.000504447
7.111875000,0.000148490
7.111937500,-0.000118501
7.112000000,-0.000376498
7.112062500,-0.000675116
7.112125000,-0.001000857
7.112187500,-0.001322384
7.112250000,-0.001600115
7.112312500,-0.001815482
7.112375000,-0.001956750
7.112437500,-0.002058541
7.112500000,-0.002164861
7.112562500,-0.002307432
7.112625000,-0.002468369
7.112687500,-0.002621202
7.112750000,-0.002729608
7.112812500,-0.002770331
7.112875000,-0.002728035
7.112937500,-0.002634838
7.113000000,-0.002541359
7.113062500,-0.002494945
7.113125000,-0.002505452
7.113187500,-0.002563525
7.113250000,-0.002635483
7.113312500,-0.002680359
7.113375000,-0.002658406
7.113437500,-0.002570491
7.113500000,-0.002447235
7.113562500,-0.002337875
7.113625000,-0.002274659
7.113687500,-0.002281956
7.113750000,-0.002353110
7.113812500,-0.002450761
7.113875000,-0.002511645
7.113937500,-0.002487533
7.114000000,-0.002353110
7.114062500,-0.002110217
7.114125000,-0.001789881
7.114187500,-0.001445531
7.114250000,-0.001129493
7.114312500,-0.000870203
7.114375000,-0.000679674
7.114437500,-0.000550707
7.114500000,-0.000470622
7.114562500,-0.000425127
7.114625000,-0.000435690
7.114687500,-0.000534737
7.114750000,-0.000752995
7.114812500,-0.001083923
7.114875000,-0.001508097
7.114937500,-0.001960898
7.115000000,-0.002353110
7.115062500,-0.002581447
7.115125000,-0.002607874
7.115187500,-0.002444805
7.115250000,-0.002164861
7.115312500,-0.001861705
7.115375000,-0.001666838
7.115437500,-0.001667195
7.115500000,-0.001882488
7.115562500,-0.002232555
7.115625000,-0.002618929
7.115687500,-0.002913260
7.115750000,-0.003011981
7.115812500,-0.002849493
7.115875000,-0.002485538
7.115937500,-0.002045254
7.116000000,-0.001694239
7.116062500,-0.001560485
7.116125000,-0.001752442
7.116187500,-0.002270489
7.116250000,-0.003011981
7.116312500,-0.003776798
7.116375000,-0.004394509
7.116437500,-0.004741488
7.116500000,-0.004800345
7.116562500,-0.004645938
7.116625000,-0.004473639
7.116687500,-0.004480816
7.116750000,-0.004800345
7.116812500,-0.005430865
7.116875000,-0.006290881
7.116937500,-0.007227385
7.117000000,-0.008094699
7.117062500,-0.008799770
7.117125000,-0.009360385
7.117187500,-0.009851580
7.117250000,-0.010353684
7.117312500,-0.010887928
7.117375000,-0.011426058
7.117437500,-0.011895111
7.117500000,-0.012236172
7.117562500,-0.012444311
7.117625000,-0.012613972
7.117687500,-0.012881488
7.117750000,-0.013365666
7.117812500,-0.014095219
7.117875000,-0.015006715
7.117937500,-0.015948897
7.118000000,-0.016754145
7.118062500,-0.017305147
7.118125000,-0.017597642
7.118187500,-0.017716695
7.118250000,-0.017789513
7.118312500,-0.017913789
7.118375000,-0.018122721
7.118437500,-0.018364394
7.118500000,-0.018542508
7.118562500,-0.018568370
7.118625000,-0.018417681
7.118687500,-0.018130394
7.118750000,-0.017789513
7.118812500,-0.017473020
7.118875000,-0.017228097
7.118937500,-0.017039970
7.119000000,-0.016848268
7.119062500,-0.016575133
7.119125000,-0.016159346
7.119187500,-0.015562146
7.119250000,-0.014777532
7.119312500,-0.013831697
7.119375000,-0.012770155
7.119437500,-0.011649676
7.119500000,-0.010541934
7.119562500,-0.009530135
7.119625000,-0.008699308
7.119687500,-0.008095927
7.119750000,-0.007718201
7.119812500,-0.007512350
7.119875000,-0.007396603
7.119937500,-0.007269273
7.120000000,-0.007059331
7.120062500,-0.006750047
7.120125000,-0.006393458
7.120187500,-0.006045569
7.120250000,-0.005741589
7.120312500,-0.005466654
7.120375000,-0.005174882
7.120437500,-0.004782895
7.120500000,-0.004235599
7.120562500,-0.003543335
7.120625000,-0.002818396
7.120687500,-0.002193409
7.120750000,-0.001788364
7.120812500,-0.001653721
7.120875000,-0.001781793
7.120937500,-0.002062803
7.121000000,-0.002353110
7.121062500,-0.002518751
7.121125000,-0.002510803
7.121187500,-0.002300506
7.121250000,-0.001882488
7.121312500,-0.001242631
7.121375000,-0.000402856
7.121437500,0.000626004
7.121500000,0.001788364
7.121562500,0.002976174
7.121625000,0.003998272
7.121687500,0.004696862
7.121750000,0.004988594
7.121812500,0.004919083
7.121875000,0.004608611
7.121937500,0.004258849
7.122000000,0.004047350
7.122062500,0.004065687
7.122125000,0.004246711
7.122187500,0.004449310
7.122250000,0.004517972
7.122312500,0.004374919
7.122375000,0.004022656
7.122437500,0.003577762
7.122500000,0.003200230
7.122562500,0.003027287
7.122625000,0.003085342
7.122687500,0.003311915
7.122750000,0.003576728
7.122812500,0.003753261
7.122875000,0.003733013
7.122937500,0.003497905
7.123000000,0.003106105
7.123062500,0.002673986
7.123125000,0.002278746
7.123187500,0.001959926
7.123250000,0.001694239
7.123312500,0.001429767
7.123375000,0.001069110
7.123437500,0.000556789
7.123500000,-0.000094124
7.123562500,-0.000773339
7.123625000,-0.001371490
7.123687500,-0.001784680
7.123750000,-0.001976613
7.123812500,-0.001974886
7.123875000,-0.001926980
7.123937500,-0.001987633
7.124000000,-0.002258986
7.124062500,-0.002715078
7.124125000,-0.003283801
7.124187500,-0.003849483
7.124250000,-0.004329723
7.124312500,-0.004690849
7.124375000,-0.005026996
7.124437500,-0.005453436
7.124500000,-0.006023962
7.124562500,-0.006629520
7.124625000,-0.007107778
7.124687500,-0.007259122
7.124750000,-0.006965206
7.124812500,-0.006233181
7.124875000,-0.005316283
7.124937500,-0.004571846
7.125000000,-0.004329723
7.125062500,-0.004715077
7.125125000,-0.005688653
7.125187500,-0.007013923
7.125250000,-0.008377072
7.125312500,-0.009480638
7.125375000,-0.010243771
7.125437500,-0.010752618
7.125500000,-0.011200804
7.125562500,-0.011738538
7.125625000,-0.012488833
7.125687500,-0.013442994
7.125750000,-0.014495159
7.125812500,-0.015467011
7.125875000,-0.016282853
7.125937500,-0.016939318
7.126000000,-0.017507140
7.126062500,-0.018047847
7.126125000,-0.018665561
7.126187500,-0.019401172
7.126250000,-0.020236747
7.126312500,-0.021074561
7.126375000,-0.021878233
7.126437500,-0.022626882
7.126500000,-0.023342853
7.126562500,-0.024043342
7.126625000,-0.024829812
7.126687500,-0.025777249
7.126750000,-0.026919581
7.126812500,-0.028186578
7.126875000,-0.029527886
7.126937500,-0.030838151
7.127000000,-0.032002300
7.127062500,-0.032877266
7.127125000,-0.033440281
7.127187500,-0.033697575
7.127250000,-0.033696536
7.127312500,-0.033466034
7.127375000,-0.033114716
7.127437500,-0.032727141
7.127500000,-0.032378796
7.127562500,-0.032093912
7.127625000,-0.031950042
7.127687500,-0.031983461
7.127750000,-0.032190546
7.127812500,-0.032472584
7.127875000,-0.032771446
7.127937500,-0.032988265
7.128000000,-0.033037666
7.128062500,-0.032828350
7.128125000,-0.032409973
7.128187500,-0.031852696
7.128250000,-0.031249303
7.128312500,-0.030638464
7.128375000,-0.030120078
7.128437500,-0.029726654
7.128500000,-0.029460939
7.128562500,-0.029263351
7.128625000,-0.029166155
7.128687500,-0.029169239
7.128750000,-0.029272690
7.128812500,-0.029424027
7.128875000,-0.029665044
7.128937500,-0.029993091
7.129000000,-0.030402184
7.129062500,-0.030829737
7.129125000,-0.031320166
7.129187500,-0.031853795
7.129250000,-0.032378796
7.129312500,-0.032752294
7.129375000,-0.032930210
7.129437500,-0.032822859
7.129500000,-0.032378796
7.129562500,-0.031559125
7.129625000,-0.030527126
7.129687500,-0.029450465
7.129750000,-0.028519696
7.129812500,-0.027848860
7.129875000,-0.027611339
7.129937500,-0.027828546
7.130000000,-0.028425572
7.130062500,-0.029202433
7.130125000,-0.030049054
7.130187500,-0.030804068
7.130250000,-0.031343430
7.130312500,-0.031551708
7.130375000,-0.031495996
7.130437500,-0.031239297
7.130500000,-0.030872805
7.130562500,-0.030445032
7.130625000,-0.030087523
7.130687500,-0.029829558
7.130750000,-0.029649187
7.130812500,-0.029451929
7.130875000,-0.029238356
7.130937500,-0.028983187
7.131000000,-0.028707944
7.131062500,-0.028450979
7.131125000,-0.028370813
7.131187500,-0.028566863
7.131250000,-0.029084442
7.131312500,-0.029857047
7.131375000,-0.030823732
7.131437500,-0.031818666
7.131500000,-0.032661170
7.131562500,-0.033173043
7.131625000,-0.033330988
7.131687500,-0.033138804
7.131750000,-0.032661170
7.131812500,-0.031966642
7.131875000,-0.031213654
7.131937500,-0.030486710
7.132000000,-0.029837437
7.132062500,-0.029264946
7.132125000,-0.028835192
7.132187500,-0.028555671
7.132250000,-0.028425572
7.132312500,-0.028409922
7.132375000,-0.028519547
7.132437500,-0.028685484
7.132500000,-0.028802069
7.132562500,-0.028724723
7.132625000,-0.028387725
7.132687500,-0.027723918
7.132750000,-0.026731333
7.132812500,-0.025460601
7.132875000,-0.024085673
7.132937500,-0.022746988
7.133000000,-0.021554491
7.133062500,-0.020540250
7.133125000,-0.019735197
7.133187500,-0.019068897
7.133250000,-0.018448384
7.133312500,-0.017781438
7.133375000,-0.017085752
7.133437500,-0.016381767
7.133500000,-0.015718777
7.133562500,-0.015132475
7.133625000,-0.014697561
7.133687500,-0.014406260
7.133750000,-0.014212786
7.133812500,-0.014036523
7.133875000,-0.013861523
7.133937500,-0.013645268
7.134000000,-0.013365666
7.134062500,-0.013000201
7.134125000,-0.012600669
7.134187500,-0.012163203
7.134250000,-0.011671427
7.134312500,-0.011086955
7.134375000,-0.010446811
7.134437500,-0.009755153
7.134500000,-0.009035943
7.134562500,-0.008318702
7.134625000,-0.007699252
7.134687500,-0.007215172
7.134750000,-0.006871082
7.134812500,-0.006624051
7.134875000,-0.006451176
7.134937500,-0.006274155
7.135000000,-0.006023962
7.135062500,-0.005656314
7.135125000,-0.005220906
7.135187500,-0.004760300
7.135250000,-0.004329723
7.135312500,-0.003968431
7.135375000,-0.003735648
7.135437500,-0.003618557
7.135500000,-0.003576728
7.135562500,-0.003556486
7.135625000,-0.003548343
7.135687500,-0.003527615
7.135750000,-0.003482603
7.135812500,-0.003404414
7.135875000,-0.003318962
7.135937500,-0.003222134
7.136000000,-0.003106105
7.136062500,-0.002961568
7.136125000,-0.002812738
7.136187500,-0.002668518
7.136250000,-0.002541359
7.136312500,-0.002439112
7.136375000,-0.002391900
7.136437500,-0.002399330
7.136500000,-0.002447235
7.136562500,-0.002501581
7.136625000,-0.002547200
7.136687500,-0.002542967
7.136750000,-0.002447235
7.136812500,-0.002218410
7.136875000,-0.001856719
7.136937500,-0.001362215
7.137000000,-0.000752995
7.137062500,-0.000058307
7.137125000,0.000654231
7.137187500,0.001321812
7.137250000,0.001882488
7.137312500,0.002293471
7.137375000,0.002521635
7.137437500,0.002584500
7.137500000,0.002541359
7.137562500,0.002484438
7.137625000,0.002488793
7.137687500,0.002604765
7.137750000,0.002823732
7.137812500,0.003082344
7.137875000,0.003260102
7.137937500,0.003252376
7.138000000,0.003011981
7.138062500,0.002588033
7.138125000,0.002086061
7.138187500,0.001653571
7.138250000,0.001411866
7.138312500,0.001416300
7.138375000,0.001602139
7.138437500,0.001838787
7.138500000,0.001976613
7.138562500,0.001920514
7.138625000,0.001627931
7.138687500,0.001144308
7.138750000,0.000564746
7.138812500,0.000003374
7.138875000,-0.000485752
7.138937500,-0.000888187
7.139000000,-0.001223617
7.139062500,-0.001503371
7.139125000,-0.001755081
7.139187500,-0.001979237
7.139250000,-0.002164861
7.139312500,-0.002286532
7.139375000,-0.002361478
7.139437500,-0.002409368
7.139500000,-0.002447235
7.139562500,-0.002461136
7.139625000,-0.002444015
7.139687500,-0.002377881
7.139750000,-0.002258986
7.139812500,-0.002102643
7.139875000,-0.001977201
7.139937500,-0.001971264
7.140000000,-0.002164861
7.140062500,-0.002586181
7.140125000,-0.003219198
7.140187500,-0.003992310
7.140250000,-0.004800345
7.140312500,-0.005525508
7.140375000,-0.006098609
7.140437500,-0.006503638
7.140500000,-0.006776957
7.140562500,-0.006976343
7.140625000,-0.007181239
7.140687500,-0.007452114
7.140750000,-0.007812326
7.140812500,-0.008229572
7.140875000,-0.008665158
7.140937500,-0.009071016
7.141000000,-0.009412440
7.141062500,-0.009665322
7.141125000,-0.009858025
7.141187500,-0.010038790
7.141250000,-0.010259560
7.141312500,-0.010537571
7.141375000,-0.010886608
7.141437500,-0.011281982
7.141500000,-0.011671427
7.141562500,-0.011970162
7.141625000,-0.012138494
7.141687500,-0.012158522
7.141750000,-0.012047924
7.141812500,-0.011831706
7.141875000,-0.011577074
7.141937500,-0.011329864
7.142000000,-0.011106680
7.142062500,-0.010871409
7.142125000,-0.010610049
7.142187500,-0.010307746
7.142250000,-0.009977187
7.142312500,-0.009639887
7.142375000,-0.009378505
7.142437500,-0.009260698
7.142500000,-0.009318316
7.142562500,-0.009503754
7.142625000,-0.009762460
7.142687500,-0.010007462
7.142750000,-0.010165436
7.142812500,-0.010180721
7.142875000,-0.010107452
7.142937500,-0.010035740
7.143000000,-0.010071312
7.143062500,-0.010264729
7.143125000,-0.010654700
7.143187500,-0.011190563
7.143250000,-0.011765551
7.143312500,-0.012231297
7.143375000,-0.012522510
7.143437500,-0.012627121
7.143500000,-0.012612671
7.143562500,-0.012577880
7.143625000,-0.012679079
7.143687500,-0.013004848
7.143750000,-0.013553915
7.143812500,-0.014204825
7.143875000,-0.014819221
7.143937500,-0.015233296
7.144000000,-0.015342278
7.144062500,-0.015122073
7.144125000,-0.014706967
7.144187500,-0.014279321
7.144250000,-0.014024537
7.144312500,-0.014042566
7.144375000,-0.014379109
7.144437500,-0.014954564
7.144500000,-0.015624652
7.144562500,-0.016221048
7.144625000,-0.016670082
7.144687500,-0.016955474
7.144750000,-0.017130643
7.144812500,-0.017265920
7.144875000,-0.017465618
7.144937500,-0.017771499
7.145000000,-0.018166009
7.145062500,-0.018564578
7.145125000,-0.018899489
7.145187500,-0.019094773
7.145250000,-0.019107254
7.145312500,-0.018918619
7.145375000,-0.018591976
7.145437500,-0.018193744
7.145500000,-0.017789513
7.145562500,-0.017405257
7.145625000,-0.017081596
7.145687500,-0.016811127
7.145750000,-0.016565897
7.145812500,-0.016290216
7.145875000,-0.015982781
7.145937500,-0.015634187
7.146000000,-0.015248154
7.146062500,-0.014816241
7.146125000,-0.014386807
7.146187500,-0.013988185
7.146250000,-0.013648040
7.146312500,-0.013368598
7.146375000,-0.013189636
7.146437500,-0.013105757
7.146500000,-0.013083293
7.146562500,-0.013042076
7.146625000,-0.012945984
7.146687500,-0.012745363
7.146750000,-0.012424421
7.146812500,-0.011990909
7.146875000,-0.011542538
7.146937500,-0.011164228
7.147000000,-0.010918431
7.147062500,-0.010795812
7.147125000,-0.010789456
7.147187500,-0.010826093
7.147250000,-0.010824307
7.147312500,-0.010705108
7.147375000,-0.010499867
7.147437500,-0.010261257
7.147500000,-0.010071312
7.147562500,-0.009982836
7.147625000,-0.010076860
7.147687500,-0.010346932
7.147750000,-0.010730183
7.147812500,-0.011106107
7.147875000,-0.011416092
7.147937500,-0.011604717
7.148000000,-0.011671427
7.148062500,-0.011647386
7.148125000,-0.011647890
7.148187500,-0.011744044
7.148250000,-0.011953799
7.148312500,-0.012208403
7.148375000,-0.012437313
7.148437500,-0.012532320
7.148500000,-0.012424421
7.148562500,-0.012104908
7.148625000,-0.011682639
7.148687500,-0.011282032
7.148750000,-0.011012556
7.148812500,-0.010913104
7.148875000,-0.010980490
7.148937500,-0.011136426
7.149000000,-0.011294928
7.149062500,-0.011399582
7.149125000,-0.011481307
7.149187500,-0.011588731
7.149250000,-0.011765551
7.149312500,-0.012005578
7.149375000,-0.012276396
7.149437500,-0.012498818
7.149500000,-0.012612671
7.149562500,-0.012616162
7.149625000,-0.012590026
7.149687500,-0.012629678
7.149750000,-0.012800919
7.149812500,-0.013093299
7.149875000,-0.013416898
7.149937500,-0.013616079
7.150000000,-0.013553915
7.150062500,-0.013184308
7.150125000,-0.012582372
7.150187500,-0.011897063
7.150250000,-0.011294928
7.150312500,-0.010890863
7.150375000,-0.010702289
7.150437500,-0.010634265
7.150500000,-0.010541934
7.150562500,-0.010306665
7.150625000,-0.009879324
7.150687500,-0.009275964
7.150750000,-0.008565322
7.150812500,-0.007834228
7.150875000,-0.007140998
7.150937500,-0.006485219
7.151000000,-0.005835713
7.151062500,-0.005172303
7.151125000,-0.004503660
7.151187500,-0.003860034
7.151250000,-0.003294354
7.151312500,-0.002868234
7.151375000,-0.002611259
7.151437500,-0.002494981
7.151500000,-0.002447235
7.151562500,-0.002385329
7.151625000,-0.002220561
7.151687500,-0.001876734
7.151750000,-0.001317742
7.151812500,-0.000569402
7.151875000,0.000316380
7.151937500,0.001279847
7.152000000,0.002258986
7.152062500,0.003180096
7.152125000,0.003999897
7.152187500,0.004700309
7.152250000,0.005270967
7.152312500,0.005681692
7.152375000,0.005931722
7.152437500,0.006054922
7.152500000,0.006118086
7.152562500,0.006190806
7.152625000,0.006371897
7.152687500,0.006746864
7.152750000,0.007341704
7.152812500,0.008075739
7.152875000,0.008835574
7.152937500,0.009498300
7.153000000,0.009977187
7.153062500,0.010227238
7.153125000,0.010313343
7.153187500,0.010351441
7.153250000,0.010447809
7.153312500,0.010615792
7.153375000,0.010837782
7.153437500,0.011052371
7.153500000,0.011200804
7.153562500,0.011233924
7.153625000,0.011218259
7.153687500,0.011265089
7.153750000,0.011483178
7.153812500,0.011883939
7.153875000,0.012462592
7.153937500,0.013144767
7.154000000,0.013836288
7.154062500,0.014426633
7.154125000,0.014933574
7.154187500,0.015426842
7.154250000,0.016001150
7.154312500,0.016676676
7.154375000,0.017488470
7.154437500,0.018392153
7.154500000,0.019295502
7.154562500,0.020045029
7.154625000,0.020606071
7.154687500,0.020990552
7.154750000,0.021272115
7.154812500,0.021501794
7.154875000,0.021813810
7.154937500,0.022272855
7.155000000,0.022872232
7.155062500,0.023481680
7.155125000,0.024035994
7.155187500,0.024464788
7.155250000,0.024754720
7.155312500,0.024903826
7.155375000,0.025055982
7.155437500,0.025330108
7.155500000,0.025790086
7.155562500,0.026353898
7.155625000,0.026967790
7.155687500,0.027524525
7.155750000,0.027954949
7.155812500,0.028213216
7.155875000,0.028441185
7.155937500,0.028788323
7.156000000,0.029366815
7.156062500,0.030130528
7.156125000,0.031030659
7.156187500,0.031920392
7.156250000,0.032661170
7.156312500,0.033134028
7.156375000,0.033439118
7.156437500,0.033729434
7.156500000,0.034167159
7.156562500,0.034784053
7.156625000,0.035597999
7.156687500,0.036485013
7.156750000,0.037273265
7.156812500,0.037766106
7.156875000,0.037973166
7.156937500,0.037977464
7.157000000,0.037932139
7.157062500,0.037932344
7.157125000,0.038126554
7.157187500,0.038527492
7.157250000,0.039061632
7.157312500,0.039550088
7.157375000,0.039942015
7.157437500,0.040186338
7.157500000,0.040285248
7.157562500,0.040219203
7.157625000,0.040110108
7.157687500,0.040024552
7.157750000,0.040002871
7.157812500,0.039992154
7.157875000,0.040037878
7.157937500,0.040115923
7.158000000,0.040191121
7.158062500,0.040169615
7.158125000,0.040105816
7.158187500,0.040031612
7.158250000,0.040002871
7.158312500,0.040019676
7.158375000,0.040191952
7.158437500,0.040522918
7.158500000,0.040944118
7.158562500,0.041262414
7.158625000,0.041396618
7.158687500,0.041238818
7.158750000,0.040755868
7.158812500,0.039949849
7.158875000,0.039040975
7.158937500,0.038221452
7.159000000,0.037649762
7.159062500,0.037340179
7.159125000,0.037333556
7.159187500,0.037519347
7.159250000,0.037743889
7.159312500,0.037814822
7.159375000,0.037744422
7.159437500,0.037563879
7.159500000,0.037367389
7.159562500,0.037214838
7.159625000,0.037262037
7.159687500,0.037524778
7.159750000,0.037932139
7.159812500,0.038297255
7.159875000,0.038560364
7.159937500,0.038633283
7.160000000,0.038496882
7.160062500,0.038149506
7.160125000,0.037775639
7.160187500,0.037491571
7.160250000,0.037367389
7.160312500,0.037345428
7.160375000,0.037445210
7.160437500,0.037577376
7.160500000,0.037649762
7.160562500,0.037545528
7.160625000,0.037352312
7.160687500,0.037138559
7.160750000,0.036990892
7.160812500,0.036909480
7.160875000,0.036983937
7.160937500,0.037150960
7.161000000,0.037273265
7.161062500,0.037119798
7.161125000,0.036651924
7.161187500,0.035853591
7.161250000,0.034826029
7.161312500,0.033699781
7.161375000,0.032776468
7.161437500,0.032210179
7.161500000,0.032002300
7.161562500,0.031928051
7.161625000,0.031805396
7.161687500,0.031396549
7.161750000,0.030590432
7.161812500,0.029407293
7.161875000,0.028188391
7.161937500,0.027273528
7.162000000,0.026919581
7.162062500,0.027123068
7.162125000,0.027795658
7.162187500,0.028623709
7.162250000,0.029272690
7.162312500,0.029470542
7.162375000,0.029297149
7.162437500,0.028950807
7.162500000,0.028707944
7.162562500,0.028723264
7.162625000,0.029151747
7.162687500,0.029905062
7.162750000,0.030778680
7.162812500,0.031491533
7.162875000,0.032000799
7.162937500,0.032321829
7.163000000,0.032567047
7.163062500,0.032809414
7.163125000,0.033226337
7.163187500,0.033832174
7.163250000,0.034543656
7.163312500,0.035156731
7.163375000,0.035610694
7.163437500,0.035821449
7.163500000,0.035767276
7.163562500,0.035422828
7.163625000,0.034953345
7.163687500,0.034470852
7.163750000,0.034073036
7.163812500,0.033763640
7.163875000,0.033649523
7.163937500,0.033733256
7.164000000,0.033978913
7.164062500,0.034259830
7.164125000,0.034572940
7.164187500,0.034848157
7.164250000,0.035014279
7.164312500,0.034951661
7.164375000,0.034706682
7.164437500,0.034318924
7.164500000,0.033884790
7.164562500,0.033489745
7.164625000,0.033347156
7.164687500,0.033569574
7.164750000,0.034167159
7.164812500,0.034975220
7.164875000,0.035866685
7.164937500,0.036645420
7.165000000,0.037179142
7.165062500,0.037395775
7.165125000,0.037454724
7.165187500,0.037505586
7.165250000,0.037649762
7.165312500,0.037821248
7.165375000,0.037963666
7.165437500,0.037914038
7.165500000,0.037555639
7.165562500,0.036845405
7.165625000,0.036009427
7.165687500,0.035296012
7.165750000,0.034920152
7.165812500,0.034907848
7.165875000,0.035238653
7.165937500,0.035699628
7.166000000,0.036049645
7.166062500,0.036083620
7.166125000,0.035875998
7.166187500,0.035577539
7.166250000,0.035390779
7.166312500,0.035413060
7.166375000,0.035733040
7.166437500,0.036234759
7.166500000,0.036708519
7.166562500,0.036892120
7.166625000,0.036729313
7.166687500,0.036224872
7.166750000,0.035484903
7.166812500,0.034608800
7.166875000,0.033811703
7.166937500,0.033187345
7.167000000,0.032755297
7.167062500,0.032426670
7.167125000,0.032216251
7.167187500,0.032083426
7.167250000,0.032002300
7.167312500,0.031905252
7.167375000,0.031854600
7.167437500,0.031837001
7.167500000,0.031814050
7.167562500,0.031673010
7.167625000,0.031439729
7.167687500,0.031101095
7.167750000,0.030684557
7.167812500,0.030199073
7.167875000,0.029811120
7.167937500,0.029594751
7.168000000,0.029555064
7.168062500,0.029553954
7.168125000,0.029535593
7.168187500,0.029372031
7.168250000,0.028990317
7.168312500,0.028353257
7.168375000,0.027657939
7.168437500,0.027075052
7.168500000,0.026731333
7.168562500,0.026584100
7.168625000,0.026632851
7.168687500,0.026750337
7.168750000,0.026825456
7.168812500,0.026765589
7.168875000,0.026722567
7.168937500,0.026834141
7.169000000,0.027201954
7.169062500,0.027755165
7.169125000,0.028444026
7.169187500,0.029073810
7.169250000,0.029460939
7.169312500,0.029461909
7.169375000,0.029213725
7.169437500,0.028896350
7.169500000,0.028707944
7.169562500,0.028711610
7.169625000,0.028980598
7.169687500,0.029409645
7.169750000,0.029837437
7.169812500,0.030071395
7.169875000,0.030149169
7.169937500,0.030151473
7.170000000,0.030213933
7.170062500,0.030392515
7.170125000,0.030799801
7.170187500,0.031382378
7.170250000,0.032002300
7.170312500,0.032441229
7.170375000,0.032667890
7.170437500,0.032699235
7.170500000,0.032661170
7.170562500,0.032688439
7.170625000,0.033031598
7.170687500,0.033791814
7.170750000,0.034920152
7.170812500,0.036162250
7.170875000,0.037306845
7.170937500,0.038101841
7.171000000,0.038402759
7.171062500,0.038167477
7.171125000,0.037630167
7.171187500,0.037042484
7.171250000,0.036614396
7.171312500,0.036368676
7.171375000,0.036300361
7.171437500,0.036249798
7.171500000,0.036049645
7.171562500,0.035568342
7.171625000,0.034925472
7.171687500,0.034297943
7.171750000,0.033884790
7.171812500,0.033760756
7.171875000,0.033984028
7.171937500,0.034432538
7.172000000,0.034920152
7.172062500,0.035238560
7.172125000,0.035382107
7.172187500,0.035397518
7.172250000,0.035390779
7.172312500,0.035412122
7.172375000,0.035554927
7.172437500,0.035772771
7.172500000,0.035955522
7.172562500,0.035938673
7.172625000,0.035712652
7.172687500,0.035286549
7.172750000,0.034731906
7.172812500,0.034103572
7.172875000,0.033568226
7.172937500,0.033202592
7.173000000,0.033037666
7.173062500,0.033016719
7.173125000,0.033183414
7.173187500,0.033514630
7.173250000,0.033978913
7.173312500,0.034482013
7.173375000,0.035033755
7.173437500,0.035558160
7.173500000,0.035955522
7.173562500,0.036066424
7.173625000,0.035880912
7.173687500,0.035365585
7.173750000,0.034543656
7.173812500,0.033445843
7.173875000,0.032271165
7.173937500,0.031159753
7.174000000,0.030213933
7.174062500,0.029422726
7.174125000,0.028830174
7.174187500,0.028368993
7.174250000,0.027954949
7.174312500,0.027476812
7.174375000,0.026982982
7.174437500,0.026501346
7.174500000,0.026072461
7.174562500,0.025676593
7.174625000,0.025377698
7.174687500,0.025147766
7.174750000,0.024942968
7.174812500,0.024688130
7.174875000,0.024457464
7.174937500,0.024301069
7.175000000,0.024284096
7.175062500,0.024414944
7.175125000,0.024774551
7.175187500,0.025326254
7.175250000,0.025978338
7.175312500,0.026568230
7.175375000,0.027044199
7.175437500,0.027328219
7.175500000,0.027390203
7.175562500,0.027214853
7.175625000,0.026935007
7.175687500,0.026649609
7.175750000,0.026448958
7.175812500,0.026348790
7.175875000,0.026425812
7.175937500,0.026644234
7.176000000,0.026919581
7.176062500,0.027098369
7.176125000,0.027152222
7.176187500,0.027029580
7.176250000,0.026731333
7.176312500,0.026265658
7.176375000,0.025788696
7.176437500,0.025393521
7.176500000,0.025131216
7.176562500,0.024949493
7.176625000,0.024848744
7.176687500,0.024747116
7.176750000,0.024566470
7.176812500,0.024221860
7.176875000,0.023782950
7.176937500,0.023309881
7.177000000,0.022872232
7.177062500,0.022475623
7.177125000,0.022188295
7.177187500,0.021990996
7.177250000,0.021836862
7.177312500,0.021634294
7.177375000,0.021399006
7.177437500,0.021120925
7.177500000,0.020801496
7.177562500,0.020407103
7.177625000,0.019996051
7.177687500,0.019585792
7.177750000,0.019201379
7.177812500,0.018839380
7.177875000,0.018606819
7.177937500,0.018560549
7.178000000,0.018730756
7.178062500,0.019060694
7.178125000,0.019553488
7.178187500,0.020131364
7.178250000,0.020707369
7.178312500,0.021165531
7.178375000,0.021537317
7.178437500,0.021842748
7.178500000,0.022119237
7.178562500,0.022347428
7.178625000,0.022594638
7.178687500,0.022845833
7.178750000,0.023060480
7.178812500,0.023142563
7.178875000,0.023132715
7.178937500,0.023055831
7.179000000,0.022966355
7.179062500,0.022879940
7.179125000,0.022915090
7.179187500,0.023106910
7.179250000,0.023436978
7.179312500,0.023780072
7.179375000,0.024088062
7.179437500,0.024254356
7.179500000,0.024189973
7.179562500,0.023798754
7.179625000,0.023165258
7.179687500,0.022397192
7.179750000,0.021648614
7.179812500,0.021032704
7.179875000,0.020727577
7.179937500,0.020789972
7.180000000,0.021177992
7.180062500,0.021722481
7.180125000,0.022309626
7.180187500,0.022807349
7.180250000,0.023154603
7.180312500,0.023345452
7.180375000,0.023529980
7.180437500,0.023843534
7.180500000,0.024378221
7.180562500,0.025105987
7.180625000,0.025977608
7.180687500,0.026849788
7.180750000,0.027578451
7.180812500,0.028047333
7.180875000,0.028307075
7.180937500,0.028453013
7.181000000,0.028613821
7.181062500,0.028864108
7.181125000,0.029275242
7.181187500,0.029794585
7.181250000,0.030308058
7.181312500,0.030667026
7.181375000,0.030843848
7.181437500,0.030851964
7.181500000,0.030778680
7.181562500,0.030722532
7.181625000,0.030839534
7.181687500,0.031184016
7.181750000,0.031719927
7.181812500,0.032301337
7.181875000,0.032803327
7.181937500,0.033058945
7.182000000,0.032943543
7.182062500,0.032383688
7.182125000,0.031466488
7.182187500,0.030313786
7.182250000,0.029084442
7.182312500,0.027904656
7.182375000,0.026907960
7.182437500,0.026104447
7.182500000,0.025413590
7.182562500,0.024678146
7.182625000,0.023801902
7.182687500,0.022717871
7.182750000,0.021460366
7.182812500,0.020142827
7.182875000,0.018988770
7.182937500,0.018155402
7.183000000,0.017695390
7.183062500,0.017506510
7.183125000,0.017431950
7.183187500,0.017239409
7.183250000,0.016754145
7.183312500,0.015921684
7.183375000,0.014891389
7.183437500,0.013872528
7.183500000,0.013083293
7.183562500,0.012650861
7.183625000,0.012619492
7.183687500,0.012861609
7.183750000,0.013177417
7.183812500,0.013367977
7.183875000,0.013373279
7.183937500,0.013191069
7.184000000,0.012895043
7.184062500,0.012572794
7.184125000,0.012340359
7.184187500,0.012210735
7.184250000,0.012142048
7.184312500,0.012058670
7.184375000,0.011951991
7.184437500,0.011793607
7.184500000,0.011577302
7.184562500,0.011294549
7.184625000,0.010991715
7.184687500,0.010654031
7.184750000,0.010259560
7.184812500,0.009788629
7.184875000,0.009295641
7.184937500,0.008812849
7.185000000,0.008377072
7.185062500,0.008006509
7.185125000,0.007738209
7.185187500,0.007538422
7.185250000,0.007341704
7.185312500,0.007061318
7.185375000,0.006646338
7.185437500,0.006030726
7.185500000,0.005176842
7.185562500,0.004086406
7.185625000,0.002837220
7.185687500,0.001526864
7.185750000,0.000282373
7.185812500,-0.000763247
7.185875000,-0.001479715
7.185937500,-0.001814480
7.186000000,-0.001788364
7.186062500,-0.001488911
7.186125000,-0.001046178
7.186187500,-0.000626488
7.186250000,-0.000376498
7.186312500,-0.000378158
7.186375000,-0.000632180
7.186437500,-0.001078178
7.186500000,-0.001600115
7.186562500,-0.002054873
7.186625000,-0.002317493
7.186687500,-0.002342128
7.186750000,-0.002164861
7.186812500,-0.001882999
7.186875000,-0.001623786
7.186937500,-0.001510069
7.187000000,-0.001600115
7.187062500,-0.001859238
7.187125000,-0.002175770
7.187187500,-0.002430467
7.187250000,-0.002541359
7.187312500,-0.002498034
7.187375000,-0.002362095
7.187437500,-0.002249344
7.187500000,-0.002258986
7.187562500,-0.002419606
7.187625000,-0.002674886
7.187687500,-0.002931392
7.187750000,-0.003106105
7.187812500,-0.003172216
7.187875000,-0.003175366
7.187937500,-0.003216859
7.188000000,-0.003388479
7.188062500,-0.003715365
7.188125000,-0.004153894
7.188187500,-0.004628034
7.188250000,-0.005082718
7.188312500,-0.005522406
7.188375000,-0.006023934
7.188437500,-0.006680283
7.188500000,-0.007529953
7.188562500,-0.008500678
7.188625000,-0.009424272
7.188687500,-0.010091418
7.188750000,-0.010353684
7.188812500,-0.010199322
7.188875000,-0.009781944
7.188937500,-0.009348851
7.189000000,-0.009130068
7.189062500,-0.009228666
7.189125000,-0.009577927
7.189187500,-0.009971005
7.189250000,-0.010165436
7.189312500,-0.010000491
7.189375000,-0.009466374
7.189437500,-0.008698354
7.189500000,-0.007906451
7.189562500,-0.007277638
7.189625000,-0.006892327
7.189687500,-0.006705259
7.189750000,-0.006588709
7.189812500,-0.006408375
7.189875000,-0.006099276
7.189937500,-0.005686777
7.190000000,-0.005270967
7.190062500,-0.004972733
7.190125000,-0.004886028
7.190187500,-0.005033213
7.190250000,-0.005365091
7.190312500,-0.005782702
7.190375000,-0.006168090
7.190437500,-0.006404758
7.190500000,-0.006400459
7.190562500,-0.006100678
7.190625000,-0.005509942
7.190687500,-0.004690175
7.190750000,-0.003764976
7.190812500,-0.002897494
7.190875000,-0.002263342
7.190937500,-0.001980203
7.191000000,-0.002070737
7.191062500,-0.002438845
7.191125000,-0.002919121
7.191187500,-0.003297182
7.191250000,-0.003388479
7.191312500,-0.003084950
7.191375000,-0.002416299
7.191437500,-0.001491497
7.191500000,-0.000470622
7.191562500,0.000502987
7.191625000,0.001300109
7.191687500,0.001878108
7.191750000,0.002258986
7.191812500,0.002514075
7.191875000,0.002668714
7.191937500,0.002724912
7.192000000,0.002635483
7.192062500,0.002342761
7.192125000,0.001775101
7.192187500,0.000951789
7.192250000,-0.000000000
7.192312500,-0.000844698
7.192375000,-0.001355217
7.192437500,-0.001361640
7.192500000,-0.000847120
7.192562500,0.000041826
7.192625000,0.000989923
7.192687500,0.001674119
7.192750000,0.001882488
7.192812500,0.001620359
7.192875000,0.001045800
7.192937500,0.000428481
7.193000000,0.000000000
7.193062500,-0.000135848
7.193125000,-0.000100045
7.193187500,-0.000112349
7.193250000,-0.000376498
7.193312500,-0.000939971
7.193375000,-0.001712529
7.193437500,-0.002474342
7.193500000,-0.003011981
7.193562500,-0.003221852
7.193625000,-0.003220598
7.193687500,-0.003253522
7.193750000,-0.003576728
7.193812500,-0.004299474
7.193875000,-0.005373757
7.193937500,-0.006575033
7.194000000,-0.007624077
7.194062500,-0.008301106
7.194125000,-0.008582091
7.194187500,-0.008599713
7.194250000,-0.008565322
7.194312500,-0.008638324
7.194375000,-0.008885893
7.194437500,-0.009248774
7.194500000,-0.009600690
7.194562500,-0.009820673
7.194625000,-0.009892835
7.194687500,-0.009899626
7.194750000,-0.009977187
7.194812500,-0.010228578
7.194875000,-0.010700439
7.194937500,-0.011343690
7.195000000,-0.012047924
7.195062500,-0.012682449
7.195125000,-0.013184764
7.195187500,-0.013553043
7.195250000,-0.013836288
7.195312500,-0.014087500
7.195375000,-0.014349028
7.195437500,-0.014621885
7.195500000,-0.014871657
7.195562500,-0.015041469
7.195625000,-0.015105226
7.195687500,-0.015067308
7.195750000,-0.014965781
7.195812500,-0.014851370
7.195875000,-0.014780500
7.195937500,-0.014786279
7.196000000,-0.014871657
7.196062500,-0.015005057
7.196125000,-0.015146515
7.196187500,-0.015243139
7.196250000,-0.015248154
7.196312500,-0.015128575
7.196375000,-0.014891325
7.196437500,-0.014567780
7.196500000,-0.014212786
7.196562500,-0.013879244
7.196625000,-0.013620944
7.196687500,-0.013436174
7.196750000,-0.013271542
7.196812500,-0.013029904
7.196875000,-0.012642790
7.196937500,-0.012078760
7.197000000,-0.011389053
7.197062500,-0.010695546
7.197125000,-0.010179240
7.197187500,-0.009965481
7.197250000,-0.010071312
7.197312500,-0.010372070
7.197375000,-0.010670530
7.197437500,-0.010741638
7.197500000,-0.010447809
7.197562500,-0.009796121
7.197625000,-0.008971728
7.197687500,-0.008213485
7.197750000,-0.007718201
7.197812500,-0.007535595
7.197875000,-0.007579819
7.197937500,-0.007625473
7.198000000,-0.007435828
7.198062500,-0.006867949
7.198125000,-0.005972216
7.198187500,-0.004922287
7.198250000,-0.003953225
7.198312500,-0.003253970
7.198375000,-0.002911443
7.198437500,-0.002853154
7.198500000,-0.002917857
7.198562500,-0.002942511
7.198625000,-0.002854250
7.198687500,-0.002660889
7.198750000,-0.002447235
7.198812500,-0.002322154
7.198875000,-0.002372066
7.198937500,-0.002593300
7.199000000,-0.002917857
7.199062500,-0.003253449
7.199125000,-0.003532567
7.199187500,-0.003706250
7.199250000,-0.003764976
7.199312500,-0.003729298
7.199375000,-0.003642144
7.199437500,-0.003524393
7.199500000,-0.003388479
7.199562500,-0.003245360
7.199625000,-0.003117389
7.199687500,-0.003009151
7.199750000,-0.002917857
7.199812500,-0.002835684
7.199875000,-0.002763064
7.199937500,-0.002694029
7.200000000,-0.002635483
7.200062500,-0.002605129
7.200125000,-0.002629118
7.200187500,-0.002691095
7.200250000,-0.002729608
7.200312500,-0.002641951
7.200375000,-0.002325786
7.200437500,-0.001699367
7.200500000,-0.000752995
7.200562500,0.000432448
7.200625000,0.001692867
7.200687500,0.002850323
7.200750000,0.003764976
7.200812500,0.004379563
7.200875000,0.004735890
7.200937500,0.004954665
7.201000000,0.005176842
7.201062500,0.005500884
7.201125000,0.005950030
7.201187500,0.006471697
7.201250000,0.006965206
7.201312500,0.007327961
7.201375000,0.007491974
7.201437500,0.007450450
7.201500000,0.007247579
7.201562500,0.006955501
7.201625000,0.006632955
7.201687500,0.006318734
7.201750000,0.006023962
7.201812500,0.005747783
7.201875000,0.005476971
7.201937500,0.005217196
7.202000000,0.004988594
7.202062500,0.004819734
7.202125000,0.004716189
7.202187500,0.004662461
7.202250000,0.004612096
7.202312500,0.004502720
7.202375000,0.004261877
7.202437500,0.003853336
7.202500000,0.003294354
7.202562500,0.002663794
7.202625000,0.002070008
7.202687500,0.001627527
7.202750000,0.001411866
7.202812500,0.001438916
7.202875000,0.001647814
7.202937500,0.001948353
7.203000000,0.002258986
7.203062500,0.002541589
7.203125000,0.002805183
7.203187500,0.003083072
7.203250000,0.003388479
7.203312500,0.003680514
7.203375000,0.003865172
7.203437500,0.003824890
7.203500000,0.003482603
7.203562500,0.002850957
7.203625000,0.002039445
7.203687500,0.001201395
7.203750000,0.000470622
7.203812500,-0.000097082
7.203875000,-0.000527606
7.203937500,-0.000909761
7.204000000,-0.001317742
7.204062500,-0.001754867
7.204125000,-0.002135911
7.204187500,-0.002355256
7.204250000,-0.002353110
7.204312500,-0.002169774
7.204375000,-0.001939087
7.204437500,-0.001836753
7.204500000,-0.001976613
7.204562500,-0.002335624
7.204625000,-0.002756098
7.204687500,-0.003030440
7.204750000,-0.003011981
7.204812500,-0.002698401
7.204875000,-0.002258426
7.204937500,-0.001949214
7.205000000,-0.001976613
7.205062500,-0.002364435
7.205125000,-0.002944010
7.205187500,-0.003413724
7.205250000,-0.003482603
7.205312500,-0.003001670
7.205375000,-0.002077509
7.205437500,-0.001014315
7.205500000,-0.000188249
7.205562500,0.000127353
7.205625000,-0.000161243
7.205687500,-0.000924354
7.205750000,-0.001882488
7.205812500,-0.002714562
7.205875000,-0.003211601
7.205937500,-0.003315678
7.206000000,-0.003106105
7.206062500,-0.002717593
7.206125000,-0.002306639
7.206187500,-0.001981046
7.206250000,-0.001788364
7.206312500,-0.001711441
7.206375000,-0.001744194
7.206437500,-0.001870949
7.206500000,-0.002070737
7.206562500,-0.002291261
7.206625000,-0.002503715
7.206687500,-0.002680459
7.206750000,-0.002823732
7.206812500,-0.002958109
7.206875000,-0.003173642
7.206937500,-0.003553392
7.207000000,-0.004141474
7.207062500,-0.004898363
7.207125000,-0.005752067
7.207187500,-0.006595442
7.207250000,-0.007341704
7.207312500,-0.007943393
7.207375000,-0.008451917
7.207437500,-0.008948809
7.207500000,-0.009506566
7.207562500,-0.010127628
7.207625000,-0.010781057
7.207687500,-0.011385326
7.207750000,-0.011859675
7.207812500,-0.012143969
7.207875000,-0.012279958
7.207937500,-0.012345467
7.208000000,-0.012424421
7.208062500,-0.012540970
7.208125000,-0.012709506
7.208187500,-0.012901005
7.208250000,-0.013083293
7.208312500,-0.013225634
7.208375000,-0.013378198
7.208437500,-0.013600244
7.208500000,-0.013930413
7.208562500,-0.014324050
7.208625000,-0.014724008
7.208687500,-0.015029218
7.208750000,-0.015154029
7.208812500,-0.015041486
7.208875000,-0.014758393
7.208937500,-0.014413745
7.209000000,-0.014118661
7.209062500,-0.013903724
7.209125000,-0.013779436
7.209187500,-0.013687541
7.209250000,-0.013553915
7.209312500,-0.013301307
7.209375000,-0.012970300
7.209437500,-0.012644218
7.209500000,-0.012424421
7.209562500,-0.012344544
7.209625000,-0.012436507
7.209687500,-0.012650008
7.209750000,-0.012895043
7.209812500,-0.013047550
7.209875000,-0.013103866
7.209937500,-0.013111504
7.210000000,-0.013177417
7.210062500,-0.013386901
7.210125000,-0.013872005
7.210187500,-0.014668483
7.210250000,-0.015718777
7.210312500,-0.016838368
7.210375000,-0.017885856
7.210437500,-0.018705118
7.210500000,-0.019201379
7.210562500,-0.019324316
7.210625000,-0.019198224
7.210687500,-0.018977471
7.210750000,-0.018824881
7.210812500,-0.018816303
7.210875000,-0.019041063
7.210937500,-0.019479016
7.211000000,-0.020048497
7.211062500,-0.020600464
7.211125000,-0.021083426
7.211187500,-0.021459768
7.211250000,-0.021742739
7.211312500,-0.021945242
7.211375000,-0.022170067
7.211437500,-0.022472855
7.211500000,-0.022872232
7.211562500,-0.023311472
7.211625000,-0.023781387
7.211687500,-0.024240220
7.211750000,-0.024660595
7.211812500,-0.025005741
7.211875000,-0.025325745
7.211937500,-0.025646549
7.212000000,-0.025978338
7.212062500,-0.026275499
7.212125000,-0.026541598
7.212187500,-0.026756378
7.212250000,-0.026919581
7.212312500,-0.027032109
7.212375000,-0.027177256
7.212437500,-0.027412750
7.212500000,-0.027766701
7.212562500,-0.028191930
7.212625000,-0.028654231
7.212687500,-0.029070446
7.212750000,-0.029366815
7.212812500,-0.029482013
7.212875000,-0.029472353
7.212937500,-0.029407766
7.213000000,-0.029366815
7.213062500,-0.029368434
7.213125000,-0.029440474
7.213187500,-0.029510658
7.213250000,-0.029460939
7.213312500,-0.029144198
7.213375000,-0.028527642
7.213437500,-0.027627010
7.213500000,-0.026543085
7.213562500,-0.025405899
7.213625000,-0.024419053
7.213687500,-0.023695383
7.213750000,-0.023248728
7.213812500,-0.022965264
7.213875000,-0.022734988
7.213937500,-0.022414945
7.214000000,-0.021930987
7.214062500,-0.021289797
7.214125000,-0.020654630
7.214187500,-0.020177493
7.214250000,-0.019954374
7.214312500,-0.019943045
7.214375000,-0.020052303
7.214437500,-0.020084137
7.214500000,-0.019860249
7.214562500,-0.019280756
7.214625000,-0.018451978
7.214687500,-0.017544251
7.214750000,-0.016754145
7.214812500,-0.016196012
7.214875000,-0.015945502
7.214937500,-0.015926048
7.215000000,-0.016001150
7.215062500,-0.016022537
7.215125000,-0.015972720
7.215187500,-0.015857808
7.215250000,-0.015718777
7.215312500,-0.015566228
7.215375000,-0.015446360
7.215437500,-0.015323536
7.215500000,-0.015154029
7.215562500,-0.014901076
7.215625000,-0.014648547
7.215687500,-0.014463900
7.215750000,-0.014401034
7.215812500,-0.014436160
7.215875000,-0.014547908
7.215937500,-0.014612357
7.216000000,-0.014495159
7.216062500,-0.014089598
7.216125000,-0.013443138
7.216187500,-0.012650628
7.216250000,-0.011859675
7.216312500,-0.011199382
7.216375000,-0.010801105
7.216437500,-0.010671820
7.216500000,-0.010730183
7.216562500,-0.010826559
7.216625000,-0.010859417
7.216687500,-0.010738733
7.216750000,-0.010447809
7.216812500,-0.010033334
7.216875000,-0.009631007
7.216937500,-0.009343631
7.217000000,-0.009224192
7.217062500,-0.009240683
7.217125000,-0.009338180
7.217187500,-0.009398644
7.217250000,-0.009318316
7.217312500,-0.009040629
7.217375000,-0.008620822
7.217437500,-0.008145603
7.217500000,-0.007718201
7.217562500,-0.007406916
7.217625000,-0.007263322
7.217687500,-0.007260994
7.217750000,-0.007341704
7.217812500,-0.007439057
7.217875000,-0.007548240
7.217937500,-0.007668941
7.218000000,-0.007812326
7.218062500,-0.007968765
7.218125000,-0.008136010
7.218187500,-0.008261495
7.218250000,-0.008282948
7.218312500,-0.008146727
7.218375000,-0.007869964
7.218437500,-0.007487891
7.218500000,-0.007059331
7.218562500,-0.006634417
7.218625000,-0.006266818
7.218687500,-0.005950718
7.218750000,-0.005647464
7.218812500,-0.005301069
7.218875000,-0.004890195
7.218937500,-0.004403048
7.219000000,-0.003859101
7.219062500,-0.003300819
7.219125000,-0.002800461
7.219187500,-0.002410439
7.219250000,-0.002164861
7.219312500,-0.002071620
7.219375000,-0.002123285
7.219437500,-0.002270956
7.219500000,-0.002447235
7.219562500,-0.002585245
7.219625000,-0.002641158
7.219687500,-0.002590480
7.219750000,-0.002447235
7.219812500,-0.002265566
7.219875000,-0.002116076
7.219937500,-0.002046422
7.220000000,-0.002070737
7.220062500,-0.002171932
7.220125000,-0.002303559
7.220187500,-0.002407244
7.220250000,-0.002447235
7.220312500,-0.002434625
7.220375000,-0.002408297
7.220437500,-0.002406958
7.220500000,-0.002447235
7.220562500,-0.002514937
7.220625000,-0.002554023
7.220687500,-0.002486970
7.220750000,-0.002258986
7.220812500,-0.001879261
7.220875000,-0.001409676
7.220937500,-0.000941542
7.221000000,-0.000564746
7.221062500,-0.000342495
7.221125000,-0.000262631
7.221187500,-0.000247102
7.221250000,-0.000188249
7.221312500,-0.000007046
7.221375000,0.000339720
7.221437500,0.000835360
7.221500000,0.001411866
7.221562500,0.001963990
7.221625000,0.002429460
7.221687500,0.002795884
7.221750000,0.003106105
7.221812500,0.003418070
7.221875000,0.003822932
7.221937500,0.004377500
7.222000000,0.005082718
7.222062500,0.005855827
7.222125000,0.006610365
7.222187500,0.007252511
7.222250000,0.007718201
7.222312500,0.007968503
7.222375000,0.008055844
7.222437500,0.008066882
7.222500000,0.008094699
7.222562500,0.008174879
7.222625000,0.008343388
7.222687500,0.008583788
7.222750000,0.008847695
7.222812500,0.009044983
7.222875000,0.009164489
7.222937500,0.009232977
7.223000000,0.009318316
7.223062500,0.009462416
7.223125000,0.009753302
7.223187500,0.010220612
7.223250000,0.010824307
7.223312500,0.011417162
7.223375000,0.011894051
7.223437500,0.012170725
7.223500000,0.012236172
7.223562500,0.012118099
7.223625000,0.011980617
7.223687500,0.011984859
7.223750000,0.012236172
7.223812500,0.012695721
7.223875000,0.013300570
7.223937500,0.013932024
7.224000000,0.014495159
7.224062500,0.014922665
7.224125000,0.015305212
7.224187500,0.015760893
7.224250000,0.016377648
7.224312500,0.017104041
7.224375000,0.017870732
7.224437500,0.018542068
7.224500000,0.019013131
7.224562500,0.019226216
7.224625000,0.019326597
7.224687500,0.019510264
7.224750000,0.019954374
7.224812500,0.020679841
7.224875000,0.021669958
7.224937500,0.022792606
7.225000000,0.023907598
7.225062500,0.024892656
7.225125000,0.025821114
7.225187500,0.026808616
7.225250000,0.027954949
7.225312500,0.029211758
7.225375000,0.030508608
7.225437500,0.031677332
7.225500000,0.032567047
7.225562500,0.033071700
7.225625000,0.033318173
7.225687500,0.033496730
7.225750000,0.033790659
7.225812500,0.034220576
7.225875000,0.034762066
7.225937500,0.035247013
7.226000000,0.035484903
7.226062500,0.035310108
7.226125000,0.034803987
7.226187500,0.034152839
7.226250000,0.033602413
7.226312500,0.033298869
7.226375000,0.033370748
7.226437500,0.033772975
7.226500000,0.034355409
7.226562500,0.034881897
7.226625000,0.035266839
7.226687500,0.035480503
7.226750000,0.035579026
7.226812500,0.035606150
7.226875000,0.035710953
7.226937500,0.035955582
7.227000000,0.036332019
7.227062500,0.036712155
7.227125000,0.037054114
7.227187500,0.037284371
7.227250000,0.037367389
7.227312500,0.037261132
7.227375000,0.037076876
7.227437500,0.036900472
7.227500000,0.036802646
7.227562500,0.036761820
7.227625000,0.036835749
7.227687500,0.037011784
7.227750000,0.037273265
7.227812500,0.037558425
7.227875000,0.037930150
7.227937500,0.038383655
7.228000000,0.038873378
7.228062500,0.039251909
7.228125000,0.039472066
7.228187500,0.039447110
7.228250000,0.039155755
7.228312500,0.038615998
7.228375000,0.038046625
7.228437500,0.037623491
7.228500000,0.037461512
7.228562500,0.037508775
7.228625000,0.037719756
7.228687500,0.037916496
7.228750000,0.037932139
7.228812500,0.037644912
7.228875000,0.037179571
7.228937500,0.036707237
7.229000000,0.036426149
7.229062500,0.036426246
7.229125000,0.036787976
7.229187500,0.037393373
7.229250000,0.038026262
7.229312500,0.038410109
7.229375000,0.038448710
7.229437500,0.038104668
7.229500000,0.037461512
7.229562500,0.036640089
7.229625000,0.035889428
7.229687500,0.035339303
7.229750000,0.035014279
7.229812500,0.034791406
7.229875000,0.034595817
7.229937500,0.034289125
7.230000000,0.033790659
7.230062500,0.033071160
7.230125000,0.032294601
7.230187500,0.031593442
7.230250000,0.031061055
7.230312500,0.030666551
7.230375000,0.030403603
7.230437500,0.030159246
7.230500000,0.029837437
7.230562500,0.029371502
7.230625000,0.028888961
7.230687500,0.028489646
7.230750000,0.028237322
7.230812500,0.028067606
7.230875000,0.027933855
7.230937500,0.027683306
7.231000000,0.027201954
7.231062500,0.026446324
7.231125000,0.025605127
7.231187500,0.024866888
7.231250000,0.024378221
7.231312500,0.024121281
7.231375000,0.024042299
7.231437500,0.023938186
7.231500000,0.023625227
7.231562500,0.023006439
7.231625000,0.022242676
7.231687500,0.021537969
7.231750000,0.021083867
7.231812500,0.020919066
7.231875000,0.021019978
7.231937500,0.021180589
7.232000000,0.021177992
7.232062500,0.020857075
7.232125000,0.020311262
7.232187500,0.019698065
7.232250000,0.019201379
7.232312500,0.018903470
7.232375000,0.018845482
7.232437500,0.018903187
7.232500000,0.018919006
7.232562500,0.018770847
7.232625000,0.018526010
7.232687500,0.018286582
7.232750000,0.018166009
7.232812500,0.018188937
7.232875000,0.018343966
7.232937500,0.018484244
7.233000000,0.018448384
7.233062500,0.018129274
7.233125000,0.017615633
7.233187500,0.017061554
7.233250000,0.016660020
7.233312500,0.016535368
7.233375000,0.016756045
7.233437500,0.017211132
7.233500000,0.017695390
7.233562500,0.017974781
7.233625000,0.017945595
7.233687500,0.017575849
7.233750000,0.016942395
7.233812500,0.016173428
7.233875000,0.015457856
7.233937500,0.014893880
7.234000000,0.014495159
7.234062500,0.014182101
7.234125000,0.013887437
7.234187500,0.013509758
7.234250000,0.012989169
7.234312500,0.012315723
7.234375000,0.011589466
7.234437500,0.010907428
7.234500000,0.010353684
7.234562500,0.009951499
7.234625000,0.009705807
7.234687500,0.009531878
7.234750000,0.009318316
7.234812500,0.008962543
7.234875000,0.008454569
7.234937500,0.007823620
7.235000000,0.007153455
7.235062500,0.006540468
7.235125000,0.006103478
7.235187500,0.005879268
7.235250000,0.005835713
7.235312500,0.005874485
7.235375000,0.005912362
7.235437500,0.005853356
7.235500000,0.005647464
7.235562500,0.005294255
7.235625000,0.004886636
7.235687500,0.004510494
7.235750000,0.004235599
7.235812500,0.004079101
7.235875000,0.004048233
7.235937500,0.004089601
7.236000000,0.004141474
7.236062500,0.004150402
7.236125000,0.004138257
7.236187500,0.004126477
7.236250000,0.004141474
7.236312500,0.004181816
7.236375000,0.004262808
7.236437500,0.004354381
7.236500000,0.004423847
7.236562500,0.004442104
7.236625000,0.004433229
7.236687500,0.004401005
7.236750000,0.004329723
7.236812500,0.004164000
7.236875000,0.003864184
7.236937500,0.003384346
7.237000000,0.002729608
7.237062500,0.001969627
7.237125000,0.001261299
7.237187500,0.000758279
7.237250000,0.000564746
7.237312500,0.000682407
7.237375000,0.001031928
7.237437500,0.001453633
7.237500000,0.001788364
7.237562500,0.001936885
7.237625000,0.001919376
7.237687500,0.001828748
7.237750000,0.001788364
7.237812500,0.001881588
7.237875000,0.002134916
7.237937500,0.002485242
7.238000000,0.002823732
7.238062500,0.003043497
7.238125000,0.003107340
7.238187500,0.003039348
7.238250000,0.002917857
7.238312500,0.002833392
7.238375000,0.002863759
7.238437500,0.003028760
7.238500000,0.003294354
7.238562500,0.003588243
7.238625000,0.003842423
7.238687500,0.004002240
7.238750000,0.004047350
7.238812500,0.003989687
7.238875000,0.003876197
7.238937500,0.003756090
7.239000000,0.003670852
7.239062500,0.003636781
7.239125000,0.003660653
7.239187500,0.003717558
7.239250000,0.003764976
7.239312500,0.003747844
7.239375000,0.003637129
7.239437500,0.003418281
7.239500000,0.003106105
7.239562500,0.002737233
7.239625000,0.002382528
7.239687500,0.002110857
7.239750000,0.001976613
7.239812500,0.002000733
7.239875000,0.002178752
7.239937500,0.002472815
7.240000000,0.002823732
7.240062500,0.003159958
7.240125000,0.003423976
7.240187500,0.003570565
7.240250000,0.003576728
7.240312500,0.003437544
7.240375000,0.003185706
7.240437500,0.002868417
7.240500000,0.002541359
7.240562500,0.002246856
7.240625000,0.002024713
7.240687500,0.001880166
7.240750000,0.001788364
7.240812500,0.001696070
7.240875000,0.001564961
7.240937500,0.001371592
7.241000000,0.001129493
7.241062500,0.000883305
7.241125000,0.000721364
7.241187500,0.000724341
7.241250000,0.000941244
7.241312500,0.001359004
7.241375000,0.001926237
7.241437500,0.002544176
7.241500000,0.003106105
7.241562500,0.003523550
7.241625000,0.003777885
7.241687500,0.003898700
7.241750000,0.003953225
7.241812500,0.004004001
7.241875000,0.004107995
7.241937500,0.004265084
7.242000000,0.004423847
7.242062500,0.004491481
7.242125000,0.004399805
7.242187500,0.004115523
7.242250000,0.003670852
7.242312500,0.003154854
7.242375000,0.002712460
7.242437500,0.002479528
7.242500000,0.002541359
7.242562500,0.002893853
7.242625000,0.003464471
7.242687500,0.004117580
7.242750000,0.004706220
7.242812500,0.005111143
7.242875000,0.005297340
7.242937500,0.005293452
7.243000000,0.005176842
7.243062500,0.005029356
7.243125000,0.004931419
7.243187500,0.004919127
7.243250000,0.004988594
7.243312500,0.005100425
7.243375000,0.005220710
7.243437500,0.005316062
7.243500000,0.005365091
7.243562500,0.005353834
7.243625000,0.005289801
7.243687500,0.005189601
7.243750000,0.005082718
7.243812500,0.005004039
7.243875000,0.005003601
7.243937500,0.005119521
7.244000000,0.005365091
7.244062500,0.005710660
7.244125000,0.006108685
7.244187500,0.006486858
7.244250000,0.006776957
7.244312500,0.006926388
7.244375000,0.006939407
7.244437500,0.006844007
7.244500000,0.006682833
7.244562500,0.006482732
7.244625000,0.006274651
7.244687500,0.006061433
7.244750000,0.005835713
7.244812500,0.005581360
7.244875000,0.005320380
7.244937500,0.005080496
7.245000000,0.004894469
7.245062500,0.004774419
7.245125000,0.004747124
7.245187500,0.004819523
7.245250000,0.004988594
7.245312500,0.005224757
7.245375000,0.005520374
7.245437500,0.005838331
7.245500000,0.006118086
7.245562500,0.006264742
7.245625000,0.006218825
7.245687500,0.005942947
7.245750000,0.005459215
7.245812500,0.004839460
7.245875000,0.004234254
7.245937500,0.003783714
7.246000000,0.003576728
7.246062500,0.003598054
7.246125000,0.003788839
7.246187500,0.004035053
7.246250000,0.004235599
7.246312500,0.004324376
7.246375000,0.004356678
7.246437500,0.004423648
7.246500000,0.004612096
7.246562500,0.004926780
7.246625000,0.005344922
7.246687500,0.005774573
7.246750000,0.006118086
7.246812500,0.006297024
7.246875000,0.006356537
7.246937500,0.006386781
7.247000000,0.006494584
7.247062500,0.006724058
7.247125000,0.007111755
7.247187500,0.007620817
7.247250000,0.008188824
7.247312500,0.008734633
7.247375000,0.009266283
7.247437500,0.009801636
7.247500000,0.010353684
7.247562500,0.010867594
7.247625000,0.011304478
7.247687500,0.011590536
7.247750000,0.011671427
7.247812500,0.011511381
7.247875000,0.011204530
7.247937500,0.010872993
7.248000000,0.010636058
7.248062500,0.010527621
7.248125000,0.010579703
7.248187500,0.010756550
7.248250000,0.011012556
7.248312500,0.011294440
7.248375000,0.011666723
7.248437500,0.012209372
7.248500000,0.012989169
7.248562500,0.013971134
7.248625000,0.015101672
7.248687500,0.016241184
7.248750000,0.017224766
7.248812500,0.017877134
7.248875000,0.018173881
7.248937500,0.018166807
7.249000000,0.017977761
7.249062500,0.017709563
7.249125000,0.017520342
7.249187500,0.017503286
7.249250000,0.017695390
7.249312500,0.018037053
7.249375000,0.018516846
7.249437500,0.019082958
7.249500000,0.019672001
7.249562500,0.020169327
7.249625000,0.020561326
7.249687500,0.020849556
7.249750000,0.021083867
7.249812500,0.021302961
7.249875000,0.021647697
7.249937500,0.022200566
7.250000000,0.022966355
7.250062500,0.023801327
7.250125000,0.024591776
7.250187500,0.025189558
7.250250000,0.025507715
7.250312500,0.025510738
7.250375000,0.025361676
7.250437500,0.025245203
7.250500000,0.025319466
7.250562500,0.025596103
7.250625000,0.026076309
7.250687500,0.026652986
7.250750000,0.027201954
7.250812500,0.027584828
7.250875000,0.027853820
7.250937500,0.028098918
7.251000000,0.028425572
7.251062500,0.028827995
7.251125000,0.029342230
7.251187500,0.029899465
7.251250000,0.030402184
7.251312500,0.030709079
7.251375000,0.030874476
7.251437500,0.030982865
7.251500000,0.031155180
7.251562500,0.031424943
7.251625000,0.031890929
7.251687500,0.032524578
7.251750000,0.033225916
7.251812500,0.033796709
7.251875000,0.034200151
7.251937500,0.034426812
7.252000000,0.034543656
7.252062500,0.034596357
7.252125000,0.034763891
7.252187500,0.035126526
7.252250000,0.035673149
7.252312500,0.036228552
7.252375000,0.036698237
7.252437500,0.036945410
7.252500000,0.036896769
7.252562500,0.036509510
7.252625000,0.035978243
7.252687500,0.035507999
7.252750000,0.035296652
7.252812500,0.035400234
7.252875000,0.035912029
7.252937500,0.036768660
7.253000000,0.037838012
7.253062500,0.038900822
7.253125000,0.039922778
7.253187500,0.040878125
7.253250000,0.041791238
7.253312500,0.042625971
7.253375000,0.043473903
7.253437500,0.044318039
7.253500000,0.045085590
7.253562500,0.045599774
7.253625000,0.045854665
7.253687500,0.045846730
7.253750000,0.045650337
7.253812500,0.045327276
7.253875000,0.045115087
7.253937500,0.045147736
7.254000000,0.045462091
7.254062500,0.045905430
7.254125000,0.046393570
7.254187500,0.046757106
7.254250000,0.046873957
7.254312500,0.046644114
7.254375000,0.046238020
7.254437500,0.045824084
7.254500000,0.045556214
7.254562500,0.045426853
7.254625000,0.045480154
7.254687500,0.045602530
7.254750000,0.045650337
7.254812500,0.045441445
7.254875000,0.045060340
7.254937500,0.044611488
7.255000000,0.044238474
7.255062500,0.043975238
7.255125000,0.043964919
7.255187500,0.044199362
7.255250000,0.044614971
7.255312500,0.045050386
7.255375000,0.045538455
7.255437500,0.046060558
7.255500000,0.046591584
7.255562500,0.046994947
7.255625000,0.047284931
7.255687500,0.047406010
7.255750000,0.047344577
7.255812500,0.047067985
7.255875000,0.046788611
7.255937500,0.046640445
7.256000000,0.046685707
7.256062500,0.046781860
7.256125000,0.046888832
7.256187500,0.046855103
7.256250000,0.046591584
7.256312500,0.046039615
7.256375000,0.045476113
7.256437500,0.045136008
7.256500000,0.045179714
7.256562500,0.045505986
7.256625000,0.046053410
7.256687500,0.046579644
7.256750000,0.046873957
7.256812500,0.046769056
7.256875000,0.046499219
7.256937500,0.046326775
7.257000000,0.046497457
7.257062500,0.047013029
7.257125000,0.047898024
7.257187500,0.048939079
7.257250000,0.049885936
7.257312500,0.050472021
7.257375000,0.050798036
7.257437500,0.050993945
7.257500000,0.051203676
7.257562500,0.051379368
7.257625000,0.051558550
7.257687500,0.051604412
7.257750000,0.051391926
7.257812500,0.050807707
7.257875000,0.050101742
7.257937500,0.049530365
7.258000000,0.049321190
7.258062500,0.049461652
7.258125000,0.049971372
7.258187500,0.050653178
7.258250000,0.051297802
7.258312500,0.051705267
7.258375000,0.052045319
7.258437500,0.052508324
7.258500000,0.053274415
7.258562500,0.054302156
7.258625000,0.055576295
7.258687500,0.056858193
7.258750000,0.057886511
7.258812500,0.058413338
7.258875000,0.058572594
7.258937500,0.058565024
7.259000000,0.058639508
7.259062500,0.058880977
7.259125000,0.059414327
7.259187500,0.060123071
7.259250000,0.060804367
7.259312500,0.061189160
7.259375000,0.061307698
7.259437500,0.061226722
7.259500000,0.061086740
7.259562500,0.060942810
7.259625000,0.060970362
7.259687500,0.061168343
7.259750000,0.061463237
7.259812500,0.061676510
7.259875000,0.061839808
7.259937500,0.061928626
7.260000000,0.061933860
7.260062500,0.061763313
7.260125000,0.061494760
7.260187500,0.061111890
7.260250000,0.060616117
7.260312500,0.059974685
7.260375000,0.059367150
7.260437500,0.058880068
7.260500000,0.058545381
7.260562500,0.058246642
7.260625000,0.057968210
7.260687500,0.057591010
7.260750000,0.057039391
7.260812500,0.056263827
7.260875000,0.055470876
7.260937500,0.054815117
7.261000000,0.054403909
7.261062500,0.054174304
7.261125000,0.054115593
7.261187500,0.054057878
7.261250000,0.053839162
7.261312500,0.053317547
7.261375000,0.052636761
7.261437500,0.051922075
7.261500000,0.051297802
7.261562500,0.050756760
7.261625000,0.050358698
7.261687500,0.049987461
7.261750000,0.049509440
7.261812500,0.048791286
7.261875000,0.047962099
7.261937500,0.047127895
7.262000000,0.046403330
7.262062500,0.045791358
7.262125000,0.045359455
7.262187500,0.044988386
7.262250000,0.044520844
7.262312500,0.043785110
7.262375000,0.042857923
7.262437500,0.041809432
7.262500000,0.040755868
7.262562500,0.039753098
7.262625000,0.038949408
7.262687500,0.038312633
7.262750000,0.037743889
7.262812500,0.037080083
7.262875000,0.036344443
7.262937500,0.035520103
7.263000000,0.034637783
7.263062500,0.033707924
7.263125000,0.032890532
7.263187500,0.032227065
7.263250000,0.031719927
7.263312500,0.031293578
7.263375000,0.030999882
7.263437500,0.030786848
7.263500000,0.030590432
7.263562500,0.030301362
7.263625000,0.029956318
7.263687500,0.029523117
7.263750000,0.028990317
7.263812500,0.028326200
7.263875000,0.027652441
7.263937500,0.026996700
7.264000000,0.026354834
7.264062500,0.025645992
7.264125000,0.024908165
7.264187500,0.024108494
7.264250000,0.023248728
7.264312500,0.022331465
7.264375000,0.021528985
7.264437500,0.020920074
7.264500000,0.020519121
7.264562500,0.020210521
7.264625000,0.019941997
7.264687500,0.019572701
7.264750000,0.019013131
7.264812500,0.018230857
7.264875000,0.017422833
7.264937500,0.016760424
7.265000000,0.016377648
7.265062500,0.016265141
7.265125000,0.016418722
7.265187500,0.016693158
7.265250000,0.016942395
7.265312500,0.017044909
7.265375000,0.017092556
7.265437500,0.017165720
7.265500000,0.017318891
7.265562500,0.017473508
7.265625000,0.017580194
7.265687500,0.017495764
7.265750000,0.017130643
7.265812500,0.016471248
7.265875000,0.015756506
7.265937500,0.015226591
7.266000000,0.015059905
7.266062500,0.015227485
7.266125000,0.015651125
7.266187500,0.016101224
7.266250000,0.016377648
7.266312500,0.016368292
7.266375000,0.016259244
7.266437500,0.016288150
7.266500000,0.016660020
7.266562500,0.017365782
7.266625000,0.018319204
7.266687500,0.019244449
7.266750000,0.019860249
7.266812500,0.019962797
7.266875000,0.019665398
7.266937500,0.019196859
7.267000000,0.018824881
7.267062500,0.018666007
7.267125000,0.018784713
7.267187500,0.019054664
7.267250000,0.019295502
7.267312500,0.019334519
7.267375000,0.019240009
7.267437500,0.019163327
7.267500000,0.019295502
7.267562500,0.019712115
7.267625000,0.020459205
7.267687500,0.021417445
7.267750000,0.022401609
7.267812500,0.023199799
7.267875000,0.023802349
7.267937500,0.024276063
7.268000000,0.024754720
7.268062500,0.025310533
7.268125000,0.026040401
7.268187500,0.026900601
7.268250000,0.027766701
7.268312500,0.028444203
7.268375000,0.028892295
7.268437500,0.029130232
7.268500000,0.029272690
7.268562500,0.029434575
7.268625000,0.029814955
7.268687500,0.030496081
7.268750000,0.031437553
7.268812500,0.032432862
7.268875000,0.033318885
7.268937500,0.033921849
7.269000000,0.034167159
7.269062500,0.034065843
7.269125000,0.033841401
7.269187500,0.033723310
7.269250000,0.033884790
7.269312500,0.034315519
7.269375000,0.034951784
7.269437500,0.035577774
7.269500000,0.035955522
7.269562500,0.035877518
7.269625000,0.035379123
7.269687500,0.034605578
7.269750000,0.033790659
7.269812500,0.033120055
7.269875000,0.032788835
7.269937500,0.032824431
7.270000000,0.033131793
7.270062500,0.033503585
7.270125000,0.033814937
7.270187500,0.033954330
7.270250000,0.033884790
7.270312500,0.033602733
7.270375000,0.033230167
7.270437500,0.032859590
7.270500000,0.032567047
7.270562500,0.032370128
7.270625000,0.032330129
7.270687500,0.032438025
7.270750000,0.032661170
7.270812500,0.032924835
7.270875000,0.033222605
7.270937500,0.033498749
7.271000000,0.033696536
7.271062500,0.033738714
7.271125000,0.033644006
7.271187500,0.033405092
7.271250000,0.033037666
7.271312500,0.032551583
7.271375000,0.032056879
7.271437500,0.031610943
7.271500000,0.031249303
7.271562500,0.030945629
7.271625000,0.030732825
7.271687500,0.030567840
7.271750000,0.030402184
7.271812500,0.030171180
7.271875000,0.029920312
7.271937500,0.029653043
7.272000000,0.029366815
7.272062500,0.029009800
7.272125000,0.028606109
7.272187500,0.028111169
7.272250000,0.027484328
7.272312500,0.026675276
7.272375000,0.025756305
7.272437500,0.024761673
7.272500000,0.023719350
7.272562500,0.022632323
7.272625000,0.021506142
7.272687500,0.020282533
7.272750000,0.018919006
7.272812500,0.017431563
7.272875000,0.015938241
7.272937500,0.014549931
7.273000000,0.013365666
7.273062500,0.012436246
7.273125000,0.011780312
7.273187500,0.011328328
7.273250000,0.011012556
7.273312500,0.010815520
7.273375000,0.010796848
7.273437500,0.010971770
7.273500000,0.011294928
7.273562500,0.011642427
7.273625000,0.011878391
7.273687500,0.011860917
7.273750000,0.011577302
7.273812500,0.011185974
7.273875000,0.010968125
7.273937500,0.011105242
7.274000000,0.011577302
7.274062500,0.012135894
7.274125000,0.012424896
7.274187500,0.012141157
7.274250000,0.011294928
7.274312500,0.010305712
7.274375000,0.009851222
7.274437500,0.010471915
7.274500000,0.012236172
7.274562500,0.014564714
7.274625000,0.016335431
7.274687500,0.016257232
7.274750000,0.013459790
7.274812500,0.007953303
7.274875000,0.000701886
7.274937500,-0.006724120
7.275000000,-0.012706795
7.275062500,-0.016157394
7.275125000,-0.016908154
7.275187500,-0.015694594
7.275250000,-0.013742164
7.275312500,-0.012194317
7.275375000,-0.011714479
7.275437500,-0.012328566
7.275500000,-0.013553915
7.275562500,-0.014707901
7.275625000,-0.015300823
7.275687500,-0.015216791
7.275750000,-0.014683408
7.275812500,-0.014067186
7.275875000,-0.013710068
7.275937500,-0.013773363
7.276000000,-0.014212786
7.276062500,-0.014834948
7.276125000,-0.015463701
7.276187500,-0.016008344
7.276250000,-0.016471772
7.276312500,-0.016891593
7.276375000,-0.017324083
7.276437500,-0.017808296
7.276500000,-0.018354259
7.276562500,-0.018941211
7.276625000,-0.019559270
7.276687500,-0.020212319
7.276750000,-0.020895619
7.276812500,-0.021570556
7.276875000,-0.022188410
7.276937500,-0.022717372
7.277000000,-0.023154603
7.277062500,-0.023522833
7.277125000,-0.023875041
7.277187500,-0.024275623
7.277250000,-0.024754720
7.277312500,-0.025277888
7.277375000,-0.025766494
7.277437500,-0.026143741
7.277500000,-0.026354834
7.277562500,-0.026361767
7.277625000,-0.026211899
7.277687500,-0.025947049
7.277750000,-0.025601838
7.277812500,-0.025168125
7.277875000,-0.024671376
7.277937500,-0.024115691
7.278000000,-0.023531102
7.278062500,-0.022964949
7.278125000,-0.022533223
7.278187500,-0.022310451
7.278250000,-0.022307485
7.278312500,-0.022427293
7.278375000,-0.022545828
7.278437500,-0.022487845
7.278500000,-0.022119237
7.278562500,-0.021382969
7.278625000,-0.020385543
7.278687500,-0.019287717
7.278750000,-0.018260136
7.278812500,-0.017392375
7.278875000,-0.016732080
7.278937500,-0.016210511
7.279000000,-0.015718777
7.279062500,-0.015149387
7.279125000,-0.014520409
7.279187500,-0.013892574
7.279250000,-0.013365666
7.279312500,-0.013003496
7.279375000,-0.012874248
7.279437500,-0.012935315
7.279500000,-0.013083293
7.279562500,-0.013173040
7.279625000,-0.013152290
7.279687500,-0.012987963
7.279750000,-0.012706795
7.279812500,-0.012352408
7.279875000,-0.012047505
7.279937500,-0.011849040
7.280000000,-0.011765551
7.280062500,-0.011729501
7.280125000,-0.011716820
7.280187500,-0.011653394
7.280250000,-0.011483178
7.280312500,-0.011161265
7.280375000,-0.010760944
7.280437500,-0.010343636
7.280500000,-0.009977187
7.280562500,-0.009685868
7.280625000,-0.009544035
7.280687500,-0.009554939
7.280750000,-0.009694814
7.280812500,-0.009895807
7.280875000,-0.010159981
7.280937500,-0.010450953
7.281000000,-0.010730183
7.281062500,-0.010925841
7.281125000,-0.011048106
7.281187500,-0.011078107
7.281250000,-0.011012556
7.281312500,-0.010837663
7.281375000,-0.010634192
7.281437500,-0.010457959
7.281500000,-0.010353684
7.281562500,-0.010308610
7.281625000,-0.010341158
7.281687500,-0.010407925
7.281750000,-0.010447809
7.281812500,-0.010377813
7.281875000,-0.010212945
7.281937500,-0.009990310
7.282000000,-0.009788939
7.282062500,-0.009676769
7.282125000,-0.009760973
7.282187500,-0.010066491
7.282250000,-0.010541934
7.282312500,-0.011045656
7.282375000,-0.011469864
7.282437500,-0.011716108
7.282500000,-0.011765551
7.282562500,-0.011670617
7.282625000,-0.011605889
7.282687500,-0.011731210
7.282750000,-0.012142048
7.282812500,-0.012799514
7.282875000,-0.013599058
7.282937500,-0.014349233
7.283000000,-0.014871657
7.283062500,-0.015060682
7.283125000,-0.014978511
7.283187500,-0.014783310
7.283250000,-0.014683408
7.283312500,-0.014842773
7.283375000,-0.015347788
7.283437500,-0.016136039
7.283500000,-0.017036518
7.283562500,-0.017826412
7.283625000,-0.018345470
7.283687500,-0.018510804
7.283750000,-0.018354259
7.283812500,-0.017995954
7.283875000,-0.017618492
7.283937500,-0.017367249
7.284000000,-0.017318891
7.284062500,-0.017461516
7.284125000,-0.017721420
7.284187500,-0.017967824
7.284250000,-0.018071886
7.284312500,-0.017953239
7.284375000,-0.017605033
7.284437500,-0.017077588
7.284500000,-0.016471772
7.284562500,-0.015912503
7.284625000,-0.015499211
7.284687500,-0.015260560
7.284750000,-0.015154029
7.284812500,-0.015093795
7.284875000,-0.014976989
7.284937500,-0.014720712
7.285000000,-0.014306910
7.285062500,-0.013797062
7.285125000,-0.013285238
7.285187500,-0.012831174
7.285250000,-0.012424421
7.285312500,-0.011982986
7.285375000,-0.011373146
7.285437500,-0.010465951
7.285500000,-0.009224192
7.285562500,-0.007753767
7.285625000,-0.006272980
7.285687500,-0.005014370
7.285750000,-0.004141474
7.285812500,-0.003688056
7.285875000,-0.003534302
7.285937500,-0.003447444
7.286000000,-0.003200230
7.286062500,-0.002678098
7.286125000,-0.001915522
7.286187500,-0.001036217
7.286250000,-0.000188249
7.286312500,0.000535041
7.286375000,0.001143203
7.286437500,0.001762677
7.286500000,0.002541359
7.286562500,0.003548902
7.286625000,0.004733419
7.286687500,0.005960373
7.286750000,0.007059331
7.286812500,0.007892402
7.286875000,0.008425465
7.286937500,0.008754785
7.287000000,0.009035943
7.287062500,0.009391358
7.287125000,0.009867366
7.287187500,0.010437067
7.287250000,0.011012556
7.287312500,0.011481725
7.287375000,0.011778107
7.287437500,0.011914543
7.287500000,0.011953799
7.287562500,0.011954397
7.287625000,0.011967310
7.287687500,0.012026988
7.287750000,0.012142048
7.287812500,0.012286910
7.287875000,0.012455059
7.287937500,0.012655951
7.288000000,0.012895043
7.288062500,0.013135753
7.288125000,0.013346970
7.288187500,0.013494742
7.288250000,0.013553915
7.288312500,0.013492375
7.288375000,0.013344023
7.288437500,0.013159302
7.288500000,0.012989169
7.288562500,0.012837204
7.288625000,0.012730395
7.288687500,0.012681503
7.288750000,0.012706795
7.288812500,0.012798541
7.288875000,0.013012546
7.288937500,0.013387671
7.289000000,0.013930413
7.289062500,0.014559099
7.289125000,0.015208404
7.289187500,0.015779531
7.289250000,0.016189398
7.289312500,0.016357196
7.289375000,0.016339373
7.289437500,0.016219234
7.289500000,0.016095273
7.289562500,0.015997723
7.289625000,0.016004853
7.289687500,0.016133159
7.289750000,0.016377648
7.289812500,0.016678942
7.289875000,0.017075656
7.289937500,0.017575821
7.290000000,0.018166009
7.290062500,0.018747279
7.290125000,0.019289030
7.290187500,0.019731704
7.290250000,0.020048497
7.290312500,0.020214317
7.290375000,0.020347709
7.290437500,0.020551763
7.290500000,0.020895619
7.290562500,0.021325290
7.290625000,0.021820305
7.290687500,0.022295641
7.290750000,0.022683984
7.290812500,0.022921503
7.290875000,0.023116359
7.290937500,0.023382133
7.291000000,0.023813475
7.291062500,0.024384096
7.291125000,0.025073690
7.291187500,0.025769802
7.291250000,0.026354834
7.291312500,0.026719691
7.291375000,0.026931681
7.291437500,0.027107112
7.291500000,0.027390203
7.291562500,0.027844395
7.291625000,0.028541062
7.291687500,0.029431086
7.291750000,0.030402184
7.291812500,0.031282060
7.291875000,0.032022618
7.291937500,0.032599173
7.292000000,0.033037666
7.292062500,0.033345658
7.292125000,0.033609301
7.292187500,0.033854011
7.292250000,0.034073036
7.292312500,0.034201588
7.292375000,0.034255914
7.292437500,0.034236733
7.292500000,0.034167159
7.292562500,0.034052350
7.292625000,0.033990670
7.292687500,0.034044795
7.292750000,0.034261286
7.292812500,0.034616459
7.292875000,0.035139117
7.292937500,0.035775147
7.293000000,0.036426149
7.293062500,0.036921334
7.293125000,0.037182406
7.293187500,0.037122000
7.293250000,0.036708519
7.293312500,0.035934292
7.293375000,0.034945618
7.293437500,0.033875890
7.293500000,0.032849420
7.293562500,0.031907719
7.293625000,0.031141691
7.293687500,0.030553991
7.293750000,0.030119810
7.293812500,0.029760189
7.293875000,0.029508993
7.293937500,0.029354274
7.294000000,0.029272690
7.294062500,0.029171711
7.294125000,0.029049451
7.294187500,0.028847611
7.294250000,0.028519696
7.294312500,0.027998172
7.294375000,0.027367419
7.294437500,0.026678385
7.294500000,0.025978338
7.294562500,0.025243076
7.294625000,0.024541959
7.294687500,0.023874300
7.294750000,0.023248728
7.294812500,0.022654479
7.294875000,0.022231501
7.294937500,0.022066807
7.295000000,0.022213360
7.295062500,0.022611063
7.295125000,0.023242660
7.295187500,0.023975713
7.295250000,0.024660595
7.295312500,0.025132217
7.295375000,0.025400236
7.295437500,0.025477311
7.295500000,0.025413590
7.295562500,0.025224153
7.295625000,0.025027016
7.295687500,0.024861336
7.295750000,0.024754720
7.295812500,0.024692379
7.295875000,0.024773806
7.295937500,0.025020570
7.296000000,0.025413590
7.296062500,0.025845813
7.296125000,0.026280275
7.296187500,0.026624709
7.296250000,0.026825456
7.296312500,0.026857754
7.296375000,0.026854603
7.296437500,0.026917212
7.296500000,0.027107829
7.296562500,0.027372269
7.296625000,0.027671579
7.296687500,0.027873175
7.296750000,0.027860826
7.296812500,0.027553361
7.296875000,0.027063258
7.296937500,0.026523093
7.297000000,0.026072461
7.297062500,0.025756985
7.297125000,0.025629541
7.297187500,0.025615942
7.297250000,0.025601838
7.297312500,0.025452424
7.297375000,0.025175415
7.297437500,0.024797678
7.297500000,0.024378221
7.297562500,0.023932986
7.297625000,0.023529936
7.297687500,0.023156967
7.297750000,0.022778107
7.297812500,0.022323759
7.297875000,0.021845942
7.297937500,0.021384111
7.298000000,0.020989744
7.298062500,0.020658642
7.298125000,0.020448618
7.298187500,0.020329168
7.298250000,0.020236747
7.298312500,0.020061441
7.298375000,0.019807942
7.298437500,0.019476580
7.298500000,0.019107254
7.298562500,0.018725602
7.298625000,0.018450815
7.298687500,0.018328099
7.298750000,0.018354259
7.298812500,0.018442282
7.298875000,0.018576935
7.298937500,0.018708106
7.299000000,0.018824881
7.299062500,0.018929157
7.299125000,0.019140646
7.299187500,0.019516114
7.299250000,0.020048497
7.299312500,0.020614563
7.299375000,0.021114822
7.299437500,0.021396298
7.299500000,0.021366240
7.299562500,0.021011384
7.299625000,0.020506673
7.299687500,0.020038586
7.299750000,0.019766126
7.299812500,0.019723486
7.299875000,0.019914649
7.299937500,0.020222174
7.300000000,0.020519121
7.300062500,0.020704430
7.300125000,0.020849407
7.300187500,0.021043060
7.300250000,0.021366240
7.300312500,0.021793513
7.300375000,0.022285398
7.300437500,0.022694189
7.300500000,0.022872232
7.300562500,0.022712953
7.300625000,0.022305671
7.300687500,0.021798246
7.300750000,0.021366240
7.300812500,0.021098247
7.300875000,0.021058571
7.300937500,0.021165583
7.301000000,0.021272115
7.301062500,0.021199485
7.301125000,0.020916030
7.301187500,0.020441597
7.301250000,0.019860249
7.301312500,0.019234890
7.301375000,0.018678656
7.301437500,0.018210085
7.301500000,0.017789513
7.301562500,0.017308190
7.301625000,0.016753929
7.301687500,0.016117459
7.301750000,0.015436403
7.301812500,0.014743028
7.301875000,0.014176084
7.301937500,0.013824480
7.302000000,0.013742164
7.302062500,0.013891200
7.302125000,0.014285837
7.302187500,0.014861767
7.302250000,0.015530528
7.302312500,0.016152944
7.302375000,0.016705502
7.302437500,0.017156567
7.302500000,0.017507140
7.302562500,0.017733987
7.302625000,0.017927499
7.302687500,0.018128764
7.302750000,0.018354259
7.302812500,0.018541139
7.302875000,0.018718917
7.302937500,0.018875510
7.303000000,0.019013131
7.303062500,0.019095870
7.303125000,0.019222397
7.303187500,0.019439841
7.303250000,0.019766126
7.303312500,0.020117149
7.303375000,0.020499550
7.303437500,0.020864528
7.303500000,0.021177992
7.303562500,0.021376546
7.303625000,0.021557368
7.303687500,0.021788163
7.303750000,0.022119237
7.303812500,0.022493133
7.303875000,0.022933014
7.303937500,0.023389565
7.304000000,0.023813475
7.304062500,0.024120489
7.304125000,0.024385773
7.304187500,0.024671618
7.304250000,0.025037091
7.304312500,0.025447238
7.304375000,0.025938861
7.304437500,0.026476912
7.304500000,0.027013704
7.304562500,0.027456617
7.304625000,0.027847758
7.304687500,0.028220685
7.304750000,0.028613821
7.304812500,0.028993165
7.304875000,0.029399222
7.304937500,0.029813876
7.305000000,0.030213933
7.305062500,0.030540192
7.305125000,0.030876502
7.305187500,0.031302687
7.305250000,0.031908173
7.305312500,0.032706805
7.305375000,0.033749416
7.305437500,0.034971118
7.305500000,0.036237895
7.305562500,0.037340183
7.305625000,0.038184382
7.305687500,0.038713235
7.305750000,0.038967505
7.305812500,0.039034367
7.305875000,0.039128281
7.305937500,0.039399274
7.306000000,0.039908748
7.306062500,0.040564962
7.306125000,0.041261971
7.306187500,0.041815076
7.306250000,0.042073611
7.306312500,0.041950695
7.306375000,0.041559506
7.306437500,0.041066576
7.306500000,0.040661745
7.306562500,0.040447917
7.306625000,0.040492486
7.306687500,0.040692318
7.306750000,0.040849991
7.306812500,0.040723160
7.306875000,0.040210925
7.306937500,0.039300364
7.307000000,0.038120385
7.307062500,0.036877688
7.307125000,0.035869136
7.307187500,0.035270669
7.307250000,0.035108406
7.307312500,0.035222113
7.307375000,0.035403505
7.307437500,0.035372011
7.307500000,0.034920152
7.307562500,0.033968009
7.307625000,0.032662757
7.307687500,0.031211833
7.307750000,0.029837437
7.307812500,0.028672909
7.307875000,0.027799543
7.307937500,0.027136713
7.308000000,0.026543085
7.308062500,0.025872285
7.308125000,0.025116680
7.308187500,0.024287457
7.308250000,0.023436978
7.308312500,0.022597123
7.308375000,0.021839470
7.308437500,0.021133112
7.308500000,0.020424996
7.308562500,0.019662570
7.308625000,0.018911503
7.308687500,0.018211409
7.308750000,0.017601265
7.308812500,0.017069153
7.308875000,0.016628290
7.308937500,0.016183080
7.309000000,0.015624652
7.309062500,0.014865316
7.309125000,0.013957355
7.309187500,0.012957241
7.309250000,0.011953799
7.309312500,0.011016089
7.309375000,0.010248519
7.309437500,0.009639855
7.309500000,0.009130068
7.309562500,0.008628428
7.309625000,0.008122683
7.309687500,0.007572285
7.309750000,0.006965206
7.309812500,0.006307846
7.309875000,0.005671064
7.309937500,0.005072608
7.310000000,0.004517972
7.310062500,0.004001692
7.310125000,0.003559334
7.310187500,0.003173637
7.310250000,0.002823732
7.310312500,0.002494092
7.310375000,0.002207159
7.310437500,0.001946426
7.310500000,0.001694239
7.310562500,0.001442010
7.310625000,0.001209180
7.310687500,0.000983172
7.310750000,0.000752995
7.310812500,0.000522312
7.310875000,0.000312111
7.310937500,0.000112014
7.311000000,-0.000094124
7.311062500,-0.000308882
7.311125000,-0.000537283
7.311187500,-0.000805454
7.311250000,-0.001129493
7.311312500,-0.001480049
7.311375000,-0.001822525
7.311437500,-0.002125033
7.311500000,-0.002353110
7.311562500,-0.002450564
7.311625000,-0.002415615
7.311687500,-0.002294291
7.311750000,-0.002164861
7.311812500,-0.002084280
7.311875000,-0.002149795
7.311937500,-0.002444146
7.312000000,-0.003011981
7.312062500,-0.003806319
7.312125000,-0.004783833
7.312187500,-0.005867762
7.312250000,-0.006965206
7.312312500,-0.007940530
7.312375000,-0.008748898
7.312437500,-0.009384485
7.312500000,-0.009883063
7.312562500,-0.010255343
7.312625000,-0.010591047
7.312687500,-0.010957380
7.312750000,-0.011389053
7.312812500,-0.011828566
7.312875000,-0.012269411
7.312937500,-0.012689712
7.313000000,-0.013083293
7.313062500,-0.013412690
7.313125000,-0.013761878
7.313187500,-0.014220579
7.313250000,-0.014871657
7.313312500,-0.015699992
7.313375000,-0.016738372
7.313437500,-0.017957494
7.313500000,-0.019295502
7.313562500,-0.020609727
7.313625000,-0.021881085
7.313687500,-0.023100739
7.313750000,-0.024284096
7.313812500,-0.025378069
7.313875000,-0.026440309
7.313937500,-0.027489046
7.314000000,-0.028519696
7.314062500,-0.029429218
7.314125000,-0.030232714
7.314187500,-0.030929090
7.314250000,-0.031531677
7.314312500,-0.031990290
7.314375000,-0.032398865
7.314437500,-0.032843884
7.314500000,-0.033414163
7.314562500,-0.034095470
7.314625000,-0.034958806
7.314687500,-0.035985339
7.314750000,-0.037085015
7.314812500,-0.038032401
7.314875000,-0.038734347
7.314937500,-0.039126564
7.315000000,-0.039249878
7.315062500,-0.039172564
7.315125000,-0.039169285
7.315187500,-0.039467067
7.315250000,-0.040191121
7.315312500,-0.041230824
7.315375000,-0.042470787
7.315437500,-0.043691806
7.315500000,-0.044709094
7.315562500,-0.045380194
7.315625000,-0.045842301
7.315687500,-0.046299871
7.315750000,-0.046968080
7.315812500,-0.047907457
7.315875000,-0.049159646
7.315937500,-0.050601833
7.316000000,-0.052050799
7.316062500,-0.053286236
7.316125000,-0.054285202
7.316187500,-0.055072483
7.316250000,-0.055721652
7.316312500,-0.056246318
7.316375000,-0.056719530
7.316437500,-0.057120606
7.316500000,-0.057415888
7.316562500,-0.057560302
7.316625000,-0.057661049
7.316687500,-0.057808053
7.316750000,-0.058074761
7.316812500,-0.058434587
7.316875000,-0.058874182
7.316937500,-0.059268255
7.317000000,-0.059486628
7.317062500,-0.059428521
7.317125000,-0.059160385
7.317187500,-0.058767349
7.317250000,-0.058357134
7.317312500,-0.057990387
7.317375000,-0.057735462
7.317437500,-0.057540964
7.317500000,-0.057321765
7.317562500,-0.056998663
7.317625000,-0.056583293
7.317687500,-0.056064505
7.317750000,-0.055439275
7.317812500,-0.054701317
7.317875000,-0.053846303
7.317937500,-0.052797250
7.318000000,-0.051486049
7.318062500,-0.049914688
7.318125000,-0.048164196
7.318187500,-0.046306897
7.318250000,-0.044426721
7.318312500,-0.042619471
7.318375000,-0.040929161
7.318437500,-0.039280325
7.318500000,-0.037555639
7.318562500,-0.035690702
7.318625000,-0.033665147
7.318687500,-0.031472344
7.318750000,-0.029178567
7.318812500,-0.026959596
7.318875000,-0.024977168
7.318937500,-0.023281040
7.319000000,-0.021836862
7.319062500,-0.020599851
7.319125000,-0.019437414
7.319187500,-0.018146092
7.319250000,-0.016565897
7.319312500,-0.014706705
7.319375000,-0.012635162
7.319437500,-0.010429480
7.319500000,-0.008188824
7.319562500,-0.006072399
7.319625000,-0.004122627
7.319687500,-0.002243547
7.319750000,-0.000282373
7.319812500,0.001829807
7.319875000,0.004175566
7.319937500,0.006827930
7.320000000,0.009788939
7.320062500,0.012907514
7.320125000,0.016060006
7.320187500,0.019177778
7.320250000,0.022213360
7.320312500,0.025047043
7.320375000,0.027657239
7.320437500,0.030104088
7.320500000,0.032472920
7.320562500,0.034747876
7.320625000,0.036995418
7.320687500,0.039298177
7.320750000,0.041697115
7.320812500,0.044064771
7.320875000,0.046366010
7.320937500,0.048605558
7.321000000,0.050827179
7.321062500,0.052982863
7.321125000,0.055191237
7.321187500,0.057565175
7.321250000,0.060145497
7.321312500,0.062728070
7.321375000,0.065208994
7.321437500,0.067473814
7.321500000,0.069463812
7.321562500,0.071062356
7.321625000,0.072442204
7.321687500,0.073803559
7.321750000,0.075299524
7.321812500,0.076805182
7.321875000,0.078286603
7.321937500,0.079614572
7.322000000,0.080664620
7.322062500,0.081223071
7.322125000,0.081429735
7.322187500,0.081484534
7.322250000,0.081605859
7.322312500,0.081777133
7.322375000,0.082128733
7.322437500,0.082653150
7.322500000,0.083300106
7.322562500,0.083863087
7.322625000,0.084475994
7.322687500,0.085275427
7.322750000,0.086406209
7.322812500,0.087772630
7.322875000,0.089471154
7.322937500,0.091417938
7.323000000,0.093465537
7.323062500,0.095291063
7.323125000,0.096940458
7.323187500,0.098459132
7.323250000,0.099960119
7.323312500,0.101400577
7.323375000,0.103009872
7.323437500,0.104835875
7.323500000,0.106831200
7.323562500,0.108705617
7.323625000,0.110462680
7.323687500,0.112014577
7.323750000,0.113325782
7.323812500,0.114258572
7.323875000,0.115059040
7.323937500,0.115869865
7.324000000,0.116808392
7.324062500,0.117765553
7.324125000,0.118891314
7.324187500,0.120119944
7.324250000,0.121326365
7.324312500,0.122211173
7.324375000,0.122838251
7.324437500,0.123187535
7.324500000,0.123302974
7.324562500,0.123132646
7.324625000,0.122972921
7.324687500,0.122947663
7.324750000,0.123114720
7.324812500,0.123318881
7.324875000,0.123645931
7.324937500,0.123993047
7.325000000,0.124244221
7.325062500,0.124180116
7.325125000,0.123912275
7.325187500,0.123433024
7.325250000,0.122738227
7.325312500,0.121701255
7.325375000,0.120479882
7.325437500,0.119089290
7.325500000,0.117561385
7.325562500,0.115844466
7.325625000,0.114200577
7.325687500,0.112721570
7.325750000,0.111443304
7.325812500,0.110217623
7.325875000,0.109136842
7.325937500,0.108099960
7.326000000,0.107019454
7.326062500,0.105756953
7.326125000,0.104530081
7.326187500,0.103404179
7.326250000,0.102407351
7.326312500,0.101400003
7.326375000,0.100458942
7.326437500,0.099432573
7.326500000,0.098171756
7.326562500,0.096507058
7.326625000,0.094640136
7.326687500,0.092655398
7.326750000,0.090641811
7.326812500,0.088567682
7.326875000,0.086598314
7.326937500,0.084637299
7.327000000,0.082547106
7.327062500,0.080145091
7.327125000,0.077599257
7.327187500,0.074973933
7.327250000,0.072381668
7.327312500,0.069868498
7.327375000,0.067702852
7.327437500,0.065877222
7.327500000,0.064286970
7.327562500,0.062703848
7.327625000,0.061181691
7.327687500,0.059640706
7.327750000,0.058074761
7.327812500,0.056479655
7.327875000,0.055157341
7.327937500,0.054188896
7.328000000,0.053556789
7.328062500,0.053060822
7.328125000,0.052668668
7.328187500,0.052126631
7.328250000,0.051203676
7.328312500,0.049703486
7.328375000,0.047801122
7.328437500,0.045611940
7.328500000,0.043297227
7.328562500,0.040948972
7.328625000,0.038804598
7.328687500,0.036836028
7.328750000,0.034920152
7.328812500,0.032856748
7.328875000,0.030677406
7.328937500,0.028338673
7.329000000,0.025884213
7.329062500,0.023397228
7.329125000,0.021179138
7.329187500,0.019357407
7.329250000,0.017977761
7.329312500,0.016965695
7.329375000,0.016338496
7.329437500,0.015942125
7.329500000,0.015624652
7.329562500,0.015262187
7.329625000,0.014938961
7.329687500,0.014672289
7.329750000,0.014495159
7.329812500,0.014418620
7.329875000,0.014530980
7.329937500,0.014775045
7.330000000,0.015059905
7.330062500,0.015294842
7.330125000,0.015493666
7.330187500,0.015611658
7.330250000,0.015624652
7.330312500,0.015534821
7.330375000,0.015393769
7.330437500,0.015160589
7.330500000,0.014777532
7.330562500,0.014208212
7.330625000,0.013471572
7.330687500,0.012536882
7.330750000,0.011389053
7.330812500,0.010051269
7.330875000,0.008599454
7.330937500,0.007057054
7.331000000,0.005459215
7.331062500,0.003882358
7.331125000,0.002435647
7.331187500,0.001166801
7.331250000,0.000094124
7.331312500,-0.000770937
7.331375000,-0.001452926
7.331437500,-0.002042454
7.331500000,-0.002635483
7.331562500,-0.003270677
7.331625000,-0.003972752
7.331687500,-0.004763273
7.331750000,-0.005647464
7.331812500,-0.006580766
7.331875000,-0.007559789
7.331937500,-0.008595647
7.332000000,-0.009694814
7.332062500,-0.010808395
7.332125000,-0.011931594
7.332187500,-0.013082604
7.332250000,-0.014306910
7.332312500,-0.015632929
7.332375000,-0.017140862
7.332437500,-0.018894302
7.332500000,-0.020895619
7.332562500,-0.023029741
7.332625000,-0.025139231
7.332687500,-0.027049335
7.332750000,-0.028613821
7.332812500,-0.029733337
7.332875000,-0.030416187
7.332937500,-0.030755883
7.333000000,-0.030872805
7.333062500,-0.030845523
7.333125000,-0.030722231
7.333187500,-0.030533385
7.333250000,-0.030308058
7.333312500,-0.030082854
7.333375000,-0.029933928
7.333437500,-0.029956475
7.333500000,-0.030213933
7.333562500,-0.030685775
7.333625000,-0.031294782
7.333687500,-0.031925123
7.333750000,-0.032472920
7.333812500,-0.032881070
7.333875000,-0.033187866
7.333937500,-0.033487424
7.334000000,-0.033884790
7.334062500,-0.034433693
7.334125000,-0.035130642
7.334187500,-0.035896026
7.334250000,-0.036614396
7.334312500,-0.037176292
7.334375000,-0.037524939
7.334437500,-0.037645306
7.334500000,-0.037555639
7.334562500,-0.037284445
7.334625000,-0.036832538
7.334687500,-0.036157299
7.334750000,-0.035202529
7.334812500,-0.033953883
7.334875000,-0.032430243
7.334937500,-0.030701876
7.335000000,-0.028896192
7.335062500,-0.027193889
7.335125000,-0.025733374
7.335187500,-0.024560003
7.335250000,-0.023625227
7.335312500,-0.022827584
7.335375000,-0.022030512
7.335437500,-0.021092685
7.335500000,-0.019954374
7.335562500,-0.018688712
7.335625000,-0.017449155
7.335687500,-0.016370371
7.335750000,-0.015530528
7.335812500,-0.014936958
7.335875000,-0.014487497
7.335937500,-0.013989836
7.336000000,-0.013271542
7.336062500,-0.012287953
7.336125000,-0.011103516
7.336187500,-0.009843812
7.336250000,-0.008659446
7.336312500,-0.007688988
7.336375000,-0.006955118
7.336437500,-0.006337098
7.336500000,-0.005647464
7.336562500,-0.004737785
7.336625000,-0.003513784
7.336687500,-0.001927699
7.336750000,-0.000000000
7.336812500,0.002185247
7.336875000,0.004547701
7.336937500,0.007078111
7.337000000,0.009788939
7.337062500,0.012654368
7.337125000,0.015593681
7.337187500,0.018513070
7.337250000,0.021272115
7.337312500,0.023686498
7.337375000,0.025585679
7.337437500,0.026905982
7.337500000,0.027672576
7.337562500,0.027969984
7.337625000,0.027938137
7.337687500,0.027776465
7.337750000,0.027672576
7.337812500,0.027738476
7.337875000,0.028021559
7.337937500,0.028521050
7.338000000,0.029178567
7.338062500,0.029880485
7.338125000,0.030532282
7.338187500,0.031103833
7.338250000,0.031625804
7.338312500,0.032154765
7.338375000,0.032770332
7.338437500,0.033536311
7.338500000,0.034449533
7.338562500,0.035409458
7.338625000,0.036268841
7.338687500,0.036888596
7.338750000,0.037179142
7.338812500,0.037118200
7.338875000,0.036770184
7.338937500,0.036251727
7.339000000,0.035673149
7.339062500,0.035087887
7.339125000,0.034491625
7.339187500,0.033849008
7.339250000,0.033131793
7.339312500,0.032350220
7.339375000,0.031567235
7.339437500,0.030866707
7.339500000,0.030308058
7.339562500,0.029881490
7.339625000,0.029520346
7.339687500,0.029101502
7.339750000,0.028519696
7.339812500,0.027736103
7.339875000,0.026854351
7.339937500,0.026024796
7.340000000,0.025413590
7.340062500,0.025118900
7.340125000,0.025179742
7.340187500,0.025472673
7.340250000,0.025790086
7.340312500,0.025903571
7.340375000,0.025694488
7.340437500,0.025106806
7.340500000,0.024189973
7.340562500,0.023060428
7.340625000,0.021909140
7.340687500,0.020855591
7.340750000,0.019954374
7.340812500,0.019182183
7.340875000,0.018508738
7.340937500,0.017828342
7.341000000,0.017036518
7.341062500,0.016059060
7.341125000,0.014915510
7.341187500,0.013624362
7.341250000,0.012236172
7.341312500,0.010813043
7.341375000,0.009455967
7.341437500,0.008181409
7.341500000,0.006965206
7.341562500,0.005755849
7.341625000,0.004556607
7.341687500,0.003350327
7.341750000,0.002164861
7.341812500,0.001070331
7.341875000,0.000209395
7.341937500,-0.000341217
7.342000000,-0.000564746
7.342062500,-0.000525379
7.342125000,-0.000303010
7.342187500,-0.000050587
7.342250000,0.000094124
7.342312500,0.000044136
7.342375000,-0.000166513
7.342437500,-0.000487326
7.342500000,-0.000847120
7.342562500,-0.001194794
7.342625000,-0.001470358
7.342687500,-0.001687592
7.342750000,-0.001882488
7.342812500,-0.002097463
7.342875000,-0.002315769
7.342937500,-0.002550243
7.343000000,-0.002823732
7.343062500,-0.003188068
7.343125000,-0.003674890
7.343187500,-0.004354677
7.343250000,-0.005270967
7.343312500,-0.006410890
7.343375000,-0.007657636
7.343437500,-0.008867595
7.343500000,-0.009883063
7.343562500,-0.010577054
7.343625000,-0.010871977
7.343687500,-0.010796444
7.343750000,-0.010447809
7.343812500,-0.009946033
7.343875000,-0.009400349
7.343937500,-0.008896640
7.344000000,-0.008471197
7.344062500,-0.008101785
7.344125000,-0.007749292
7.344187500,-0.007377386
7.344250000,-0.006965206
7.344312500,-0.006497975
7.344375000,-0.006004087
7.344437500,-0.005521048
7.344500000,-0.005082718
7.344562500,-0.004687531
7.344625000,-0.004344660
7.344687500,-0.004042605
7.344750000,-0.003764976
7.344812500,-0.003478611
7.344875000,-0.003197671
7.344937500,-0.002941245
7.345000000,-0.002729608
7.345062500,-0.002544424
7.345125000,-0.002403653
7.345187500,-0.002308580
7.345250000,-0.002258986
7.345312500,-0.002226509
7.345375000,-0.002237557
7.345437500,-0.002308128
7.345500000,-0.002447235
7.345562500,-0.002620543
7.345625000,-0.002842690
7.345687500,-0.003122156
7.345750000,-0.003482603
7.345812500,-0.003932227
7.345875000,-0.004536175
7.345937500,-0.005328690
7.346000000,-0.006306335
7.346062500,-0.007384632
7.346125000,-0.008493009
7.346187500,-0.009517217
7.346250000,-0.010353684
7.346312500,-0.010915902
7.346375000,-0.011235147
7.346437500,-0.011385744
7.346500000,-0.011483178
7.346562500,-0.011622986
7.346625000,-0.011907975
7.346687500,-0.012352827
7.346750000,-0.012895043
7.346812500,-0.013401100
7.346875000,-0.013782823
7.346937500,-0.014001135
7.347000000,-0.014118661
7.347062500,-0.014275693
7.347125000,-0.014685926
7.347187500,-0.015503641
7.347250000,-0.016754145
7.347312500,-0.018286625
7.347375000,-0.019851658
7.347437500,-0.021163648
7.347500000,-0.022025112
7.347562500,-0.022419279
7.347625000,-0.022470297
7.347687500,-0.022396633
7.347750000,-0.022401609
7.347812500,-0.022603652
7.347875000,-0.022935098
7.347937500,-0.023217522
7.348000000,-0.023248728
7.348062500,-0.022934699
7.348125000,-0.022272160
7.348187500,-0.021397304
7.348250000,-0.020519121
7.348312500,-0.019860422
7.348375000,-0.019490074
7.348437500,-0.019334881
7.348500000,-0.019201379
7.348562500,-0.018893568
7.348625000,-0.018238898
7.348687500,-0.017220162
7.348750000,-0.016001150
7.348812500,-0.014905529
7.348875000,-0.014213052
7.348937500,-0.014050514
7.349000000,-0.014306910
7.349062500,-0.014694395
7.349125000,-0.014799119
7.349187500,-0.014325093
7.349250000,-0.013271542
7.349312500,-0.012016264
7.349375000,-0.011078179
7.349437500,-0.010882521
7.349500000,-0.011483178
7.349562500,-0.012471985
7.349625000,-0.012978368
7.349687500,-0.012041406
7.349750000,-0.009035943
7.349812500,-0.004037156
7.349875000,0.002229476
7.349937500,0.008603725
7.350000000,0.013930413
7.350062500,0.017454434
7.350125000,0.019141598
7.350187500,0.019587386
7.350250000,0.019672001
7.350312500,0.020098932
7.350375000,0.021187391
7.350437500,0.022793939
7.350500000,0.024472345
7.350562500,0.025716428
7.350625000,0.026299071
7.350687500,0.026335575
7.350750000,0.026166586
7.350812500,0.026103841
7.350875000,0.026348822
7.350937500,0.026895093
7.351000000,0.027578451
7.351062500,0.028161498
7.351125000,0.028566033
7.351187500,0.028876347
7.351250000,0.029272690
7.351312500,0.029869568
7.351375000,0.030731525
7.351437500,0.031802405
7.351500000,0.032943543
7.351562500,0.033964898
7.351625000,0.034803409
7.351687500,0.035496604
7.351750000,0.036143772
7.351812500,0.036796547
7.351875000,0.037503075
7.351937500,0.038248174
7.352000000,0.038967505
7.352062500,0.039546035
7.352125000,0.039935771
7.352187500,0.040137466
7.352250000,0.040191121
7.352312500,0.040123526
7.352375000,0.040006194
7.352437500,0.039912254
7.352500000,0.039908748
7.352562500,0.040005643
7.352625000,0.040258896
7.352687500,0.040654011
7.352750000,0.041132364
7.352812500,0.041565396
7.352875000,0.041906465
7.352937500,0.042104837
7.353000000,0.042167734
7.353062500,0.042121843
7.353125000,0.042127017
7.353187500,0.042286359
7.353250000,0.042638354
7.353312500,0.043086018
7.353375000,0.043554064
7.353437500,0.043886524
7.353500000,0.043956097
7.353562500,0.043674048
7.353625000,0.043155946
7.353687500,0.042541146
7.353750000,0.041979488
7.353812500,0.041526679
7.353875000,0.041240949
7.353937500,0.041033380
7.354000000,0.040755868
7.354062500,0.040225387
7.354125000,0.039412528
7.354187500,0.038312845
7.354250000,0.036990892
7.354312500,0.035514135
7.354375000,0.034050707
7.354437500,0.032679964
7.354500000,0.031437553
7.354562500,0.030284837
7.354625000,0.029266704
7.354687500,0.028348792
7.354750000,0.027484328
7.354812500,0.026587958
7.354875000,0.025691856
7.354937500,0.024788948
7.355000000,0.023907598
7.355062500,0.023075305
7.355125000,0.022455173
7.355187500,0.022128806
7.355250000,0.022119237
7.355312500,0.022329126
7.355375000,0.022718476
7.355437500,0.023155235
7.355500000,0.023531102
7.355562500,0.023755118
7.355625000,0.023924088
7.355687500,0.024092181
7.355750000,0.024284096
7.355812500,0.024415953
7.355875000,0.024459032
7.355937500,0.024288923
7.356000000,0.023813475
7.356062500,0.022984751
7.356125000,0.021961696
7.356187500,0.020881318
7.356250000,0.019860249
7.356312500,0.018907459
7.356375000,0.018066034
7.356437500,0.017269962
7.356500000,0.016471772
7.356562500,0.015656868
7.356625000,0.014997342
7.356687500,0.014620115
7.356750000,0.014589284
7.356812500,0.014809103
7.356875000,0.015170090
7.356937500,0.015442251
7.357000000,0.015436403
7.357062500,0.015061707
7.357125000,0.014499457
7.357187500,0.014002072
7.357250000,0.013836288
7.357312500,0.014132155
7.357375000,0.014939080
7.357437500,0.016089840
7.357500000,0.017318891
7.357562500,0.018341247
7.357625000,0.019048531
7.357687500,0.019428628
7.357750000,0.019577878
7.357812500,0.019607151
7.357875000,0.019662572
7.357937500,0.019768961
7.358000000,0.019860249
7.358062500,0.019792175
7.358125000,0.019492891
7.358187500,0.018909212
7.358250000,0.018071886
7.358312500,0.017067883
7.358375000,0.016094547
7.358437500,0.015300763
7.358500000,0.014777532
7.358562500,0.014513471
7.358625000,0.014489528
7.358687500,0.014608690
7.358750000,0.014777532
7.358812500,0.014925187
7.358875000,0.015089322
7.358937500,0.015309968
7.359000000,0.015624652
7.359062500,0.016020698
7.359125000,0.016491067
7.359187500,0.016974442
7.359250000,0.017413015
7.359312500,0.017766502
7.359375000,0.018073555
7.359437500,0.018362647
7.359500000,0.018636633
7.359562500,0.018833814
7.359625000,0.018876147
7.359687500,0.018646900
7.359750000,0.018071886
7.359812500,0.017163740
7.359875000,0.016063673
7.359937500,0.014957370
7.360000000,0.014024537
7.360062500,0.013363826
7.360125000,0.012990849
7.360187500,0.012793809
7.360250000,0.012612671
7.360312500,0.012306370
7.360375000,0.011843684
7.360437500,0.011255753
7.360500000,0.010636058
7.360562500,0.010085619
7.360625000,0.009704206
7.360687500,0.009498406
7.360750000,0.009412440
7.360812500,0.009354924
7.360875000,0.009267681
7.360937500,0.009100508
7.361000000,0.008847695
7.361062500,0.008540944
7.361125000,0.008254885
7.361187500,0.008036860
7.361250000,0.007906451
7.361312500,0.007846166
7.361375000,0.007832641
7.361437500,0.007807977
7.361500000,0.007718201
7.361562500,0.007527102
7.361625000,0.007236108
7.361687500,0.006833979
7.361750000,0.006306335
7.361812500,0.005633978
7.361875000,0.004822014
7.361937500,0.003872287
7.362000000,0.002823732
7.362062500,0.001757465
7.362125000,0.000802806
7.362187500,0.000048810
7.362250000,-0.000470622
7.362312500,-0.000794991
7.362375000,-0.001001402
7.362437500,-0.001210207
7.362500000,-0.001505991
7.362562500,-0.001890637
7.362625000,-0.002276161
7.362687500,-0.002553080
7.362750000,-0.002635483
7.362812500,-0.002504276
7.362875000,-0.002232417
7.362937500,-0.001973300
7.363000000,-0.001882488
7.363062500,-0.002035658
7.363125000,-0.002405986
7.363187500,-0.002879377
7.363250000,-0.003294354
7.363312500,-0.003497981
7.363375000,-0.003424965
7.363437500,-0.003124074
7.363500000,-0.002729608
7.363562500,-0.002396869
7.363625000,-0.002263343
7.363687500,-0.002407193
7.363750000,-0.002823732
7.363812500,-0.003426114
7.363875000,-0.004099502
7.363937500,-0.004739034
7.364000000,-0.005270967
7.364062500,-0.005654060
7.364125000,-0.005886702
7.364187500,-0.005998115
7.364250000,-0.006023962
7.364312500,-0.005987903
7.364375000,-0.005902233
7.364437500,-0.005781880
7.364500000,-0.005647464
7.364562500,-0.005528022
7.364625000,-0.005468710
7.364687500,-0.005524105
7.364750000,-0.005741589
7.364812500,-0.006141084
7.364875000,-0.006714514
7.364937500,-0.007418686
7.365000000,-0.008188824
7.365062500,-0.008954352
7.365125000,-0.009664276
7.365187500,-0.010289313
7.365250000,-0.010824307
7.365312500,-0.011279723
7.365375000,-0.011668166
7.365437500,-0.011990265
7.365500000,-0.012236172
7.365562500,-0.012394333
7.365625000,-0.012457464
7.365687500,-0.012429581
7.365750000,-0.012330297
7.365812500,-0.012193599
7.365875000,-0.012055705
7.365937500,-0.011941427
7.366000000,-0.011859675
7.366062500,-0.011805563
7.366125000,-0.011745482
7.366187500,-0.011626521
7.366250000,-0.011389053
7.366312500,-0.010995603
7.366375000,-0.010414592
7.366437500,-0.009651374
7.366500000,-0.008753570
7.366562500,-0.007823261
7.366625000,-0.006944578
7.366687500,-0.006180466
7.366750000,-0.005553340
7.366812500,-0.005071015
7.366875000,-0.004669188
7.366937500,-0.004279074
7.367000000,-0.003859101
7.367062500,-0.003452151
7.367125000,-0.003081461
7.367187500,-0.002777425
7.367250000,-0.002541359
7.367312500,-0.002374514
7.367375000,-0.002168341
7.367437500,-0.001809342
7.367500000,-0.001223617
7.367562500,-0.000465663
7.367625000,0.000389914
7.367687500,0.001214729
7.367750000,0.001882488
7.367812500,0.002272378
7.367875000,0.002407588
7.367937500,0.002389356
7.368000000,0.002353110
7.368062500,0.002365460
7.368125000,0.002500909
7.368187500,0.002782466
7.368250000,0.003200230
7.368312500,0.003690272
7.368375000,0.004274117
7.368437500,0.005002188
7.368500000,0.005929837
7.368562500,0.007030614
7.368625000,0.008311229
7.368687500,0.009746070
7.368750000,0.011294928
7.368812500,0.012865103
7.368875000,0.014457084
7.368937500,0.016090909
7.369000000,0.017789513
7.369062500,0.019502334
7.369125000,0.021228338
7.369187500,0.022951329
7.369250000,0.024660595
7.369312500,0.026311234
7.369375000,0.027948551
7.369437500,0.029617688
7.369500000,0.031343430
7.369562500,0.033057172
7.369625000,0.034701794
7.369687500,0.036174640
7.369750000,0.037367389
7.369812500,0.038161229
7.369875000,0.038565814
7.369937500,0.038661491
7.370000000,0.038591005
7.370062500,0.038477983
7.370125000,0.038479365
7.370187500,0.038675833
7.370250000,0.039061632
7.370312500,0.039517101
7.370375000,0.039949082
7.370437500,0.040273458
7.370500000,0.040473495
7.370562500,0.040580656
7.370625000,0.040745705
7.370687500,0.041117463
7.370750000,0.041791238
7.370812500,0.042730179
7.370875000,0.043839566
7.370937500,0.044939063
7.371000000,0.045838587
7.371062500,0.046375599
7.371125000,0.046526372
7.371187500,0.046343360
7.371250000,0.045932710
7.371312500,0.045375757
7.371375000,0.044764884
7.371437500,0.044113334
7.371500000,0.043391351
7.371562500,0.042531267
7.371625000,0.041550569
7.371687500,0.040471200
7.371750000,0.039344002
7.371812500,0.038195942
7.371875000,0.037124466
7.371937500,0.036158178
7.372000000,0.035296652
7.372062500,0.034481730
7.372125000,0.033749718
7.372187500,0.033085231
7.372250000,0.032472920
7.372312500,0.031853840
7.372375000,0.031272948
7.372437500,0.030705184
7.372500000,0.030119810
7.372562500,0.029448835
7.372625000,0.028757267
7.372687500,0.028062802
7.372750000,0.027390203
7.372812500,0.026713230
7.372875000,0.026112372
7.372937500,0.025571452
7.373000000,0.025037091
7.373062500,0.024377689
7.373125000,0.023597363
7.373187500,0.022655847
7.373250000,0.021554491
7.373312500,0.020286033
7.373375000,0.019025251
7.373437500,0.017883353
7.373500000,0.016942395
7.373562500,0.016170429
7.373625000,0.015628498
7.373687500,0.015253724
7.373750000,0.014965781
7.373812500,0.014644816
7.373875000,0.014372294
7.373937500,0.014201709
7.374000000,0.014212786
7.374062500,0.014417131
7.374125000,0.014929631
7.374187500,0.015715815
7.374250000,0.016660020
7.374312500,0.017536107
7.374375000,0.018252017
7.374437500,0.018692974
7.374500000,0.018824881
7.374562500,0.018649865
7.374625000,0.018376354
7.374687500,0.018171815
7.374750000,0.018166009
7.374812500,0.018358793
7.374875000,0.018789938
7.374937500,0.019383108
7.375000000,0.020048497
7.375062500,0.020680137
7.375125000,0.021341991
7.375187500,0.022086127
7.375250000,0.022966355
7.375312500,0.023957064
7.375375000,0.025070494
7.375437500,0.026219115
7.375500000,0.027296079
7.375562500,0.028183024
7.375625000,0.028892094
7.375687500,0.029434636
7.375750000,0.029837437
7.375812500,0.030089157
7.375875000,0.030232223
7.375937500,0.030267218
7.376000000,0.030213933
7.376062500,0.030104881
7.376125000,0.030059269
7.376187500,0.030153636
7.376250000,0.030402184
7.376312500,0.030711673
7.376375000,0.030973850
7.376437500,0.031050198
7.376500000,0.030872805
7.376562500,0.030476090
7.376625000,0.030047867
7.376687500,0.029789079
7.376750000,0.029837437
7.376812500,0.030175207
7.376875000,0.030679511
7.376937500,0.031111365
7.377000000,0.031249303
7.377062500,0.030974204
7.377125000,0.030371241
7.377187500,0.029613867
7.377250000,0.028896192
7.377312500,0.028319562
7.377375000,0.027888360
7.377437500,0.027455227
7.377500000,0.026825456
7.377562500,0.025847187
7.377625000,0.024528345
7.377687500,0.022974547
7.377750000,0.021366240
7.377812500,0.019868817
7.377875000,0.018623704
7.377937500,0.017639838
7.378000000,0.016848268
7.378062500,0.016139179
7.378125000,0.015486426
7.378187500,0.014869996
7.378250000,0.014306910
7.378312500,0.013804194
7.378375000,0.013414047
7.378437500,0.013102752
7.378500000,0.012800919
7.378562500,0.012407049
7.378625000,0.011917124
7.378687500,0.011318443
7.378750000,0.010636058
7.378812500,0.009895391
7.378875000,0.009203626
7.378937500,0.008601005
7.379000000,0.008094699
7.379062500,0.007636369
7.379125000,0.007239828
7.379187500,0.006868186
7.379250000,0.006494584
7.379312500,0.006084599
7.379375000,0.005695382
7.379437500,0.005334335
7.379500000,0.004988594
7.379562500,0.004591763
7.379625000,0.004143065
7.379687500,0.003593091
7.379750000,0.002917857
7.379812500,0.002113793
7.379875000,0.001312327
7.379937500,0.000632194
7.380000000,0.000188249
7.380062500,0.000023305
7.380125000,0.000193825
7.380187500,0.000635287
7.380250000,0.001223617
7.380312500,0.001787067
7.380375000,0.002256866
7.380437500,0.002591476
7.380500000,0.002823732
7.380562500,0.003018008
7.380625000,0.003327691
7.380687500,0.003849505
7.380750000,0.004612096
7.380812500,0.005533095
7.380875000,0.006525605
7.380937500,0.007450019
7.381000000,0.008188824
7.381062500,0.008656628
7.381125000,0.008901034
7.381187500,0.008997830
7.381250000,0.009035943
7.381312500,0.009050720
7.381375000,0.009093895
7.381437500,0.009158469
7.381500000,0.009224192
7.381562500,0.009251280
7.381625000,0.009291668
7.381687500,0.009395161
7.381750000,0.009600690
7.381812500,0.009870648
7.381875000,0.010196725
7.381937500,0.010528437
7.382000000,0.010824307
7.382062500,0.011040233
7.382125000,0.011247971
7.382187500,0.011529432
7.382250000,0.011953799
7.382312500,0.012500625
7.382375000,0.013148151
7.382437500,0.013812732
7.382500000,0.014401034
7.382562500,0.014815977
7.382625000,0.015070473
7.382687500,0.015220057
7.382750000,0.015342278
7.382812500,0.015462059
7.382875000,0.015622220
7.382937500,0.015813017
7.383000000,0.016001150
7.383062500,0.016120233
7.383125000,0.016184181
7.383187500,0.016223030
7.383250000,0.016283523
7.383312500,0.016377933
7.383375000,0.016542701
7.383437500,0.016770931
7.383500000,0.017036518
7.383562500,0.017289953
7.383625000,0.017556923
7.383687500,0.017884679
7.383750000,0.018354259
7.383812500,0.019031662
7.383875000,0.020004423
7.383937500,0.021278648
7.384000000,0.022778107
7.384062500,0.024325311
7.384125000,0.025765425
7.384187500,0.026942600
7.384250000,0.027766701
7.384312500,0.028203113
7.384375000,0.028361725
7.384437500,0.028368486
7.384500000,0.028331446
7.384562500,0.028262030
7.384625000,0.028169196
7.384687500,0.027992222
7.384750000,0.027672576
7.384812500,0.027160844
7.384875000,0.026565015
7.384937500,0.026026679
7.385000000,0.025695963
7.385062500,0.025618449
7.385125000,0.025833480
7.385187500,0.026235860
7.385250000,0.026637208
7.385312500,0.026771501
7.385375000,0.026523016
7.385437500,0.025834756
7.385500000,0.024754720
7.385562500,0.023355702
7.385625000,0.021858245
7.385687500,0.020434078
7.385750000,0.019201379
7.385812500,0.018145112
7.385875000,0.017303420
7.385937500,0.016636698
7.386000000,0.016095273
7.386062500,0.015584898
7.386125000,0.015173309
7.386187500,0.014933756
7.386250000,0.014965781
7.386312500,0.015291926
7.386375000,0.016014442
7.386437500,0.017108127
7.386500000,0.018448384
7.386562500,0.019766081
7.386625000,0.020901233
7.386687500,0.021699117
7.386750000,0.022119237
7.386812500,0.022191303
7.386875000,0.022188049
7.386937500,0.022355091
7.387000000,0.022872232
7.387062500,0.023724442
7.387125000,0.024897316
7.387187500,0.026235567
7.387250000,0.027578451
7.387312500,0.028771030
7.387375000,0.029877730
7.387437500,0.030967198
7.387500000,0.032096423
7.387562500,0.033196222
7.387625000,0.034241509
7.387687500,0.035122715
7.387750000,0.035767276
7.387812500,0.036143426
7.387875000,0.036439467
7.387937500,0.036835819
7.388000000,0.037461512
7.388062500,0.038269557
7.388125000,0.039191592
7.388187500,0.040040784
7.388250000,0.040661745
7.388312500,0.040973607
7.388375000,0.041143220
7.388437500,0.041385837
7.388500000,0.041885361
7.388562500,0.042639568
7.388625000,0.043547574
7.388687500,0.044335723
7.388750000,0.044709094
7.388812500,0.044448491
7.388875000,0.043612711
7.388937500,0.042427644
7.389000000,0.041226488
7.389062500,0.040281087
7.389125000,0.039801605
7.389187500,0.039770495
7.389250000,0.040002871
7.389312500,0.040196460
7.389375000,0.040162381
7.389437500,0.039779402
7.389500000,0.039061632
7.389562500,0.038096283
7.389625000,0.037110992
7.389687500,0.036272734
7.389750000,0.035673149
7.389812500,0.035264201
7.389875000,0.035019044
7.389937500,0.034818135
7.390000000,0.034543656
7.390062500,0.034072489
7.390125000,0.033462126
7.390187500,0.032773063
7.390250000,0.032096423
7.390312500,0.031464417
7.390375000,0.031005099
7.390437500,0.030729033
7.390500000,0.030590432
7.390562500,0.030450532
7.390625000,0.030298863
7.390687500,0.030074898
7.390750000,0.029743314
7.390812500,0.029230805
7.390875000,0.028628550
7.390937500,0.027952665
7.391000000,0.027201954
7.391062500,0.026296373
7.391125000,0.025313551
7.391187500,0.024278786
7.391250000,0.023248728
7.391312500,0.022240672
7.391375000,0.021441752
7.391437500,0.020928271
7.391500000,0.020707369
7.391562500,0.020640459
7.391625000,0.020698095
7.391687500,0.020772809
7.391750000,0.020801496
7.391812500,0.020723354
7.391875000,0.020709394
7.391937500,0.020872341
7.392000000,0.021272115
7.392062500,0.021800935
7.392125000,0.022431914
7.392187500,0.023036730
7.392250000,0.023531102
7.392312500,0.023859652
7.392375000,0.024217909
7.392437500,0.024766579
7.392500000,0.025601838
7.392562500,0.026618950
7.392625000,0.027726129
7.392687500,0.028701551
7.392750000,0.029366815
7.392812500,0.029621636
7.392875000,0.029668227
7.392937500,0.029755699
7.393000000,0.030119810
7.393062500,0.030812221
7.393125000,0.031831432
7.393187500,0.032971777
7.393250000,0.033978913
7.393312500,0.034616087
7.393375000,0.034910746
7.393437500,0.034980405
7.393500000,0.035014279
7.393562500,0.035128754
7.393625000,0.035453003
7.393687500,0.035952732
7.393750000,0.036520272
7.393812500,0.037005182
7.393875000,0.037420396
7.393937500,0.037819836
7.394000000,0.038308635
7.394062500,0.038943361
7.394125000,0.039795190
7.394187500,0.040796336
7.394250000,0.041791238
7.394312500,0.042554386
7.394375000,0.042973977
7.394437500,0.042987477
7.394500000,0.042638354
7.394562500,0.042026494
7.394625000,0.041361846
7.394687500,0.040790390
7.394750000,0.040379371
7.394812500,0.040070239
7.394875000,0.039800506
7.394937500,0.039437298
7.395000000,0.038873378
7.395062500,0.038047105
7.395125000,0.037052460
7.395187500,0.036001254
7.395250000,0.035014279
7.395312500,0.034148209
7.395375000,0.033456407
7.395437500,0.032871690
7.395500000,0.032284670
7.395562500,0.031578071
7.395625000,0.030759994
7.395687500,0.029866552
7.395750000,0.028990317
7.395812500,0.028221531
7.395875000,0.027684076
7.395937500,0.027374258
7.396000000,0.027201954
7.396062500,0.027003149
7.396125000,0.026679281
7.396187500,0.026125966
7.396250000,0.025319466
7.396312500,0.024306795
7.396375000,0.023265902
7.396437500,0.022323711
7.396500000,0.021554491
7.396562500,0.020933634
7.396625000,0.020434139
7.396687500,0.019928114
7.396750000,0.019295502
7.396812500,0.018458493
7.396875000,0.017503282
7.396937500,0.016521297
7.397000000,0.015624652
7.397062500,0.014877329
7.397125000,0.014356463
7.397187500,0.013991632
7.397250000,0.013648040
7.397312500,0.013158802
7.397375000,0.012482720
7.397437500,0.011593489
7.397500000,0.010541934
7.397562500,0.009411200
7.397625000,0.008380109
7.397687500,0.007530059
7.397750000,0.006871082
7.397812500,0.006316816
7.397875000,0.005828899
7.397937500,0.005312345
7.398000000,0.004706220
7.398062500,0.003973940
7.398125000,0.003231931
7.398187500,0.002571760
7.398250000,0.002070737
7.398312500,0.001722369
7.398375000,0.001559166
7.398437500,0.001515933
7.398500000,0.001505991
7.398562500,0.001419574
7.398625000,0.001280089
7.398687500,0.001106591
7.398750000,0.000941244
7.398812500,0.000787300
7.398875000,0.000707315
7.398937500,0.000681503
7.399000000,0.000658871
7.399062500,0.000549937
7.399125000,0.000369539
7.399187500,0.000135842
7.399250000,-0.000094124
7.399312500,-0.000274135
7.399375000,-0.000291057
7.399437500,-0.000102145
7.399500000,0.000282373
7.399562500,0.000772246
7.399625000,0.001322064
7.399687500,0.001861836
7.399750000,0.002353110
7.399812500,0.002775515
7.399875000,0.003217774
7.399937500,0.003769589
7.400000000,0.004517972
7.400062500,0.005494106
7.400125000,0.006731786
7.400187500,0.008190789
7.400250000,0.009788939
7.400312500,0.011406836
7.400375000,0.012970238
7.400437500,0.014417407
7.400500000,0.015718777
7.400562500,0.016855417
7.400625000,0.017840227
7.400687500,0.018663801
7.400750000,0.019295502
7.400812500,0.019685712
7.400875000,0.019804407
7.400937500,0.019654574
7.401000000,0.019295502
7.401062500,0.018838350
7.401125000,0.018419923
7.401187500,0.018150339
7.401250000,0.018071886
7.401312500,0.018143319
7.401375000,0.018256018
7.401437500,0.018287858
7.401500000,0.018166009
7.401562500,0.017910354
7.401625000,0.017625473
7.401687500,0.017454427
7.401750000,0.017507140
7.401812500,0.017804064
7.401875000,0.018250553
7.401937500,0.018678939
7.402000000,0.018919006
7.402062500,0.018872278
7.402125000,0.018540436
7.402187500,0.018013528
7.402250000,0.017413015
7.402312500,0.016828937
7.402375000,0.016279068
7.402437500,0.015713263
7.402500000,0.015059905
7.402562500,0.014279671
7.402625000,0.013395266
7.402687500,0.012471270
7.402750000,0.011577302
7.402812500,0.010741725
7.402875000,0.009939592
7.402937500,0.009085548
7.403000000,0.008094699
7.403062500,0.006932282
7.403125000,0.005661123
7.403187500,0.004380483
7.403250000,0.003200230
7.403312500,0.002188005
7.403375000,0.001373367
7.403437500,0.000700491
7.403500000,0.000094124
7.403562500,-0.000494625
7.403625000,-0.001035281
7.403687500,-0.001482845
7.403750000,-0.001788364
7.403812500,-0.001935371
7.403875000,-0.001941483
7.403937500,-0.001892582
7.404000000,-0.001882488
7.404062500,-0.001965180
7.404125000,-0.002120356
7.404187500,-0.002301935
7.404250000,-0.002447235
7.404312500,-0.002509499
7.404375000,-0.002466284
7.404437500,-0.002361163
7.404500000,-0.002258986
7.404562500,-0.002214153
7.404625000,-0.002223448
7.404687500,-0.002277576
7.404750000,-0.002353110
7.404812500,-0.002434963
7.404875000,-0.002504538
7.404937500,-0.002590274
7.405000000,-0.002729608
7.405062500,-0.002948766
7.405125000,-0.003220111
7.405187500,-0.003508412
7.405250000,-0.003764976
7.405312500,-0.003951268
7.405375000,-0.004031069
7.405437500,-0.004017748
7.405500000,-0.003953225
7.405562500,-0.003899555
7.405625000,-0.003885756
7.405687500,-0.003934338
7.405750000,-0.004047350
7.405812500,-0.004225697
7.405875000,-0.004444069
7.405937500,-0.004695091
7.406000000,-0.004988594
7.406062500,-0.005362911
7.406125000,-0.005834140
7.406187500,-0.006407258
7.406250000,-0.007059331
7.406312500,-0.007752694
7.406375000,-0.008394628
7.406437500,-0.008883203
7.406500000,-0.009130068
7.406562500,-0.009105694
7.406625000,-0.008805803
7.406687500,-0.008282013
7.406750000,-0.007624077
7.406812500,-0.006955351
7.406875000,-0.006352492
7.406937500,-0.005855459
7.407000000,-0.005459215
7.407062500,-0.005144943
7.407125000,-0.004850950
7.407187500,-0.004525535
7.407250000,-0.004141474
7.407312500,-0.003722236
7.407375000,-0.003285440
7.407437500,-0.002856268
7.407500000,-0.002447235
7.407562500,-0.002064524
7.407625000,-0.001657546
7.407687500,-0.001152718
7.407750000,-0.000470622
7.407812500,0.000430772
7.407875000,0.001568761
7.407937500,0.002901441
7.408000000,0.004329723
7.408062500,0.005706414
7.408125000,0.006906329
7.408187500,0.007856770
7.408250000,0.008565322
7.408312500,0.009108866
7.408375000,0.009621329
7.408437500,0.010232705
7.408500000,0.011012556
7.408562500,0.011933012
7.408625000,0.012889434
7.408687500,0.013747747
7.408750000,0.014401034
7.408812500,0.014814150
7.408875000,0.015033236
7.408937500,0.015170966
7.409000000,0.015342278
7.409062500,0.015609497
7.409125000,0.015943794
7.409187500,0.016264282
7.409250000,0.016471772
7.409312500,0.016504439
7.409375000,0.016352428
7.409437500,0.016086048
7.409500000,0.015812902
7.409562500,0.015634177
7.409625000,0.015583293
7.409687500,0.015636116
7.409750000,0.015718777
7.409812500,0.015747964
7.409875000,0.015651871
7.409937500,0.015412674
7.410000000,0.015059905
7.410062500,0.014652583
7.410125000,0.014239130
7.410187500,0.013845032
7.410250000,0.013459790
7.410312500,0.013043737
7.410375000,0.012554491
7.410437500,0.011968326
7.410500000,0.011294928
7.410562500,0.010569653
7.410625000,0.009859676
7.410687500,0.009216146
7.410750000,0.008659446
7.410812500,0.008157507
7.410875000,0.007678207
7.410937500,0.007166963
7.411000000,0.006588709
7.411062500,0.005929298
7.411125000,0.005257554
7.411187500,0.004642884
7.411250000,0.004141474
7.411312500,0.003734256
7.411375000,0.003418227
7.411437500,0.003115875
7.411500000,0.002729608
7.411562500,0.002136490
7.411625000,0.001356914
7.411687500,0.000449258
7.411750000,-0.000470622
7.411812500,-0.001322294
7.411875000,-0.001934018
7.411937500,-0.002237993
7.412000000,-0.002258986
7.412062500,-0.002171869
7.412125000,-0.002060882
7.412187500,-0.002021367
7.412250000,-0.002070737
7.412312500,-0.002209703
7.412375000,-0.002235702
7.412437500,-0.001993311
7.412500000,-0.001411866
7.412562500,-0.000632343
7.412625000,0.000248505
7.412687500,0.001060927
7.412750000,0.001694239
7.412812500,0.002066707
7.412875000,0.002370292
7.412937500,0.002798788
7.413000000,0.003482603
7.413062500,0.004317253
7.413125000,0.005226846
7.413187500,0.006046780
7.413250000,0.006682833
7.413312500,0.007100374
7.413375000,0.007596492
7.413437500,0.008503134
7.413500000,0.010071312
7.413562500,0.012241275
7.413625000,0.014875195
7.413687500,0.017647065
7.413750000,0.020236747
7.413812500,0.022384571
7.413875000,0.024215661
7.413937500,0.026002638
7.414000000,0.028049074
7.414062500,0.030433003
7.414125000,0.033158265
7.414187500,0.036006659
7.414250000,0.038685132
7.414312500,0.040887982
7.414375000,0.042614128
7.414437500,0.044023003
7.414500000,0.045367967
7.414562500,0.046787400
7.414625000,0.048412893
7.414687500,0.050210577
7.414750000,0.052050799
7.414812500,0.053719807
7.414875000,0.055180978
7.414937500,0.056473676
7.415000000,0.057698261
7.415062500,0.058879592
7.415125000,0.060106426
7.415187500,0.061387166
7.415250000,0.062686861
7.415312500,0.063888177
7.415375000,0.065015137
7.415437500,0.066104129
7.415500000,0.067204826
7.415562500,0.068271942
7.415625000,0.069327645
7.415687500,0.070318691
7.415750000,0.071158051
7.415812500,0.071689352
7.415875000,0.071910001
7.415937500,0.071856447
7.416000000,0.071628675
7.416062500,0.071289867
7.416125000,0.070999466
7.416187500,0.070814103
7.416250000,0.070687436
7.416312500,0.070411481
7.416375000,0.069871880
7.416437500,0.068957224
7.416500000,0.067675456
7.416562500,0.066109128
7.416625000,0.064574569
7.416687500,0.063326515
7.416750000,0.062498607
7.416812500,0.061969105
7.416875000,0.061594628
7.416937500,0.061090633
7.417000000,0.060239621
7.417062500,0.058942191
7.417125000,0.057457995
7.417187500,0.056097835
7.417250000,0.055156901
7.417312500,0.054719239
7.417375000,0.054810308
7.417437500,0.055186242
7.417500000,0.055533402
7.417562500,0.055550139
7.417625000,0.055253997
7.417687500,0.054725591
7.417750000,0.054121532
7.417812500,0.053514663
7.417875000,0.053044338
7.417937500,0.052634493
7.418000000,0.052144922
7.418062500,0.051402099
7.418125000,0.050496783
7.418187500,0.049509723
7.418250000,0.048568193
7.418312500,0.047718178
7.418375000,0.047111377
7.418437500,0.046686959
7.418500000,0.046309207
7.418562500,0.045769706
7.418625000,0.045099229
7.418687500,0.044289473
7.418750000,0.043391351
7.418812500,0.042415313
7.418875000,0.041545045
7.418937500,0.040792387
7.419000000,0.040096994
7.419062500,0.039284810
7.419125000,0.038370237
7.419187500,0.037293080
7.419250000,0.036049645
7.419312500,0.034634229
7.419375000,0.033257976
7.419437500,0.032021038
7.419500000,0.030966930
7.419562500,0.030003954
7.419625000,0.029151650
7.419687500,0.028307337
7.419750000,0.027390203
7.419812500,0.026325414
7.419875000,0.025273189
7.419937500,0.024342841
7.420000000,0.023625227
7.420062500,0.023088133
7.420125000,0.022779619
7.420187500,0.022592530
7.420250000,0.022401609
7.420312500,0.022067886
7.420375000,0.021683147
7.420437500,0.021321269
7.420500000,0.021083867
7.420562500,0.020999847
7.420625000,0.021183871
7.420687500,0.021591084
7.420750000,0.022119237
7.420812500,0.022610098
7.420875000,0.023071902
7.420937500,0.023491863
7.421000000,0.023907598
7.421062500,0.024345154
7.421125000,0.024935288
7.421187500,0.025687169
7.421250000,0.026543085
7.421312500,0.027361324
7.421375000,0.028079886
7.421437500,0.028583616
7.421500000,0.028802069
7.421562500,0.028705206
7.421625000,0.028411103
7.421687500,0.028007880
7.421750000,0.027578451
7.421812500,0.027155532
7.421875000,0.026817011
7.421937500,0.026556479
7.422000000,0.026354834
7.422062500,0.026181856
7.422125000,0.026091509
7.422187500,0.026091261
7.422250000,0.026166586
7.422312500,0.026251379
7.422375000,0.026307436
7.422437500,0.026241425
7.422500000,0.025978338
7.422562500,0.025505867
7.422625000,0.024875080
7.422687500,0.024155470
7.422750000,0.023436978
7.422812500,0.022823287
7.422875000,0.022361925
7.422937500,0.022007767
7.423000000,0.021648614
7.423062500,0.021169186
7.423125000,0.020446572
7.423187500,0.019404899
7.423250000,0.018071886
7.423312500,0.016611231
7.423375000,0.015210435
7.423437500,0.013997633
7.423500000,0.012989169
7.423562500,0.012107047
7.423625000,0.011177877
7.423687500,0.010036903
7.423750000,0.008659446
7.423812500,0.007237540
7.423875000,0.006068999
7.423937500,0.005394728
7.424000000,0.005270967
7.424062500,0.005531417
7.424125000,0.005827794
7.424187500,0.005790238
7.424250000,0.005270967
7.424312500,0.004479976
7.424375000,0.003883308
7.424437500,0.003915846
7.424500000,0.004706220
7.424562500,0.005909608
7.424625000,0.006739472
7.424687500,0.006226793
7.424750000,0.003670852
7.424812500,-0.000992238
7.424875000,-0.007104318
7.424937500,-0.013539352
7.425000000,-0.019107254
7.425062500,-0.022990474
7.425125000,-0.025015282
7.425187500,-0.025671000
7.425250000,-0.025790086
7.425312500,-0.026135681
7.425375000,-0.027084058
7.425437500,-0.028574057
7.425500000,-0.030213933
7.425562500,-0.031539496
7.425625000,-0.032243371
7.425687500,-0.032342032
7.425750000,-0.032096423
7.425812500,-0.031844504
7.425875000,-0.031803120
7.425937500,-0.032022346
7.426000000,-0.032378796
7.426062500,-0.032671236
7.426125000,-0.032713618
7.426187500,-0.032443441
7.426250000,-0.031908173
7.426312500,-0.031214584
7.426375000,-0.030452685
7.426437500,-0.029678138
7.426500000,-0.028896192
7.426562500,-0.028085135
7.426625000,-0.027220825
7.426687500,-0.026315315
7.426750000,-0.025413590
7.426812500,-0.024581904
7.426875000,-0.023868633
7.426937500,-0.023302492
7.427000000,-0.022872232
7.427062500,-0.022533860
7.427125000,-0.022200968
7.427187500,-0.021796383
7.427250000,-0.021272115
7.427312500,-0.020635337
7.427375000,-0.019916996
7.427437500,-0.019174261
7.427500000,-0.018448384
7.427562500,-0.017734479
7.427625000,-0.016992960
7.427687500,-0.016128173
7.427750000,-0.015059905
7.427812500,-0.013767074
7.427875000,-0.012338278
7.427937500,-0.010880359
7.428000000,-0.009506566
7.428062500,-0.008289981
7.428125000,-0.007278882
7.428187500,-0.006422455
7.428250000,-0.005647464
7.428312500,-0.004900981
7.428375000,-0.004222640
7.428437500,-0.003644307
7.428500000,-0.003200230
7.428562500,-0.002890956
7.428625000,-0.002717465
7.428687500,-0.002598509
7.428750000,-0.002447235
7.428812500,-0.002204944
7.428875000,-0.001907246
7.428937500,-0.001574974
7.429000000,-0.001223617
7.429062500,-0.000834380
7.429125000,-0.000396981
7.429187500,0.000151266
7.429250000,0.000847120
7.429312500,0.001671682
7.429375000,0.002508959
7.429437500,0.003259176
7.429500000,0.003859101
7.429562500,0.004323103
7.429625000,0.004703121
7.429687500,0.005115812
7.429750000,0.005647464
7.429812500,0.006303343
7.429875000,0.006966728
7.429937500,0.007504690
7.430000000,0.007812326
7.430062500,0.007873136
7.430125000,0.007754022
7.430187500,0.007617878
7.430250000,0.007624077
7.430312500,0.007843570
7.430375000,0.008225421
7.430437500,0.008643146
7.430500000,0.008941819
7.430562500,0.008993061
7.430625000,0.008782640
7.430687500,0.008403094
7.430750000,0.008000575
7.430812500,0.007679613
7.430875000,0.007512059
7.430937500,0.007486537
7.431000000,0.007529953
7.431062500,0.007522378
7.431125000,0.007415514
7.431187500,0.007212590
7.431250000,0.006965206
7.431312500,0.006710238
7.431375000,0.006512284
7.431437500,0.006387960
7.431500000,0.006306335
7.431562500,0.006170125
7.431625000,0.005937956
7.431687500,0.005595122
7.431750000,0.005176842
7.431812500,0.004719563
7.431875000,0.004343250
7.431937500,0.004137850
7.432000000,0.004141474
7.432062500,0.004279869
7.432125000,0.004501116
7.432187500,0.004722929
7.432250000,0.004894469
7.432312500,0.004978400
7.432375000,0.005090402
7.432437500,0.005365987
7.432500000,0.005929837
7.432562500,0.006796977
7.432625000,0.007986497
7.432687500,0.009425866
7.432750000,0.011012556
7.432812500,0.012605585
7.432875000,0.014191252
7.432937500,0.015764149
7.433000000,0.017318891
7.433062500,0.018766567
7.433125000,0.020067457
7.433187500,0.021140514
7.433250000,0.021930987
7.433312500,0.022398308
7.433375000,0.022657506
7.433437500,0.022839695
7.433500000,0.023060480
7.433562500,0.023328917
7.433625000,0.023662258
7.433687500,0.024019737
7.433750000,0.024378221
7.433812500,0.024731845
7.433875000,0.025198936
7.433937500,0.025883561
7.434000000,0.026825456
7.434062500,0.027924882
7.434125000,0.029033467
7.434187500,0.029961077
7.434250000,0.030590432
7.434312500,0.030925132
7.434375000,0.031147510
7.434437500,0.031484231
7.434500000,0.032096423
7.434562500,0.032965641
7.434625000,0.033929370
7.434687500,0.034719370
7.434750000,0.035108406
7.434812500,0.035016250
7.434875000,0.034594655
7.434937500,0.034123462
7.435000000,0.033884790
7.435062500,0.034014158
7.435125000,0.034473043
7.435187500,0.035049275
7.435250000,0.035484903
7.435312500,0.035590801
7.435375000,0.035375156
7.435437500,0.034967348
7.435500000,0.034543656
7.435562500,0.034198496
7.435625000,0.033955939
7.435687500,0.033707120
7.435750000,0.033320040
7.435812500,0.032705836
7.435875000,0.031951681
7.435937500,0.031180741
7.436000000,0.030496309
7.436062500,0.029868759
7.436125000,0.029202802
7.436187500,0.028282609
7.436250000,0.026919581
7.436312500,0.025035804
7.436375000,0.022809220
7.436437500,0.020514552
7.436500000,0.018448384
7.436562500,0.016780382
7.436625000,0.015591465
7.436687500,0.014766268
7.436750000,0.014118661
7.436812500,0.013459910
7.436875000,0.012788986
7.436937500,0.012141633
7.437000000,0.011577302
7.437062500,0.011071479
7.437125000,0.010624371
7.437187500,0.010131890
7.437250000,0.009506566
7.437312500,0.008706138
7.437375000,0.007902805
7.437437500,0.007272621
7.437500000,0.006965206
7.437562500,0.007002010
7.437625000,0.007342760
7.437687500,0.007800999
7.437750000,0.008188824
7.437812500,0.008391445
7.437875000,0.008508459
7.437937500,0.008678433
7.438000000,0.009035943
7.438062500,0.009597221
7.438125000,0.010327956
7.438187500,0.011047990
7.438250000,0.011577302
7.438312500,0.011804834
7.438375000,0.011837439
7.438437500,0.011814221
7.438500000,0.011859675
7.438562500,0.011969035
7.438625000,0.012114398
7.438687500,0.012166535
7.438750000,0.012047924
7.438812500,0.011775274
7.438875000,0.011594266
7.438937500,0.011737225
7.439000000,0.012330297
7.439062500,0.013258860
7.439125000,0.014329378
7.439187500,0.015264792
7.439250000,0.015907025
7.439312500,0.016272845
7.439375000,0.016669707
7.439437500,0.017395092
7.439500000,0.018542508
7.439562500,0.019797370
7.439625000,0.020638814
7.439687500,0.020424098
7.439750000,0.018730756
7.439812500,0.015539780
7.439875000,0.011472846
7.439937500,0.007460856
7.440000000,0.004423847
7.440062500,0.002848525
7.440125000,0.002796184
7.440187500,0.003806225
7.440250000,0.005176842
7.440312500,0.006209815
7.440375000,0.006668018
7.440437500,0.006669820
7.440500000,0.006588709
7.440562500,0.006737146
7.440625000,0.007393641
7.440687500,0.008544827
7.440750000,0.009977187
7.440812500,0.011333652
7.440875000,0.012510199
7.440937500,0.013537659
7.441000000,0.014589284
7.441062500,0.015783241
7.441125000,0.017321257
7.441187500,0.019222980
7.441250000,0.021366240
7.441312500,0.023453005
7.441375000,0.025353409
7.441437500,0.026975326
7.441500000,0.028331446
7.441562500,0.029428534
7.441625000,0.030477457
7.441687500,0.031642675
7.441750000,0.033037666
7.441812500,0.034610532
7.441875000,0.036383979
7.441937500,0.038279012
7.442000000,0.040191121
7.442062500,0.041946892
7.442125000,0.043553960
7.442187500,0.045023471
7.442250000,0.046403330
7.442312500,0.047682978
7.442375000,0.048963267
7.442437500,0.050266996
7.442500000,0.051580172
7.442562500,0.052814752
7.442625000,0.053974118
7.442687500,0.055060983
7.442750000,0.056098148
7.442812500,0.057066362
7.442875000,0.058023170
7.442937500,0.058988128
7.443000000,0.059957247
7.443062500,0.060855892
7.443125000,0.061684359
7.443187500,0.062423307
7.443250000,0.063063353
7.443312500,0.063556202
7.443375000,0.063960053
7.443437500,0.064315818
7.443500000,0.064663462
7.443562500,0.064973578
7.443625000,0.065296806
7.443687500,0.065617904
7.443750000,0.065887086
7.443812500,0.065969631
7.443875000,0.065833382
7.443937500,0.065411434
7.444000000,0.064663462
7.444062500,0.063527025
7.444125000,0.062107250
7.444187500,0.060481839
7.444250000,0.058733631
7.444312500,0.056868702
7.444375000,0.055007480
7.444437500,0.053180285
7.444500000,0.051391926
7.444562500,0.049566571
7.444625000,0.047778390
7.444687500,0.046031829
7.444750000,0.044332597
7.444812500,0.042621050
7.444875000,0.041007265
7.444937500,0.039526064
7.445000000,0.038214508
7.445062500,0.037040476
7.445125000,0.036131084
7.445187500,0.035497401
7.445250000,0.035108406
7.445312500,0.034828722
7.445375000,0.034679655
7.445437500,0.034596335
7.445500000,0.034543656
7.445562500,0.034466285
7.445625000,0.034512434
7.445687500,0.034727030
7.445750000,0.035108406
7.445812500,0.035534628
7.445875000,0.035988256
7.445937500,0.036325723
7.446000000,0.036426149
7.446062500,0.036195055
7.446125000,0.035784006
7.446187500,0.035313342
7.446250000,0.034920152
7.446312500,0.034667660
7.446375000,0.034690682
7.446437500,0.034938693
7.446500000,0.035296652
7.446562500,0.035603516
7.446625000,0.035856850
7.446687500,0.036007062
7.446750000,0.036049645
7.446812500,0.035990946
7.446875000,0.035951212
7.446937500,0.035945352
7.447000000,0.035955522
7.447062500,0.035933144
7.447125000,0.035896942
7.447187500,0.035793703
7.447250000,0.035579026
7.447312500,0.035234377
7.447375000,0.034813713
7.447437500,0.034327317
7.447500000,0.033790659
7.447562500,0.033234343
7.447625000,0.032699395
7.447687500,0.032152776
7.447750000,0.031531677
7.447812500,0.030779229
7.447875000,0.029848654
7.447937500,0.028668517
7.448000000,0.027201954
7.448062500,0.025493152
7.448125000,0.023628773
7.448187500,0.021689173
7.448250000,0.019766126
7.448312500,0.017981311
7.448375000,0.016406367
7.448437500,0.015019732
7.448500000,0.013742164
7.448562500,0.012502537
7.448625000,0.011212240
7.448687500,0.009781812
7.448750000,0.008188824
7.448812500,0.006532080
7.448875000,0.004934019
7.448937500,0.003472706
7.449000000,0.002164861
7.449062500,0.000991877
7.449125000,-0.000158429
7.449187500,-0.001452839
7.449250000,-0.003011981
7.449312500,-0.004809211
7.449375000,-0.006749401
7.449437500,-0.008722738
7.449500000,-0.010636058
7.449562500,-0.012412092
7.449625000,-0.014078852
7.449687500,-0.015746281
7.449750000,-0.017507140
7.449812500,-0.019326501
7.449875000,-0.021105075
7.449937500,-0.022726888
7.450000000,-0.024095848
7.450062500,-0.025153056
7.450125000,-0.025977427
7.450187500,-0.026773246
7.450250000,-0.027766701
7.450312500,-0.029073292
7.450375000,-0.030708332
7.450437500,-0.032588337
7.450500000,-0.034543656
7.450562500,-0.036347378
7.450625000,-0.037846416
7.450687500,-0.039011162
7.450750000,-0.039908748
7.450812500,-0.040624883
7.450875000,-0.041265562
7.450937500,-0.041904047
7.451000000,-0.042544231
7.451062500,-0.043106489
7.451125000,-0.043515980
7.451187500,-0.043749716
7.451250000,-0.043861974
7.451312500,-0.043962229
7.451375000,-0.044201583
7.451437500,-0.044696834
7.451500000,-0.045462091
7.451562500,-0.046373338
7.451625000,-0.047226422
7.451687500,-0.047810178
7.451750000,-0.048003450
7.451812500,-0.047828827
7.451875000,-0.047457509
7.451937500,-0.047113631
7.452000000,-0.046968080
7.452062500,-0.047043532
7.452125000,-0.047228437
7.452187500,-0.047301456
7.452250000,-0.047062203
7.452312500,-0.046428990
7.452375000,-0.045515880
7.452437500,-0.044527028
7.452500000,-0.043673724
7.452562500,-0.043056771
7.452625000,-0.042656273
7.452687500,-0.042281099
7.452750000,-0.041697115
7.452812500,-0.040736187
7.452875000,-0.039416693
7.452937500,-0.037856270
7.453000000,-0.036237895
7.453062500,-0.034705345
7.453125000,-0.033344563
7.453187500,-0.032062940
7.453250000,-0.030684557
7.453312500,-0.029035440
7.453375000,-0.027082512
7.453437500,-0.024858112
7.453500000,-0.022495734
7.453562500,-0.020168966
7.453625000,-0.018078618
7.453687500,-0.016272159
7.453750000,-0.014683408
7.453812500,-0.013163074
7.453875000,-0.011611671
7.453937500,-0.009923524
7.454000000,-0.008094699
7.454062500,-0.006228123
7.454125000,-0.004565101
7.454187500,-0.003276720
7.454250000,-0.002447235
7.454312500,-0.002026413
7.454375000,-0.001913373
7.454437500,-0.001874615
7.454500000,-0.001694239
7.454562500,-0.001251252
7.454625000,-0.000612585
7.454687500,0.000126193
7.454750000,0.000847120
7.454812500,0.001475892
7.454875000,0.001957497
7.454937500,0.002372410
7.455000000,0.002823732
7.455062500,0.003370870
7.455125000,0.003950991
7.455187500,0.004508358
7.455250000,0.004988594
7.455312500,0.005380346
7.455375000,0.005705331
7.455437500,0.006095864
7.455500000,0.006682833
7.455562500,0.007511959
7.455625000,0.008494481
7.455687500,0.009496743
7.455750000,0.010353684
7.455812500,0.010920227
7.455875000,0.011126986
7.455937500,0.011046530
7.456000000,0.010824307
7.456062500,0.010593786
7.456125000,0.010441603
7.456187500,0.010403604
7.456250000,0.010447809
7.456312500,0.010480485
7.456375000,0.010437706
7.456437500,0.010314963
7.456500000,0.010165436
7.456562500,0.010049514
7.456625000,0.010075012
7.456687500,0.010324395
7.456750000,0.010824307
7.456812500,0.011495827
7.456875000,0.012260528
7.456937500,0.013009887
7.457000000,0.013648040
7.457062500,0.014080934
7.457125000,0.014332022
7.457187500,0.014469339
7.457250000,0.014589284
7.457312500,0.014743485
7.457375000,0.015015421
7.457437500,0.015436456
7.457500000,0.016001150
7.457562500,0.016636780
7.457625000,0.017334498
7.457687500,0.018071689
7.457750000,0.018824881
7.457812500,0.019516066
7.457875000,0.020138450
7.457937500,0.020666117
7.458000000,0.021083867
7.458062500,0.021345941
7.458125000,0.021512527
7.458187500,0.021631721
7.458250000,0.021742739
7.458312500,0.021806682
7.458375000,0.021865146
7.458437500,0.021929041
7.458500000,0.022025112
7.458562500,0.022144917
7.458625000,0.022399582
7.458687500,0.022855820
7.458750000,0.023531102
7.458812500,0.024317328
7.458875000,0.025156876
7.458937500,0.025951222
7.459000000,0.026637208
7.459062500,0.027159618
7.459125000,0.027623000
7.459187500,0.028121391
7.459250000,0.028707944
7.459312500,0.029298017
7.459375000,0.029824818
7.459437500,0.030160164
7.459500000,0.030213933
7.459562500,0.029937368
7.459625000,0.029500125
7.459687500,0.029114963
7.459750000,0.028990317
7.459812500,0.029192589
7.459875000,0.029758699
7.459937500,0.030568726
7.460000000,0.031437553
7.460062500,0.032142635
7.460125000,0.032636281
7.460187500,0.032935239
7.460250000,0.033131793
7.460312500,0.033294473
7.460375000,0.033570122
7.460437500,0.034016468
7.460500000,0.034637783
7.460562500,0.035354331
7.460625000,0.036170479
7.460687500,0.037045315
7.460750000,0.037932139
7.460812500,0.038729999
7.460875000,0.039423730
7.460937500,0.039956436
7.461000000,0.040285248
7.461062500,0.040356122
7.461125000,0.040243745
7.461187500,0.040009547
7.461250000,0.039720498
7.461312500,0.039391343
7.461375000,0.039087418
7.461437500,0.038799323
7.461500000,0.038496882
7.461562500,0.038121708
7.461625000,0.037720047
7.461687500,0.037324872
7.461750000,0.036990892
7.461812500,0.036745545
7.461875000,0.036669895
7.461937500,0.036746614
7.462000000,0.036896769
7.462062500,0.036966972
7.462125000,0.036875024
7.462187500,0.036519226
7.462250000,0.035861399
7.462312500,0.034920126
7.462375000,0.033862654
7.462437500,0.032844312
7.462500000,0.032002300
7.462562500,0.031388856
7.462625000,0.031040085
7.462687500,0.030856621
7.462750000,0.030684557
7.462812500,0.030354114
7.462875000,0.029815348
7.462937500,0.029054262
7.463000000,0.028143197
7.463062500,0.027199343
7.463125000,0.026409283
7.463187500,0.025851993
7.463250000,0.025507715
7.463312500,0.025243239
7.463375000,0.024934627
7.463437500,0.024402503
7.463500000,0.023531102
7.463562500,0.022297690
7.463625000,0.020858284
7.463687500,0.019369081
7.463750000,0.017977761
7.463812500,0.016757404
7.463875000,0.015769992
7.463937500,0.014951327
7.464000000,0.014212786
7.464062500,0.013481740
7.464125000,0.012813888
7.464187500,0.012255630
7.464250000,0.011859675
7.464312500,0.011631475
7.464375000,0.011581456
7.464437500,0.011606987
7.464500000,0.011577302
7.464562500,0.011368893
7.464625000,0.010979644
7.464687500,0.010410446
7.464750000,0.009694814
7.464812500,0.008850413
7.464875000,0.007950506
7.464937500,0.006985569
7.465000000,0.005929837
7.465062500,0.004742960
7.465125000,0.003510827
7.465187500,0.002307368
7.465250000,0.001223617
7.465312500,0.000293863
7.465375000,-0.000370482
7.465437500,-0.000765051
7.465500000,-0.000941244
7.465562500,-0.001043553
7.465625000,-0.001101465
7.465687500,-0.001180956
7.465750000,-0.001317742
7.465812500,-0.001570908
7.465875000,-0.001846587
7.465937500,-0.002090147
7.466000000,-0.002258986
7.466062500,-0.002395406
7.466125000,-0.002446456
7.466187500,-0.002425309
7.466250000,-0.002353110
7.466312500,-0.002304597
7.466375000,-0.002238310
7.466437500,-0.002154818
7.466500000,-0.002070737
7.466562500,-0.002078141
7.466625000,-0.002165258
7.466687500,-0.002333295
7.466750000,-0.002541359
7.466812500,-0.002757376
7.466875000,-0.002813747
7.466937500,-0.002580008
7.467000000,-0.001976613
7.467062500,-0.001056695
7.467125000,0.000159661
7.467187500,0.001595735
7.467250000,0.003200230
7.467312500,0.004934010
7.467375000,0.006914584
7.467437500,0.009259772
7.467500000,0.012047924
7.467562500,0.015214865
7.467625000,0.018644400
7.467687500,0.022102118
7.467750000,0.025319466
7.467812500,0.028040491
7.467875000,0.030169489
7.467937500,0.031730246
7.468000000,0.032849420
7.468062500,0.033673238
7.468125000,0.034358736
7.468187500,0.034991357
7.468250000,0.035579026
7.468312500,0.036058117
7.468375000,0.036371406
7.468437500,0.036486983
7.468500000,0.036426149
7.468562500,0.036256626
7.468625000,0.036086135
7.468687500,0.036023274
7.468750000,0.036143772
7.468812500,0.036468241
7.468875000,0.036952078
7.468937500,0.037507132
7.469000000,0.038026262
7.469062500,0.038420934
7.469125000,0.038628511
7.469187500,0.038641293
7.469250000,0.038496882
7.469312500,0.038272455
7.469375000,0.038006965
7.469437500,0.037714276
7.469500000,0.037367389
7.469562500,0.036932040
7.469625000,0.036327560
7.469687500,0.035502933
7.469750000,0.034449533
7.469812500,0.033232588
7.469875000,0.031908650
7.469937500,0.030542213
7.470000000,0.029178567
7.470062500,0.027853018
7.470125000,0.026541349
7.470187500,0.025184002
7.470250000,0.023719350
7.470312500,0.022126941
7.470375000,0.020433500
7.470437500,0.018680589
7.470500000,0.016942395
7.470562500,0.015312653
7.470625000,0.013880920
7.470687500,0.012633261
7.470750000,0.011483178
7.470812500,0.010304473
7.470875000,0.009007434
7.470937500,0.007512593
7.471000000,0.005835713
7.471062500,0.004095017
7.471125000,0.002503268
7.471187500,0.001193369
7.471250000,0.000188249
7.471312500,-0.000625395
7.471375000,-0.001430369
7.471437500,-0.002481816
7.471500000,-0.003953225
7.471562500,-0.005852296
7.471625000,-0.007977306
7.471687500,-0.010084486
7.471750000,-0.011953799
7.471812500,-0.013483739
7.471875000,-0.014685259
7.471937500,-0.015739728
7.472000000,-0.016848268
7.472062500,-0.018122043
7.472125000,-0.019474156
7.472187500,-0.020745745
7.472250000,-0.021742739
7.472312500,-0.022338515
7.472375000,-0.022478037
7.472437500,-0.022280479
7.472500000,-0.021930987
7.472562500,-0.021599714
7.472625000,-0.021319970
7.472687500,-0.021075254
7.472750000,-0.020801496
7.472812500,-0.020452907
7.472875000,-0.019989377
7.472937500,-0.019456994
7.473000000,-0.018919006
7.473062500,-0.018418826
7.473125000,-0.017901707
7.473187500,-0.017301511
7.473250000,-0.016565897
7.473312500,-0.015720390
7.473375000,-0.014836010
7.473437500,-0.014063065
7.473500000,-0.013553915
7.473562500,-0.013411649
7.473625000,-0.013605300
7.473687500,-0.014020311
7.473750000,-0.014495159
7.473812500,-0.014894599
7.473875000,-0.015125456
7.473937500,-0.015169745
7.474000000,-0.015059905
7.474062500,-0.014849175
7.474125000,-0.014565011
7.474187500,-0.014203093
7.474250000,-0.013742164
7.474312500,-0.013164530
7.474375000,-0.012481505
7.474437500,-0.011699788
7.474500000,-0.010824307
7.474562500,-0.009844585
7.474625000,-0.008773809
7.474687500,-0.007613688
7.474750000,-0.006400459
7.474812500,-0.005203283
7.474875000,-0.004161540
7.474937500,-0.003362505
7.475000000,-0.002823732
7.475062500,-0.002456084
7.475125000,-0.002135925
7.475187500,-0.001678400
7.475250000,-0.000941244
7.475312500,0.000130276
7.475375000,0.001424391
7.475437500,0.002784010
7.475500000,0.004047350
7.475562500,0.005136235
7.475625000,0.006003689
7.475687500,0.006710163
7.475750000,0.007341704
7.475812500,0.007980629
7.475875000,0.008574846
7.475937500,0.009048400
7.476000000,0.009318316
7.476062500,0.009381104
7.476125000,0.009225056
7.476187500,0.008922996
7.476250000,0.008565322
7.476312500,0.008256025
7.476375000,0.007957192
7.476437500,0.007612346
7.476500000,0.007153455
7.476562500,0.006587443
7.476625000,0.005889166
7.476687500,0.005112987
7.476750000,0.004329723
7.476812500,0.003633992
7.476875000,0.002982571
7.476937500,0.002323345
7.477000000,0.001600115
7.477062500,0.000839146
7.477125000,0.000042085
7.477187500,-0.000710072
7.477250000,-0.001317742
7.477312500,-0.001667046
7.477375000,-0.001790226
7.477437500,-0.001780325
7.477500000,-0.001788364
7.477562500,-0.001939649
7.477625000,-0.002390377
7.477687500,-0.003217912
7.477750000,-0.004423847
7.477812500,-0.005908491
7.477875000,-0.007587158
7.477937500,-0.009352098
7.478000000,-0.011106680
7.478062500,-0.012753084
7.478125000,-0.014278025
7.478187500,-0.015713748
7.478250000,-0.017130643
7.478312500,-0.018585006
7.478375000,-0.020135380
7.478437500,-0.021780528
7.478500000,-0.023436978
7.478562500,-0.024933605
7.478625000,-0.026097620
7.478687500,-0.026819699
7.478750000,-0.027107829
7.478812500,-0.027091626
7.478875000,-0.027000478
7.478937500,-0.027079491
7.479000000,-0.027484328
7.479062500,-0.028210822
7.479125000,-0.029102348
7.479187500,-0.029930990
7.479250000,-0.030496309
7.479312500,-0.030712139
7.479375000,-0.030637378
7.479437500,-0.030441664
7.479500000,-0.030308058
7.479562500,-0.030334547
7.479625000,-0.030489895
7.479687500,-0.030633448
7.479750000,-0.030590432
7.479812500,-0.030239051
7.479875000,-0.029580994
7.479937500,-0.028730568
7.480000000,-0.027860826
7.480062500,-0.027118849
7.480125000,-0.026575910
7.480187500,-0.026198545
7.480250000,-0.025884213
7.480312500,-0.025513489
7.480375000,-0.025024980
7.480437500,-0.024412991
7.480500000,-0.023719350
7.480562500,-0.022984114
7.480625000,-0.022251965
7.480687500,-0.021508170
7.480750000,-0.020707369
7.480812500,-0.019788941
7.480875000,-0.018753091
7.480937500,-0.017605759
7.481000000,-0.016377648
7.481062500,-0.015094995
7.481125000,-0.013820174
7.481187500,-0.012558321
7.481250000,-0.011294928
7.481312500,-0.009994873
7.481375000,-0.008697665
7.481437500,-0.007423396
7.481500000,-0.006212211
7.481562500,-0.005108055
7.481625000,-0.004195251
7.481687500,-0.003498057
7.481750000,-0.003011981
7.481812500,-0.002699172
7.481875000,-0.002556583
7.481937500,-0.002525515
7.482000000,-0.002541359
7.482062500,-0.002538891
7.482125000,-0.002515892
7.482187500,-0.002451317
7.482250000,-0.002353110
7.482312500,-0.002253439
7.482375000,-0.002240413
7.482437500,-0.002341288
7.482500000,-0.002541359
7.482562500,-0.002784410
7.482625000,-0.003033848
7.482687500,-0.003235780
7.482750000,-0.003388479
7.482812500,-0.003550651
7.482875000,-0.003820637
7.482937500,-0.004207662
7.483000000,-0.004612096
7.483062500,-0.004842151
7.483125000,-0.004694372
7.483187500,-0.004030955
7.483250000,-0.002917857
7.483312500,-0.001672822
7.483375000,-0.000749043
7.483437500,-0.000525418
7.483500000,-0.001129493
7.483562500,-0.002357225
7.483625000,-0.003676988
7.483687500,-0.004434511
7.483750000,-0.004141474
7.483812500,-0.002726895
7.483875000,-0.000528315
7.483937500,0.001823962
7.484000000,0.003670852
7.484062500,0.004562296
7.484125000,0.004500869
7.484187500,0.003861842
7.484250000,0.003200230
7.484312500,0.002950689
7.484375000,0.003335971
7.484437500,0.004250039
7.484500000,0.005365091
7.484562500,0.006272496
7.484625000,0.006769313
7.484687500,0.006869482
7.484750000,0.006776957
7.484812500,0.006715677
7.484875000,0.006927264
7.484937500,0.007501309
7.485000000,0.008377072
7.485062500,0.009344272
7.485125000,0.010268950
7.485187500,0.011071652
7.485250000,0.011765551
7.485312500,0.012382510
7.485375000,0.013066790
7.485437500,0.013937274
7.485500000,0.015059905
7.485562500,0.016374346
7.485625000,0.017835360
7.485687500,0.019347580
7.485750000,0.020801496
7.485812500,0.022041870
7.485875000,0.023037819
7.485937500,0.023798248
7.486000000,0.024378221
7.486062500,0.024798466
7.486125000,0.025178773
7.486187500,0.025612483
7.486250000,0.026166586
7.486312500,0.026814692
7.486375000,0.027580859
7.486437500,0.028447388
7.486500000,0.029366815
7.486562500,0.030208912
7.486625000,0.030931303
7.486687500,0.031494606
7.486750000,0.031908173
7.486812500,0.032185391
7.486875000,0.032480136
7.486937500,0.032944091
7.487000000,0.033696536
7.487062500,0.034725964
7.487125000,0.036016449
7.487187500,0.037451334
7.487250000,0.038873378
7.487312500,0.040077079
7.487375000,0.040999964
7.487437500,0.041621991
7.487500000,0.041979488
7.487562500,0.042084139
7.487625000,0.042050976
7.487687500,0.041961804
7.487750000,0.041885361
7.487812500,0.041819651
7.487875000,0.041854315
7.487937500,0.042029656
7.488000000,0.042355984
7.488062500,0.042751972
7.488125000,0.043211684
7.488187500,0.043686997
7.488250000,0.044144347
7.488312500,0.044522781
7.488375000,0.044884436
7.488437500,0.045239083
7.488500000,0.045556214
7.488562500,0.045703281
7.488625000,0.045632713
7.488687500,0.045271207
7.488750000,0.044614971
7.488812500,0.043699741
7.488875000,0.042751256
7.488937500,0.041952837
7.489000000,0.041414738
7.489062500,0.041065078
7.489125000,0.040847041
7.489187500,0.040597614
7.489250000,0.040191121
7.489312500,0.039545499
7.489375000,0.038845751
7.489437500,0.038284980
7.489500000,0.038026262
7.489562500,0.038044736
7.489625000,0.038329091
7.489687500,0.038700957
7.489750000,0.038967505
7.489812500,0.038933799
7.489875000,0.038712166
7.489937500,0.038447782
7.490000000,0.038308635
7.490062500,0.038305100
7.490125000,0.038503017
7.490187500,0.038761560
7.490250000,0.038873378
7.490312500,0.038572147
7.490375000,0.037879288
7.490437500,0.036861461
7.490500000,0.035673149
7.490562500,0.034405764
7.490625000,0.033298027
7.490687500,0.032432523
7.490750000,0.031814050
7.490812500,0.031309787
7.490875000,0.030976517
7.490937500,0.030800546
7.491000000,0.030778680
7.491062500,0.030815275
7.491125000,0.031004805
7.491187500,0.031342573
7.491250000,0.031814050
7.491312500,0.032314893
7.491375000,0.032946069
7.491437500,0.033722155
7.491500000,0.034637783
7.491562500,0.035574909
7.491625000,0.036580395
7.491687500,0.037621774
7.491750000,0.038685132
7.491812500,0.039707836
7.491875000,0.040823858
7.491937500,0.042082693
7.492000000,0.043485478
7.492062500,0.044893920
7.492125000,0.046272725
7.492187500,0.047497898
7.492250000,0.048474070
7.492312500,0.049106009
7.492375000,0.049514484
7.492437500,0.049783718
7.492500000,0.049980059
7.492562500,0.050059274
7.492625000,0.050069824
7.492687500,0.049979556
7.492750000,0.049791813
7.492812500,0.049526926
7.492875000,0.049397189
7.492937500,0.049553182
7.493000000,0.050074182
7.493062500,0.050868407
7.493125000,0.051842961
7.493187500,0.052775655
7.493250000,0.053462666
7.493312500,0.053758893
7.493375000,0.053759053
7.493437500,0.053605694
7.493500000,0.053462666
7.493562500,0.053393595
7.493625000,0.053442866
7.493687500,0.053492218
7.493750000,0.053368539
7.493812500,0.052893791
7.493875000,0.052077759
7.493937500,0.050992921
7.494000000,0.049791813
7.494062500,0.048611056
7.494125000,0.047611371
7.494187500,0.046788413
7.494250000,0.046026833
7.494312500,0.045126438
7.494375000,0.043990646
7.494437500,0.042548817
7.494500000,0.040849991
7.494562500,0.039027214
7.494625000,0.037354264
7.494687500,0.035999253
7.494750000,0.035014279
7.494812500,0.034285739
7.494875000,0.033686742
7.494937500,0.032983623
7.495000000,0.032002300
7.495062500,0.030684780
7.495125000,0.029215368
7.495187500,0.027799128
7.495250000,0.026637208
7.495312500,0.025816534
7.495375000,0.025373671
7.495437500,0.025133649
7.495500000,0.024848843
7.495562500,0.024280999
7.495625000,0.023393836
7.495687500,0.022217935
7.495750000,0.020895619
7.495812500,0.019597683
7.495875000,0.018555431
7.495937500,0.017820345
7.496000000,0.017318891
7.496062500,0.016870961
7.496125000,0.016358033
7.496187500,0.015621813
7.496250000,0.014589284
7.496312500,0.013281208
7.496375000,0.011883967
7.496437500,0.010530939
7.496500000,0.009318316
7.496562500,0.008262965
7.496625000,0.007405136
7.496687500,0.006679150
7.496750000,0.006023962
7.496812500,0.005401826
7.496875000,0.004894471
7.496937500,0.004516595
7.497000000,0.004235599
7.497062500,0.003938303
7.497125000,0.003540586
7.497187500,0.002906604
7.497250000,0.001976613
7.497312500,0.000803080
7.497375000,-0.000369319
7.497437500,-0.001296451
7.497500000,-0.001788364
7.497562500,-0.001810758
7.497625000,-0.001438414
7.497687500,-0.000926424
7.497750000,-0.000564746
7.497812500,-0.000575477
7.497875000,-0.000966528
7.497937500,-0.001626503
7.498000000,-0.002353110
7.498062500,-0.002967136
7.498125000,-0.003331479
7.498187500,-0.003483927
7.498250000,-0.003576728
7.498312500,-0.003817354
7.498375000,-0.004316239
7.498437500,-0.005110689
7.498500000,-0.006118086
7.498562500,-0.007180086
7.498625000,-0.008052664
7.498687500,-0.008549257
7.498750000,-0.008565322
7.498812500,-0.008118235
7.498875000,-0.007283858
7.498937500,-0.006235824
7.499000000,-0.005176842
7.499062500,-0.004298162
7.499125000,-0.003686968
7.499187500,-0.003349755
7.499250000,-0.003200230
7.499312500,-0.003104323
7.499375000,-0.002893092
7.499437500,-0.002459630
7.499500000,-0.001788364
7.499562500,-0.000967807
7.499625000,-0.000140893
7.499687500,0.000531763
7.499750000,0.000941244
7.499812500,0.001073380
7.499875000,0.001009069
7.499937500,0.000886809
7.500000000,0.000847120
7.500062500,0.000982472
7.500125000,0.001296986
7.500187500,0.001724969
7.500250000,0.002164861
7.500312500,0.002531780
7.500375000,0.002785358
7.500437500,0.002951598
7.500500000,0.003106105
7.500562500,0.003343703
7.500625000,0.003730265
7.500687500,0.004288823
7.500750000,0.004988594
7.500812500,0.005758534
7.500875000,0.006497406
7.500937500,0.007111709
7.501000000,0.007529953
7.501062500,0.007714808
7.501125000,0.007670017
7.501187500,0.007452116
7.501250000,0.007153455
7.501312500,0.006879221
7.501375000,0.006721545
7.501437500,0.006747437
7.501500000,0.006965206
7.501562500,0.007304191
7.501625000,0.007635158
7.501687500,0.007795510
7.501750000,0.007624077
7.501812500,0.006996525
7.501875000,0.005884167
7.501937500,0.004369030
7.502000000,0.002635483
7.502062500,0.000921584
7.502125000,-0.000527290
7.502187500,-0.001539830
7.502250000,-0.002070737
7.502312500,-0.002222676
7.502375000,-0.002170464
7.502437500,-0.002108418
7.502500000,-0.002164861
7.502562500,-0.002373254
7.502625000,-0.002628038
7.502687500,-0.002783089
7.502750000,-0.002729608
7.502812500,-0.002479424
7.502875000,-0.002117385
7.502937500,-0.001788043
7.503000000,-0.001600115
7.503062500,-0.001573312
7.503125000,-0.001569140
7.503187500,-0.001385847
7.503250000,-0.000847120
7.503312500,0.000088322
7.503375000,0.001334348
7.503437500,0.002672802
7.503500000,0.003859101
7.503562500,0.004710844
7.503625000,0.005222460
7.503687500,0.005507526
7.503750000,0.005741589
7.503812500,0.006054105
7.503875000,0.006507146
7.503937500,0.007040457
7.504000000,0.007529953
7.504062500,0.007845042
7.504125000,0.007944690
7.504187500,0.007848771
7.504250000,0.007624077
7.504312500,0.007331676
7.504375000,0.007044036
7.504437500,0.006807850
7.504500000,0.006682833
7.504562500,0.006755062
7.504625000,0.007143686
7.504687500,0.007935503
7.504750000,0.009130068
7.504812500,0.010602297
7.504875000,0.012121739
7.504937500,0.013424669
7.505000000,0.014306910
7.505062500,0.014698862
7.505125000,0.014676685
7.505187500,0.014420262
7.505250000,0.014118661
7.505312500,0.013885858
7.505375000,0.013707960
7.505437500,0.013481567
7.505500000,0.013083293
7.505562500,0.012455390
7.505625000,0.011641454
7.505687500,0.010786474
7.505750000,0.010071312
7.505812500,0.009634450
7.505875000,0.009500232
7.505937500,0.009576598
7.506000000,0.009694814
7.506062500,0.009685631
7.506125000,0.009446564
7.506187500,0.008977245
7.506250000,0.008377072
7.506312500,0.007800206
7.506375000,0.007392085
7.506437500,0.007218967
7.506500000,0.007247579
7.506562500,0.007360826
7.506625000,0.007404328
7.506687500,0.007233627
7.506750000,0.006776957
7.506812500,0.006064266
7.506875000,0.005215139
7.506937500,0.004376420
7.507000000,0.003670852
7.507062500,0.003153180
7.507125000,0.002796729
7.507187500,0.002504082
7.507250000,0.002164861
7.507312500,0.001708916
7.507375000,0.001141767
7.507437500,0.000515578
7.507500000,-0.000094124
7.507562500,-0.000625389
7.507625000,-0.001049091
7.507687500,-0.001392951
7.507750000,-0.001694239
7.507812500,-0.001954809
7.507875000,-0.002147369
7.507937500,-0.002248816
7.508000000,-0.002258986
7.508062500,-0.002206512
7.508125000,-0.002174639
7.508187500,-0.002267021
7.508250000,-0.002541359
7.508312500,-0.002949179
7.508375000,-0.003374988
7.508437500,-0.003679508
7.508500000,-0.003764976
7.508562500,-0.003615243
7.508625000,-0.003337265
7.508687500,-0.003112261
7.508750000,-0.003106105
7.508812500,-0.003375783
7.508875000,-0.003865170
7.508937500,-0.004428299
7.509000000,-0.004894469
7.509062500,-0.005134732
7.509125000,-0.005124820
7.509187500,-0.004941488
7.509250000,-0.004706220
7.509312500,-0.004514953
7.509375000,-0.004396546
7.509437500,-0.004322123
7.509500000,-0.004235599
7.509562500,-0.004103739
7.509625000,-0.003955156
7.509687500,-0.003890798
7.509750000,-0.004047350
7.509812500,-0.004541344
7.509875000,-0.005427429
7.509937500,-0.006677329
7.510000000,-0.008188824
7.510062500,-0.009817301
7.510125000,-0.011424960
7.510187500,-0.012908491
7.510250000,-0.014212786
7.510312500,-0.015318665
7.510375000,-0.016236112
7.510437500,-0.016969411
7.510500000,-0.017507140
7.510562500,-0.017822132
7.510625000,-0.017891277
7.510687500,-0.017710960
7.510750000,-0.017318891
7.510812500,-0.016800331
7.510875000,-0.016261170
7.510937500,-0.015792610
7.511000000,-0.015436403
7.511062500,-0.015171582
7.511125000,-0.014907731
7.511187500,-0.014525578
7.511250000,-0.013930413
7.511312500,-0.013101839
7.511375000,-0.012079796
7.511437500,-0.010947740
7.511500000,-0.009788939
7.511562500,-0.008659505
7.511625000,-0.007558873
7.511687500,-0.006461599
7.511750000,-0.005365091
7.511812500,-0.004335120
7.511875000,-0.003474809
7.511937500,-0.002890907
7.512000000,-0.002635483
7.512062500,-0.002679185
7.512125000,-0.002876209
7.512187500,-0.003036891
7.512250000,-0.003011981
7.512312500,-0.002783341
7.512375000,-0.002430385
7.512437500,-0.002111418
7.512500000,-0.001976613
7.512562500,-0.002101967
7.512625000,-0.002414816
7.512687500,-0.002728118
7.512750000,-0.002823732
7.512812500,-0.002558041
7.512875000,-0.001902224
7.512937500,-0.000935251
7.513000000,0.000188249
7.513062500,0.001296829
7.513125000,0.002273659
7.513187500,0.003108278
7.513250000,0.003859101
7.513312500,0.004595437
7.513375000,0.005350288
7.513437500,0.006124509
7.513500000,0.006871082
7.513562500,0.007513634
7.513625000,0.007986023
7.513687500,0.008287615
7.513750000,0.008471197
7.513812500,0.008613070
7.513875000,0.008786714
7.513937500,0.009050260
7.514000000,0.009412440
7.514062500,0.009825129
7.514125000,0.010225141
7.514187500,0.010581893
7.514250000,0.010918431
7.514312500,0.011302162
7.514375000,0.011840111
7.514437500,0.012619183
7.514500000,0.013648040
7.514562500,0.014813444
7.514625000,0.015931224
7.514687500,0.016788442
7.514750000,0.017224766
7.514812500,0.017184228
7.514875000,0.016765648
7.514937500,0.016170548
7.515000000,0.015624652
7.515062500,0.015280603
7.515125000,0.015190480
7.515187500,0.015288385
7.515250000,0.015436403
7.515312500,0.015481483
7.515375000,0.015336065
7.515437500,0.014990084
7.515500000,0.014495159
7.515562500,0.013912920
7.515625000,0.013316740
7.515687500,0.012750098
7.515750000,0.012236172
7.515812500,0.011769927
7.515875000,0.011400228
7.515937500,0.011169944
7.516000000,0.011106680
7.516062500,0.011167320
7.516125000,0.011321030
7.516187500,0.011486067
7.516250000,0.011577302
7.516312500,0.011503241
7.516375000,0.011293315
7.516437500,0.011007014
7.516500000,0.010730183
7.516562500,0.010498748
7.516625000,0.010398278
7.516687500,0.010449572
7.516750000,0.010636058
7.516812500,0.010865777
7.516875000,0.011128217
7.516937500,0.011380931
7.517000000,0.011577302
7.517062500,0.011610919
7.517125000,0.011491408
7.517187500,0.011218450
7.517250000,0.010824307
7.517312500,0.010305250
7.517375000,0.009799780
7.517437500,0.009393581
7.517500000,0.009130068
7.517562500,0.008927362
7.517625000,0.008795954
7.517687500,0.008704931
7.517750000,0.008659446
7.517812500,0.008644766
7.517875000,0.008843485
7.517937500,0.009409793
7.518000000,0.010447809
7.518062500,0.011876969
7.518125000,0.013642536
7.518187500,0.015559433
7.518250000,0.017413015
7.518312500,0.018948728
7.518375000,0.020142160
7.518437500,0.021035155
7.518500000,0.021742739
7.518562500,0.022326214
7.518625000,0.022955377
7.518687500,0.023719778
7.518750000,0.024660595
7.518812500,0.025705837
7.518875000,0.026889708
7.518937500,0.028189436
7.519000000,0.029555064
7.519062500,0.030834299
7.519125000,0.032004796
7.519187500,0.033041414
7.519250000,0.033978913
7.519312500,0.034840412
7.519375000,0.035811253
7.519437500,0.037017602
7.519500000,0.038496882
7.519562500,0.040096406
7.519625000,0.041691817
7.519687500,0.043107148
7.519750000,0.044238474
7.519812500,0.045051094
7.519875000,0.045751620
7.519937500,0.046577688
7.520000000,0.047721073
7.520062500,0.049179472
7.520125000,0.050874878
7.520187500,0.052576862
7.520250000,0.054027408
7.520312500,0.055001609
7.520375000,0.055493865
7.520437500,0.055611923
7.520500000,0.055533402
7.520562500,0.055381879
7.520625000,0.055252954
7.520687500,0.055115331
7.520750000,0.054874528
7.520812500,0.054420736
7.520875000,0.053766876
7.520937500,0.052990016
7.521000000,0.052239046
7.521062500,0.051663402
7.521125000,0.051419780
7.521187500,0.051540345
7.521250000,0.051956676
7.521312500,0.052512068
7.521375000,0.053073559
7.521437500,0.053487852
7.521500000,0.053650912
7.521562500,0.053507406
7.521625000,0.053116038
7.521687500,0.052520998
7.521750000,0.051768426
7.521812500,0.050872583
7.521875000,0.049899284
7.521937500,0.048849408
7.522000000,0.047721073
7.522062500,0.046503514
7.522125000,0.045274418
7.522187500,0.044050552
7.522250000,0.042826608
7.522312500,0.041541673
7.522375000,0.040210381
7.522437500,0.038772233
7.522500000,0.037179142
7.522562500,0.035380650
7.522625000,0.033474755
7.522687500,0.031496514
7.522750000,0.029460939
7.522812500,0.027300339
7.522875000,0.025057985
7.522937500,0.022681680
7.523000000,0.020142624
7.523062500,0.017419875
7.523125000,0.014713227
7.523187500,0.012180471
7.523250000,0.009977187
7.523312500,0.008151514
7.523375000,0.006822557
7.523437500,0.005916024
7.523500000,0.005270967
7.523562500,0.004634359
7.523625000,0.003952710
7.523687500,0.003174459
7.523750000,0.002353110
7.523812500,0.001558263
7.523875000,0.001052529
7.523937500,0.000947405
7.524000000,0.001223617
7.524062500,0.001652136
7.524125000,0.002094446
7.524187500,0.002332580
7.524250000,0.002258986
7.524312500,0.001867997
7.524375000,0.001473468
7.524437500,0.001350653
7.524500000,0.001694239
7.524562500,0.002464559
7.524625000,0.003609332
7.524687500,0.004896321
7.524750000,0.006118086
7.524812500,0.007144744
7.524875000,0.008148926
7.524937500,0.009323258
7.525000000,0.010824307
7.525062500,0.012615653
7.525125000,0.014595062
7.525187500,0.016475519
7.525250000,0.017977761
7.525312500,0.018931804
7.525375000,0.019467987
7.525437500,0.019835984
7.525500000,0.020330872
7.525562500,0.021130119
7.525625000,0.022302566
7.525687500,0.023710690
7.525750000,0.025131216
7.525812500,0.026358362
7.525875000,0.027355934
7.525937500,0.028210070
7.526000000,0.029084442
7.526062500,0.030108452
7.526125000,0.031322893
7.526187500,0.032619249
7.526250000,0.033790659
7.526312500,0.034618974
7.526375000,0.034975603
7.526437500,0.034869589
7.526500000,0.034449533
7.526562500,0.033950899
7.526625000,0.033595491
7.526687500,0.033513561
7.526750000,0.033696536
7.526812500,0.034010813
7.526875000,0.034226242
7.526937500,0.034110080
7.527000000,0.033508290
7.527062500,0.032410827
7.527125000,0.030916672
7.527187500,0.029209724
7.527250000,0.027484328
7.527312500,0.025890820
7.527375000,0.024464918
7.527437500,0.023147423
7.527500000,0.021836862
7.527562500,0.020471383
7.527625000,0.019042101
7.527687500,0.017608983
7.527750000,0.016283523
7.527812500,0.015194667
7.527875000,0.014413350
7.527937500,0.013904979
7.528000000,0.013553915
7.528062500,0.013218257
7.528125000,0.012761818
7.528187500,0.012072297
7.528250000,0.011106680
7.528312500,0.009909460
7.528375000,0.008571209
7.528437500,0.007163587
7.528500000,0.005741589
7.528562500,0.004354671
7.528625000,0.003029932
7.528687500,0.001743745
7.528750000,0.000470622
7.528812500,-0.000782580
7.528875000,-0.001981303
7.528937500,-0.003128447
7.529000000,-0.004235599
7.529062500,-0.005309926
7.529125000,-0.006341424
7.529187500,-0.007359555
7.529250000,-0.008377072
7.529312500,-0.009366452
7.529375000,-0.010249000
7.529437500,-0.010988485
7.529500000,-0.011577302
7.529562500,-0.012043866
7.529625000,-0.012434791
7.529687500,-0.012869229
7.529750000,-0.013459790
7.529812500,-0.014255735
7.529875000,-0.015211955
7.529937500,-0.016244182
7.530000000,-0.017224766
7.530062500,-0.018012136
7.530125000,-0.018498169
7.530187500,-0.018679101
7.530250000,-0.018636633
7.530312500,-0.018501516
7.530375000,-0.018420162
7.530437500,-0.018532673
7.530500000,-0.018919006
7.530562500,-0.019569423
7.530625000,-0.020411735
7.530687500,-0.021354495
7.530750000,-0.022307485
7.530812500,-0.023190590
7.530875000,-0.023962332
7.530937500,-0.024612797
7.531000000,-0.025131216
7.531062500,-0.025469586
7.531125000,-0.025578365
7.531187500,-0.025409820
7.531250000,-0.024942968
7.531312500,-0.024188949
7.531375000,-0.023232304
7.531437500,-0.022189006
7.531500000,-0.021177992
7.531562500,-0.020274285
7.531625000,-0.019527350
7.531687500,-0.018929938
7.531750000,-0.018448384
7.531812500,-0.018035414
7.531875000,-0.017698251
7.531937500,-0.017452082
7.532000000,-0.017318891
7.532062500,-0.017283045
7.532125000,-0.017337937
7.532187500,-0.017413847
7.532250000,-0.017413015
7.532312500,-0.017218258
7.532375000,-0.016803477
7.532437500,-0.016182495
7.532500000,-0.015436403
7.532562500,-0.014668494
7.532625000,-0.014046566
7.532687500,-0.013667807
7.532750000,-0.013553915
7.532812500,-0.013619783
7.532875000,-0.013790454
7.532937500,-0.013950691
7.533000000,-0.014024537
7.533062500,-0.013975891
7.533125000,-0.013903792
7.533187500,-0.013899648
7.533250000,-0.014024537
7.533312500,-0.014232011
7.533375000,-0.014474217
7.533437500,-0.014609405
7.533500000,-0.014495159
7.533562500,-0.014012337
7.533625000,-0.013215465
7.533687500,-0.012200114
7.533750000,-0.011106680
7.533812500,-0.010043168
7.533875000,-0.009149787
7.533937500,-0.008469083
7.534000000,-0.008000575
7.534062500,-0.007710414
7.534125000,-0.007634881
7.534187500,-0.007790133
7.534250000,-0.008188824
7.534312500,-0.008799211
7.534375000,-0.009594172
7.534437500,-0.010469905
7.534500000,-0.011294928
7.534562500,-0.011933795
7.534625000,-0.012334263
7.534687500,-0.012481370
7.534750000,-0.012424421
7.534812500,-0.012246322
7.534875000,-0.012087153
7.534937500,-0.012038102
7.535000000,-0.012142048
7.535062500,-0.012379841
7.535125000,-0.012727846
7.535187500,-0.013130512
7.535250000,-0.013553915
7.535312500,-0.013994771
7.535375000,-0.014514114
7.535437500,-0.015151798
7.535500000,-0.015907025
7.535562500,-0.016705990
7.535625000,-0.017450070
7.535687500,-0.018002005
7.535750000,-0.018260136
7.535812500,-0.018188562
7.535875000,-0.017860107
7.535937500,-0.017361065
7.536000000,-0.016754145
7.536062500,-0.016031353
7.536125000,-0.015160386
7.536187500,-0.014082274
7.536250000,-0.012800919
7.536312500,-0.011419252
7.536375000,-0.010144180
7.536437500,-0.009164718
7.536500000,-0.008565322
7.536562500,-0.008262684
7.536625000,-0.008041577
7.536687500,-0.007634337
7.536750000,-0.006871082
7.536812500,-0.005778382
7.536875000,-0.004598014
7.536937500,-0.003654118
7.537000000,-0.003200230
7.537062500,-0.003279373
7.537125000,-0.003710141
7.537187500,-0.004140734
7.537250000,-0.004235599
7.537312500,-0.003838663
7.537375000,-0.003065309
7.537437500,-0.002208240
7.537500000,-0.001600115
7.537562500,-0.001448701
7.537625000,-0.001748167
7.537687500,-0.002275377
7.537750000,-0.002729608
7.537812500,-0.002887537
7.537875000,-0.002726081
7.537937500,-0.002381277
7.538000000,-0.002070737
7.538062500,-0.001967228
7.538125000,-0.002118212
7.538187500,-0.002404286
7.538250000,-0.002635483
7.538312500,-0.002660980
7.538375000,-0.002461424
7.538437500,-0.002102392
7.538500000,-0.001694239
7.538562500,-0.001315434
7.538625000,-0.000982956
7.538687500,-0.000629044
7.538750000,-0.000188249
7.538812500,0.000329696
7.538875000,0.000817304
7.538937500,0.001143587
7.539000000,0.001223617
7.539062500,0.001078181
7.539125000,0.000838361
7.539187500,0.000688680
7.539250000,0.000752995
7.539312500,0.001013515
7.539375000,0.001325318
7.539437500,0.001516442
7.539500000,0.001505991
7.539562500,0.001376040
7.539625000,0.001366035
7.539687500,0.001743273
7.539750000,0.002635483
7.539812500,0.003910481
7.539875000,0.005206554
7.539937500,0.006078864
7.540000000,0.006212211
7.540062500,0.005583542
7.540125000,0.004519945
7.540187500,0.003556569
7.540250000,0.003200230
7.540312500,0.003690406
7.540375000,0.004907808
7.540437500,0.006427644
7.540500000,0.007718201
7.540562500,0.008369357
7.540625000,0.008276579
7.540687500,0.007646422
7.540750000,0.006871082
7.540812500,0.006323947
7.540875000,0.006217834
7.540937500,0.006531009
7.541000000,0.007059331
7.541062500,0.007532926
7.541125000,0.007763187
7.541187500,0.007702681
7.541250000,0.007435828
7.541312500,0.007105403
7.541375000,0.006842420
7.541437500,0.006706660
7.541500000,0.006682833
7.541562500,0.006713769
7.541625000,0.006739099
7.541687500,0.006727000
7.541750000,0.006682833
7.541812500,0.006637512
7.541875000,0.006626982
7.541937500,0.006673166
7.542000000,0.006776957
7.542062500,0.006923113
7.542125000,0.007082933
7.542187500,0.007227936
7.542250000,0.007341704
7.542312500,0.007427034
7.542375000,0.007498047
7.542437500,0.007565119
7.542500000,0.007624077
7.542562500,0.007652489
7.542625000,0.007622966
7.542687500,0.007513685
7.542750000,0.007341704
7.542812500,0.007175537
7.542875000,0.007112380
7.542937500,0.007227856
7.543000000,0.007529953
7.543062500,0.007935346
7.543125000,0.008303531
7.543187500,0.008479299
7.543250000,0.008377072
7.543312500,0.008023157
7.543375000,0.007545712
7.543437500,0.007079595
7.543500000,0.006682833
7.543562500,0.006280122
7.543625000,0.005703941
7.543687500,0.004765575
7.543750000,0.003388479
7.543812500,0.001684408
7.543875000,-0.000029912
7.543937500,-0.001377028
7.544000000,-0.002070737
7.544062500,-0.002061270
7.544125000,-0.001535977
7.544187500,-0.000874176
7.544250000,-0.000470622
7.544312500,-0.000577659
7.544375000,-0.001174859
7.544437500,-0.002032353
7.544500000,-0.002823732
7.544562500,-0.003293755
7.544625000,-0.003341686
7.544687500,-0.003076233
7.544750000,-0.002729608
7.544812500,-0.002540580
7.544875000,-0.002615526
7.544937500,-0.002918489
7.545000000,-0.003294354
7.545062500,-0.003561731
7.545125000,-0.003580009
7.545187500,-0.003333969
7.545250000,-0.002917857
7.545312500,-0.002488962
7.545375000,-0.002172413
7.545437500,-0.002038162
7.545500000,-0.002070737
7.545562500,-0.002191442
7.545625000,-0.002274691
7.545687500,-0.002221101
7.545750000,-0.001976613
7.545812500,-0.001544462
7.545875000,-0.000960733
7.545937500,-0.000297459
7.546000000,0.000376498
7.546062500,0.001019187
7.546125000,0.001636143
7.546187500,0.002255759
7.546250000,0.002917857
7.546312500,0.003649288
7.546375000,0.004440946
7.546437500,0.005232956
7.546500000,0.005929837
7.546562500,0.006434596
7.546625000,0.006668434
7.546687500,0.006611431
7.546750000,0.006306335
7.546812500,0.005853383
7.546875000,0.005353110
7.546937500,0.004892460
7.547000000,0.004517972
7.547062500,0.004246578
7.547125000,0.004023690
7.547187500,0.003786327
7.547250000,0.003482603
7.547312500,0.003121567
7.547375000,0.002709442
7.547437500,0.002302072
7.547500000,0.001976613
7.547562500,0.001840038
7.547625000,0.001896444
7.547687500,0.002102230
7.547750000,0.002353110
7.547812500,0.002547929
7.547875000,0.002531440
7.547937500,0.002215924
7.548000000,0.001600115
7.548062500,0.000806691
7.548125000,-0.000035061
7.548187500,-0.000777147
7.548250000,-0.001317742
7.548312500,-0.001605682
7.548375000,-0.001710922
7.548437500,-0.001738348
7.548500000,-0.001788364
7.548562500,-0.001896515
7.548625000,-0.002060919
7.548687500,-0.002230975
7.548750000,-0.002353110
7.548812500,-0.002407324
7.548875000,-0.002443487
7.548937500,-0.002570562
7.549000000,-0.002917857
7.549062500,-0.003587524
7.549125000,-0.004597036
7.549187500,-0.005888498
7.549250000,-0.007341704
7.549312500,-0.008832678
7.549375000,-0.010244785
7.549437500,-0.011548688
7.549500000,-0.012800919
7.549562500,-0.014137950
7.549625000,-0.015666796
7.549687500,-0.017456068
7.549750000,-0.019483753
7.549812500,-0.021652903
7.549875000,-0.023744952
7.549937500,-0.025531007
7.550000000,-0.026825456
7.550062500,-0.027569994
7.550125000,-0.027760390
7.550187500,-0.027494946
7.550250000,-0.026919581
7.550312500,-0.026217731
7.550375000,-0.025459310
7.550437500,-0.024666624
7.550500000,-0.023813475
7.550562500,-0.022897406
7.550625000,-0.021854581
7.550687500,-0.020656087
7.550750000,-0.019295502
7.550812500,-0.017823631
7.550875000,-0.016231177
7.550937500,-0.014520945
7.551000000,-0.012706795
7.551062500,-0.010864198
7.551125000,-0.009028533
7.551187500,-0.007247848
7.551250000,-0.005553340
7.551312500,-0.003983525
7.551375000,-0.002476489
7.551437500,-0.000953257
7.551500000,0.000658871
7.551562500,0.002357115
7.551625000,0.004137641
7.551687500,0.005947710
7.551750000,0.007718201
7.551812500,0.009364218
7.551875000,0.010868988
7.551937500,0.012252517
7.552000000,0.013553915
7.552062500,0.014789610
7.552125000,0.015988197
7.552187500,0.017190438
7.552250000,0.018448384
7.552312500,0.019805776
7.552375000,0.021304214
7.552437500,0.022968605
7.552500000,0.024754720
7.552562500,0.026525054
7.552625000,0.028087724
7.552687500,0.029303577
7.552750000,0.030119810
7.552812500,0.030586695
7.552875000,0.030831322
7.552937500,0.031040637
7.553000000,0.031343430
7.553062500,0.031737853
7.553125000,0.032089464
7.553187500,0.032243993
7.553250000,0.032096423
7.553312500,0.031651609
7.553375000,0.031048713
7.553437500,0.030529387
7.553500000,0.030308058
7.553562500,0.030447731
7.553625000,0.030844342
7.553687500,0.031265225
7.553750000,0.031437553
7.553812500,0.031141249
7.553875000,0.030333281
7.553937500,0.029134437
7.554000000,0.027766701
7.554062500,0.026433522
7.554125000,0.025291577
7.554187500,0.024375319
7.554250000,0.023625227
7.554312500,0.022923570
7.554375000,0.022223497
7.554437500,0.021526512
7.554500000,0.020895619
7.554562500,0.020392731
7.554625000,0.020117203
7.554687500,0.020084228
7.554750000,0.020236747
7.554812500,0.020428814
7.554875000,0.020562928
7.554937500,0.020522898
7.555000000,0.020236747
7.555062500,0.019657083
7.555125000,0.018880988
7.555187500,0.018002989
7.555250000,0.017130643
7.555312500,0.016321627
7.555375000,0.015702441
7.555437500,0.015312023
7.555500000,0.015154029
7.555562500,0.015167624
7.555625000,0.015377028
7.555687500,0.015738333
7.555750000,0.016189398
7.555812500,0.016611034
7.555875000,0.016989054
7.555937500,0.017266640
7.556000000,0.017413015
7.556062500,0.017384870
7.556125000,0.017283058
7.556187500,0.017159021
7.556250000,0.017036518
7.556312500,0.016840944
7.556375000,0.016585730
7.556437500,0.016219355
7.556500000,0.015718777
7.556562500,0.015063684
7.556625000,0.014421541
7.556687500,0.013939409
7.556750000,0.013742164
7.556812500,0.013824381
7.556875000,0.014218120
7.556937500,0.014830795
7.557000000,0.015530528
7.557062500,0.016127866
7.557125000,0.016615655
7.557187500,0.016998848
7.557250000,0.017318891
7.557312500,0.017550113
7.557375000,0.017780550
7.557437500,0.018021528
7.557500000,0.018260136
7.557562500,0.018454980
7.557625000,0.018606659
7.557687500,0.018696422
7.557750000,0.018730756
7.557812500,0.018742174
7.557875000,0.018820750
7.557937500,0.019027941
7.558000000,0.019389628
7.558062500,0.019878004
7.558125000,0.020456333
7.558187500,0.021075435
7.558250000,0.021742739
7.558312500,0.022535032
7.558375000,0.023587057
7.558437500,0.024952626
7.558500000,0.026543085
7.558562500,0.028109979
7.558625000,0.029363932
7.558687500,0.030086534
7.558750000,0.030308058
7.558812500,0.030351946
7.558875000,0.030711422
7.558937500,0.031756114
7.559000000,0.033508290
7.559062500,0.035582881
7.559125000,0.037346359
7.559187500,0.038268734
7.559250000,0.038308635
7.559312500,0.038064927
7.559375000,0.038521856
7.559437500,0.040494651
7.559500000,0.044050224
7.559562500,0.048209768
7.559625000,0.051136725
7.559687500,0.050808191
7.559750000,0.045932710
7.559812500,0.036645867
7.559875000,0.024618272
7.559937500,0.012474427
7.560000000,0.002823732
7.560062500,-0.002705492
7.560125000,-0.004012802
7.560187500,-0.002412247
7.560250000,0.000094124
7.560312500,0.001747876
7.560375000,0.001694175
7.560437500,0.000138689
7.560500000,-0.001976613
7.560562500,-0.003573189
7.560625000,-0.004019740
7.560687500,-0.003382986
7.560750000,-0.002258986
7.560812500,-0.001372405
7.560875000,-0.001206083
7.560937500,-0.001860607
7.561000000,-0.003106105
7.561062500,-0.004601590
7.561125000,-0.006104830
7.561187500,-0.007607955
7.561250000,-0.009224192
7.561312500,-0.011019023
7.561375000,-0.012866892
7.561437500,-0.014526166
7.561500000,-0.015718777
7.561562500,-0.016274974
7.561625000,-0.016198661
7.561687500,-0.015724245
7.561750000,-0.015154029
7.561812500,-0.014710554
7.561875000,-0.014410858
7.561937500,-0.014186340
7.562000000,-0.013930413
7.562062500,-0.013602784
7.562125000,-0.013230993
7.562187500,-0.012996098
7.562250000,-0.013083293
7.562312500,-0.013574602
7.562375000,-0.014375987
7.562437500,-0.015357878
7.562500000,-0.016377648
7.562562500,-0.017308366
7.562625000,-0.018154498
7.562687500,-0.018963786
7.562750000,-0.019766126
7.562812500,-0.020473544
7.562875000,-0.020974966
7.562937500,-0.021117179
7.563000000,-0.020801496
7.563062500,-0.020017052
7.563125000,-0.018948417
7.563187500,-0.017847447
7.563250000,-0.016942395
7.563312500,-0.016310239
7.563375000,-0.015929364
7.563437500,-0.015658122
7.563500000,-0.015342278
7.563562500,-0.014881494
7.563625000,-0.014351625
7.563687500,-0.013914825
7.563750000,-0.013742164
7.563812500,-0.013888372
7.563875000,-0.014308799
7.563937500,-0.014810376
7.564000000,-0.015154029
7.564062500,-0.015143351
7.564125000,-0.014770396
7.564187500,-0.014161141
7.564250000,-0.013553915
7.564312500,-0.013198115
7.564375000,-0.013317390
7.564437500,-0.013987550
7.564500000,-0.015154029
7.564562500,-0.016657302
7.564625000,-0.018354772
7.564687500,-0.020108901
7.564750000,-0.021836862
7.564812500,-0.023488875
7.564875000,-0.025080666
7.564937500,-0.026590407
7.565000000,-0.027954949
7.565062500,-0.029053804
7.565125000,-0.029790118
7.565187500,-0.030063409
7.565250000,-0.029837437
7.565312500,-0.029153353
7.565375000,-0.028178776
7.565437500,-0.027095376
7.565500000,-0.026072461
7.565562500,-0.025204979
7.565625000,-0.024543762
7.565687500,-0.024023999
7.565750000,-0.023531102
7.565812500,-0.022938926
7.565875000,-0.022201002
7.565937500,-0.021295574
7.566000000,-0.020236747
7.566062500,-0.019030988
7.566125000,-0.017721890
7.566187500,-0.016307838
7.566250000,-0.014777532
7.566312500,-0.013111465
7.566375000,-0.011379017
7.566437500,-0.009667609
7.566500000,-0.008094699
7.566562500,-0.006757618
7.566625000,-0.005792324
7.566687500,-0.005263050
7.566750000,-0.005176842
7.566812500,-0.005456304
7.566875000,-0.006040205
7.566937500,-0.006808967
7.567000000,-0.007624077
7.567062500,-0.008313391
7.567125000,-0.008784970
7.567187500,-0.008947905
7.567250000,-0.008753570
7.567312500,-0.008171685
7.567375000,-0.007304250
7.567437500,-0.006260730
7.567500000,-0.005176842
7.567562500,-0.004153733
7.567625000,-0.003349563
7.567687500,-0.002817780
7.567750000,-0.002541359
7.567812500,-0.002408748
7.567875000,-0.002377303
7.567937500,-0.002368656
7.568000000,-0.002353110
7.568062500,-0.002333338
7.568125000,-0.002456607
7.568187500,-0.002842829
7.568250000,-0.003576728
7.568312500,-0.004636358
7.568375000,-0.005987615
7.568437500,-0.007482513
7.568500000,-0.008941819
7.568562500,-0.010184322
7.568625000,-0.011164142
7.568687500,-0.011885987
7.568750000,-0.012424421
7.568812500,-0.012866835
7.568875000,-0.013345024
7.568937500,-0.013919618
7.569000000,-0.014589284
7.569062500,-0.015289215
7.569125000,-0.015955711
7.569187500,-0.016518852
7.569250000,-0.016942395
7.569312500,-0.017229019
7.569375000,-0.017425349
7.569437500,-0.017574308
7.569500000,-0.017695390
7.569562500,-0.017771209
7.569625000,-0.017761897
7.569687500,-0.017616341
7.569750000,-0.017318891
7.569812500,-0.016917814
7.569875000,-0.016521700
7.569937500,-0.016248930
7.570000000,-0.016189398
7.570062500,-0.016370453
7.570125000,-0.016742051
7.570187500,-0.017192977
7.570250000,-0.017601265
7.570312500,-0.017888766
7.570375000,-0.018014491
7.570437500,-0.017977593
7.570500000,-0.017789513
7.570562500,-0.017468456
7.570625000,-0.016988819
7.570687500,-0.016334098
7.570750000,-0.015530528
7.570812500,-0.014692138
7.570875000,-0.013941444
7.570937500,-0.013392275
7.571000000,-0.013083293
7.571062500,-0.012960960
7.571125000,-0.012837028
7.571187500,-0.012471258
7.571250000,-0.011671427
7.571312500,-0.010399471
7.571375000,-0.008759338
7.571437500,-0.006966684
7.571500000,-0.005270967
7.571562500,-0.003878524
7.571625000,-0.002842919
7.571687500,-0.002056479
7.571750000,-0.001317742
7.571812500,-0.000442241
7.571875000,0.000668424
7.571937500,0.001994482
7.572000000,0.003388479
7.572062500,0.004618153
7.572125000,0.005466030
7.572187500,0.005829219
7.572250000,0.005741589
7.572312500,0.005347114
7.572375000,0.004877754
7.572437500,0.004595929
7.572500000,0.004706220
7.572562500,0.005292479
7.572625000,0.006318164
7.572687500,0.007676411
7.572750000,0.009224192
7.572812500,0.010821189
7.572875000,0.012377329
7.572937500,0.013878892
7.573000000,0.015342278
7.573062500,0.016756622
7.573125000,0.018075068
7.573187500,0.019230874
7.573250000,0.020142624
7.573312500,0.020728767
7.573375000,0.020977579
7.573437500,0.020960849
7.573500000,0.020801496
7.573562500,0.020609139
7.573625000,0.020491580
7.573687500,0.020519534
7.573750000,0.020707369
7.573812500,0.020992551
7.573875000,0.021279681
7.573937500,0.021448709
7.574000000,0.021366240
7.574062500,0.020902574
7.574125000,0.020014334
7.574187500,0.018779293
7.574250000,0.017413015
7.574312500,0.016216861
7.574375000,0.015523234
7.574437500,0.015547145
7.574500000,0.016283523
7.574562500,0.017453915
7.574625000,0.018631896
7.574687500,0.019351406
7.574750000,0.019295502
7.574812500,0.018396975
7.574875000,0.016938265
7.574937500,0.015383631
7.575000000,0.014212786
7.575062500,0.013713203
7.575125000,0.013951973
7.575187500,0.014731251
7.575250000,0.015718777
7.575312500,0.016580032
7.575375000,0.017180854
7.575437500,0.017557653
7.575500000,0.017883638
7.575562500,0.018332493
7.575625000,0.019059259
7.575687500,0.020053912
7.575750000,0.021177992
7.575812500,0.022195622
7.575875000,0.022945356
7.575937500,0.023287233
7.576000000,0.023154603
7.576062500,0.022521432
7.576125000,0.021475505
7.576187500,0.020107727
7.576250000,0.018542508
7.576312500,0.016907878
7.576375000,0.015405357
7.576437500,0.014171360
7.576500000,0.013271542
7.576562500,0.012660514
7.576625000,0.012292152
7.576687500,0.012072156
7.576750000,0.011953799
7.576812500,0.011953610
7.576875000,0.012215301
7.576937500,0.012859776
7.577000000,0.013930413
7.577062500,0.015315940
7.577125000,0.016825749
7.577187500,0.018174149
7.577250000,0.019107254
7.577312500,0.019472992
7.577375000,0.019329812
7.577437500,0.018828999
7.577500000,0.018166009
7.577562500,0.017486300
7.577625000,0.016888803
7.577687500,0.016372636
7.577750000,0.015907025
7.577812500,0.015475692
7.577875000,0.015141471
7.577937500,0.014963408
7.578000000,0.014965781
7.578062500,0.015084181
7.578125000,0.015204139
7.578187500,0.015147050
7.578250000,0.014777532
7.578312500,0.014068634
7.578375000,0.013172093
7.578437500,0.012301717
7.578500000,0.011671427
7.578562500,0.011395299
7.578625000,0.011480877
7.578687500,0.011770689
7.578750000,0.012047924
7.578812500,0.012131409
7.578875000,0.011974094
7.578937500,0.011622691
7.579000000,0.011200804
7.579062500,0.010839897
7.579125000,0.010638571
7.579187500,0.010594792
7.579250000,0.010636058
7.579312500,0.010660082
7.579375000,0.010596962
7.579437500,0.010401620
7.579500000,0.010071312
7.579562500,0.009628613
7.579625000,0.009116380
7.579687500,0.008544467
7.579750000,0.007906451
7.579812500,0.007189104
7.579875000,0.006410308
7.579937500,0.005575714
7.580000000,0.004706220
7.580062500,0.003834092
7.580125000,0.003022714
7.580187500,0.002303880
7.580250000,0.001694239
7.580312500,0.001191034
7.580375000,0.000804247
7.580437500,0.000511102
7.580500000,0.000282373
7.580562500,0.000084367
7.580625000,-0.000095952
7.580687500,-0.000297519
7.580750000,-0.000564746
7.580812500,-0.000940421
7.580875000,-0.001433491
7.580937500,-0.002043567
7.581000000,-0.002729608
7.581062500,-0.003405172
7.581125000,-0.003951735
7.581187500,-0.004275883
7.581250000,-0.004329723
7.581312500,-0.004128936
7.581375000,-0.003742489
7.581437500,-0.003296061
7.581500000,-0.002917857
7.581562500,-0.002698105
7.581625000,-0.002657490
7.581687500,-0.002778114
7.581750000,-0.003011981
7.581812500,-0.003306910
7.581875000,-0.003622221
7.581937500,-0.003958124
7.582000000,-0.004329723
7.582062500,-0.004742348
7.582125000,-0.005158241
7.582187500,-0.005518191
7.582250000,-0.005741589
7.582312500,-0.005752843
7.582375000,-0.005500203
7.582437500,-0.005000022
7.582500000,-0.004329723
7.582562500,-0.003606313
7.582625000,-0.002956702
7.582687500,-0.002488772
7.582750000,-0.002258986
7.582812500,-0.002261176
7.582875000,-0.002436985
7.582937500,-0.002708760
7.583000000,-0.003011981
7.583062500,-0.003317346
7.583125000,-0.003643039
7.583187500,-0.004031749
7.583250000,-0.004517972
7.583312500,-0.005091245
7.583375000,-0.005695547
7.583437500,-0.006230834
7.583500000,-0.006588709
7.583562500,-0.006686840
7.583625000,-0.006517611
7.583687500,-0.006136298
7.583750000,-0.005647464
7.583812500,-0.005165302
7.583875000,-0.004799308
7.583937500,-0.004610608
7.584000000,-0.004612096
7.584062500,-0.004767934
7.584125000,-0.005014631
7.584187500,-0.005252927
7.584250000,-0.005365091
7.584312500,-0.005235382
7.584375000,-0.004802415
7.584437500,-0.004083349
7.584500000,-0.003200230
7.584562500,-0.002359777
7.584625000,-0.001802667
7.584687500,-0.001698230
7.584750000,-0.002070737
7.584812500,-0.002764730
7.584875000,-0.003504675
7.584937500,-0.003974901
7.585000000,-0.003953225
7.585062500,-0.003399764
7.585125000,-0.002491252
7.585187500,-0.001533930
7.585250000,-0.000847120
7.585312500,-0.000635107
7.585375000,-0.000929815
7.585437500,-0.001584081
7.585500000,-0.002353110
7.585562500,-0.002998098
7.585625000,-0.003387715
7.585687500,-0.003516742
7.585750000,-0.003482603
7.585812500,-0.003413717
7.585875000,-0.003410377
7.585937500,-0.003485795
7.586000000,-0.003576728
7.586062500,-0.003587461
7.586125000,-0.003447018
7.586187500,-0.003140447
7.586250000,-0.002729608
7.586312500,-0.002336199
7.586375000,-0.002082468
7.586437500,-0.002032768
7.586500000,-0.002164861
7.586562500,-0.002380313
7.586625000,-0.002529901
7.586687500,-0.002477681
7.586750000,-0.002164861
7.586812500,-0.001648917
7.586875000,-0.001071582
7.586937500,-0.000603526
7.587000000,-0.000376498
7.587062500,-0.000441950
7.587125000,-0.000729347
7.587187500,-0.001099047
7.587250000,-0.001411866
7.587312500,-0.001610740
7.587375000,-0.001704163
7.587437500,-0.001767401
7.587500000,-0.001882488
7.587562500,-0.002097953
7.587625000,-0.002363845
7.587687500,-0.002576137
7.587750000,-0.002635483
7.587812500,-0.002524904
7.587875000,-0.002283527
7.587937500,-0.002008758
7.588000000,-0.001788364
7.588062500,-0.001657521
7.588125000,-0.001527277
7.588187500,-0.001243744
7.588250000,-0.000658871
7.588312500,0.000270517
7.588375000,0.001493762
7.588437500,0.002851924
7.588500000,0.004141474
7.588562500,0.005168480
7.588625000,0.005865506
7.588687500,0.006270566
7.588750000,0.006494584
7.588812500,0.006635893
7.588875000,0.006792220
7.588937500,0.006999714
7.589000000,0.007247579
7.589062500,0.007483739
7.589125000,0.007710107
7.589187500,0.007957942
7.589250000,0.008282948
7.589312500,0.008713077
7.589375000,0.009289107
7.589437500,0.010007367
7.589500000,0.010824307
7.589562500,0.011639479
7.589625000,0.012395085
7.589687500,0.013041387
7.589750000,0.013553915
7.589812500,0.013903758
7.589875000,0.014122431
7.589937500,0.014245039
7.590000000,0.014306910
7.590062500,0.014309704
7.590125000,0.014290451
7.590187500,0.014279401
7.590250000,0.014306910
7.590312500,0.014375411
7.590375000,0.014523365
7.590437500,0.014778405
7.590500000,0.015154029
7.590562500,0.015615609
7.590625000,0.016150681
7.590687500,0.016729532
7.590750000,0.017318891
7.590812500,0.017864285
7.590875000,0.018358950
7.590937500,0.018802408
7.591000000,0.019201379
7.591062500,0.019536173
7.591125000,0.019816712
7.591187500,0.020027136
7.591250000,0.020142624
7.591312500,0.020118639
7.591375000,0.019979149
7.591437500,0.019770611
7.591500000,0.019577878
7.591562500,0.019483740
7.591625000,0.019604390
7.591687500,0.019990202
7.591750000,0.020613244
7.591812500,0.021343816
7.591875000,0.022042722
7.591937500,0.022554329
7.592000000,0.022778107
7.592062500,0.022685407
7.592125000,0.022377715
7.592187500,0.021989005
7.592250000,0.021648614
7.592312500,0.021415491
7.592375000,0.021315763
7.592437500,0.021292975
7.592500000,0.021272115
7.592562500,0.021191752
7.592625000,0.021082465
7.592687500,0.020995557
7.592750000,0.020989744
7.592812500,0.021073425
7.592875000,0.021234578
7.592937500,0.021375416
7.593000000,0.021366240
7.593062500,0.021075137
7.593125000,0.020484166
7.593187500,0.019633643
7.593250000,0.018636633
7.593312500,0.017621014
7.593375000,0.016761499
7.593437500,0.016152039
7.593500000,0.015812902
7.593562500,0.015668524
7.593625000,0.015666893
7.593687500,0.015710996
7.593750000,0.015718777
7.593812500,0.015606287
7.593875000,0.015402575
7.593937500,0.015121358
7.594000000,0.014777532
7.594062500,0.014336316
7.594125000,0.013833190
7.594187500,0.013259977
7.594250000,0.012612671
7.594312500,0.011862073
7.594375000,0.011090733
7.594437500,0.010353271
7.594500000,0.009694814
7.594562500,0.009088485
7.594625000,0.008568518
7.594687500,0.008096715
7.594750000,0.007624077
7.594812500,0.007070250
7.594875000,0.006503168
7.594937500,0.005995400
7.595000000,0.005647464
7.595062500,0.005498688
7.595125000,0.005670428
7.595187500,0.006178232
7.595250000,0.006965206
7.595312500,0.007852368
7.595375000,0.008755584
7.595437500,0.009553974
7.595500000,0.010165436
7.595562500,0.010504764
7.595625000,0.010678402
7.595687500,0.010801406
7.595750000,0.011012556
7.595812500,0.011376364
7.595875000,0.012028852
7.595937500,0.012993008
7.596000000,0.014212786
7.596062500,0.015510536
7.596125000,0.016801508
7.596187500,0.017985230
7.596250000,0.019013131
7.596312500,0.019835243
7.596375000,0.020562148
7.596437500,0.021275749
7.596500000,0.022025112
7.596562500,0.022743966
7.596625000,0.023419080
7.596687500,0.023980109
7.596750000,0.024378221
7.596812500,0.024570584
7.596875000,0.024687700
7.596937500,0.024883637
7.597000000,0.025319466
7.597062500,0.026058258
7.597125000,0.027174672
7.597187500,0.028627891
7.597250000,0.030308058
7.597312500,0.032023329
7.597375000,0.033679657
7.597437500,0.035193827
7.597500000,0.036520272
7.597562500,0.037592541
7.597625000,0.038439795
7.597687500,0.039078828
7.597750000,0.039532252
7.597812500,0.039780896
7.597875000,0.039895721
7.597937500,0.039925810
7.598000000,0.039908748
7.598062500,0.039813798
7.598125000,0.039686464
7.598187500,0.039548367
7.598250000,0.039438128
7.598312500,0.039360702
7.598375000,0.039422724
7.598437500,0.039673496
7.598500000,0.040096994
7.598562500,0.040542159
7.598625000,0.040895268
7.598687500,0.041000474
7.598750000,0.040755868
7.598812500,0.040103544
7.598875000,0.039201394
7.598937500,0.038231067
7.599000000,0.037367389
7.599062500,0.036657073
7.599125000,0.036172267
7.599187500,0.035867337
7.599250000,0.035673149
7.599312500,0.035483401
7.599375000,0.035366636
7.599437500,0.035363354
7.599500000,0.035484903
7.599562500,0.035607278
7.599625000,0.035683811
7.599687500,0.035601132
7.599750000,0.035296652
7.599812500,0.034731571
7.599875000,0.034116685
7.599937500,0.033635695
7.600000000,0.033414163
7.600062500,0.033367720
7.600125000,0.033467960
7.600187500,0.033555422
7.600250000,0.033508290
7.600312500,0.033227958
7.600375000,0.032948397
7.600437500,0.032891423
7.600500000,0.033225916
7.600562500,0.033864290
7.600625000,0.034744859
7.600687500,0.035598062
7.600750000,0.036143772
7.600812500,0.036112353
7.600875000,0.035639919
7.600937500,0.034954291
7.601000000,0.034355409
7.601062500,0.033978451
7.601125000,0.034032475
7.601187500,0.034468569
7.601250000,0.035108406
7.601312500,0.035621166
7.601375000,0.035985015
7.601437500,0.036213342
7.601500000,0.036426149
7.601562500,0.036662135
7.601625000,0.037170060
7.601687500,0.038019124
7.601750000,0.039155755
7.601812500,0.040297467
7.601875000,0.041380394
7.601937500,0.042295318
7.602000000,0.043014854
7.602062500,0.043473169
7.602125000,0.043926045
7.602187500,0.044569064
7.602250000,0.045556214
7.602312500,0.046818089
7.602375000,0.048429236
7.602437500,0.050288722
7.602500000,0.052239046
7.602562500,0.054070421
7.602625000,0.055695362
7.602687500,0.057047941
7.602750000,0.058168884
7.602812500,0.059176032
7.602875000,0.060298871
7.602937500,0.061644956
7.603000000,0.063157476
7.603062500,0.064588502
7.603125000,0.065662593
7.603187500,0.066147089
7.603250000,0.066075332
7.603312500,0.065809540
7.603375000,0.065953277
7.603437500,0.066980086
7.603500000,0.068993188
7.603562500,0.071621530
7.603625000,0.074174978
7.603687500,0.075955972
7.603750000,0.076711394
7.603812500,0.076852806
7.603875000,0.077248804
7.603937500,0.078678139
7.604000000,0.081323490
7.604062500,0.084562339
7.604125000,0.087164663
7.604187500,0.087950885
7.604250000,0.086594455
7.604312500,0.084048733
7.604375000,0.082159035
7.604437500,0.082687706
7.604500000,0.086217962
7.604562500,0.091510162
7.604625000,0.095622562
7.604687500,0.095011488
7.604750000,0.087159202
7.604812500,0.071926311
7.604875000,0.051797926
7.604937500,0.031025914
7.605000000,0.014024537
7.605062500,0.003728897
7.605125000,0.000505510
7.605187500,0.002264320
7.605250000,0.005647464
7.605312500,0.007634970
7.605375000,0.006632504
7.605437500,0.002791645
7.605500000,-0.002447235
7.605562500,-0.007279455
7.605625000,-0.010559973
7.605687500,-0.012257836
7.605750000,-0.013177417
7.605812500,-0.014275816
7.605875000,-0.016166013
7.605937500,-0.018897653
7.606000000,-0.022025112
7.606062500,-0.024916038
7.606125000,-0.027218755
7.606187500,-0.029066496
7.606250000,-0.030872805
7.606312500,-0.032967586
7.606375000,-0.035436567
7.606437500,-0.038139779
7.606500000,-0.040755868
7.606562500,-0.042922150
7.606625000,-0.044477291
7.606687500,-0.045595203
7.606750000,-0.046591584
7.606812500,-0.047684398
7.606875000,-0.048930809
7.606937500,-0.050324161
7.607000000,-0.051768426
7.607062500,-0.053099591
7.607125000,-0.054246061
7.607187500,-0.055339765
7.607250000,-0.056568768
7.607312500,-0.058004465
7.607375000,-0.059643731
7.607437500,-0.061481327
7.607500000,-0.063439853
7.607562500,-0.065270551
7.607625000,-0.066892758
7.607687500,-0.068255439
7.607750000,-0.069369689
7.607812500,-0.070164144
7.607875000,-0.070793092
7.607937500,-0.071379125
7.608000000,-0.072005168
7.608062500,-0.072545357
7.608125000,-0.073049985
7.608187500,-0.073502310
7.608250000,-0.073887661
7.608312500,-0.074045777
7.608375000,-0.074129418
7.608437500,-0.074258611
7.608500000,-0.074546531
7.608562500,-0.074869365
7.608625000,-0.075344160
7.608687500,-0.075930379
7.608750000,-0.076523140
7.608812500,-0.076791495
7.608875000,-0.076782435
7.608937500,-0.076527208
7.609000000,-0.076146647
7.609062500,-0.075613916
7.609125000,-0.075311162
7.609187500,-0.075474508
7.609250000,-0.076240771
7.609312500,-0.077380754
7.609375000,-0.078958154
7.609437500,-0.080831729
7.609500000,-0.082829475
7.609562500,-0.084552757
7.609625000,-0.086119309
7.609687500,-0.087584570
7.609750000,-0.089041688
7.609812500,-0.090307489
7.609875000,-0.091643639
7.609937500,-0.093106821
7.610000000,-0.094689153
7.610062500,-0.096055508
7.610125000,-0.097383946
7.610187500,-0.098721743
7.610250000,-0.100148365
7.610312500,-0.101470985
7.610375000,-0.103041358
7.610437500,-0.105016813
7.610500000,-0.107490070
7.610562500,-0.110160612
7.610625000,-0.113201521
7.610687500,-0.116532601
7.610750000,-0.120008618
7.610812500,-0.123134390
7.610875000,-0.126001194
7.610937500,-0.128563866
7.611000000,-0.130832925
7.611062500,-0.132551864
7.611125000,-0.134095013
7.611187500,-0.135663703
7.611250000,-0.137421638
7.611312500,-0.139135107
7.611375000,-0.141090110
7.611437500,-0.143318459
7.611500000,-0.145798713
7.611562500,-0.148157358
7.611625000,-0.150611207
7.611687500,-0.153200865
7.611750000,-0.155964151
7.611812500,-0.158599943
7.611875000,-0.161378309
7.611937500,-0.164354846
7.612000000,-0.167541444
7.612062500,-0.170576170
7.612125000,-0.173656031
7.612187500,-0.176746473
7.612250000,-0.179777622
7.612312500,-0.182329416
7.612375000,-0.184603795
7.612437500,-0.186623216
7.612500000,-0.188437060
7.612562500,-0.189788640
7.612625000,-0.191070497
7.612687500,-0.192458466
7.612750000,-0.194084525
7.612812500,-0.195674598
7.612875000,-0.197506681
7.612937500,-0.199552700
7.613000000,-0.201708615
7.613062500,-0.203495771
7.613125000,-0.205099121
7.613187500,-0.206522956
7.613250000,-0.207826704
7.613312500,-0.208768770
7.613375000,-0.209769115
7.613437500,-0.210933879
7.613500000,-0.212250546
7.613562500,-0.213243753
7.613625000,-0.214054987
7.613687500,-0.214560166
7.613750000,-0.214697778
7.613812500,-0.214170739
7.613875000,-0.213483930
7.613937500,-0.212903082
7.614000000,-0.212627038
7.614062500,-0.212371156
7.614125000,-0.212412611
7.614187500,-0.212621406
7.614250000,-0.212815285
7.614312500,-0.212504074
7.614375000,-0.212037876
7.614437500,-0.211573303
7.614500000,-0.211309284
7.614562500,-0.211054459
7.614625000,-0.211261392
7.614687500,-0.211908072
7.614750000,-0.212815285
7.614812500,-0.213359877
7.614875000,-0.213704929
7.614937500,-0.213765204
7.615000000,-0.213568285
7.615062500,-0.212881848
7.615125000,-0.212311283
7.615187500,-0.212054446
7.615250000,-0.212156415
7.615312500,-0.212130785
7.615375000,-0.212167308
7.615437500,-0.212066218
7.615500000,-0.211685792
7.615562500,-0.210664347
7.615625000,-0.209586188
7.615687500,-0.208728954
7.615750000,-0.208297312
7.615812500,-0.207984254
7.615875000,-0.208100140
7.615937500,-0.208443865
7.616000000,-0.208767936
7.616062500,-0.208551630
7.616125000,-0.208213463
7.616187500,-0.207895011
7.616250000,-0.207732573
7.616312500,-0.207428157
7.616375000,-0.207360208
7.616437500,-0.207418665
7.616500000,-0.207450196
7.616562500,-0.207012311
7.616625000,-0.206563339
7.616687500,-0.206240132
7.616750000,-0.206132442
7.616812500,-0.205872893
7.616875000,-0.205769151
7.616937500,-0.205678985
7.617000000,-0.205473572
7.617062500,-0.204799682
7.617125000,-0.204224706
7.617187500,-0.203992173
7.617250000,-0.204249963
7.617312500,-0.204621345
7.617375000,-0.205295488
7.617437500,-0.205944374
7.617500000,-0.206226572
7.617562500,-0.205611885
7.617625000,-0.204556540
7.617687500,-0.203298077
7.617750000,-0.202085108
7.617812500,-0.200728014
7.617875000,-0.199626535
7.617937500,-0.198644161
7.618000000,-0.197567135
7.618062500,-0.195921347
7.618125000,-0.194134593
7.618187500,-0.192388147
7.618250000,-0.190884292
7.618312500,-0.189438254
7.618375000,-0.188469231
7.618437500,-0.187884927
7.618500000,-0.187495828
7.618562500,-0.186818212
7.618625000,-0.186186120
7.618687500,-0.185661033
7.618750000,-0.185330957
7.618812500,-0.184956089
7.618875000,-0.184927836
7.618937500,-0.185171455
7.619000000,-0.185519204
7.619062500,-0.185493410
7.619125000,-0.185355335
7.619187500,-0.185058370
7.619250000,-0.184577957
7.619312500,-0.183622628
7.619375000,-0.182577521
7.619437500,-0.181455687
7.619500000,-0.180248231
7.619562500,-0.178696021
7.619625000,-0.177236497
7.619687500,-0.175972760
7.619750000,-0.174977273
7.619812500,-0.174019948
7.619875000,-0.173449963
7.619937500,-0.173192352
7.620000000,-0.173094794
7.620062500,-0.172726482
7.620125000,-0.172320604
7.620187500,-0.171800226
7.620250000,-0.171118185
7.620312500,-0.170017704
7.620375000,-0.168908820
7.620437500,-0.167856872
7.620500000,-0.166882575
7.620562500,-0.165716439
7.620625000,-0.164672434
7.620687500,-0.163685873
7.620750000,-0.162646979
7.620812500,-0.161203504
7.620875000,-0.159643412
7.620937500,-0.157976970
7.621000000,-0.156246528
7.621062500,-0.154291615
7.621125000,-0.152544752
7.621187500,-0.151072770
7.621250000,-0.149846047
7.621312500,-0.148521721
7.621375000,-0.147280663
7.621437500,-0.145976156
7.621500000,-0.144480959
7.621562500,-0.142515510
7.621625000,-0.140442684
7.621687500,-0.138348833
7.621750000,-0.136292145
7.621812500,-0.134064972
7.621875000,-0.131964445
7.621937500,-0.129937321
7.622000000,-0.127915069
7.622062500,-0.125662729
7.622125000,-0.123560578
7.622187500,-0.121733308
7.622250000,-0.120290995
7.622312500,-0.119090594
7.622375000,-0.118433997
7.622437500,-0.118233539
7.622500000,-0.118314378
7.622562500,-0.118288204
7.622625000,-0.118299261
7.622687500,-0.118259430
7.622750000,-0.118126132
7.622812500,-0.117717631
7.622875000,-0.117360346
7.622937500,-0.117072113
7.623000000,-0.116808392
7.623062500,-0.116304331
7.623125000,-0.115754917
7.623187500,-0.115090623
7.623250000,-0.114267036
7.623312500,-0.113121077
7.623375000,-0.111994892
7.623437500,-0.110960566
7.623500000,-0.110031433
7.623562500,-0.108990937
7.623625000,-0.108016506
7.623687500,-0.107009754
7.623750000,-0.105889954
7.623812500,-0.104484193
7.623875000,-0.103122398
7.623937500,-0.101909891
7.624000000,-0.100901365
7.624062500,-0.099913195
7.624125000,-0.099116080
7.624187500,-0.098407708
7.624250000,-0.097701132
7.624312500,-0.096818089
7.624375000,-0.096066274
7.624437500,-0.095521405
7.624500000,-0.095159777
7.624562500,-0.094661407
7.624625000,-0.093998030
7.624687500,-0.092903636
7.624750000,-0.091206551
7.624812500,-0.088783078
7.624875000,-0.086108975
7.624937500,-0.083572149
7.625000000,-0.081511736
7.625062500,-0.079938240
7.625125000,-0.078996591
7.625187500,-0.078436829
7.625250000,-0.077935010
7.625312500,-0.077106036
7.625375000,-0.076102771
7.625437500,-0.075036980
7.625500000,-0.074075907
7.625562500,-0.073194109
7.625625000,-0.072607003
7.625687500,-0.072206348
7.625750000,-0.071816921
7.625812500,-0.071160853
7.625875000,-0.070422210
7.625937500,-0.069690920
7.626000000,-0.069087312
7.626062500,-0.068561047
7.626125000,-0.068328418
7.626187500,-0.068343185
7.626250000,-0.068522573
7.626312500,-0.068689458
7.626375000,-0.069051959
7.626437500,-0.069675647
7.626500000,-0.070593305
7.626562500,-0.071641110
7.626625000,-0.072853342
7.626687500,-0.074020989
7.626750000,-0.074923024
7.626812500,-0.075307608
7.626875000,-0.075329147
7.626937500,-0.075089820
7.627000000,-0.074734777
7.627062500,-0.074278735
7.627125000,-0.073936813
7.627187500,-0.073662162
7.627250000,-0.073322915
7.627312500,-0.072667748
7.627375000,-0.071768478
7.627437500,-0.070636071
7.627500000,-0.069369689
7.627562500,-0.068040587
7.627625000,-0.066968016
7.627687500,-0.066276409
7.627750000,-0.065981209
7.627812500,-0.065911867
7.627875000,-0.066042081
7.627937500,-0.066202722
7.628000000,-0.066263586
7.628062500,-0.066109851
7.628125000,-0.065896295
7.628187500,-0.065687448
7.628250000,-0.065510593
7.628312500,-0.065256611
7.628375000,-0.064933851
7.628437500,-0.064400166
7.628500000,-0.063533977
7.628562500,-0.062228385
7.628625000,-0.060659736
7.628687500,-0.058953345
7.628750000,-0.057227641
7.628812500,-0.055476382
7.628875000,-0.053811148
7.628937500,-0.052182637
7.629000000,-0.050544810
7.629062500,-0.048852079
7.629125000,-0.047332272
7.629187500,-0.046153262
7.629250000,-0.045462091
7.629312500,-0.045257900
7.629375000,-0.045581009
7.629437500,-0.046218377
7.629500000,-0.046873957
7.629562500,-0.047216870
7.629625000,-0.047168314
7.629687500,-0.046662167
7.629750000,-0.045744464
7.629812500,-0.044494171
7.629875000,-0.043134108
7.629937500,-0.041713670
7.630000000,-0.040191121
7.630062500,-0.038444012
7.630125000,-0.036463674
7.630187500,-0.034202654
7.630250000,-0.031719927
7.630312500,-0.029187644
7.630375000,-0.026940355
7.630437500,-0.025203597
7.630500000,-0.024095848
7.630562500,-0.023588570
7.630625000,-0.023596786
7.630687500,-0.023872908
7.630750000,-0.024189973
7.630812500,-0.024432058
7.630875000,-0.024692537
7.630937500,-0.025057439
7.631000000,-0.025601838
7.631062500,-0.026318090
7.631125000,-0.027146367
7.631187500,-0.027842585
7.631250000,-0.028143197
7.631312500,-0.027877061
7.631375000,-0.027068445
7.631437500,-0.025793226
7.631500000,-0.024189973
7.631562500,-0.022404853
7.631625000,-0.020564683
7.631687500,-0.018662672
7.631750000,-0.016660020
7.631812500,-0.014563780
7.631875000,-0.012467976
7.631937500,-0.010447958
7.632000000,-0.008565322
7.632062500,-0.006836327
7.632125000,-0.005225137
7.632187500,-0.003568739
7.632250000,-0.001694239
7.632312500,0.000492446
7.632375000,0.002945950
7.632437500,0.005585240
7.632500000,0.008282948
7.632562500,0.010828237
7.632625000,0.013182085
7.632687500,0.015392447
7.632750000,0.017507140
7.632812500,0.019399609
7.632875000,0.020970244
7.632937500,0.022109279
7.633000000,0.022778107
7.633062500,0.022978820
7.633125000,0.022962561
7.633187500,0.023022559
7.633250000,0.023342853
7.633312500,0.023803843
7.633375000,0.024219783
7.633437500,0.024391057
7.633500000,0.024284096
7.633562500,0.024032773
7.633625000,0.024047162
7.633687500,0.024685116
7.633750000,0.025978338
7.633812500,0.027439931
7.633875000,0.028416587
7.633937500,0.028398072
7.634000000,0.027390203
7.634062500,0.025957184
7.634125000,0.025138510
7.634187500,0.025784755
7.634250000,0.027954949
7.634312500,0.030599244
7.634375000,0.032105669
7.634437500,0.031060215
7.634500000,0.027201954
7.634562500,0.021860076
7.634625000,0.017876904
7.634687500,0.018424321
7.634750000,0.025601838
7.634812500,0.039252985
7.634875000,0.056952287
7.634937500,0.074684344
7.635000000,0.088382825
7.635062500,0.095381364
7.635125000,0.095519058
7.635187500,0.090810567
7.635250000,0.084429592
7.635312500,0.079209559
7.635375000,0.076804653
7.635437500,0.077133186
7.635500000,0.078876257
7.635562500,0.080289342
7.635625000,0.080348901
7.635687500,0.078930028
7.635750000,0.076711394
7.635812500,0.074550375
7.635875000,0.073218063
7.635937500,0.072863691
7.636000000,0.073134668
7.636062500,0.073389582
7.636125000,0.073305853
7.636187500,0.072813913
7.636250000,0.072099291
7.636312500,0.071319409
7.636375000,0.070681103
7.636437500,0.070145957
7.636500000,0.069557935
7.636562500,0.068695307
7.636625000,0.067628562
7.636687500,0.066502720
7.636750000,0.065510593
7.636812500,0.064700268
7.636875000,0.064146325
7.636937500,0.063744657
7.637000000,0.063345730
7.637062500,0.062768050
7.637125000,0.062087290
7.637187500,0.061415527
7.637250000,0.060898494
7.637312500,0.060569078
7.637375000,0.060535487
7.637437500,0.060768176
7.637500000,0.061180864
7.637562500,0.061555982
7.637625000,0.061975360
7.637687500,0.062411480
7.637750000,0.062875107
7.637812500,0.063297354
7.637875000,0.063879386
7.637937500,0.064636819
7.638000000,0.065510593
7.638062500,0.066267923
7.638125000,0.066890188
7.638187500,0.067215487
7.638250000,0.067110702
7.638312500,0.066409588
7.638375000,0.065295681
7.638437500,0.063902222
7.638500000,0.062404484
7.638562500,0.060874507
7.638625000,0.059580743
7.638687500,0.058573049
7.638750000,0.057792384
7.638812500,0.057003118
7.638875000,0.056186501
7.638937500,0.055235926
7.639000000,0.054121532
7.639062500,0.052810710
7.639125000,0.051575180
7.639187500,0.050570589
7.639250000,0.049885936
7.639312500,0.049420889
7.639375000,0.049204670
7.639437500,0.049111821
7.639500000,0.049038816
7.639562500,0.048877046
7.639625000,0.048820484
7.639687500,0.048999783
7.639750000,0.049509440
7.639812500,0.050261371
7.639875000,0.051241267
7.639937500,0.052232400
7.640000000,0.052992042
7.640062500,0.053269736
7.640125000,0.053131234
7.640187500,0.052668344
7.640250000,0.052050799
7.640312500,0.051389813
7.640375000,0.050935254
7.640437500,0.050752487
7.640500000,0.050827179
7.640562500,0.051029637
7.640625000,0.051386360
7.640687500,0.051798590
7.640750000,0.052144922
7.640812500,0.052232426
7.640875000,0.052062768
7.640937500,0.051583301
7.641000000,0.050827179
7.641062500,0.049873076
7.641125000,0.049031869
7.641187500,0.048502520
7.641250000,0.048379947
7.641312500,0.048555393
7.641375000,0.048914634
7.641437500,0.049166519
7.641500000,0.049038816
7.641562500,0.048346717
7.641625000,0.047216743
7.641687500,0.045850340
7.641750000,0.044520844
7.641812500,0.043439370
7.641875000,0.042794734
7.641937500,0.042531587
7.642000000,0.042450108
7.642062500,0.042269055
7.642125000,0.041831609
7.642187500,0.041012168
7.642250000,0.039814625
7.642312500,0.038339667
7.642375000,0.036838613
7.642437500,0.035478801
7.642500000,0.034355409
7.642562500,0.033448033
7.642625000,0.032744180
7.642687500,0.032095607
7.642750000,0.031343430
7.642812500,0.030355453
7.642875000,0.029178068
7.642937500,0.027868146
7.643000000,0.026543085
7.643062500,0.025323102
7.643125000,0.024385147
7.643187500,0.023751272
7.643250000,0.023342853
7.643312500,0.022991654
7.643375000,0.022587955
7.643437500,0.021977749
7.643500000,0.021083867
7.643562500,0.019919176
7.643625000,0.018656559
7.643687500,0.017418569
7.643750000,0.016283523
7.643812500,0.015237479
7.643875000,0.014254145
7.643937500,0.013180071
7.644000000,0.011859675
7.644062500,0.010190669
7.644125000,0.008251923
7.644187500,0.006149767
7.644250000,0.004047350
7.644312500,0.002105000
7.644375000,0.000511755
7.644437500,-0.000682350
7.644500000,-0.001505991
7.644562500,-0.002050685
7.644625000,-0.002349439
7.644687500,-0.002489381
7.644750000,-0.002541359
7.644812500,-0.002570397
7.644875000,-0.002550101
7.644937500,-0.002502950
7.645000000,-0.002447235
7.645062500,-0.002412768
7.645125000,-0.002353813
7.645187500,-0.002287928
7.645250000,-0.002258986
7.645312500,-0.002356974
7.645375000,-0.002608429
7.645437500,-0.003072288
7.645500000,-0.003764976
7.645562500,-0.004663939
7.645625000,-0.005622591
7.645687500,-0.006516555
7.645750000,-0.007247579
7.645812500,-0.007800174
7.645875000,-0.008150087
7.645937500,-0.008353002
7.646000000,-0.008471197
7.646062500,-0.008566692
7.646125000,-0.008597204
7.646187500,-0.008537548
7.646250000,-0.008377072
7.646312500,-0.008165216
7.646375000,-0.007930172
7.646437500,-0.007737580
7.646500000,-0.007624077
7.646562500,-0.007587027
7.646625000,-0.007518231
7.646687500,-0.007306673
7.646750000,-0.006871082
7.646812500,-0.006216744
7.646875000,-0.005402480
7.646937500,-0.004547344
7.647000000,-0.003764976
7.647062500,-0.003121489
7.647125000,-0.002574846
7.647187500,-0.002015128
7.647250000,-0.001317742
7.647312500,-0.000422588
7.647375000,0.000665062
7.647437500,0.001854676
7.647500000,0.003011981
7.647562500,0.004018399
7.647625000,0.004802856
7.647687500,0.005379814
7.647750000,0.005835713
7.647812500,0.006304675
7.647875000,0.006889096
7.647937500,0.007646778
7.648000000,0.008565322
7.648062500,0.009584730
7.648125000,0.010575722
7.648187500,0.011421685
7.648250000,0.012047924
7.648312500,0.012453352
7.648375000,0.012670800
7.648437500,0.012769536
7.648500000,0.012800919
7.648562500,0.012777280
7.648625000,0.012655577
7.648687500,0.012406946
7.648750000,0.012047924
7.648812500,0.011661414
7.648875000,0.011342785
7.648937500,0.011165548
7.649000000,0.011106680
7.649062500,0.011041183
7.649125000,0.010783386
7.649187500,0.010239628
7.649250000,0.009506566
7.649312500,0.008896558
7.649375000,0.008802886
7.649437500,0.009518428
7.649500000,0.011012556
7.649562500,0.012840987
7.649625000,0.014231394
7.649687500,0.014382539
7.649750000,0.012800919
7.649812500,0.009542714
7.649875000,0.005220724
7.649937500,0.000773548
7.650000000,-0.002917857
7.650062500,-0.005389039
7.650125000,-0.006695710
7.650187500,-0.007330658
7.650250000,-0.007906451
7.650312500,-0.008837479
7.650375000,-0.010077476
7.650437500,-0.011209661
7.650500000,-0.011671427
7.650562500,-0.011077006
7.650625000,-0.009391794
7.650687500,-0.007000099
7.650750000,-0.004517972
7.650812500,-0.002536780
7.650875000,-0.001354798
7.650937500,-0.000948244
7.651000000,-0.001035369
7.651062500,-0.001274821
7.651125000,-0.001384707
7.651187500,-0.001300231
7.651250000,-0.001129493
7.651312500,-0.001068128
7.651375000,-0.001210320
7.651437500,-0.001551558
7.651500000,-0.001976613
7.651562500,-0.002351998
7.651625000,-0.002528584
7.651687500,-0.002474023
7.651750000,-0.002258986
7.651812500,-0.002042250
7.651875000,-0.001929970
7.651937500,-0.001983950
7.652000000,-0.002164861
7.652062500,-0.002342229
7.652125000,-0.002281488
7.652187500,-0.001749745
7.652250000,-0.000564746
7.652312500,0.001333753
7.652375000,0.003880100
7.652437500,0.006824790
7.652500000,0.009788939
7.652562500,0.012343112
7.652625000,0.014097092
7.652687500,0.014801085
7.652750000,0.014401034
7.652812500,0.013061378
7.652875000,0.011080040
7.652937500,0.008854466
7.653000000,0.006776957
7.653062500,0.005169790
7.653125000,0.004196229
7.653187500,0.003905340
7.653250000,0.004235599
7.653312500,0.005059095
7.653375000,0.006188955
7.653437500,0.007442219
7.653500000,0.008659446
7.653562500,0.009734109
7.653625000,0.010613794
7.653687500,0.011323463
7.653750000,0.011953799
7.653812500,0.012643587
7.653875000,0.013480804
7.653937500,0.014478246
7.654000000,0.015530528
7.654062500,0.016440269
7.654125000,0.016898686
7.654187500,0.016620997
7.654250000,0.015436403
7.654312500,0.013387737
7.654375000,0.010704991
7.654437500,0.007804839
7.654500000,0.005176842
7.654562500,0.003252608
7.654625000,0.002245066
7.654687500,0.002089866
7.654750000,0.002447235
7.654812500,0.002810904
7.654875000,0.002669523
7.654937500,0.001702666
7.655000000,-0.000094124
7.655062500,-0.002398081
7.655125000,-0.004665688
7.655187500,-0.006361322
7.655250000,-0.007153455
7.655312500,-0.007038111
7.655375000,-0.006310925
7.655437500,-0.005452859
7.655500000,-0.004894469
7.655562500,-0.004827441
7.655625000,-0.005140901
7.655687500,-0.005523623
7.655750000,-0.005647464
7.655812500,-0.005363981
7.655875000,-0.004793727
7.655937500,-0.004301491
7.656000000,-0.004329723
7.656062500,-0.005207873
7.656125000,-0.006974995
7.656187500,-0.009396523
7.656250000,-0.012047924
7.656312500,-0.014487676
7.656375000,-0.016353391
7.656437500,-0.017484726
7.656500000,-0.017883638
7.656562500,-0.017651442
7.656625000,-0.016862694
7.656687500,-0.015596702
7.656750000,-0.013930413
7.656812500,-0.011989824
7.656875000,-0.009917894
7.656937500,-0.007924854
7.657000000,-0.006212211
7.657062500,-0.004923887
7.657125000,-0.004065981
7.657187500,-0.003561570
7.657250000,-0.003294354
7.657312500,-0.003187661
7.657375000,-0.003197754
7.657437500,-0.003345825
7.657500000,-0.003670852
7.657562500,-0.004191807
7.657625000,-0.004837933
7.657687500,-0.005473534
7.657750000,-0.005929837
7.657812500,-0.006068727
7.657875000,-0.005806339
7.657937500,-0.005138598
7.658000000,-0.004141474
7.658062500,-0.002952410
7.658125000,-0.001710134
7.658187500,-0.000520053
7.658250000,0.000564746
7.658312500,0.001536998
7.658375000,0.002423339
7.658437500,0.003257875
7.658500000,0.004047350
7.658562500,0.004747576
7.658625000,0.005289585
7.658687500,0.005602909
7.658750000,0.005647464
7.658812500,0.005434223
7.658875000,0.005035474
7.658937500,0.004586461
7.659000000,0.004235599
7.659062500,0.004099190
7.659125000,0.004232788
7.659187500,0.004660993
7.659250000,0.005365091
7.659312500,0.006286204
7.659375000,0.007340678
7.659437500,0.008446235
7.659500000,0.009506566
7.659562500,0.010405652
7.659625000,0.011035893
7.659687500,0.011331709
7.659750000,0.011294928
7.659812500,0.010999960
7.659875000,0.010599650
7.659937500,0.010273669
7.660000000,0.010165436
7.660062500,0.010316464
7.660125000,0.010665590
7.660187500,0.011057421
7.660250000,0.011294928
7.660312500,0.011202851
7.660375000,0.010699902
7.660437500,0.009831787
7.660500000,0.008753570
7.660562500,0.007672513
7.660625000,0.006802201
7.660687500,0.006297154
7.660750000,0.006212211
7.660812500,0.006477270
7.660875000,0.006977001
7.660937500,0.007560077
7.661000000,0.008094699
7.661062500,0.008475494
7.661125000,0.008723525
7.661187500,0.008908913
7.661250000,0.009130068
7.661312500,0.009437073
7.661375000,0.009884946
7.661437500,0.010442199
7.661500000,0.011012556
7.661562500,0.011434133
7.661625000,0.011598553
7.661687500,0.011428745
7.661750000,0.010918431
7.661812500,0.010107421
7.661875000,0.009155144
7.661937500,0.008239271
7.662000000,0.007529953
7.662062500,0.007112608
7.662125000,0.007067634
7.662187500,0.007367390
7.662250000,0.007906451
7.662312500,0.008484551
7.662375000,0.008972163
7.662437500,0.009241753
7.662500000,0.009224192
7.662562500,0.008874008
7.662625000,0.008311064
7.662687500,0.007681963
7.662750000,0.007153455
7.662812500,0.006828295
7.662875000,0.006856555
7.662937500,0.007305899
7.663000000,0.008188824
7.663062500,0.009421866
7.663125000,0.010981739
7.663187500,0.012797915
7.663250000,0.014777532
7.663312500,0.016750216
7.663375000,0.018618708
7.663437500,0.020257819
7.663500000,0.021554491
7.663562500,0.022370223
7.663625000,0.022715703
7.663687500,0.022632778
7.663750000,0.022213360
7.663812500,0.021525601
7.663875000,0.020761615
7.663937500,0.020091705
7.664000000,0.019672001
7.664062500,0.019552549
7.664125000,0.019837277
7.664187500,0.020510096
7.664250000,0.021460366
7.664312500,0.022436934
7.664375000,0.023314059
7.664437500,0.024008393
7.664500000,0.024566470
7.664562500,0.025086543
7.664625000,0.025858173
7.664687500,0.027085992
7.664750000,0.028802069
7.664812500,0.030733202
7.664875000,0.032556918
7.664937500,0.033881929
7.665000000,0.034449533
7.665062500,0.034180611
7.665125000,0.033396736
7.665187500,0.032554731
7.665250000,0.032096423
7.665312500,0.032200910
7.665375000,0.032909032
7.665437500,0.034009956
7.665500000,0.035202529
7.665562500,0.036170676
7.665625000,0.036879592
7.665687500,0.037416544
7.665750000,0.037932139
7.665812500,0.038453400
7.665875000,0.039022114
7.665937500,0.039543513
7.666000000,0.039908748
7.666062500,0.040020239
7.666125000,0.040048670
7.666187500,0.040218323
7.666250000,0.040755868
7.666312500,0.041713152
7.666375000,0.043105315
7.666437500,0.044750348
7.666500000,0.046403330
7.666562500,0.047813252
7.666625000,0.048960663
7.666687500,0.049917661
7.666750000,0.050827179
7.666812500,0.051768038
7.666875000,0.052813224
7.666937500,0.053874835
7.667000000,0.054780405
7.667062500,0.055311251
7.667125000,0.055410787
7.667187500,0.055096172
7.667250000,0.054498032
7.667312500,0.053776138
7.667375000,0.053189430
7.667437500,0.052883241
7.667500000,0.052897915
7.667562500,0.053127188
7.667625000,0.053494338
7.667687500,0.053839747
7.667750000,0.054027408
7.667812500,0.053949546
7.667875000,0.053649865
7.667937500,0.053161032
7.668000000,0.052521419
7.668062500,0.051723998
7.668125000,0.050828017
7.668187500,0.049832456
7.668250000,0.048756443
7.668312500,0.047630992
7.668375000,0.046610929
7.668437500,0.045784675
7.668500000,0.045179714
7.668562500,0.044699851
7.668625000,0.044238668
7.668687500,0.043564323
7.668750000,0.042450108
7.668812500,0.040725548
7.668875000,0.038457017
7.668937500,0.035785995
7.669000000,0.032943543
7.669062500,0.030143885
7.669125000,0.027664647
7.669187500,0.025614962
7.669250000,0.024001725
7.669312500,0.022718204
7.669375000,0.021768702
7.669437500,0.021084344
7.669500000,0.020613244
7.669562500,0.020264022
7.669625000,0.020094512
7.669687500,0.020051679
7.669750000,0.020048497
7.669812500,0.019915657
7.669875000,0.019635117
7.669937500,0.019108023
7.670000000,0.018260136
7.670062500,0.017007107
7.670125000,0.015492233
7.670187500,0.013842389
7.670250000,0.012236172
7.670312500,0.010801628
7.670375000,0.009799897
7.670437500,0.009299044
7.670500000,0.009224192
7.670562500,0.009301065
7.670625000,0.009371461
7.670687500,0.009220606
7.670750000,0.008753570
7.670812500,0.007970282
7.670875000,0.007181910
7.670937500,0.006657777
7.671000000,0.006588709
7.671062500,0.006936876
7.671125000,0.007657273
7.671187500,0.008523582
7.671250000,0.009318316
7.671312500,0.009869192
7.671375000,0.010322978
7.671437500,0.010861566
7.671500000,0.011671427
7.671562500,0.012774789
7.671625000,0.014195177
7.671687500,0.015774650
7.671750000,0.017318891
7.671812500,0.018632816
7.671875000,0.019761037
7.671937500,0.020793529
7.672000000,0.021836862
7.672062500,0.022873869
7.672125000,0.023905313
7.672187500,0.024818433
7.672250000,0.025507715
7.672312500,0.025897192
7.672375000,0.026153142
7.672437500,0.026487421
7.672500000,0.027107829
7.672562500,0.028065970
7.672625000,0.029375056
7.672687500,0.030881222
7.672750000,0.032378796
7.672812500,0.033653557
7.672875000,0.034676649
7.672937500,0.035482757
7.673000000,0.036143772
7.673062500,0.036661990
7.673125000,0.037047900
7.673187500,0.037239280
7.673250000,0.037179142
7.673312500,0.036838248
7.673375000,0.036358304
7.673437500,0.035934284
7.673500000,0.035767276
7.673562500,0.035946459
7.673625000,0.036502674
7.673687500,0.037322458
7.673750000,0.038214508
7.673812500,0.038946178
7.673875000,0.039408263
7.673937500,0.039559148
7.674000000,0.039438128
7.674062500,0.039099298
7.674125000,0.038667772
7.674187500,0.038227584
7.674250000,0.037838012
7.674312500,0.037509561
7.674375000,0.037301958
7.674437500,0.037227251
7.674500000,0.037273265
7.674562500,0.037375014
7.674625000,0.037505064
7.674687500,0.037588019
7.674750000,0.037555639
7.674812500,0.037345499
7.674875000,0.036979817
7.674937500,0.036455553
7.675000000,0.035767276
7.675062500,0.034888841
7.675125000,0.033841211
7.675187500,0.032618385
7.675250000,0.031249303
7.675312500,0.029801635
7.675375000,0.028447796
7.675437500,0.027325973
7.675500000,0.026543085
7.675562500,0.026125839
7.675625000,0.026079345
7.675687500,0.026276443
7.675750000,0.026543085
7.675812500,0.026697813
7.675875000,0.026669201
7.675937500,0.026397448
7.676000000,0.025884213
7.676062500,0.025169933
7.676125000,0.024367275
7.676187500,0.023529256
7.676250000,0.022683984
7.676312500,0.021828784
7.676375000,0.021001579
7.676437500,0.020171165
7.676500000,0.019295502
7.676562500,0.018326158
7.676625000,0.017286956
7.676687500,0.016164243
7.676750000,0.014965781
7.676812500,0.013713492
7.676875000,0.012494731
7.676937500,0.011322048
7.677000000,0.010165436
7.677062500,0.008947641
7.677125000,0.007641240
7.677187500,0.006192697
7.677250000,0.004612096
7.677312500,0.002983208
7.677375000,0.001506346
7.677437500,0.000328131
7.677500000,-0.000470622
7.677562500,-0.000913124
7.677625000,-0.001072318
7.677687500,-0.001122850
7.677750000,-0.001223617
7.677812500,-0.001452225
7.677875000,-0.001759113
7.677937500,-0.002078929
7.678000000,-0.002353110
7.678062500,-0.002572821
7.678125000,-0.002784555
7.678187500,-0.003114492
7.678250000,-0.003670852
7.678312500,-0.004465349
7.678375000,-0.005386216
7.678437500,-0.006275363
7.678500000,-0.006965206
7.678562500,-0.007332740
7.678625000,-0.007363345
7.678687500,-0.007181092
7.678750000,-0.006965206
7.678812500,-0.006841673
7.678875000,-0.006871025
7.678937500,-0.007036804
7.679000000,-0.007247579
7.679062500,-0.007353419
7.679125000,-0.007258538
7.679187500,-0.006951962
7.679250000,-0.006494584
7.679312500,-0.005955918
7.679375000,-0.005456303
7.679437500,-0.005108750
7.679500000,-0.004988594
7.679562500,-0.005083731
7.679625000,-0.005395223
7.679687500,-0.005905563
7.679750000,-0.006588709
7.679812500,-0.007368694
7.679875000,-0.008229661
7.679937500,-0.009143545
7.680000000,-0.010071312
7.680062500,-0.010906549
7.680125000,-0.011637421
7.680187500,-0.012259346
7.680250000,-0.012800919
7.680312500,-0.013253569
7.680375000,-0.013724695
7.680437500,-0.014286273
7.680500000,-0.014965781
7.680562500,-0.015668347
7.680625000,-0.016378719
7.680687500,-0.017075073
7.680750000,-0.017789513
7.680812500,-0.018547043
7.680875000,-0.019527653
7.680937500,-0.020863784
7.681000000,-0.022589857
7.681062500,-0.024518484
7.681125000,-0.026462808
7.681187500,-0.028152581
7.681250000,-0.029366815
7.681312500,-0.029946959
7.681375000,-0.030037804
7.681437500,-0.029898761
7.681500000,-0.029837437
7.681562500,-0.030015608
7.681625000,-0.030576663
7.681687500,-0.031460345
7.681750000,-0.032472920
7.681812500,-0.033295710
7.681875000,-0.033790946
7.681937500,-0.033919588
7.682000000,-0.033790659
7.682062500,-0.033546545
7.682125000,-0.033505045
7.682187500,-0.033916704
7.682250000,-0.034920152
7.682312500,-0.036424603
7.682375000,-0.038343396
7.682437500,-0.040482916
7.682500000,-0.042638354
7.682562500,-0.044564907
7.682625000,-0.046219837
7.682687500,-0.047583144
7.682750000,-0.048662320
7.682812500,-0.049388822
7.682875000,-0.049833223
7.682937500,-0.050055701
7.683000000,-0.050168309
7.683062500,-0.050260540
7.683125000,-0.050567787
7.683187500,-0.051226456
7.683250000,-0.052239046
7.683312500,-0.053368434
7.683375000,-0.054402489
7.683437500,-0.055078436
7.683500000,-0.055251025
7.683562500,-0.054894868
7.683625000,-0.054321181
7.683687500,-0.053876463
7.683750000,-0.053839162
7.683812500,-0.054212261
7.683875000,-0.054925587
7.683937500,-0.055687830
7.684000000,-0.056192271
7.684062500,-0.056192391
7.684125000,-0.055817220
7.684187500,-0.055329245
7.684250000,-0.055062778
7.684312500,-0.055196106
7.684375000,-0.055867430
7.684437500,-0.056928683
7.684500000,-0.058074761
7.684562500,-0.058902297
7.684625000,-0.059257511
7.684687500,-0.059097029
7.684750000,-0.058545381
7.684812500,-0.057754245
7.684875000,-0.057019804
7.684937500,-0.056472763
7.685000000,-0.056098148
7.685062500,-0.055685412
7.685125000,-0.055140588
7.685187500,-0.054339260
7.685250000,-0.053274415
7.685312500,-0.052007031
7.685375000,-0.050862309
7.685437500,-0.050079562
7.685500000,-0.049791813
7.685562500,-0.049898598
7.685625000,-0.050308648
7.685687500,-0.050760526
7.685750000,-0.051015429
7.685812500,-0.050893396
7.685875000,-0.050527327
7.685937500,-0.050072741
7.686000000,-0.049697686
7.686062500,-0.049433816
7.686125000,-0.049345113
7.686187500,-0.049299669
7.686250000,-0.049132939
7.686312500,-0.048684228
7.686375000,-0.048055068
7.686437500,-0.047349010
7.686500000,-0.046685707
7.686562500,-0.046064790
7.686625000,-0.045548342
7.686687500,-0.045018241
7.686750000,-0.044332597
7.686812500,-0.043353450
7.686875000,-0.042222999
7.686937500,-0.041101724
7.687000000,-0.040191121
7.687062500,-0.039588489
7.687125000,-0.039438464
7.687187500,-0.039646525
7.687250000,-0.040002871
7.687312500,-0.040208206
7.687375000,-0.040169165
7.687437500,-0.039805718
7.687500000,-0.039155755
7.687562500,-0.038301926
7.687625000,-0.037491318
7.687687500,-0.036832735
7.687750000,-0.036332019
7.687812500,-0.035851620
7.687875000,-0.035316207
7.687937500,-0.034566905
7.688000000,-0.033508290
7.688062500,-0.032121178
7.688125000,-0.030597569
7.688187500,-0.029100431
7.688250000,-0.027766701
7.688312500,-0.026630314
7.688375000,-0.025742052
7.688437500,-0.025018638
7.688500000,-0.024378221
7.688562500,-0.023781205
7.688625000,-0.023360170
7.688687500,-0.023219006
7.688750000,-0.023436978
7.688812500,-0.023997240
7.688875000,-0.024848411
7.688937500,-0.025776858
7.689000000,-0.026543085
7.689062500,-0.026968947
7.689125000,-0.027049961
7.689187500,-0.026836241
7.689250000,-0.026448958
7.689312500,-0.026025377
7.689375000,-0.025676578
7.689437500,-0.025358446
7.689500000,-0.024942968
7.689562500,-0.024297444
7.689625000,-0.023351084
7.689687500,-0.022070114
7.689750000,-0.020519121
7.689812500,-0.018866280
7.689875000,-0.017312724
7.689937500,-0.015971500
7.690000000,-0.014871657
7.690062500,-0.013987670
7.690125000,-0.013226833
7.690187500,-0.012432797
7.690250000,-0.011483178
7.690312500,-0.010374323
7.690375000,-0.009168851
7.690437500,-0.007942968
7.690500000,-0.006776957
7.690562500,-0.005762072
7.690625000,-0.004896255
7.690687500,-0.004083531
7.690750000,-0.003200230
7.690812500,-0.002198162
7.690875000,-0.001041521
7.690937500,0.000269144
7.691000000,0.001694239
7.691062500,0.003130166
7.691125000,0.004559098
7.691187500,0.006029055
7.691250000,0.007624077
7.691312500,0.009367568
7.691375000,0.011306362
7.691437500,0.013443671
7.691500000,0.015718777
7.691562500,0.017959503
7.691625000,0.020040054
7.691687500,0.021877538
7.691750000,0.023436978
7.691812500,0.024671098
7.691875000,0.025651714
7.691937500,0.026509473
7.692000000,0.027390203
7.692062500,0.028345842
7.692125000,0.029464884
7.692187500,0.030787308
7.692250000,0.032284670
7.692312500,0.033789534
7.692375000,0.035212014
7.692437500,0.036496889
7.692500000,0.037649762
7.692562500,0.038666233
7.692625000,0.039655846
7.692687500,0.040715940
7.692750000,0.041885361
7.692812500,0.043059170
7.692875000,0.044151019
7.692937500,0.045063421
7.693000000,0.045744464
7.693062500,0.046160687
7.693125000,0.046435047
7.693187500,0.046722468
7.693250000,0.047156330
7.693312500,0.047737561
7.693375000,0.048453324
7.693437500,0.049208131
7.693500000,0.049885936
7.693562500,0.050353196
7.693625000,0.050639000
7.693687500,0.050841462
7.693750000,0.051109552
7.693812500,0.051527333
7.693875000,0.052199956
7.693937500,0.053104088
7.694000000,0.054121532
7.694062500,0.055039290
7.694125000,0.055786587
7.694187500,0.056372225
7.694250000,0.056945268
7.694312500,0.057696711
7.694375000,0.058914851
7.694437500,0.060693271
7.694500000,0.062875107
7.694562500,0.064992987
7.694625000,0.066540509
7.694687500,0.066996485
7.694750000,0.066075332
7.694812500,0.063798599
7.694875000,0.060669020
7.694937500,0.057332687
7.695000000,0.054403909
7.695062500,0.052197240
7.695125000,0.050821412
7.695187500,0.050023396
7.695250000,0.049415316
7.695312500,0.048610177
7.695375000,0.047561031
7.695437500,0.046353392
7.695500000,0.045179714
7.695562500,0.044142973
7.695625000,0.043369319
7.695687500,0.042765666
7.695750000,0.042167734
7.695812500,0.041385170
7.695875000,0.040499762
7.695937500,0.039617900
7.696000000,0.038873378
7.696062500,0.038266271
7.696125000,0.037854590
7.696187500,0.037511766
7.696250000,0.037085015
7.696312500,0.036412362
7.696375000,0.035613447
7.696437500,0.034797825
7.696500000,0.034073036
7.696562500,0.033396598
7.696625000,0.032814607
7.696687500,0.032221437
7.696750000,0.031531677
7.696812500,0.030678896
7.696875000,0.029899262
7.696937500,0.029384091
7.697000000,0.029272690
7.697062500,0.029486213
7.697125000,0.029997442
7.697187500,0.030569775
7.697250000,0.030966930
7.697312500,0.030978700
7.697375000,0.030759554
7.697437500,0.030473560
7.697500000,0.030308058
7.697562500,0.030300288
7.697625000,0.030540029
7.697687500,0.030892139
7.697750000,0.031155180
7.697812500,0.031096036
7.697875000,0.030772494
7.697937500,0.030307336
7.698000000,0.029931562
7.698062500,0.029838538
7.698125000,0.030284263
7.698187500,0.031282827
7.698250000,0.032661170
7.698312500,0.034063675
7.698375000,0.035244867
7.698437500,0.035984132
7.698500000,0.036237895
7.698562500,0.036111318
7.698625000,0.035943665
7.698687500,0.036003664
7.698750000,0.036426149
7.698812500,0.037115257
7.698875000,0.037909050
7.698937500,0.038529024
7.699000000,0.038779255
7.699062500,0.038622204
7.699125000,0.038305137
7.699187500,0.038121130
7.699250000,0.038308635
7.699312500,0.038900960
7.699375000,0.039774757
7.699437500,0.040599756
7.699500000,0.041038241
7.699562500,0.040891666
7.699625000,0.040262155
7.699687500,0.039414283
7.699750000,0.038685132
7.699812500,0.038309339
7.699875000,0.038367730
7.699937500,0.038667370
7.700000000,0.038873378
7.700062500,0.038647603
7.700125000,0.037846696
7.700187500,0.036481746
7.700250000,0.034731906
7.700312500,0.032845952
7.700375000,0.031100135
7.700437500,0.029624209
7.700500000,0.028425572
7.700562500,0.027410522
7.700625000,0.026495853
7.700687500,0.025552385
7.700750000,0.024472345
7.700812500,0.023182269
7.700875000,0.021700852
7.700937500,0.020059850
7.701000000,0.018354259
7.701062500,0.016731372
7.701125000,0.015386319
7.701187500,0.014402132
7.701250000,0.013742164
7.701312500,0.013250335
7.701375000,0.012723932
7.701437500,0.011925490
7.701500000,0.010730183
7.701562500,0.009196962
7.701625000,0.007566041
7.701687500,0.006077164
7.701750000,0.004894469
7.701812500,0.004035444
7.701875000,0.003393730
7.701937500,0.002737137
7.702000000,0.001882488
7.702062500,0.000806062
7.702125000,-0.000303357
7.702187500,-0.001225424
7.702250000,-0.001788364
7.702312500,-0.001970817
7.702375000,-0.001880153
7.702437500,-0.001775977
7.702500000,-0.001882488
7.702562500,-0.002261065
7.702625000,-0.002738001
7.702687500,-0.003082608
7.702750000,-0.003106105
7.702812500,-0.002786016
7.702875000,-0.002292063
7.702937500,-0.001994006
7.703000000,-0.002258986
7.703062500,-0.003264849
7.703125000,-0.004910536
7.703187500,-0.006900262
7.703250000,-0.008847695
7.703312500,-0.010430750
7.703375000,-0.011520983
7.703437500,-0.012249181
7.703500000,-0.012895043
7.703562500,-0.013727496
7.703625000,-0.014884321
7.703687500,-0.016334495
7.703750000,-0.017883638
7.703812500,-0.019254236
7.703875000,-0.020205142
7.703937500,-0.020638902
7.704000000,-0.020613244
7.704062500,-0.020294052
7.704125000,-0.019879606
7.704187500,-0.019529823
7.704250000,-0.019295502
7.704312500,-0.019098554
7.704375000,-0.018795211
7.704437500,-0.018250635
7.704500000,-0.017413015
7.704562500,-0.016339866
7.704625000,-0.015221518
7.704687500,-0.014292364
7.704750000,-0.013742164
7.704812500,-0.013621702
7.704875000,-0.013884442
7.704937500,-0.014384680
7.705000000,-0.014965781
7.705062500,-0.015506612
7.705125000,-0.016029095
7.705187500,-0.016610326
7.705250000,-0.017318891
7.705312500,-0.018108994
7.705375000,-0.018889362
7.705437500,-0.019491892
7.705500000,-0.019766126
7.705562500,-0.019626534
7.705625000,-0.019165518
7.705687500,-0.018556288
7.705750000,-0.017977761
7.705812500,-0.017490786
7.705875000,-0.017089801
7.705937500,-0.016645005
7.706000000,-0.016001150
7.706062500,-0.015030896
7.706125000,-0.013799483
7.706187500,-0.012456960
7.706250000,-0.011200804
7.706312500,-0.010154278
7.706375000,-0.009427078
7.706437500,-0.008990896
7.706500000,-0.008753570
7.706562500,-0.008586782
7.706625000,-0.008498888
7.706687500,-0.008528401
7.706750000,-0.008753570
7.706812500,-0.009208143
7.706875000,-0.009951405
7.706937500,-0.010933974
7.707000000,-0.012047924
7.707062500,-0.013136996
7.707125000,-0.014154542
7.707187500,-0.015089749
7.707250000,-0.016001150
7.707312500,-0.016954431
7.707375000,-0.018077960
7.707437500,-0.019411124
7.707500000,-0.020895619
7.707562500,-0.022338977
7.707625000,-0.023566233
7.707687500,-0.024380408
7.707750000,-0.024660595
7.707812500,-0.024367649
7.707875000,-0.023676818
7.707937500,-0.022815714
7.708000000,-0.022025112
7.708062500,-0.021441739
7.708125000,-0.021193067
7.708187500,-0.021261370
7.708250000,-0.021554491
7.708312500,-0.021912361
7.708375000,-0.022284072
7.708437500,-0.022615254
7.708500000,-0.022872232
7.708562500,-0.022979863
7.708625000,-0.022946604
7.708687500,-0.022752352
7.708750000,-0.022401609
7.708812500,-0.021901689
7.708875000,-0.021372976
7.708937500,-0.020919919
7.709000000,-0.020613244
7.709062500,-0.020420264
7.709125000,-0.020313902
7.709187500,-0.020212146
7.709250000,-0.020048497
7.709312500,-0.019774219
7.709375000,-0.019482249
7.709437500,-0.019287365
7.709500000,-0.019295502
7.709562500,-0.019508155
7.709625000,-0.019927662
7.709687500,-0.020460580
7.709750000,-0.020989744
7.709812500,-0.021381270
7.709875000,-0.021663122
7.709937500,-0.021903567
7.710000000,-0.022213360
7.710062500,-0.022645807
7.710125000,-0.023295647
7.710187500,-0.024130488
7.710250000,-0.025037091
7.710312500,-0.025806997
7.710375000,-0.026366333
7.710437500,-0.026662162
7.710500000,-0.026731333
7.710562500,-0.026632002
7.710625000,-0.026564155
7.710687500,-0.026649157
7.710750000,-0.026919581
7.710812500,-0.027247202
7.710875000,-0.027541222
7.710937500,-0.027652442
7.711000000,-0.027484328
7.711062500,-0.026985683
7.711125000,-0.026322333
7.711187500,-0.025677420
7.711250000,-0.025225341
7.711312500,-0.025012588
7.711375000,-0.025089094
7.711437500,-0.025363483
7.711500000,-0.025695963
7.711562500,-0.025908764
7.711625000,-0.026018973
7.711687500,-0.026093734
7.711750000,-0.026260709
7.711812500,-0.026583940
7.711875000,-0.027177503
7.711937500,-0.027999695
7.712000000,-0.028896192
7.712062500,-0.029590238
7.712125000,-0.029943850
7.712187500,-0.029878510
7.712250000,-0.029460939
7.712312500,-0.028833423
7.712375000,-0.028328350
7.712437500,-0.028208110
7.712500000,-0.028613821
7.712562500,-0.029451877
7.712625000,-0.030594470
7.712687500,-0.031779431
7.712750000,-0.032755297
7.712812500,-0.033305548
7.712875000,-0.033495191
7.712937500,-0.033466130
7.713000000,-0.033414163
7.713062500,-0.033427846
7.713125000,-0.033630293
7.713187500,-0.033960707
7.713250000,-0.034261286
7.713312500,-0.034278117
7.713375000,-0.033975892
7.713437500,-0.033385273
7.713500000,-0.032661170
7.713562500,-0.031956654
7.713625000,-0.031582393
7.713687500,-0.031710882
7.713750000,-0.032378796
7.713812500,-0.033395845
7.713875000,-0.034638830
7.713937500,-0.035896607
7.714000000,-0.036990892
7.714062500,-0.037733253
7.714125000,-0.038192313
7.714187500,-0.038445707
7.714250000,-0.038591005
7.714312500,-0.038609315
7.714375000,-0.038607463
7.714437500,-0.038581837
7.714500000,-0.038496882
7.714562500,-0.038224533
7.714625000,-0.037862573
7.714687500,-0.037501592
7.714750000,-0.037273265
7.714812500,-0.037211761
7.714875000,-0.037487384
7.714937500,-0.038108014
7.715000000,-0.038967505
7.715062500,-0.039781362
7.715125000,-0.040440310
7.715187500,-0.040847614
7.715250000,-0.041038241
7.715312500,-0.041081656
7.715375000,-0.041305944
7.715437500,-0.041927736
7.715500000,-0.043014854
7.715562500,-0.044346601
7.715625000,-0.045742564
7.715687500,-0.046923853
7.715750000,-0.047721073
7.715812500,-0.048071209
7.715875000,-0.048301969
7.715937500,-0.048756748
7.716000000,-0.049697686
7.716062500,-0.051074050
7.716125000,-0.052771293
7.716187500,-0.054438625
7.716250000,-0.055721652
7.716312500,-0.056335624
7.716375000,-0.056429714
7.716437500,-0.056294218
7.716500000,-0.056286395
7.716562500,-0.056570519
7.716625000,-0.057301171
7.716687500,-0.058353130
7.716750000,-0.059486628
7.716812500,-0.060385752
7.716875000,-0.061039045
7.716937500,-0.061487876
7.717000000,-0.061839733
7.717062500,-0.062089946
7.717125000,-0.062340401
7.717187500,-0.062536068
7.717250000,-0.062592737
7.717312500,-0.062384039
7.717375000,-0.062043484
7.717437500,-0.061696012
7.717500000,-0.061463237
7.717562500,-0.061311044
7.717625000,-0.061278079
7.717687500,-0.061247330
7.717750000,-0.061086740
7.717812500,-0.060646303
7.717875000,-0.060062200
7.717937500,-0.059489068
7.718000000,-0.059110127
7.718062500,-0.058973245
7.718125000,-0.059195034
7.718187500,-0.059681267
7.718250000,-0.060239621
7.718312500,-0.060568158
7.718375000,-0.060614992
7.718437500,-0.060351226
7.718500000,-0.059863124
7.718562500,-0.059230346
7.718625000,-0.058736168
7.718687500,-0.058506515
7.718750000,-0.058545381
7.718812500,-0.058650367
7.718875000,-0.058741394
7.718937500,-0.058644313
7.719000000,-0.058263011
7.719062500,-0.057543326
7.719125000,-0.056734879
7.719187500,-0.056023691
7.719250000,-0.055533402
7.719312500,-0.055181261
7.719375000,-0.054952092
7.719437500,-0.054655671
7.719500000,-0.054121532
7.719562500,-0.053206276
7.719625000,-0.052114252
7.719687500,-0.051038876
7.719750000,-0.050168309
7.719812500,-0.049510732
7.719875000,-0.049142316
7.719937500,-0.048918758
7.720000000,-0.048662320
7.720062500,-0.048178867
7.720125000,-0.047599319
7.720187500,-0.047051284
7.720250000,-0.046685707
7.720312500,-0.046510600
7.720375000,-0.046634316
7.720437500,-0.046960078
7.720500000,-0.047344577
7.720562500,-0.047588676
7.720625000,-0.047764916
7.720687500,-0.047896631
7.720750000,-0.048003450
7.720812500,-0.047968373
7.720875000,-0.047818199
7.720937500,-0.047446404
7.721000000,-0.046779834
7.721062500,-0.045756862
7.721125000,-0.044627827
7.721187500,-0.043595478
7.721250000,-0.042826608
7.721312500,-0.042295624
7.721375000,-0.042041499
7.721437500,-0.041902266
7.721500000,-0.041697115
7.721562500,-0.041241661
7.721625000,-0.040672839
7.721687500,-0.040137112
7.721750000,-0.039814625
7.721812500,-0.039763957
7.721875000,-0.040094703
7.721937500,-0.040685799
7.722000000,-0.041320615
7.722062500,-0.041715637
7.722125000,-0.041822221
7.722187500,-0.041625451
7.722250000,-0.041226488
7.722312500,-0.040749971
7.722375000,-0.040456701
7.722437500,-0.040457722
7.722500000,-0.040755868
7.722562500,-0.041213162
7.722625000,-0.041758545
7.722687500,-0.042238846
7.722750000,-0.042544231
7.722812500,-0.042606998
7.722875000,-0.042548977
7.722937500,-0.042465381
7.723000000,-0.042450108
7.723062500,-0.042526446
7.723125000,-0.042755425
7.723187500,-0.043055072
7.723250000,-0.043297227
7.723312500,-0.043332640
7.723375000,-0.043165907
7.723437500,-0.042810634
7.723500000,-0.042355984
7.723562500,-0.041909561
7.723625000,-0.041654341
7.723687500,-0.041616578
7.723750000,-0.041697115
7.723812500,-0.041668028
7.723875000,-0.041347716
7.723937500,-0.040536005
7.724000000,-0.039155755
7.724062500,-0.037270784
7.724125000,-0.035161376
7.724187500,-0.033088699
7.724250000,-0.031249303
7.724312500,-0.029683135
7.724375000,-0.028360596
7.724437500,-0.027094986
7.724500000,-0.025695963
7.724562500,-0.024047252
7.724625000,-0.022248801
7.724687500,-0.020448895
7.724750000,-0.018824881
7.724812500,-0.017476892
7.724875000,-0.016472409
7.724937500,-0.015696948
7.725000000,-0.014965781
7.725062500,-0.014088444
7.725125000,-0.013036649
7.725187500,-0.011824489
7.725250000,-0.010541934
7.725312500,-0.009280886
7.725375000,-0.008188368
7.725437500,-0.007278168
7.725500000,-0.006494584
7.725562500,-0.005727303
7.725625000,-0.004972411
7.725687500,-0.004211565
7.725750000,-0.003482603
7.725812500,-0.002835634
7.725875000,-0.002420271
7.725937500,-0.002273228
7.726000000,-0.002353110
7.726062500,-0.002517433
7.726125000,-0.002690105
7.726187500,-0.002748424
7.726250000,-0.002635483
7.726312500,-0.002352001
7.726375000,-0.002068649
7.726437500,-0.001896611
7.726500000,-0.001882488
7.726562500,-0.001939365
7.726625000,-0.002000996
7.726687500,-0.001917966
7.726750000,-0.001600115
7.726812500,-0.001047060
7.726875000,-0.000466655
7.726937500,-0.000066464
7.727000000,-0.000000000
7.727062500,-0.000256131
7.727125000,-0.000753254
7.727187500,-0.001271721
7.727250000,-0.001600115
7.727312500,-0.001609535
7.727375000,-0.001394645
7.727437500,-0.001135845
7.727500000,-0.001035369
7.727562500,-0.001190013
7.727625000,-0.001618014
7.727687500,-0.002189446
7.727750000,-0.002729608
7.727812500,-0.003092592
7.727875000,-0.003300207
7.727937500,-0.003468768
7.728000000,-0.003764976
7.728062500,-0.004297412
7.728125000,-0.005103492
7.728187500,-0.006083679
7.728250000,-0.007059331
7.728312500,-0.007840220
7.728375000,-0.008337288
7.728437500,-0.008569670
7.728500000,-0.008659446
7.728562500,-0.008768973
7.728625000,-0.009054574
7.728687500,-0.009590819
7.728750000,-0.010353684
7.728812500,-0.011228573
7.728875000,-0.012073563
7.728937500,-0.012751251
7.729000000,-0.013177417
7.729062500,-0.013340365
7.729125000,-0.013312309
7.729187500,-0.013213571
7.729250000,-0.013177417
7.729312500,-0.013306751
7.729375000,-0.013640989
7.729437500,-0.014137043
7.729500000,-0.014683408
7.729562500,-0.015145750
7.729625000,-0.015391275
7.729687500,-0.015354056
7.729750000,-0.015059905
7.729812500,-0.014631754
7.729875000,-0.014221366
7.729937500,-0.013965748
7.730000000,-0.013930413
7.730062500,-0.014098731
7.730125000,-0.014339874
7.730187500,-0.014487254
7.730250000,-0.014401034
7.730312500,-0.014044636
7.730375000,-0.013432686
7.730437500,-0.012643336
7.730500000,-0.011765551
7.730562500,-0.010891124
7.730625000,-0.010008882
7.730687500,-0.009083034
7.730750000,-0.008094699
7.730812500,-0.007121515
7.730875000,-0.006240215
7.730937500,-0.005543724
7.731000000,-0.005082718
7.731062500,-0.004866360
7.731125000,-0.004769596
7.731187500,-0.004631524
7.731250000,-0.004329723
7.731312500,-0.003878416
7.731375000,-0.003339373
7.731437500,-0.002811825
7.731500000,-0.002353110
7.731562500,-0.001958430
7.731625000,-0.001469490
7.731687500,-0.000677368
7.731750000,0.000564746
7.731812500,0.002206813
7.731875000,0.004071428
7.731937500,0.005875361
7.732000000,0.007341704
7.732062500,0.008274719
7.732125000,0.008718653
7.732187500,0.008900855
7.732250000,0.009130068
7.732312500,0.009629523
7.732375000,0.010538861
7.732437500,0.011853511
7.732500000,0.013459790
7.732562500,0.015165571
7.732625000,0.016883327
7.732687500,0.018614866
7.732750000,0.020424996
7.732812500,0.022329638
7.732875000,0.024357265
7.732937500,0.026460921
7.733000000,0.028519696
7.733062500,0.030314982
7.733125000,0.031723846
7.733187500,0.032686945
7.733250000,0.033225916
7.733312500,0.033365659
7.733375000,0.033262212
7.733437500,0.033075590
7.733500000,0.032943543
7.733562500,0.032888509
7.733625000,0.032972116
7.733687500,0.033192549
7.733750000,0.033508290
7.733812500,0.033790477
7.733875000,0.034018386
7.733937500,0.034193035
7.734000000,0.034355409
7.734062500,0.034503005
7.734125000,0.034732729
7.734187500,0.035093911
7.734250000,0.035579026
7.734312500,0.036046300
7.734375000,0.036439784
7.734437500,0.036696170
7.734500000,0.036802646
7.734562500,0.036728267
7.734625000,0.036637288
7.734687500,0.036683355
7.734750000,0.036990892
7.734812500,0.037528381
7.734875000,0.038323529
7.734937500,0.039305959
7.735000000,0.040379371
7.735062500,0.041373774
7.735125000,0.042319469
7.735187500,0.043254390
7.735250000,0.044238474
7.735312500,0.045219537
7.735375000,0.046268776
7.735437500,0.047349010
7.735500000,0.048379947
7.735562500,0.049169112
7.735625000,0.049744055
7.735687500,0.050119054
7.735750000,0.050356556
7.735812500,0.050435793
7.735875000,0.050537352
7.735937500,0.050728720
7.736000000,0.051015429
7.736062500,0.051234178
7.736125000,0.051400602
7.736187500,0.051460132
7.736250000,0.051391926
7.736312500,0.051116128
7.736375000,0.050834894
7.736437500,0.050715607
7.736500000,0.050921306
7.736562500,0.051449344
7.736625000,0.052420348
7.736687500,0.053771909
7.736750000,0.055345152
7.736812500,0.056816120
7.736875000,0.058080815
7.736937500,0.059015285
7.737000000,0.059580751
7.737062500,0.059715718
7.737125000,0.059646446
7.737187500,0.059549443
7.737250000,0.059580751
7.737312500,0.059724212
7.737375000,0.060104832
7.737437500,0.060686693
7.737500000,0.061369114
7.737562500,0.061912935
7.737625000,0.062332094
7.737687500,0.062625892
7.737750000,0.062875107
7.737812500,0.063107356
7.737875000,0.063579954
7.737937500,0.064390808
7.738000000,0.065510593
7.738062500,0.066672228
7.738125000,0.067760400
7.738187500,0.068589322
7.738250000,0.069087312
7.738312500,0.069239818
7.738375000,0.069383688
7.738437500,0.069783531
7.738500000,0.070593305
7.738562500,0.071666166
7.738625000,0.072872534
7.738687500,0.073873676
7.738750000,0.074358284
7.738812500,0.074081443
7.738875000,0.073239870
7.738937500,0.072119109
7.739000000,0.071063928
7.739062500,0.070245840
7.739125000,0.069877021
7.739187500,0.069895238
7.739250000,0.070122682
7.739312500,0.070279524
7.739375000,0.070376173
7.739437500,0.070424996
7.739500000,0.070499182
7.739562500,0.070572421
7.739625000,0.070779942
7.739687500,0.071072750
7.739750000,0.071346298
7.739812500,0.071400441
7.739875000,0.071298927
7.739937500,0.071050748
7.740000000,0.070687436
7.740062500,0.070134394
7.740125000,0.069504023
7.740187500,0.068763308
7.740250000,0.067863703
7.740312500,0.066686608
7.740375000,0.065392874
7.740437500,0.064083159
7.740500000,0.062875107
7.740562500,0.061769325
7.740625000,0.060938228
7.740687500,0.060363948
7.740750000,0.059957247
7.740812500,0.059500337
7.740875000,0.059014935
7.740937500,0.058446210
7.741000000,0.057792384
7.741062500,0.057009377
7.741125000,0.056305550
7.741187500,0.055748407
7.741250000,0.055345152
7.741312500,0.054942429
7.741375000,0.054574203
7.741437500,0.054136984
7.741500000,0.053556789
7.741562500,0.052734703
7.741625000,0.051885832
7.741687500,0.051147144
7.741750000,0.050638933
7.741812500,0.050320171
7.741875000,0.050300147
7.741937500,0.050485119
7.742000000,0.050733056
7.742062500,0.050812956
7.742125000,0.050784715
7.742187500,0.050649714
7.742250000,0.050450683
7.742312500,0.050145011
7.742375000,0.049919773
7.742437500,0.049805239
7.742500000,0.049791813
7.742562500,0.049743593
7.742625000,0.049763996
7.742687500,0.049826026
7.742750000,0.049885936
7.742812500,0.049777791
7.742875000,0.049585458
7.742937500,0.049280096
7.743000000,0.048850566
7.743062500,0.048207328
7.743125000,0.047537528
7.743187500,0.046919476
7.743250000,0.046403330
7.743312500,0.045885619
7.743375000,0.045467544
7.743437500,0.045117043
7.743500000,0.044803217
7.743562500,0.044417858
7.743625000,0.044134114
7.743687500,0.044046145
7.743750000,0.044238474
7.743812500,0.044645689
7.743875000,0.045365643
7.743937500,0.046314977
7.744000000,0.047344577
7.744062500,0.048176620
7.744125000,0.048790291
7.744187500,0.049131762
7.744250000,0.049227066
7.744312500,0.049068898
7.744375000,0.048907001
7.744437500,0.048875313
7.744500000,0.049038816
7.744562500,0.049276207
7.744625000,0.049629886
7.744687500,0.050032776
7.744750000,0.050450683
7.744812500,0.050809506
7.744875000,0.051315244
7.744937500,0.052085996
7.745000000,0.053180292
7.745062500,0.054451313
7.745125000,0.055871744
7.745187500,0.057261802
7.745250000,0.058451258
7.745312500,0.059239466
7.745375000,0.059764083
7.745437500,0.060147461
7.745500000,0.060521994
7.745562500,0.060850047
7.745625000,0.061235022
7.745687500,0.061601769
7.745750000,0.061839733
7.745812500,0.061756153
7.745875000,0.061468989
7.745937500,0.061078023
7.746000000,0.060710244
7.746062500,0.060347948
7.746125000,0.060145445
7.746187500,0.060095944
7.746250000,0.060145497
7.746312500,0.060115702
7.746375000,0.060091868
7.746437500,0.060094796
7.746500000,0.060145497
7.746562500,0.060121689
7.746625000,0.060111940
7.746687500,0.060093325
7.746750000,0.060051370
7.746812500,0.059881944
7.746875000,0.059764083
7.746937500,0.059778675
7.747000000,0.059957247
7.747062500,0.060126532
7.747125000,0.060306169
7.747187500,0.060395855
7.747250000,0.060333744
7.747312500,0.060017336
7.747375000,0.059701864
7.747437500,0.059592173
7.747500000,0.059863124
7.747562500,0.060459878
7.747625000,0.061456710
7.747687500,0.062706649
7.747750000,0.064004600
7.747812500,0.065034486
7.747875000,0.065837651
7.747937500,0.066437855
7.748000000,0.066922449
7.748062500,0.067258947
7.748125000,0.067673013
7.748187500,0.068220094
7.748250000,0.068899065
7.748312500,0.069532573
7.748375000,0.070228353
7.748437500,0.070969418
7.748500000,0.071722798
7.748562500,0.072287820
7.748625000,0.072742403
7.748687500,0.073037110
7.748750000,0.073134668
7.748812500,0.072893769
7.748875000,0.072528452
7.748937500,0.072181001
7.749000000,0.072005168
7.749062500,0.071985416
7.749125000,0.072340861
7.749187500,0.073091261
7.749250000,0.074170031
7.749312500,0.075302951
7.749375000,0.076475658
7.749437500,0.077550657
7.749500000,0.078405634
7.749562500,0.078815445
7.749625000,0.078895077
7.749687500,0.078695983
7.749750000,0.078311510
7.749812500,0.077725224
7.749875000,0.077206925
7.749937500,0.076879382
7.750000000,0.076805517
7.750062500,0.076848395
7.750125000,0.077100351
7.750187500,0.077511199
7.750250000,0.078029141
7.750312500,0.078494273
7.750375000,0.079051703
7.750437500,0.079737432
7.750500000,0.080570497
7.750562500,0.081413031
7.750625000,0.082361221
7.750687500,0.083358847
7.750750000,0.084335469
7.750812500,0.085115127
7.750875000,0.085803151
7.750937500,0.086394206
7.751000000,0.086876824
7.751062500,0.087116271
7.751125000,0.087222971
7.751187500,0.087177686
7.751250000,0.086970955
7.751312500,0.086518817
7.751375000,0.086025462
7.751437500,0.085585698
7.751500000,0.085276708
7.751562500,0.085033298
7.751625000,0.084966779
7.751687500,0.084997244
7.751750000,0.084994338
7.751812500,0.084728532
7.751875000,0.084251978
7.751937500,0.083563663
7.752000000,0.082735352
7.752062500,0.081800289
7.752125000,0.081035353
7.752187500,0.080533460
7.752250000,0.080288120
7.752312500,0.080104910
7.752375000,0.079952329
7.752437500,0.079652347
7.752500000,0.079064503
7.752562500,0.078054622
7.752625000,0.076798767
7.752687500,0.075405404
7.752750000,0.073981784
7.752812500,0.072515063
7.752875000,0.071133204
7.752937500,0.069772176
7.753000000,0.068334319
7.753062500,0.066674829
7.753125000,0.064922266
7.753187500,0.063147590
7.753250000,0.061463237
7.753312500,0.059913676
7.753375000,0.058704656
7.753437500,0.057817716
7.753500000,0.057133518
7.753562500,0.056407001
7.753625000,0.055600379
7.753687500,0.054596368
7.753750000,0.053368539
7.753812500,0.051932383
7.753875000,0.050563931
7.753937500,0.049394496
7.754000000,0.048474070
7.754062500,0.047693931
7.754125000,0.047051370
7.754187500,0.046381783
7.754250000,0.045556214
7.754312500,0.044487927
7.754375000,0.043381434
7.754437500,0.042359170
7.754500000,0.041508865
7.754562500,0.040772922
7.754625000,0.040175494
7.754687500,0.039539669
7.754750000,0.038685132
7.754812500,0.037458163
7.754875000,0.036015570
7.754937500,0.034489326
7.755000000,0.033037666
7.755062500,0.031718723
7.755125000,0.030680057
7.755187500,0.029846795
7.755250000,0.029084442
7.755312500,0.028222924
7.755375000,0.027330965
7.755437500,0.026436288
7.755500000,0.025601838
7.755562500,0.024831306
7.755625000,0.024236508
7.755687500,0.023750536
7.755750000,0.023248728
7.755812500,0.022555277
7.755875000,0.021682603
7.755937500,0.020613147
7.756000000,0.019389628
7.756062500,0.018058930
7.756125000,0.016806366
7.756187500,0.015703876
7.756250000,0.014777532
7.756312500,0.013985678
7.756375000,0.013372876
7.756437500,0.012895979
7.756500000,0.012518546
7.756562500,0.012201128
7.756625000,0.012025710
7.756687500,0.012006571
7.756750000,0.012142048
7.756812500,0.012381962
7.756875000,0.012751345
7.756937500,0.013192664
7.757000000,0.013648040
7.757062500,0.014050640
7.757125000,0.014447267
7.757187500,0.014825232
7.757250000,0.015154029
7.757312500,0.015351457
7.757375000,0.015414255
7.757437500,0.015289914
7.757500000,0.014965781
7.757562500,0.014463323
7.757625000,0.013948591
7.757687500,0.013551951
7.757750000,0.013365666
7.757812500,0.013374044
7.757875000,0.013565766
7.757937500,0.013824721
7.758000000,0.014024537
7.758062500,0.014044019
7.758125000,0.013900666
7.758187500,0.013607735
7.758250000,0.013177417
7.758312500,0.012559904
7.758375000,0.011743639
7.758437500,0.010669595
7.758500000,0.009318316
7.758562500,0.007725263
7.758625000,0.006084080
7.758687500,0.004605866
7.758750000,0.003482603
7.758812500,0.002794949
7.758875000,0.002566986
7.758937500,0.002692063
7.759000000,0.003011981
7.759062500,0.003361321
7.759125000,0.003689052
7.759187500,0.003995776
7.759250000,0.004329723
7.759312500,0.004727182
7.759375000,0.005228284
7.759437500,0.005805579
7.759500000,0.006400459
7.759562500,0.006949594
7.759625000,0.007446310
7.759687500,0.007906007
7.759750000,0.008377072
7.759812500,0.008919337
7.759875000,0.009591191
7.759937500,0.010395026
7.760000000,0.011294928
7.760062500,0.012240457
7.760125000,0.013169231
7.760187500,0.014004451
7.760250000,0.014683408
7.760312500,0.015190049
7.760375000,0.015505522
7.760437500,0.015617201
7.760500000,0.015530528
7.760562500,0.015314289
7.760625000,0.015005561
7.760687500,0.014649875
7.760750000,0.014306910
7.760812500,0.014098204
7.760875000,0.014066234
7.760937500,0.014214235
7.761000000,0.014495159
7.761062500,0.014877845
7.761125000,0.015216678
7.761187500,0.015372670
7.761250000,0.015248154
7.761312500,0.014880593
7.761375000,0.014273635
7.761437500,0.013474111
7.761500000,0.012518546
7.761562500,0.011476240
7.761625000,0.010273342
7.761687500,0.008841837
7.761750000,0.007153455
7.761812500,0.005320879
7.761875000,0.003430624
7.761937500,0.001600650
7.762000000,-0.000094124
7.762062500,-0.001603836
7.762125000,-0.003049361
7.762187500,-0.004580299
7.762250000,-0.006306335
7.762312500,-0.008184673
7.762375000,-0.010151972
7.762437500,-0.012111642
7.762500000,-0.014024537
7.762562500,-0.015911875
7.762625000,-0.017974511
7.762687500,-0.020439390
7.762750000,-0.023436978
7.762812500,-0.026855798
7.762875000,-0.030452523
7.762937500,-0.033893835
7.763000000,-0.036896769
7.763062500,-0.039298374
7.763125000,-0.041197512
7.763187500,-0.042831887
7.763250000,-0.044426721
7.763312500,-0.046017442
7.763375000,-0.047504555
7.763437500,-0.048689857
7.763500000,-0.049415316
7.763562500,-0.049648426
7.763625000,-0.049603887
7.763687500,-0.049619608
7.763750000,-0.049980059
7.763812500,-0.050720811
7.763875000,-0.051661707
7.763937500,-0.052465148
7.764000000,-0.052803792
7.764062500,-0.052491531
7.764125000,-0.051633805
7.764187500,-0.050531104
7.764250000,-0.049509440
7.764312500,-0.048713107
7.764375000,-0.048117459
7.764437500,-0.047537833
7.764500000,-0.046779834
7.764562500,-0.045749515
7.764625000,-0.044614963
7.764687500,-0.043672960
7.764750000,-0.043203104
7.764812500,-0.043268926
7.764875000,-0.043756194
7.764937500,-0.044349514
7.765000000,-0.044709094
7.765062500,-0.044597492
7.765125000,-0.044084847
7.765187500,-0.043401498
7.765250000,-0.042826608
7.765312500,-0.042483792
7.765375000,-0.042384394
7.765437500,-0.042310800
7.765500000,-0.041979488
7.765562500,-0.041145686
7.765625000,-0.039881401
7.765687500,-0.038393386
7.765750000,-0.036990892
7.765812500,-0.035893146
7.765875000,-0.035309829
7.765937500,-0.035181794
7.766000000,-0.035296652
7.766062500,-0.035332579
7.766125000,-0.035175119
7.766187500,-0.034743316
7.766250000,-0.034073036
7.766312500,-0.033219926
7.766375000,-0.032407455
7.766437500,-0.031738397
7.766500000,-0.031249303
7.766562500,-0.030861810
7.766625000,-0.030608503
7.766687500,-0.030417390
7.766750000,-0.030213933
7.766812500,-0.029891836
7.766875000,-0.029502243
7.766937500,-0.029040419
7.767000000,-0.028519696
7.767062500,-0.027922498
7.767125000,-0.027365504
7.767187500,-0.026875386
7.767250000,-0.026448958
7.767312500,-0.026015233
7.767375000,-0.025606349
7.767437500,-0.025189780
7.767500000,-0.024754720
7.767562500,-0.024288090
7.767625000,-0.023913275
7.767687500,-0.023683835
7.767750000,-0.023625227
7.767812500,-0.023695657
7.767875000,-0.023915367
7.767937500,-0.024223115
7.768000000,-0.024566470
7.768062500,-0.024900246
7.768125000,-0.025294499
7.768187500,-0.025756322
7.768250000,-0.026260709
7.768312500,-0.026721656
7.768375000,-0.027099963
7.768437500,-0.027306462
7.768500000,-0.027296079
7.768562500,-0.027080782
7.768625000,-0.026783528
7.768687500,-0.026475027
7.768750000,-0.026166586
7.768812500,-0.025782842
7.768875000,-0.025230635
7.768937500,-0.024372194
7.769000000,-0.023154603
7.769062500,-0.021674309
7.769125000,-0.020192841
7.769187500,-0.018984299
7.769250000,-0.018260136
7.769312500,-0.018083597
7.769375000,-0.018350346
7.769437500,-0.018770149
7.769500000,-0.019013131
7.769562500,-0.018848278
7.769625000,-0.018222632
7.769687500,-0.017214071
7.769750000,-0.016001150
7.769812500,-0.014789216
7.769875000,-0.013706470
7.769937500,-0.012734774
7.770000000,-0.011765551
7.770062500,-0.010695313
7.770125000,-0.009468651
7.770187500,-0.008097135
7.770250000,-0.006682833
7.770312500,-0.005401144
7.770375000,-0.004406649
7.770437500,-0.003752754
7.770500000,-0.003388479
7.770562500,-0.003192263
7.770625000,-0.002994394
7.770687500,-0.002602906
7.770750000,-0.001882488
7.770812500,-0.000805703
7.770875000,0.000560377
7.770937500,0.002120842
7.771000000,0.003764976
7.771062500,0.005384836
7.771125000,0.006906766
7.771187500,0.008334068
7.771250000,0.009694814
7.771312500,0.010992620
7.771375000,0.012196781
7.771437500,0.013281383
7.771500000,0.014212786
7.771562500,0.014955674
7.771625000,0.015509043
7.771687500,0.015946599
7.771750000,0.016377648
7.771812500,0.016894028
7.771875000,0.017566834
7.771937500,0.018435748
7.772000000,0.019483753
7.772062500,0.020624598
7.772125000,0.021757172
7.772187500,0.022805654
7.772250000,0.023719350
7.772312500,0.024454711
7.772375000,0.025002332
7.772437500,0.025379648
7.772500000,0.025601838
7.772562500,0.025653459
7.772625000,0.025522267
7.772687500,0.025213422
7.772750000,0.024754720
7.772812500,0.024183311
7.772875000,0.023578487
7.772937500,0.023026289
7.773000000,0.022589857
7.773062500,0.022267828
7.773125000,0.022045100
7.773187500,0.021881940
7.773250000,0.021742739
7.773312500,0.021594349
7.773375000,0.021462670
7.773437500,0.021381259
7.773500000,0.021366240
7.773562500,0.021368960
7.773625000,0.021346156
7.773687500,0.021232272
7.773750000,0.020989744
7.773812500,0.020616593
7.773875000,0.020213522
7.773937500,0.019895647
7.774000000,0.019766126
7.774062500,0.019855602
7.774125000,0.020166568
7.774187500,0.020613952
7.774250000,0.021083867
7.774312500,0.021458672
7.774375000,0.021710841
7.774437500,0.021831477
7.774500000,0.021836862
7.774562500,0.021719821
7.774625000,0.021504276
7.774687500,0.021152444
7.774750000,0.020613244
7.774812500,0.019833457
7.774875000,0.018875809
7.774937500,0.017831987
7.775000000,0.016848268
7.775062500,0.016066365
7.775125000,0.015657606
7.775187500,0.015661882
7.775250000,0.016001150
7.775312500,0.016478265
7.775375000,0.016920965
7.775437500,0.017159089
7.775500000,0.017130643
7.775562500,0.016887002
7.775625000,0.016637620
7.775687500,0.016563900
7.775750000,0.016754145
7.775812500,0.017122276
7.775875000,0.017496586
7.775937500,0.017604768
7.776000000,0.017224766
7.776062500,0.016266730
7.776125000,0.014881789
7.776187500,0.013320815
7.776250000,0.011859675
7.776312500,0.010669784
7.776375000,0.009835580
7.776437500,0.009275246
7.776500000,0.008847695
7.776562500,0.008424185
7.776625000,0.008025829
7.776687500,0.007726484
7.776750000,0.007624077
7.776812500,0.007745894
7.776875000,0.008082147
7.776937500,0.008502539
7.777000000,0.008847695
7.777062500,0.008986340
7.777125000,0.008933814
7.777187500,0.008758437
7.777250000,0.008565322
7.777312500,0.008418837
7.777375000,0.008365058
7.777437500,0.008348553
7.777500000,0.008282948
7.777562500,0.008094857
7.777625000,0.007819980
7.777687500,0.007533998
7.777750000,0.007341704
7.777812500,0.007311786
7.777875000,0.007490316
7.777937500,0.007820572
7.778000000,0.008188824
7.778062500,0.008451926
7.778125000,0.008548641
7.778187500,0.008450084
7.778250000,0.008188824
7.778312500,0.007825801
7.778375000,0.007482382
7.778437500,0.007240914
7.778500000,0.007153455
7.778562500,0.007220418
7.778625000,0.007459284
7.778687500,0.007832931
7.778750000,0.008282948
7.778812500,0.008722682
7.778875000,0.009107407
7.778937500,0.009381602
7.779000000,0.009506566
7.779062500,0.009447007
7.779125000,0.009226329
7.779187500,0.008862728
7.779250000,0.008377072
7.779312500,0.007773624
7.779375000,0.007098825
7.779437500,0.006399488
7.779500000,0.005741589
7.779562500,0.005184633
7.779625000,0.004816273
7.779687500,0.004667255
7.779750000,0.004706220
7.779812500,0.004825067
7.779875000,0.004927146
7.779937500,0.004924364
7.780000000,0.004800345
7.780062500,0.004611015
7.780125000,0.004513716
7.780187500,0.004649176
7.780250000,0.005082718
7.780312500,0.005741998
7.780375000,0.006475358
7.780437500,0.007066825
7.780500000,0.007341704
7.780562500,0.007231339
7.780625000,0.006840899
7.780687500,0.006366299
7.780750000,0.006023962
7.780812500,0.005955099
7.780875000,0.006201525
7.780937500,0.006679059
7.781000000,0.007247579
7.781062500,0.007783326
7.781125000,0.008242291
7.781187500,0.008642412
7.781250000,0.009035943
7.781312500,0.009456521
7.781375000,0.009896832
7.781437500,0.010286923
7.781500000,0.010541934
7.781562500,0.010613265
7.781625000,0.010523175
7.781687500,0.010341852
7.781750000,0.010165436
7.781812500,0.010076876
7.781875000,0.010108916
7.781937500,0.010225347
7.782000000,0.010353684
7.782062500,0.010431592
7.782125000,0.010428843
7.782187500,0.010356306
7.782250000,0.010259560
7.782312500,0.010198659
7.782375000,0.010207984
7.782437500,0.010276787
7.782500000,0.010353684
7.782562500,0.010340462
7.782625000,0.010203218
7.782687500,0.009922822
7.782750000,0.009506566
7.782812500,0.008940587
7.782875000,0.008260486
7.782937500,0.007475253
7.783000000,0.006588709
7.783062500,0.005580640
7.783125000,0.004505776
7.783187500,0.003413880
7.783250000,0.002353110
7.783312500,0.001327379
7.783375000,0.000381845
7.783437500,-0.000452444
7.783500000,-0.001129493
7.783562500,-0.001625139
7.783625000,-0.001886128
7.783687500,-0.001953606
7.783750000,-0.001976613
7.783812500,-0.002215691
7.783875000,-0.002857681
7.783937500,-0.003964910
7.784000000,-0.005365091
7.784062500,-0.006698771
7.784125000,-0.007489973
7.784187500,-0.007456101
7.784250000,-0.006682833
7.784312500,-0.005680651
7.784375000,-0.005123388
7.784437500,-0.005564246
7.784500000,-0.007059331
7.784562500,-0.009018637
7.784625000,-0.010287582
7.784687500,-0.009640577
7.784750000,-0.006306335
7.784812500,-0.000389555
7.784875000,0.007127381
7.784937500,0.014656948
7.785000000,0.020613244
7.785062500,0.023980433
7.785125000,0.024695203
7.785187500,0.023518756
7.785250000,0.021648614
7.785312500,0.020162603
7.785375000,0.019669363
7.785437500,0.020117395
7.785500000,0.020989744
7.785562500,0.021640511
7.785625000,0.021684306
7.785687500,0.021110417
7.785750000,0.020236747
7.785812500,0.019484608
7.785875000,0.019176215
7.785937500,0.019366983
7.786000000,0.019860249
7.786062500,0.020324225
7.786125000,0.020482361
7.786187500,0.020213710
7.786250000,0.019577878
7.786312500,0.018742720
7.786375000,0.017909102
7.786437500,0.017208077
7.786500000,0.016660020
7.786562500,0.016177895
7.786625000,0.015642976
7.786687500,0.014963647
7.786750000,0.014118661
7.786812500,0.013160726
7.786875000,0.012208757
7.786937500,0.011399355
7.787000000,0.010824307
7.787062500,0.010485566
7.787125000,0.010302919
7.787187500,0.010163154
7.787250000,0.009977187
7.787312500,0.009729518
7.787375000,0.009502055
7.787437500,0.009445070
7.787500000,0.009694814
7.787562500,0.010270831
7.787625000,0.011105116
7.787687500,0.011974948
7.787750000,0.012612671
7.787812500,0.012789318
7.787875000,0.012463581
7.787937500,0.011713453
7.788000000,0.010730183
7.788062500,0.009727825
7.788125000,0.008926820
7.788187500,0.008418684
7.788250000,0.008188824
7.788312500,0.008138211
7.788375000,0.008187237
7.788437500,0.008248585
7.788500000,0.008282948
7.788562500,0.008291777
7.788625000,0.008348597
7.788687500,0.008497318
7.788750000,0.008753570
7.788812500,0.009083745
7.788875000,0.009453896
7.788937500,0.009779274
7.789000000,0.009977187
7.789062500,0.009986127
7.789125000,0.009815164
7.789187500,0.009484841
7.789250000,0.009035943
7.789312500,0.008511723
7.789375000,0.007970924
7.789437500,0.007445146
7.789500000,0.006965206
7.789562500,0.006566924
7.789625000,0.006309278
7.789687500,0.006223554
7.789750000,0.006306335
7.789812500,0.006507357
7.789875000,0.006748610
7.789937500,0.006926818
7.790000000,0.006965206
7.790062500,0.006845272
7.790125000,0.006612295
7.790187500,0.006324892
7.790250000,0.006023962
7.790312500,0.005705644
7.790375000,0.005327569
7.790437500,0.004817601
7.790500000,0.004141474
7.790562500,0.003348355
7.790625000,0.002562158
7.790687500,0.001917814
7.790750000,0.001505991
7.790812500,0.001334306
7.790875000,0.001309619
7.790937500,0.001282138
7.791000000,0.001129493
7.791062500,0.000830917
7.791125000,0.000456232
7.791187500,0.000118864
7.791250000,-0.000094124
7.791312500,-0.000170547
7.791375000,-0.000208800
7.791437500,-0.000364377
7.791500000,-0.000752995
7.791562500,-0.001359419
7.791625000,-0.002042559
7.791687500,-0.002592571
7.791750000,-0.002823732
7.791812500,-0.002655818
7.791875000,-0.002186018
7.791937500,-0.001650343
7.792000000,-0.001317742
7.792062500,-0.001357906
7.792125000,-0.001806201
7.792187500,-0.002549614
7.792250000,-0.003388479
7.792312500,-0.004110619
7.792375000,-0.004618948
7.792437500,-0.004937360
7.792500000,-0.005176842
7.792562500,-0.005444583
7.792625000,-0.005831297
7.792687500,-0.006354949
7.792750000,-0.006965206
7.792812500,-0.007552222
7.792875000,-0.008052578
7.792937500,-0.008445322
7.793000000,-0.008753570
7.793062500,-0.008998559
7.793125000,-0.009240382
7.793187500,-0.009525551
7.793250000,-0.009883063
7.793312500,-0.010294295
7.793375000,-0.010770944
7.793437500,-0.011302862
7.793500000,-0.011859675
7.793562500,-0.012361158
7.793625000,-0.012764185
7.793687500,-0.013035231
7.793750000,-0.013177417
7.793812500,-0.013208897
7.793875000,-0.013218889
7.793937500,-0.013287689
7.794000000,-0.013459790
7.794062500,-0.013695629
7.794125000,-0.013960378
7.794187500,-0.014202410
7.794250000,-0.014401034
7.794312500,-0.014553213
7.794375000,-0.014755975
7.794437500,-0.015098311
7.794500000,-0.015624652
7.794562500,-0.016267436
7.794625000,-0.016952811
7.794687500,-0.017576190
7.794750000,-0.018071886
7.794812500,-0.018412601
7.794875000,-0.018713271
7.794937500,-0.019103685
7.795000000,-0.019672001
7.795062500,-0.020370763
7.795125000,-0.021105798
7.795187500,-0.021706464
7.795250000,-0.022025112
7.795312500,-0.021981739
7.795375000,-0.021689754
7.795437500,-0.021348391
7.795500000,-0.021177992
7.795562500,-0.021290557
7.795625000,-0.021724084
7.795687500,-0.022353832
7.795750000,-0.022966355
7.795812500,-0.023309235
7.795875000,-0.023280492
7.795937500,-0.022878019
7.796000000,-0.022213360
7.796062500,-0.021429176
7.796125000,-0.020738937
7.796187500,-0.020285686
7.796250000,-0.020142624
7.796312500,-0.020283956
7.796375000,-0.020695508
7.796437500,-0.021305116
7.796500000,-0.022025112
7.796562500,-0.022741854
7.796625000,-0.023417279
7.796687500,-0.024021558
7.796750000,-0.024566470
7.796812500,-0.025074333
7.796875000,-0.025636042
7.796937500,-0.026290020
7.797000000,-0.027013704
7.797062500,-0.027691266
7.797125000,-0.028207850
7.797187500,-0.028419793
7.797250000,-0.028237322
7.797312500,-0.027646102
7.797375000,-0.026770957
7.797437500,-0.025759764
7.797500000,-0.024754720
7.797562500,-0.023835590
7.797625000,-0.023063058
7.797687500,-0.022429373
7.797750000,-0.021930987
7.797812500,-0.021589592
7.797875000,-0.021509305
7.797937500,-0.021751488
7.798000000,-0.022307485
7.798062500,-0.023049092
7.798125000,-0.023797054
7.798187500,-0.024304550
7.798250000,-0.024378221
7.798312500,-0.023942553
7.798375000,-0.023119381
7.798437500,-0.022099050
7.798500000,-0.021083867
7.798562500,-0.020195175
7.798625000,-0.019475117
7.798687500,-0.018836876
7.798750000,-0.018166009
7.798812500,-0.017398575
7.798875000,-0.016590144
7.798937500,-0.015839092
7.799000000,-0.015248154
7.799062500,-0.014853890
7.799125000,-0.014620536
7.799187500,-0.014399607
7.799250000,-0.014024537
7.799312500,-0.013386359
7.799375000,-0.012506665
7.799437500,-0.011460175
7.799500000,-0.010353684
7.799562500,-0.009268890
7.799625000,-0.008250867
7.799687500,-0.007251639
7.799750000,-0.006212211
7.799812500,-0.005125993
7.799875000,-0.004083001
7.799937500,-0.003187529
7.800000000,-0.002541359
7.800062500,-0.002203015
7.800125000,-0.002158154
7.800187500,-0.002287936
7.800250000,-0.002447235
7.800312500,-0.002542763
7.800375000,-0.002548612
7.800437500,-0.002474447
7.800500000,-0.002353110
7.800562500,-0.002225181
7.800625000,-0.002068907
7.800687500,-0.001797141
7.800750000,-0.001317742
7.800812500,-0.000612044
7.800875000,0.000285429
7.800937500,0.001305491
7.801000000,0.002353110
7.801062500,0.003309753
7.801125000,0.004121865
7.801187500,0.004797282
7.801250000,0.005365091
7.801312500,0.005810387
7.801375000,0.006133717
7.801437500,0.006349102
7.801500000,0.006494584
7.801562500,0.006606727
7.801625000,0.006794251
7.801687500,0.007173794
7.801750000,0.007812326
7.801812500,0.008648251
7.801875000,0.009593123
7.801937500,0.010534616
7.802000000,0.011389053
7.802062500,0.012096905
7.802125000,0.012724407
7.802187500,0.013373373
7.802250000,0.014118661
7.802312500,0.014917998
7.802375000,0.015715349
7.802437500,0.016431302
7.802500000,0.017036518
7.802562500,0.017556362
7.802625000,0.018170517
7.802687500,0.019081142
7.802750000,0.020424996
7.802812500,0.022150384
7.802875000,0.024108319
7.802937500,0.026036713
7.803000000,0.027672576
7.803062500,0.028813323
7.803125000,0.029481320
7.803187500,0.029839549
7.803250000,0.030119810
7.803312500,0.030475145
7.803375000,0.031003097
7.803437500,0.031654578
7.803500000,0.032284670
7.803562500,0.032693349
7.803625000,0.032814726
7.803687500,0.032689560
7.803750000,0.032472920
7.803812500,0.032336790
7.803875000,0.032497771
7.803937500,0.033057120
7.804000000,0.033978913
7.804062500,0.035062417
7.804125000,0.036102064
7.804187500,0.036883354
7.804250000,0.037273265
7.804312500,0.037221573
7.804375000,0.036850508
7.804437500,0.036318067
7.804500000,0.035767276
7.804562500,0.035239581
7.804625000,0.034754194
7.804687500,0.034255695
7.804750000,0.033696536
7.804812500,0.033059660
7.804875000,0.032465369
7.804937500,0.032046501
7.805000000,0.031908173
7.805062500,0.032036804
7.805125000,0.032377411
7.805187500,0.032767415
7.805250000,0.033037666
7.805312500,0.033050817
7.805375000,0.032851662
7.805437500,0.032529406
7.805500000,0.032190546
7.805562500,0.031850964
7.805625000,0.031548802
7.805687500,0.031215176
7.805750000,0.030778680
7.805812500,0.030179638
7.805875000,0.029544046
7.805937500,0.028990425
7.806000000,0.028613821
7.806062500,0.028380703
7.806125000,0.028269280
7.806187500,0.028139520
7.806250000,0.027860826
7.806312500,0.027335804
7.806375000,0.026684985
7.806437500,0.026037678
7.806500000,0.025507715
7.806562500,0.025072772
7.806625000,0.024716252
7.806687500,0.024284758
7.806750000,0.023625227
7.806812500,0.022618422
7.806875000,0.021396900
7.806937500,0.020130450
7.807000000,0.019013131
7.807062500,0.018128213
7.807125000,0.017576147
7.807187500,0.017286595
7.807250000,0.017130643
7.807312500,0.016941614
7.807375000,0.016754188
7.807437500,0.016626062
7.807500000,0.016660020
7.807562500,0.016892705
7.807625000,0.017427426
7.807687500,0.018230326
7.807750000,0.019201379
7.807812500,0.020161984
7.807875000,0.021068761
7.807937500,0.021856399
7.808000000,0.022495734
7.808062500,0.022933479
7.808125000,0.023242557
7.808187500,0.023438010
7.808250000,0.023531102
7.808312500,0.023490723
7.808375000,0.023411293
7.808437500,0.023344690
7.808500000,0.023342853
7.808562500,0.023400001
7.808625000,0.023590023
7.808687500,0.023900796
7.808750000,0.024284096
7.808812500,0.024626104
7.808875000,0.024916625
7.808937500,0.025117621
7.809000000,0.025225341
7.809062500,0.025234519
7.809125000,0.025258219
7.809187500,0.025365885
7.809250000,0.025601838
7.809312500,0.025938697
7.809375000,0.026393833
7.809437500,0.026923414
7.809500000,0.027484328
7.809562500,0.028023100
7.809625000,0.028577842
7.809687500,0.029156510
7.809750000,0.029743314
7.809812500,0.030254727
7.809875000,0.030631060
7.809937500,0.030768912
7.810000000,0.030590432
7.810062500,0.030052317
7.810125000,0.029259430
7.810187500,0.028350560
7.810250000,0.027484328
7.810312500,0.026757102
7.810375000,0.026267925
7.810437500,0.026002178
7.810500000,0.025884213
7.810562500,0.025782974
7.810625000,0.025660990
7.810687500,0.025477091
7.810750000,0.025225341
7.810812500,0.024891270
7.810875000,0.024552573
7.810937500,0.024246216
7.811000000,0.024001725
7.811062500,0.023799580
7.811125000,0.023685351
7.811187500,0.023624165
7.811250000,0.023531102
7.811312500,0.023248727
7.811375000,0.022705803
7.811437500,0.021844663
7.811500000,0.020707369
7.811562500,0.019412721
7.811625000,0.018224502
7.811687500,0.017341211
7.811750000,0.016848268
7.811812500,0.016644027
7.811875000,0.016576255
7.811937500,0.016413035
7.812000000,0.016001150
7.812062500,0.015318146
7.812125000,0.014593355
7.812187500,0.014091348
7.812250000,0.014024537
7.812312500,0.014405038
7.812375000,0.015150241
7.812437500,0.015994173
7.812500000,0.016660020
7.812562500,0.016939536
7.812625000,0.016906368
7.812687500,0.016718343
7.812750000,0.016565897
7.812812500,0.016517827
7.812875000,0.016621727
7.812937500,0.016772602
7.813000000,0.016848268
7.813062500,0.016757404
7.813125000,0.016641481
7.813187500,0.016679967
7.813250000,0.017036518
7.813312500,0.017703209
7.813375000,0.018615279
7.813437500,0.019523663
7.813500000,0.020142624
7.813562500,0.020216724
7.813625000,0.019770501
7.813687500,0.018946707
7.813750000,0.017977761
7.813812500,0.017025288
7.813875000,0.016273061
7.813937500,0.015736572
7.814000000,0.015342278
7.814062500,0.014939896
7.814125000,0.014538231
7.814187500,0.014173119
7.814250000,0.013930413
7.814312500,0.013849654
7.814375000,0.014038853
7.814437500,0.014515365
7.814500000,0.015248154
7.814562500,0.016128581
7.814625000,0.017150493
7.814687500,0.018280359
7.814750000,0.019483753
7.814812500,0.020662900
7.814875000,0.021798059
7.814937500,0.022831619
7.815000000,0.023719350
7.815062500,0.024398038
7.815125000,0.024942553
7.815187500,0.025417101
7.815250000,0.025884213
7.815312500,0.026333643
7.815375000,0.026816694
7.815437500,0.027328156
7.815500000,0.027860826
7.815562500,0.028376672
7.815625000,0.028943136
7.815687500,0.029588154
7.815750000,0.030308058
7.815812500,0.031013438
7.815875000,0.031672105
7.815937500,0.032225467
7.816000000,0.032661170
7.816062500,0.032987084
7.816125000,0.033346210
7.816187500,0.033829246
7.816250000,0.034449533
7.816312500,0.035071734
7.816375000,0.035566345
7.816437500,0.035763580
7.816500000,0.035579026
7.816562500,0.035035525
7.816625000,0.034366734
7.816687500,0.033826694
7.816750000,0.033602413
7.816812500,0.033688080
7.816875000,0.033979185
7.816937500,0.034241837
7.817000000,0.034261286
7.817062500,0.033915881
7.817125000,0.033328701
7.817187500,0.032712463
7.817250000,0.032284670
7.817312500,0.032114927
7.817375000,0.032188088
7.817437500,0.032318361
7.817500000,0.032284670
7.817562500,0.031907510
7.817625000,0.031239819
7.817687500,0.030423732
7.817750000,0.029649187
7.817812500,0.029014306
7.817875000,0.028591119
7.817937500,0.028287565
7.818000000,0.027954949
7.818062500,0.027436815
7.818125000,0.026777865
7.818187500,0.026081955
7.818250000,0.025507715
7.818312500,0.025143467
7.818375000,0.025095934
7.818437500,0.025301076
7.818500000,0.025601838
7.818562500,0.025766458
7.818625000,0.025715070
7.818687500,0.025396192
7.818750000,0.024848843
7.818812500,0.024131482
7.818875000,0.023438329
7.818937500,0.022877267
7.819000000,0.022495734
7.819062500,0.022229539
7.819125000,0.022088673
7.819187500,0.022007046
7.819250000,0.021930987
7.819312500,0.021787601
7.819375000,0.021659460
7.819437500,0.021578755
7.819500000,0.021554491
7.819562500,0.021497522
7.819625000,0.021419087
7.819687500,0.021260822
7.819750000,0.020989744
7.819812500,0.020565087
7.819875000,0.020135151
7.819937500,0.019810123
7.820000000,0.019672001
7.820062500,0.019673128
7.820125000,0.019843927
7.820187500,0.020115539
7.820250000,0.020424996
7.820312500,0.020686731
7.820375000,0.021012418
7.820437500,0.021476880
7.820500000,0.022119237
7.820562500,0.022829339
7.820625000,0.023557398
7.820687500,0.024150597
7.820750000,0.024472345
7.820812500,0.024393590
7.820875000,0.024038685
7.820937500,0.023565622
7.821000000,0.023154603
7.821062500,0.022865232
7.821125000,0.022805393
7.821187500,0.022934187
7.821250000,0.023154603
7.821312500,0.023301268
7.821375000,0.023420002
7.821437500,0.023581875
7.821500000,0.023907598
7.821562500,0.024437986
7.821625000,0.025299326
7.821687500,0.026475919
7.821750000,0.027860826
7.821812500,0.029215597
7.821875000,0.030450642
7.821937500,0.031477872
7.822000000,0.032284670
7.822062500,0.032856859
7.822125000,0.033370040
7.822187500,0.033960614
7.822250000,0.034731906
7.822312500,0.035649717
7.822375000,0.036743961
7.822437500,0.037926335
7.822500000,0.039061632
7.822562500,0.039940521
7.822625000,0.040535152
7.822687500,0.040862530
7.822750000,0.041038241
7.822812500,0.041173499
7.822875000,0.041513193
7.822937500,0.042170312
7.823000000,0.043108981
7.823062500,0.044071086
7.823125000,0.044854540
7.823187500,0.045245778
7.823250000,0.045179714
7.823312500,0.044718351
7.823375000,0.044228431
7.823437500,0.044057071
7.823500000,0.044426721
7.823562500,0.045253951
7.823625000,0.046373159
7.823687500,0.047449052
7.823750000,0.048191696
7.823812500,0.048419390
7.823875000,0.048323371
7.823937500,0.048188873
7.824000000,0.048285823
7.824062500,0.048649121
7.824125000,0.049227588
7.824187500,0.049761087
7.824250000,0.049980059
7.824312500,0.049693264
7.824375000,0.049057689
7.824437500,0.048337683
7.824500000,0.047815196
7.824562500,0.047576524
7.824625000,0.047632888
7.824687500,0.047766440
7.824750000,0.047721073
7.824812500,0.047289517
7.824875000,0.046599258
7.824937500,0.045873523
7.825000000,0.045367967
7.825062500,0.045160688
7.825125000,0.045301218
7.825187500,0.045606270
7.825250000,0.045838587
7.825312500,0.045769632
7.825375000,0.045490764
7.825437500,0.045162451
7.825500000,0.044991467
7.825562500,0.045044906
7.825625000,0.045424126
7.825687500,0.046025023
7.825750000,0.046685707
7.825812500,0.047205459
7.825875000,0.047641817
7.825937500,0.048045978
7.826000000,0.048474070
7.826062500,0.048840351
7.826125000,0.049135003
7.826187500,0.049194306
7.826250000,0.048850566
7.826312500,0.047935814
7.826375000,0.046596508
7.826437500,0.045008060
7.826500000,0.043391351
7.826562500,0.041849714
7.826625000,0.040566560
7.826687500,0.039517745
7.826750000,0.038591005
7.826812500,0.037580546
7.826875000,0.036530726
7.826937500,0.035500098
7.827000000,0.034637783
7.827062500,0.034053981
7.827125000,0.033995897
7.827187500,0.034509301
7.827250000,0.035484903
7.827312500,0.036605414
7.827375000,0.037679575
7.827437500,0.038473103
7.827500000,0.038873378
7.827562500,0.038900301
7.827625000,0.038772590
7.827687500,0.038682677
7.827750000,0.038779255
7.827812500,0.039096117
7.827875000,0.039633933
7.827937500,0.040226970
7.828000000,0.040661745
7.828062500,0.040741242
7.828125000,0.040461604
7.828187500,0.039913643
7.828250000,0.039344002
7.828312500,0.039065875
7.828375000,0.039430462
7.828437500,0.040510762
7.828500000,0.042073611
7.828562500,0.043599792
7.828625000,0.044591609
7.828687500,0.044669930
7.828750000,0.043861974
7.828812500,0.042614281
7.828875000,0.041712701
7.828937500,0.041728046
7.829000000,0.042732481
7.829062500,0.044163086
7.829125000,0.045167852
7.829187500,0.044940893
7.829250000,0.043297227
7.829312500,0.040881447
7.829375000,0.039024878
7.829437500,0.038944829
7.829500000,0.041038241
7.829562500,0.044417392
7.829625000,0.047151491
7.829687500,0.046911128
7.829750000,0.042073611
7.829812500,0.032553717
7.829875000,0.020078730
7.829937500,0.007483493
7.830000000,-0.002353110
7.830062500,-0.007650487
7.830125000,-0.008264896
7.830187500,-0.005682030
7.830250000,-0.002164861
7.830312500,0.000273146
7.830375000,0.000733384
7.830437500,-0.000508258
7.830500000,-0.002353110
7.830562500,-0.003611675
7.830625000,-0.003548147
7.830687500,-0.002268827
7.830750000,-0.000470622
7.830812500,0.001013273
7.830875000,0.001743675
7.830937500,0.001738625
7.831000000,0.001411866
7.831062500,0.001252195
7.831125000,0.001610888
7.831187500,0.002431185
7.831250000,0.003388479
7.831312500,0.004095121
7.831375000,0.004389577
7.831437500,0.004281527
7.831500000,0.003953225
7.831562500,0.003610066
7.831625000,0.003430305
7.831687500,0.003376350
7.831750000,0.003294354
7.831812500,0.003003087
7.831875000,0.002470435
7.831937500,0.001715213
7.832000000,0.000847120
7.832062500,0.000002239
7.832125000,-0.000634383
7.832187500,-0.001003962
7.832250000,-0.001129493
7.832312500,-0.001111073
7.832375000,-0.001004055
7.832437500,-0.000921184
7.832500000,-0.000941244
7.832562500,-0.001075777
7.832625000,-0.001281406
7.832687500,-0.001478348
7.832750000,-0.001600115
7.832812500,-0.001626641
7.832875000,-0.001603909
7.832937500,-0.001605985
7.833000000,-0.001694239
7.833062500,-0.001877588
7.833125000,-0.002112679
7.833187500,-0.002322056
7.833250000,-0.002447235
7.833312500,-0.002493013
7.833375000,-0.002532053
7.833437500,-0.002674902
7.833500000,-0.003011981
7.833562500,-0.003566544
7.833625000,-0.004256535
7.833687500,-0.004937303
7.833750000,-0.005459215
7.833812500,-0.005743734
7.833875000,-0.005780515
7.833937500,-0.005648158
7.834000000,-0.005459215
7.834062500,-0.005320527
7.834125000,-0.005243221
7.834187500,-0.005186597
7.834250000,-0.005082718
7.834312500,-0.004904263
7.834375000,-0.004630070
7.834437500,-0.004294945
7.834500000,-0.003953225
7.834562500,-0.003667783
7.834625000,-0.003426536
7.834687500,-0.003191342
7.834750000,-0.002917857
7.834812500,-0.002612339
7.834875000,-0.002286734
7.834937500,-0.001992504
7.835000000,-0.001788364
7.835062500,-0.001731257
7.835125000,-0.001795040
7.835187500,-0.001909265
7.835250000,-0.001976613
7.835312500,-0.001931504
7.835375000,-0.001710064
7.835437500,-0.001304150
7.835500000,-0.000752995
7.835562500,-0.000147543
7.835625000,0.000459160
7.835687500,0.001038168
7.835750000,0.001600115
7.835812500,0.002163936
7.835875000,0.002795673
7.835937500,0.003544515
7.836000000,0.004423847
7.836062500,0.005381069
7.836125000,0.006369028
7.836187500,0.007341390
7.836250000,0.008282948
7.836312500,0.009197929
7.836375000,0.010147281
7.836437500,0.011187708
7.836500000,0.012330297
7.836562500,0.013494244
7.836625000,0.014575384
7.836687500,0.015463199
7.836750000,0.016095273
7.836812500,0.016465627
7.836875000,0.016685290
7.836937500,0.016900627
7.837000000,0.017224766
7.837062500,0.017647570
7.837125000,0.018106017
7.837187500,0.018474089
7.837250000,0.018636633
7.837312500,0.018513648
7.837375000,0.018191194
7.837437500,0.017829489
7.837500000,0.017601265
7.837562500,0.017568914
7.837625000,0.017759711
7.837687500,0.018094633
7.837750000,0.018448384
7.837812500,0.018666204
7.837875000,0.018730773
7.837937500,0.018690642
7.838000000,0.018636633
7.838062500,0.018603079
7.838125000,0.018641874
7.838187500,0.018734526
7.838250000,0.018824881
7.838312500,0.018813688
7.838375000,0.018702587
7.838437500,0.018526815
7.838500000,0.018354259
7.838562500,0.018213289
7.838625000,0.018175866
7.838687500,0.018259440
7.838750000,0.018448384
7.838812500,0.018672854
7.838875000,0.018933957
7.838937500,0.019229645
7.839000000,0.019577878
7.839062500,0.019973969
7.839125000,0.020482315
7.839187500,0.021131095
7.839250000,0.021930987
7.839312500,0.022835474
7.839375000,0.023868660
7.839437500,0.025016433
7.839500000,0.026260709
7.839562500,0.027530976
7.839625000,0.028851328
7.839687500,0.030198766
7.839750000,0.031531677
7.839812500,0.032732736
7.839875000,0.033788763
7.839937500,0.034652822
7.840000000,0.035296652
7.840062500,0.035654835
7.840125000,0.035807382
7.840187500,0.035802215
7.840250000,0.035673149
7.840312500,0.035356354
7.840375000,0.034900360
7.840437500,0.034308370
7.840500000,0.033602413
7.840562500,0.032755572
7.840625000,0.031921525
7.840687500,0.031208912
7.840750000,0.030684557
7.840812500,0.030249329
7.840875000,0.029894397
7.840937500,0.029512374
7.841000000,0.028990317
7.841062500,0.028160384
7.841125000,0.027094711
7.841187500,0.025884746
7.841250000,0.024660595
7.841312500,0.023457797
7.841375000,0.022459300
7.841437500,0.021768035
7.841500000,0.021460366
7.841562500,0.021497006
7.841625000,0.021989506
7.841687500,0.022961985
7.841750000,0.024378221
7.841812500,0.026033079
7.841875000,0.027842883
7.841937500,0.029653775
7.842000000,0.031343430
7.842062500,0.032761741
7.842125000,0.034015443
7.842187500,0.035203233
7.842250000,0.036426149
7.842312500,0.037648298
7.842375000,0.038949005
7.842437500,0.040286954
7.842500000,0.041602992
7.842562500,0.042773709
7.842625000,0.043921113
7.842687500,0.045151830
7.842750000,0.046591584
7.842812500,0.048244633
7.842875000,0.050225776
7.842937500,0.052482415
7.843000000,0.054874528
7.843062500,0.057128735
7.843125000,0.059150774
7.843187500,0.060828745
7.843250000,0.062122110
7.843312500,0.062979974
7.843375000,0.063560784
7.843437500,0.063970290
7.843500000,0.064286970
7.843562500,0.064470969
7.843625000,0.064587928
7.843687500,0.064623833
7.843750000,0.064569339
7.843812500,0.064376220
7.843875000,0.064164631
7.843937500,0.064019300
7.844000000,0.064004600
7.844062500,0.064071536
7.844125000,0.064225122
7.844187500,0.064369038
7.844250000,0.064381093
7.844312500,0.064098105
7.844375000,0.063525543
7.844437500,0.062685058
7.844500000,0.061651487
7.844562500,0.060467500
7.844625000,0.059315842
7.844687500,0.058304418
7.844750000,0.057510015
7.844812500,0.056904215
7.844875000,0.056565460
7.844937500,0.056453854
7.845000000,0.056474645
7.845062500,0.056425713
7.845125000,0.056254815
7.845187500,0.055870783
7.845250000,0.055251025
7.845312500,0.054384634
7.845375000,0.053485159
7.845437500,0.052685048
7.845500000,0.052050799
7.845562500,0.051473677
7.845625000,0.050929405
7.845687500,0.050256036
7.845750000,0.049321190
7.845812500,0.048014522
7.845875000,0.046544075
7.845937500,0.045096893
7.846000000,0.043861974
7.846062500,0.042872325
7.846125000,0.042241830
7.846187500,0.041852325
7.846250000,0.041508865
7.846312500,0.040939141
7.846375000,0.040146224
7.846437500,0.039120410
7.846500000,0.037932139
7.846562500,0.036618698
7.846625000,0.035439186
7.846687500,0.034526952
7.846750000,0.033978913
7.846812500,0.033765871
7.846875000,0.034022514
7.846937500,0.034703080
7.847000000,0.035673149
7.847062500,0.036636870
7.847125000,0.037478600
7.847187500,0.038006812
7.847250000,0.038120385
7.847312500,0.037764639
7.847375000,0.037207056
7.847437500,0.036668781
7.847500000,0.036332019
7.847562500,0.036187079
7.847625000,0.036289372
7.847687500,0.036492020
7.847750000,0.036614396
7.847812500,0.036446925
7.847875000,0.036087323
7.847937500,0.035647333
7.848000000,0.035296652
7.848062500,0.035112038
7.848125000,0.035282344
7.848187500,0.035792127
7.848250000,0.036520272
7.848312500,0.037211295
7.848375000,0.037803806
7.848437500,0.038206231
7.848500000,0.038402759
7.848562500,0.038373485
7.848625000,0.038310029
7.848687500,0.038325608
7.848750000,0.038496882
7.848812500,0.038779289
7.848875000,0.039237499
7.848937500,0.039824478
7.849000000,0.040473495
7.849062500,0.041059036
7.849125000,0.041618265
7.849187500,0.042143010
7.849250000,0.042638354
7.849312500,0.043056253
7.849375000,0.043463599
7.849437500,0.043841802
7.849500000,0.044144347
7.849562500,0.044262160
7.849625000,0.044218075
7.849687500,0.044008069
7.849750000,0.043673724
7.849812500,0.043251142
7.849875000,0.042910427
7.849937500,0.042731557
7.850000000,0.042732481
7.850062500,0.042816583
7.850125000,0.042953242
7.850187500,0.043041550
7.850250000,0.043014854
7.850312500,0.042826984
7.850375000,0.042610489
7.850437500,0.042462125
7.850500000,0.042450108
7.850562500,0.042533692
7.850625000,0.042704195
7.850687500,0.042842604
7.850750000,0.042826608
7.850812500,0.042542577
7.850875000,0.042057369
7.850937500,0.041435648
7.851000000,0.040755868
7.851062500,0.040029366
7.851125000,0.039319213
7.851187500,0.038578313
7.851250000,0.037743889
7.851312500,0.036745492
7.851375000,0.035666455
7.851437500,0.034567032
7.851500000,0.033508290
7.851562500,0.032480363
7.851625000,0.031525429
7.851687500,0.030576449
7.851750000,0.029555064
7.851812500,0.028381271
7.851875000,0.027141022
7.851937500,0.025903473
7.852000000,0.024754720
7.852062500,0.023728203
7.852125000,0.022927476
7.852187500,0.022341842
7.852250000,0.021930987
7.852312500,0.021615818
7.852375000,0.021444332
7.852437500,0.021402154
7.852500000,0.021460366
7.852562500,0.021521559
7.852625000,0.021580506
7.852687500,0.021552080
7.852750000,0.021366240
7.852812500,0.020953529
7.852875000,0.020421369
7.852937500,0.019843845
7.853000000,0.019295502
7.853062500,0.018776672
7.853125000,0.018357957
7.853187500,0.017991532
7.853250000,0.017601265
7.853312500,0.017074967
7.853375000,0.016465446
7.853437500,0.015803711
7.853500000,0.015154029
7.853562500,0.014542958
7.853625000,0.014101237
7.853687500,0.013846659
7.853750000,0.013742164
7.853812500,0.013661552
7.853875000,0.013592990
7.853937500,0.013473988
7.854000000,0.013271542
7.854062500,0.012940271
7.854125000,0.012587084
7.854187500,0.012272886
7.854250000,0.012047924
7.854312500,0.011884606
7.854375000,0.011852884
7.854437500,0.011945863
7.854500000,0.012142048
7.854562500,0.012363704
7.854625000,0.012668732
7.854687500,0.013084948
7.854750000,0.013648040
7.854812500,0.014325337
7.854875000,0.015170159
7.854937500,0.016139055
7.855000000,0.017130643
7.855062500,0.017948069
7.855125000,0.018515646
7.855187500,0.018768538
7.855250000,0.018730756
7.855312500,0.018462600
7.855375000,0.018192030
7.855437500,0.018092845
7.855500000,0.018260136
7.855562500,0.018624090
7.855625000,0.019125372
7.855687500,0.019630989
7.855750000,0.020048497
7.855812500,0.020327704
7.855875000,0.020613473
7.855937500,0.021051876
7.856000000,0.021742739
7.856062500,0.022627372
7.856125000,0.023619961
7.856187500,0.024537565
7.856250000,0.025225341
7.856312500,0.025599714
7.856375000,0.025801016
7.856437500,0.026042245
7.856500000,0.026543085
7.856562500,0.027398705
7.856625000,0.028615143
7.856687500,0.030034939
7.856750000,0.031437553
7.856812500,0.032614000
7.856875000,0.033506151
7.856937500,0.034147132
7.857000000,0.034637783
7.857062500,0.035061397
7.857125000,0.035480898
7.857187500,0.035866190
7.857250000,0.036143772
7.857312500,0.036235526
7.857375000,0.036145117
7.857437500,0.035906330
7.857500000,0.035579026
7.857562500,0.035207264
7.857625000,0.034828745
7.857687500,0.034425966
7.857750000,0.033978913
7.857812500,0.033498790
7.857875000,0.033053227
7.857937500,0.032699890
7.858000000,0.032472920
7.858062500,0.032363642
7.858125000,0.032315575
7.858187500,0.032223392
7.858250000,0.032002300
7.858312500,0.031643249
7.858375000,0.031190082
7.858437500,0.030681249
7.858500000,0.030119810
7.858562500,0.029467540
7.858625000,0.028613029
7.858687500,0.027413405
7.858750000,0.025790086
7.858812500,0.023819333
7.858875000,0.021669541
7.858937500,0.019540386
7.859000000,0.017601265
7.859062500,0.015964035
7.859125000,0.014590712
7.859187500,0.013334969
7.859250000,0.012047924
7.859312500,0.010699110
7.859375000,0.009348079
7.859437500,0.008099459
7.859500000,0.007059331
7.859562500,0.006302910
7.859625000,0.005758855
7.859687500,0.005214239
7.859750000,0.004423847
7.859812500,0.003260071
7.859875000,0.001700202
7.859937500,-0.000169429
7.860000000,-0.002164861
7.860062500,-0.004023696
7.860125000,-0.005596241
7.860187500,-0.006883676
7.860250000,-0.008000575
7.860312500,-0.009052043
7.860375000,-0.010196051
7.860437500,-0.011558466
7.860500000,-0.013177417
7.860562500,-0.014928713
7.860625000,-0.016715463
7.860687500,-0.018465048
7.860750000,-0.020142624
7.860812500,-0.021684036
7.860875000,-0.023161428
7.860937500,-0.024706002
7.861000000,-0.026448958
7.861062500,-0.028384775
7.861125000,-0.030513303
7.861187500,-0.032750059
7.861250000,-0.034920152
7.861312500,-0.036711622
7.861375000,-0.037945181
7.861437500,-0.038566962
7.861500000,-0.038685132
7.861562500,-0.038461000
7.861625000,-0.038252920
7.861687500,-0.038389239
7.861750000,-0.039061632
7.861812500,-0.040165033
7.861875000,-0.041556831
7.861937500,-0.043008111
7.862000000,-0.044332597
7.862062500,-0.045370258
7.862125000,-0.046262331
7.862187500,-0.047228359
7.862250000,-0.048474070
7.862312500,-0.049977686
7.862375000,-0.051726367
7.862437500,-0.053572040
7.862500000,-0.055345152
7.862562500,-0.056829847
7.862625000,-0.058113009
7.862687500,-0.059349101
7.862750000,-0.060710244
7.862812500,-0.062169157
7.862875000,-0.063761547
7.862937500,-0.065368362
7.863000000,-0.066828325
7.863062500,-0.067904532
7.863125000,-0.068668939
7.863187500,-0.069254011
7.863250000,-0.069840305
7.863312500,-0.070446990
7.863375000,-0.071199395
7.863437500,-0.072045587
7.863500000,-0.072852299
7.863562500,-0.073352329
7.863625000,-0.073564850
7.863687500,-0.073541164
7.863750000,-0.073417038
7.863812500,-0.073230349
7.863875000,-0.073233105
7.863937500,-0.073517710
7.864000000,-0.074075907
7.864062500,-0.074684039
7.864125000,-0.075328991
7.864187500,-0.075923540
7.864250000,-0.076429017
7.864312500,-0.076744951
7.864375000,-0.077067137
7.864437500,-0.077524841
7.864500000,-0.078217387
7.864562500,-0.079058707
7.864625000,-0.080114119
7.864687500,-0.081289068
7.864750000,-0.082452975
7.864812500,-0.083376080
7.864875000,-0.084099486
7.864937500,-0.084625505
7.865000000,-0.084994338
7.865062500,-0.085158780
7.865125000,-0.085270517
7.865187500,-0.085346729
7.865250000,-0.085370831
7.865312500,-0.085223384
7.865375000,-0.085000165
7.865437500,-0.084702052
7.865500000,-0.084335469
7.865562500,-0.083833687
7.865625000,-0.083331667
7.865687500,-0.082858443
7.865750000,-0.082452975
7.865812500,-0.082106419
7.865875000,-0.081995368
7.865937500,-0.082152881
7.866000000,-0.082547106
7.866062500,-0.083028316
7.866125000,-0.083563164
7.866187500,-0.084002234
7.866250000,-0.084241346
7.866312500,-0.084223107
7.866375000,-0.084099643
7.866437500,-0.083921194
7.866500000,-0.083676599
7.866562500,-0.083249405
7.866625000,-0.082568422
7.866687500,-0.081455365
7.866750000,-0.079817496
7.866812500,-0.077717535
7.866875000,-0.075438559
7.866937500,-0.073203258
7.867000000,-0.071158051
7.867062500,-0.069317572
7.867125000,-0.067602858
7.867187500,-0.065749250
7.867250000,-0.063533977
7.867312500,-0.060929906
7.867375000,-0.058146354
7.867437500,-0.055402424
7.867500000,-0.052897915
7.867562500,-0.050747942
7.867625000,-0.048919804
7.867687500,-0.047133915
7.867750000,-0.045085590
7.867812500,-0.042645015
7.867875000,-0.039885808
7.867937500,-0.036936227
7.868000000,-0.033978913
7.868062500,-0.031214368
7.868125000,-0.028707270
7.868187500,-0.026287112
7.868250000,-0.023719350
7.868312500,-0.020908119
7.868375000,-0.017872578
7.868437500,-0.014681522
7.868500000,-0.011483178
7.868562500,-0.008512073
7.868625000,-0.005862925
7.868687500,-0.003394842
7.868750000,-0.000847120
7.868812500,0.001964909
7.868875000,0.005196738
7.868937500,0.008952744
7.869000000,0.013177417
7.869062500,0.017574860
7.869125000,0.021839717
7.869187500,0.025793089
7.869250000,0.029366815
7.869312500,0.032507498
7.869375000,0.035327479
7.869437500,0.038068101
7.869500000,0.040944118
7.869562500,0.043946713
7.869625000,0.047030609
7.869687500,0.050116822
7.869750000,0.053086169
7.869812500,0.055705942
7.869875000,0.057942457
7.869937500,0.059919368
7.870000000,0.061839733
7.870062500,0.063768819
7.870125000,0.065862484
7.870187500,0.068208545
7.870250000,0.070781559
7.870312500,0.073311917
7.870375000,0.075672604
7.870437500,0.077801488
7.870500000,0.079723373
7.870562500,0.081390962
7.870625000,0.082998976
7.870687500,0.084749088
7.870750000,0.086782701
7.870812500,0.088968009
7.870875000,0.091273889
7.870937500,0.093577430
7.871000000,0.095724516
7.871062500,0.097409137
7.871125000,0.098635405
7.871187500,0.099469669
7.871250000,0.100054242
7.871312500,0.100385085
7.871375000,0.100708336
7.871437500,0.101171091
7.871500000,0.101842612
7.871562500,0.102534927
7.871625000,0.103308797
7.871687500,0.104164906
7.871750000,0.105136961
7.871812500,0.106105193
7.871875000,0.107277662
7.871937500,0.108740695
7.872000000,0.110502049
7.872062500,0.112285271
7.872125000,0.114090271
7.872187500,0.115806662
7.872250000,0.117373139
7.872312500,0.118611984
7.872375000,0.119769782
7.872437500,0.120972373
7.872500000,0.122267604
7.872562500,0.123388357
7.872625000,0.124332003
7.872687500,0.124932848
7.872750000,0.125091344
7.872812500,0.124659739
7.872875000,0.124025330
7.872937500,0.123511590
7.873000000,0.123397097
7.873062500,0.123616844
7.873125000,0.124296837
7.873187500,0.125247672
7.873250000,0.126220837
7.873312500,0.126841947
7.873375000,0.127259240
7.873437500,0.127572462
7.873500000,0.127915069
7.873562500,0.128183424
7.873625000,0.128554553
7.873687500,0.128923222
7.873750000,0.129138678
7.873812500,0.128926650
7.873875000,0.128493264
7.873937500,0.127953455
7.874000000,0.127444446
7.874062500,0.126905158
7.874125000,0.126554936
7.874187500,0.126353636
7.874250000,0.126220837
7.874312500,0.125953332
7.874375000,0.125748038
7.874437500,0.125646323
7.874500000,0.125656083
7.874562500,0.125577629
7.874625000,0.125479594
7.874687500,0.125204906
7.874750000,0.124620721
7.874812500,0.123564154
7.874875000,0.122329682
7.874937500,0.121091411
7.875000000,0.120008618
7.875062500,0.119035862
7.875125000,0.118342966
7.875187500,0.117790803
7.875250000,0.117184885
7.875312500,0.116251446
7.875375000,0.115137815
7.875437500,0.113883577
7.875500000,0.112572789
7.875562500,0.111179680
7.875625000,0.109933622
7.875687500,0.108780295
7.875750000,0.107584193
7.875812500,0.106090501
7.875875000,0.104378715
7.875937500,0.102394588
7.876000000,0.100148365
7.876062500,0.097619653
7.876125000,0.095099799
7.876187500,0.092650585
7.876250000,0.090265304
7.876312500,0.087801971
7.876375000,0.085376047
7.876437500,0.082914680
7.876500000,0.080382243
7.876562500,0.077734217
7.876625000,0.075245358
7.876687500,0.072989263
7.876750000,0.070969805
7.876812500,0.069038451
7.876875000,0.067235604
7.876937500,0.065385185
7.877000000,0.063345730
7.877062500,0.061016321
7.877125000,0.058661170
7.877187500,0.056418508
7.877250000,0.054403909
7.877312500,0.052600015
7.877375000,0.051120754
7.877437500,0.049807873
7.877500000,0.048474070
7.877562500,0.046944436
7.877625000,0.045357868
7.877687500,0.043750532
7.877750000,0.042167734
7.877812500,0.040579937
7.877875000,0.039095204
7.877937500,0.037596013
7.878000000,0.035955522
7.878062500,0.034077227
7.878125000,0.032144263
7.878187500,0.030236220
7.878250000,0.028425572
7.878312500,0.026705543
7.878375000,0.025173534
7.878437500,0.023716059
7.878500000,0.022213360
7.878562500,0.020583866
7.878625000,0.019000905
7.878687500,0.017546294
7.878750000,0.016283523
7.878812500,0.015184236
7.878875000,0.014290460
7.878937500,0.013452846
7.879000000,0.012518546
7.879062500,0.011377398
7.879125000,0.010168500
7.879187500,0.008982508
7.879250000,0.007906451
7.879312500,0.006936878
7.879375000,0.006113462
7.879437500,0.005296952
7.879500000,0.004329723
7.879562500,0.003083004
7.879625000,0.001651961
7.879687500,0.000118677
7.879750000,-0.001411866
7.879812500,-0.002898556
7.879875000,-0.004240965
7.879937500,-0.005480649
7.880000000,-0.006682833
7.880062500,-0.007924452
7.880125000,-0.009101686
7.880187500,-0.010149525
7.880250000,-0.011012556
7.880312500,-0.011730654
7.880375000,-0.012276152
7.880437500,-0.012731719
7.880500000,-0.013177417
7.880562500,-0.013690871
7.880625000,-0.014159411
7.880687500,-0.014487735
7.880750000,-0.014589284
7.880812500,-0.014478632
7.880875000,-0.014126942
7.880937500,-0.013605132
7.881000000,-0.012989169
7.881062500,-0.012361686
7.881125000,-0.011638968
7.881187500,-0.010740747
7.881250000,-0.009600690
7.881312500,-0.008267280
7.881375000,-0.006779608
7.881437500,-0.005284686
7.881500000,-0.003953225
7.881562500,-0.002963191
7.881625000,-0.002309399
7.881687500,-0.001909047
7.881750000,-0.001600115
7.881812500,-0.001241438
7.881875000,-0.000646428
7.881937500,0.000271186
7.882000000,0.001505991
7.882062500,0.002938269
7.882125000,0.004491786
7.882187500,0.006093059
7.882250000,0.007718201
7.882312500,0.009358321
7.882375000,0.011087183
7.882437500,0.012957090
7.882500000,0.014965781
7.882562500,0.017004803
7.882625000,0.018948019
7.882687500,0.020655310
7.882750000,0.022025112
7.882812500,0.023005057
7.882875000,0.023661399
7.882937500,0.024131656
7.883000000,0.024566470
7.883062500,0.025050398
7.883125000,0.025619775
7.883187500,0.026258549
7.883250000,0.026919581
7.883312500,0.027542738
7.883375000,0.028114855
7.883437500,0.028674357
7.883500000,0.029272690
7.883562500,0.029918926
7.883625000,0.030585930
7.883687500,0.031213332
7.883750000,0.031719927
7.883812500,0.032022502
7.883875000,0.032091517
7.883937500,0.031963322
7.884000000,0.031719927
7.884062500,0.031440318
7.884125000,0.031205101
7.884187500,0.031051854
7.884250000,0.030966930
7.884312500,0.030876406
7.884375000,0.030718079
7.884437500,0.030440215
7.884500000,0.030025685
7.884562500,0.029474454
7.884625000,0.028855003
7.884687500,0.028236695
7.884750000,0.027672576
7.884812500,0.027156109
7.884875000,0.026698556
7.884937500,0.026279164
7.885000000,0.025884213
7.885062500,0.025489455
7.885125000,0.025149232
7.885187500,0.024879938
7.885250000,0.024660595
7.885312500,0.024388216
7.885375000,0.024010433
7.885437500,0.023448881
7.885500000,0.022683984
7.885562500,0.021742284
7.885625000,0.020807754
7.885687500,0.020028235
7.885750000,0.019483753
7.885812500,0.019095458
7.885875000,0.018779846
7.885937500,0.018358806
7.886000000,0.017695390
7.886062500,0.016719546
7.886125000,0.015610407
7.886187500,0.014581070
7.886250000,0.013836288
7.886312500,0.013431858
7.886375000,0.013406989
7.886437500,0.013630436
7.886500000,0.013930413
7.886562500,0.014126311
7.886625000,0.014262728
7.886687500,0.014414849
7.886750000,0.014683408
7.886812500,0.015070395
7.886875000,0.015606391
7.886937500,0.016182855
7.887000000,0.016660020
7.887062500,0.016885463
7.887125000,0.016914576
7.887187500,0.016831594
7.887250000,0.016754145
7.887312500,0.016721202
7.887375000,0.016817516
7.887437500,0.017008128
7.887500000,0.017224766
7.887562500,0.017372357
7.887625000,0.017507624
7.887687500,0.017686862
7.887750000,0.017977761
7.887812500,0.018380152
7.887875000,0.018944066
7.887937500,0.019638866
7.888000000,0.020424996
7.888062500,0.021244729
7.888125000,0.022147683
7.888187500,0.023140196
7.888250000,0.024189973
7.888312500,0.025179079
7.888375000,0.026029663
7.888437500,0.026647452
7.888500000,0.027013704
7.888562500,0.027189411
7.888625000,0.027378703
7.888687500,0.027760437
7.888750000,0.028425572
7.888812500,0.029297344
7.888875000,0.030199911
7.888937500,0.030863026
7.889000000,0.031061055
7.889062500,0.030704057
7.889125000,0.029937131
7.889187500,0.029037857
7.889250000,0.028331446
7.889312500,0.028050348
7.889375000,0.028288413
7.889437500,0.028914608
7.889500000,0.029649187
7.889562500,0.030159835
7.889625000,0.030225297
7.889687500,0.029749170
7.889750000,0.028802069
7.889812500,0.027571695
7.889875000,0.026324140
7.889937500,0.025258655
7.890000000,0.024472345
7.890062500,0.023941224
7.890125000,0.023577800
7.890187500,0.023232652
7.890250000,0.022778107
7.890312500,0.022149671
7.890375000,0.021388857
7.890437500,0.020566838
7.890500000,0.019766126
7.890562500,0.019040965
7.890625000,0.018407717
7.890687500,0.017800951
7.890750000,0.017130643
7.890812500,0.016330305
7.890875000,0.015402133
7.890937500,0.014366205
7.891000000,0.013271542
7.891062500,0.012175087
7.891125000,0.011137510
7.891187500,0.010158208
7.891250000,0.009224192
7.891312500,0.008342192
7.891375000,0.007556468
7.891437500,0.006879551
7.891500000,0.006306335
7.891562500,0.005813546
7.891625000,0.005375077
7.891687500,0.004924031
7.891750000,0.004423847
7.891812500,0.003905625
7.891875000,0.003450039
7.891937500,0.003095504
7.892000000,0.002823732
7.892062500,0.002558007
7.892125000,0.002185204
7.892187500,0.001568892
7.892250000,0.000658871
7.892312500,-0.000446496
7.892375000,-0.001525007
7.892437500,-0.002361817
7.892500000,-0.002823732
7.892562500,-0.002924810
7.892625000,-0.002834386
7.892687500,-0.002858874
7.892750000,-0.003294354
7.892812500,-0.004294072
7.892875000,-0.005795064
7.892937500,-0.007576239
7.893000000,-0.009318316
7.893062500,-0.010713032
7.893125000,-0.011574438
7.893187500,-0.011925359
7.893250000,-0.011953799
7.893312500,-0.011918211
7.893375000,-0.012051623
7.893437500,-0.012501273
7.893500000,-0.013271542
7.893562500,-0.014230121
7.893625000,-0.015185160
7.893687500,-0.015984450
7.893750000,-0.016565897
7.893812500,-0.016962932
7.893875000,-0.017294161
7.893937500,-0.017699329
7.894000000,-0.018260136
7.894062500,-0.018942134
7.894125000,-0.019640891
7.894187500,-0.020226521
7.894250000,-0.020613244
7.894312500,-0.020789532
7.894375000,-0.020858236
7.894437500,-0.020958060
7.894500000,-0.021177992
7.894562500,-0.021470293
7.894625000,-0.021687975
7.894687500,-0.021617768
7.894750000,-0.021083867
7.894812500,-0.020025965
7.894875000,-0.018578820
7.894937500,-0.017009756
7.895000000,-0.015624652
7.895062500,-0.014637121
7.895125000,-0.014139788
7.895187500,-0.014057605
7.895250000,-0.014212786
7.895312500,-0.014395406
7.895375000,-0.014492663
7.895437500,-0.014478445
7.895500000,-0.014401034
7.895562500,-0.014302688
7.895625000,-0.014243649
7.895687500,-0.014204934
7.895750000,-0.014118661
7.895812500,-0.013882455
7.895875000,-0.013486257
7.895937500,-0.012965742
7.896000000,-0.012424421
7.896062500,-0.011977579
7.896125000,-0.011782539
7.896187500,-0.011908296
7.896250000,-0.012330297
7.896312500,-0.012911188
7.896375000,-0.013529005
7.896437500,-0.014047976
7.896500000,-0.014401034
7.896562500,-0.014584238
7.896625000,-0.014728309
7.896687500,-0.014937024
7.896750000,-0.015248154
7.896812500,-0.015564358
7.896875000,-0.015771858
7.896937500,-0.015700459
7.897000000,-0.015248154
7.897062500,-0.014414114
7.897125000,-0.013413597
7.897187500,-0.012493036
7.897250000,-0.011859675
7.897312500,-0.011557160
7.897375000,-0.011562113
7.897437500,-0.011715248
7.897500000,-0.011859675
7.897562500,-0.011900718
7.897625000,-0.011950724
7.897687500,-0.012173134
7.897750000,-0.012706795
7.897812500,-0.013532067
7.897875000,-0.014538981
7.897937500,-0.015477359
7.898000000,-0.016095273
7.898062500,-0.016220281
7.898125000,-0.015924772
7.898187500,-0.015397157
7.898250000,-0.014871657
7.898312500,-0.014482802
7.898375000,-0.014303287
7.898437500,-0.014255598
7.898500000,-0.014212786
7.898562500,-0.014057257
7.898625000,-0.013836239
7.898687500,-0.013657833
7.898750000,-0.013648040
7.898812500,-0.013838545
7.898875000,-0.014221458
7.898937500,-0.014675901
7.899000000,-0.015059905
7.899062500,-0.015256722
7.899125000,-0.015319745
7.899187500,-0.015363766
7.899250000,-0.015530528
7.899312500,-0.015878892
7.899375000,-0.016456045
7.899437500,-0.017192844
7.899500000,-0.017977761
7.899562500,-0.018673729
7.899625000,-0.019281123
7.899687500,-0.019821111
7.899750000,-0.020330872
7.899812500,-0.020783041
7.899875000,-0.021177996
7.899937500,-0.021454839
7.900000000,-0.021554491
7.900062500,-0.021431254
7.900125000,-0.021162074
7.900187500,-0.020851105
7.900250000,-0.020613244
7.900312500,-0.020509446
7.900375000,-0.020570515
7.900437500,-0.020733904
7.900500000,-0.020895619
7.900562500,-0.020945685
7.900625000,-0.020861926
7.900687500,-0.020663761
7.900750000,-0.020424996
7.900812500,-0.020232163
7.900875000,-0.020174945
7.900937500,-0.020260291
7.901000000,-0.020424996
7.901062500,-0.020557690
7.901125000,-0.020559978
7.901187500,-0.020357301
7.901250000,-0.019954374
7.901312500,-0.019455696
7.901375000,-0.019028943
7.901437500,-0.018840006
7.901500000,-0.019013131
7.901562500,-0.019603331
7.901625000,-0.020564724
7.901687500,-0.021749537
7.901750000,-0.022966355
7.901812500,-0.024046540
7.901875000,-0.024882512
7.901937500,-0.025426038
7.902000000,-0.025695963
7.902062500,-0.025751617
7.902125000,-0.025644632
7.902187500,-0.025345592
7.902250000,-0.024754720
7.902312500,-0.023739595
7.902375000,-0.022199418
7.902437500,-0.020092381
7.902500000,-0.017507140
7.902562500,-0.014669575
7.902625000,-0.011906692
7.902687500,-0.009501254
7.902750000,-0.007624077
7.902812500,-0.006283769
7.902875000,-0.005359879
7.902937500,-0.004622460
7.903000000,-0.003859101
7.903062500,-0.002958149
7.903125000,-0.001958454
7.903187500,-0.000946970
7.903250000,-0.000000000
7.903312500,0.000894635
7.903375000,0.001827439
7.903437500,0.002982758
7.903500000,0.004517972
7.903562500,0.006476305
7.903625000,0.008693604
7.903687500,0.010902971
7.903750000,0.012800919
7.903812500,0.014166477
7.903875000,0.014885538
7.903937500,0.015030617
7.904000000,0.014777532
7.904062500,0.014337205
7.904125000,0.013818970
7.904187500,0.013295516
7.904250000,0.012800919
7.904312500,0.012393203
7.904375000,0.012093628
7.904437500,0.011968517
7.904500000,0.012047924
7.904562500,0.012309154
7.904625000,0.012569287
7.904687500,0.012651674
7.904750000,0.012424421
7.904812500,0.011893583
7.904875000,0.011114552
7.904937500,0.010262287
7.905000000,0.009506566
7.905062500,0.008959290
7.905125000,0.008558546
7.905187500,0.008205128
7.905250000,0.007812326
7.905312500,0.007390025
7.905375000,0.006984263
7.905437500,0.006678885
7.905500000,0.006494584
7.905562500,0.006350261
7.905625000,0.006037521
7.905687500,0.005357401
7.905750000,0.004235599
7.905812500,0.002810778
7.905875000,0.001377582
7.905937500,0.000276661
7.906000000,-0.000282373
7.906062500,-0.000338160
7.906125000,-0.000193041
7.906187500,-0.000278008
7.906250000,-0.000941244
7.906312500,-0.002271532
7.906375000,-0.004032876
7.906437500,-0.005800989
7.906500000,-0.007153455
7.906562500,-0.007875253
7.906625000,-0.008034415
7.906687500,-0.007969964
7.906750000,-0.008094699
7.906812500,-0.008691311
7.906875000,-0.009757150
7.906937500,-0.011056170
7.907000000,-0.012236172
7.907062500,-0.013014331
7.907125000,-0.013285491
7.907187500,-0.013186206
7.907250000,-0.012989169
7.907312500,-0.012961246
7.907375000,-0.013211234
7.907437500,-0.013688553
7.907500000,-0.014212786
7.907562500,-0.014578530
7.907625000,-0.014625461
7.907687500,-0.014322727
7.907750000,-0.013742164
7.907812500,-0.013009871
7.907875000,-0.012223012
7.907937500,-0.011451740
7.908000000,-0.010730183
7.908062500,-0.010084057
7.908125000,-0.009517432
7.908187500,-0.009043625
7.908250000,-0.008659446
7.908312500,-0.008337244
7.908375000,-0.008004682
7.908437500,-0.007592117
7.908500000,-0.007059331
7.908562500,-0.006422565
7.908625000,-0.005745905
7.908687500,-0.005118487
7.908750000,-0.004612096
7.908812500,-0.004247245
7.908875000,-0.003980834
7.908937500,-0.003725012
7.909000000,-0.003388479
7.909062500,-0.002914268
7.909125000,-0.002325327
7.909187500,-0.001695116
7.909250000,-0.001129493
7.909312500,-0.000718056
7.909375000,-0.000524424
7.909437500,-0.000531435
7.909500000,-0.000658871
7.909562500,-0.000777982
7.909625000,-0.000803873
7.909687500,-0.000672125
7.909750000,-0.000376498
7.909812500,0.000055089
7.909875000,0.000514052
7.909937500,0.000918593
7.910000000,0.001223617
7.910062500,0.001462463
7.910125000,0.001655016
7.910187500,0.001869421
7.910250000,0.002164861
7.910312500,0.002592944
7.910375000,0.003089478
7.910437500,0.003574444
7.910500000,0.003953225
7.910562500,0.004181200
7.910625000,0.004193546
7.910687500,0.004003205
7.910750000,0.003670852
7.910812500,0.003314205
7.910875000,0.002977695
7.910937500,0.002692316
7.911000000,0.002447235
7.911062500,0.002238403
7.911125000,0.001978232
7.911187500,0.001613768
7.911250000,0.001129493
7.911312500,0.000599506
7.911375000,0.000049511
7.911437500,-0.000472837
7.911500000,-0.000941244
7.911562500,-0.001316559
7.911625000,-0.001681581
7.911687500,-0.002124978
7.911750000,-0.002729608
7.911812500,-0.003500064
7.911875000,-0.004458596
7.911937500,-0.005570636
7.912000000,-0.006776957
7.912062500,-0.007975222
7.912125000,-0.009147285
7.912187500,-0.010284727
7.912250000,-0.011389053
7.912312500,-0.012412878
7.912375000,-0.013366192
7.912437500,-0.014245640
7.912500000,-0.015059905
7.912562500,-0.015794735
7.912625000,-0.016515028
7.912687500,-0.017269453
7.912750000,-0.018071886
7.912812500,-0.018846057
7.912875000,-0.019539462
7.912937500,-0.020098088
7.913000000,-0.020519121
7.913062500,-0.020839741
7.913125000,-0.021202553
7.913187500,-0.021755120
7.913250000,-0.022589857
7.913312500,-0.023669969
7.913375000,-0.024916178
7.913437500,-0.026213353
7.913500000,-0.027484328
7.913562500,-0.028701073
7.913625000,-0.029953046
7.913687500,-0.031331874
7.913750000,-0.032849420
7.913812500,-0.034346759
7.913875000,-0.035586040
7.913937500,-0.036282867
7.914000000,-0.036237895
7.914062500,-0.035410125
7.914125000,-0.034027867
7.914187500,-0.032472074
7.914250000,-0.031155180
7.914312500,-0.030348822
7.914375000,-0.030163720
7.914437500,-0.030485494
7.914500000,-0.031061055
7.914562500,-0.031588651
7.914625000,-0.031908125
7.914687500,-0.031984892
7.914750000,-0.031908173
7.914812500,-0.031788472
7.914875000,-0.031765737
7.914937500,-0.031863954
7.915000000,-0.032002300
7.915062500,-0.032001108
7.915125000,-0.031742919
7.915187500,-0.031142745
7.915250000,-0.030213933
7.915312500,-0.029036326
7.915375000,-0.027824163
7.915437500,-0.026762033
7.915500000,-0.025978338
7.915562500,-0.025479354
7.915625000,-0.025249606
7.915687500,-0.025175471
7.915750000,-0.025131216
7.915812500,-0.024999933
7.915875000,-0.024802241
7.915937500,-0.024575943
7.916000000,-0.024378221
7.916062500,-0.024214488
7.916125000,-0.024122795
7.916187500,-0.024047155
7.916250000,-0.023907598
7.916312500,-0.023608312
7.916375000,-0.023179097
7.916437500,-0.022638129
7.916500000,-0.022025112
7.916562500,-0.021349709
7.916625000,-0.020702334
7.916687500,-0.020104544
7.916750000,-0.019577878
7.916812500,-0.019128105
7.916875000,-0.018856227
7.916937500,-0.018793916
7.917000000,-0.018919006
7.917062500,-0.019111937
7.917125000,-0.019289386
7.917187500,-0.019315125
7.917250000,-0.019107254
7.917312500,-0.018650919
7.917375000,-0.018113747
7.917437500,-0.017657598
7.917500000,-0.017413015
7.917562500,-0.017388854
7.917625000,-0.017558625
7.917687500,-0.017755132
7.917750000,-0.017789513
7.917812500,-0.017510341
7.917875000,-0.016950049
7.917937500,-0.016205333
7.918000000,-0.015436403
7.918062500,-0.014782338
7.918125000,-0.014377396
7.918187500,-0.014218385
7.918250000,-0.014212786
7.918312500,-0.014206591
7.918375000,-0.014108298
7.918437500,-0.013834575
7.918500000,-0.013365666
7.918562500,-0.012726869
7.918625000,-0.012041747
7.918687500,-0.011409965
7.918750000,-0.010918431
7.918812500,-0.010610518
7.918875000,-0.010544009
7.918937500,-0.010697862
7.919000000,-0.011012556
7.919062500,-0.011392576
7.919125000,-0.011784617
7.919187500,-0.012113869
7.919250000,-0.012330297
7.919312500,-0.012410460
7.919375000,-0.012397673
7.919437500,-0.012326699
7.919500000,-0.012236172
7.919562500,-0.012149204
7.919625000,-0.012097536
7.919687500,-0.012052677
7.919750000,-0.011953799
7.919812500,-0.011719042
7.919875000,-0.011307755
7.919937500,-0.010688182
7.920000000,-0.009883063
7.920062500,-0.008969586
7.920125000,-0.008078418
7.920187500,-0.007302982
7.920250000,-0.006682833
7.920312500,-0.006189358
7.920375000,-0.005763872
7.920437500,-0.005316284
7.920500000,-0.004800345
7.920562500,-0.004248126
7.920625000,-0.003776924
7.920687500,-0.003500257
7.920750000,-0.003482603
7.920812500,-0.003699058
7.920875000,-0.004040582
7.920937500,-0.004331808
7.921000000,-0.004423847
7.921062500,-0.004264445
7.921125000,-0.003923986
7.921187500,-0.003528364
7.921250000,-0.003200230
7.921312500,-0.002992017
7.921375000,-0.002859154
7.921437500,-0.002663692
7.921500000,-0.002258986
7.921562500,-0.001572840
7.921625000,-0.000659915
7.921687500,0.000334730
7.921750000,0.001223617
7.921812500,0.001854697
7.921875000,0.002156889
7.921937500,0.002185114
7.922000000,0.002070737
7.922062500,0.001962717
7.922125000,0.001958796
7.922187500,0.002117057
7.922250000,0.002447235
7.922312500,0.002934266
7.922375000,0.003532314
7.922437500,0.004204014
7.922500000,0.004894469
7.922562500,0.005528260
7.922625000,0.005997185
7.922687500,0.006228758
7.922750000,0.006212211
7.922812500,0.006024712
7.922875000,0.005797428
7.922937500,0.005694090
7.923000000,0.005835713
7.923062500,0.006250408
7.923125000,0.006844741
7.923187500,0.007455178
7.923250000,0.007906451
7.923312500,0.008081566
7.923375000,0.007954269
7.923437500,0.007600548
7.923500000,0.007153455
7.923562500,0.006746403
7.923625000,0.006455434
7.923687500,0.006292745
7.923750000,0.006212211
7.923812500,0.006142907
7.923875000,0.006019969
7.923937500,0.005818653
7.924000000,0.005553340
7.924062500,0.005260876
7.924125000,0.004979695
7.924187500,0.004733093
7.924250000,0.004517972
7.924312500,0.004302985
7.924375000,0.004057677
7.924437500,0.003755562
7.924500000,0.003388479
7.924562500,0.002961307
7.924625000,0.002505574
7.924687500,0.002047503
7.924750000,0.001600115
7.924812500,0.001150055
7.924875000,0.000689526
7.924937500,0.000208930
7.925000000,-0.000282373
7.925062500,-0.000761158
7.925125000,-0.001159243
7.925187500,-0.001418477
7.925250000,-0.001505991
7.925312500,-0.001448715
7.925375000,-0.001277382
7.925437500,-0.001057177
7.925500000,-0.000847120
7.925562500,-0.000698187
7.925625000,-0.000580942
7.925687500,-0.000454801
7.925750000,-0.000282373
7.925812500,-0.000081296
7.925875000,0.000143083
7.925937500,0.000342565
7.926000000,0.000470622
7.926062500,0.000483078
7.926125000,0.000435209
7.926187500,0.000402908
7.926250000,0.000470622
7.926312500,0.000667594
7.926375000,0.001028037
7.926437500,0.001518531
7.926500000,0.002070737
7.926562500,0.002580120
7.926625000,0.003017363
7.926687500,0.003373564
7.926750000,0.003670852
7.926812500,0.003917492
7.926875000,0.004163702
7.926937500,0.004427596
7.927000000,0.004706220
7.927062500,0.004959337
7.927125000,0.005191586
7.927187500,0.005411563
7.927250000,0.005647464
7.927312500,0.005920191
7.927375000,0.006294744
7.927437500,0.006821355
7.927500000,0.007529953
7.927562500,0.008394657
7.927625000,0.009396798
7.927687500,0.010482314
7.927750000,0.011577302
7.927812500,0.012572962
7.927875000,0.013425098
7.927937500,0.014119390
7.928000000,0.014683408
7.928062500,0.015144341
7.928125000,0.015589924
7.928187500,0.016085802
7.928250000,0.016660020
7.928312500,0.017261930
7.928375000,0.017855177
7.928437500,0.018387236
7.928500000,0.018824881
7.928562500,0.019140322
7.928625000,0.019383751
7.928687500,0.019610427
7.928750000,0.019860249
7.928812500,0.020104183
7.928875000,0.020318765
7.928937500,0.020445185
7.929000000,0.020424996
7.929062500,0.020193584
7.929125000,0.019786047
7.929187500,0.019269001
7.929250000,0.018730756
7.929312500,0.018210039
7.929375000,0.017781494
7.929437500,0.017460508
7.929500000,0.017224766
7.929562500,0.016992470
7.929625000,0.016773341
7.929687500,0.016602971
7.929750000,0.016565897
7.929812500,0.016725691
7.929875000,0.017216291
7.929937500,0.018089006
7.930000000,0.019295502
7.930062500,0.020635340
7.930125000,0.021931911
7.930187500,0.022996051
7.930250000,0.023719350
7.930312500,0.024058903
7.930375000,0.024167771
7.930437500,0.024205903
7.930500000,0.024284096
7.930562500,0.024352539
7.930625000,0.024357844
7.930687500,0.024172585
7.930750000,0.023719350
7.930812500,0.022985607
7.930875000,0.022185875
7.930937500,0.021554040
7.931000000,0.021272115
7.931062500,0.021329742
7.931125000,0.021670762
7.931187500,0.022112325
7.931250000,0.022495734
7.931312500,0.022727821
7.931375000,0.022973625
7.931437500,0.023437986
7.931500000,0.024284096
7.931562500,0.025469806
7.931625000,0.026885692
7.931687500,0.028267318
7.931750000,0.029366815
7.931812500,0.030019091
7.931875000,0.030370560
7.931937500,0.030665977
7.932000000,0.031155180
7.932062500,0.031892110
7.932125000,0.032856185
7.932187500,0.033827376
7.932250000,0.034543656
7.932312500,0.034774411
7.932375000,0.034585219
7.932437500,0.034169596
7.932500000,0.033790659
7.932562500,0.033595949
7.932625000,0.033705782
7.932687500,0.034045596
7.932750000,0.034449533
7.932812500,0.034696784
7.932875000,0.034766227
7.932937500,0.034686495
7.933000000,0.034543656
7.933062500,0.034359805
7.933125000,0.034230445
7.933187500,0.034146726
7.933250000,0.034073036
7.933312500,0.033931844
7.933375000,0.033809196
7.933437500,0.033774331
7.933500000,0.033884790
7.933562500,0.034092862
7.933625000,0.034386199
7.933687500,0.034663092
7.933750000,0.034826029
7.933812500,0.034792427
7.933875000,0.034667995
7.933937500,0.034592867
7.934000000,0.034731906
7.934062500,0.035174239
7.934125000,0.036004759
7.934187500,0.037160933
7.934250000,0.038496882
7.934312500,0.039801408
7.934375000,0.040954579
7.934437500,0.041830812
7.934500000,0.042355984
7.934562500,0.042486403
7.934625000,0.042280689
7.934687500,0.041777559
7.934750000,0.041038241
7.934812500,0.040132698
7.934875000,0.039202493
7.934937500,0.038327508
7.935000000,0.037555639
7.935062500,0.036887515
7.935125000,0.036359873
7.935187500,0.035955675
7.935250000,0.035673149
7.935312500,0.035523891
7.935375000,0.035584979
7.935437500,0.035849221
7.935500000,0.036237895
7.935562500,0.036583308
7.935625000,0.036740165
7.935687500,0.036530815
7.935750000,0.035861399
7.935812500,0.034753241
7.935875000,0.033399422
7.935937500,0.031992070
7.936000000,0.030684557
7.936062500,0.029512748
7.936125000,0.028458847
7.936187500,0.027368490
7.936250000,0.026072461
7.936312500,0.024451381
7.936375000,0.022562265
7.936437500,0.020510962
7.936500000,0.018448384
7.936562500,0.016488487
7.936625000,0.014720226
7.936687500,0.013071942
7.936750000,0.011389053
7.936812500,0.009494633
7.936875000,0.007353878
7.936937500,0.005007701
7.937000000,0.002635483
7.937062500,0.000493648
7.937125000,-0.001097363
7.937187500,-0.001997656
7.937250000,-0.002258986
7.937312500,-0.002129233
7.937375000,-0.001880295
7.937437500,-0.001811745
7.937500000,-0.002070737
7.937562500,-0.002604489
7.937625000,-0.003121076
7.937687500,-0.003342419
7.937750000,-0.003106105
7.937812500,-0.002477306
7.937875000,-0.001671066
7.937937500,-0.001057829
7.938000000,-0.000941244
7.938062500,-0.001417152
7.938125000,-0.002242881
7.938187500,-0.003034598
7.938250000,-0.003388479
7.938312500,-0.003073757
7.938375000,-0.002078079
7.938437500,-0.000712381
7.938500000,0.000564746
7.938562500,0.001331781
7.938625000,0.001405391
7.938687500,0.000817710
7.938750000,-0.000188249
7.938812500,-0.001277901
7.938875000,-0.002128894
7.938937500,-0.002601594
7.939000000,-0.002729608
7.939062500,-0.002669135
7.939125000,-0.002592426
7.939187500,-0.002654179
7.939250000,-0.002917857
7.939312500,-0.003340471
7.939375000,-0.003799992
7.939437500,-0.004165020
7.939500000,-0.004329723
7.939562500,-0.004237600
7.939625000,-0.003909601
7.939687500,-0.003429675
7.939750000,-0.002917857
7.939812500,-0.002485738
7.939875000,-0.002224012
7.939937500,-0.002159933
7.940000000,-0.002258986
7.940062500,-0.002434966
7.940125000,-0.002599434
7.940187500,-0.002677294
7.940250000,-0.002635483
7.940312500,-0.002485803
7.940375000,-0.002297484
7.940437500,-0.002159804
7.940500000,-0.002164861
7.940562500,-0.002382330
7.940625000,-0.002855951
7.940687500,-0.003583795
7.940750000,-0.004517972
7.940812500,-0.005564646
7.940875000,-0.006610052
7.940937500,-0.007523782
7.941000000,-0.008188824
7.941062500,-0.008529445
7.941125000,-0.008523649
7.941187500,-0.008217704
7.941250000,-0.007718201
7.941312500,-0.007175112
7.941375000,-0.006730246
7.941437500,-0.006490008
7.941500000,-0.006494584
7.941562500,-0.006714421
7.941625000,-0.007047500
7.941687500,-0.007359600
7.941750000,-0.007529953
7.941812500,-0.007498363
7.941875000,-0.007260117
7.941937500,-0.006866908
7.942000000,-0.006400459
7.942062500,-0.005952983
7.942125000,-0.005569556
7.942187500,-0.005255267
7.942250000,-0.004988594
7.942312500,-0.004761462
7.942375000,-0.004549136
7.942437500,-0.004342398
7.942500000,-0.004141474
7.942562500,-0.003969145
7.942625000,-0.003811775
7.942687500,-0.003653616
7.942750000,-0.003482603
7.942812500,-0.003323014
7.942875000,-0.003175304
7.942937500,-0.003043291
7.943000000,-0.002917857
7.943062500,-0.002792216
7.943125000,-0.002604593
7.943187500,-0.002287977
7.943250000,-0.001788364
7.943312500,-0.001109550
7.943375000,-0.000265468
7.943437500,0.000693064
7.943500000,0.001694239
7.943562500,0.002642355
7.943625000,0.003484371
7.943687500,0.004200961
7.943750000,0.004800345
7.943812500,0.005286839
7.943875000,0.005692331
7.943937500,0.006052702
7.944000000,0.006400459
7.944062500,0.006746999
7.944125000,0.007127861
7.944187500,0.007590835
7.944250000,0.008188824
7.944312500,0.008948432
7.944375000,0.009885156
7.944437500,0.010974893
7.944500000,0.012142048
7.944562500,0.013255239
7.944625000,0.014195800
7.944687500,0.014890441
7.944750000,0.015342278
7.944812500,0.015615379
7.944875000,0.015856098
7.944937500,0.016209396
7.945000000,0.016754145
7.945062500,0.017439328
7.945125000,0.018146656
7.945187500,0.018714011
7.945250000,0.019013131
7.945312500,0.018987520
7.945375000,0.018733522
7.945437500,0.018428989
7.945500000,0.018260136
7.945562500,0.018316902
7.945625000,0.018610800
7.945687500,0.019047607
7.945750000,0.019483753
7.945812500,0.019767258
7.945875000,0.019846065
7.945937500,0.019733906
7.946000000,0.019483753
7.946062500,0.019117014
7.946125000,0.018673237
7.946187500,0.018162291
7.946250000,0.017601265
7.946312500,0.017005669
7.946375000,0.016477386
7.946437500,0.016100356
7.946500000,0.015907025
7.946562500,0.015814962
7.946625000,0.015729701
7.946687500,0.015528711
7.946750000,0.015154029
7.946812500,0.014631411
7.946875000,0.014160329
7.946937500,0.013965256
7.947000000,0.014212786
7.947062500,0.014891829
7.947125000,0.015894309
7.947187500,0.016975440
7.947250000,0.017883638
7.947312500,0.018429205
7.947375000,0.018651197
7.947437500,0.018689370
7.947500000,0.018730756
7.947562500,0.018874438
7.947625000,0.019187564
7.947687500,0.019592602
7.947750000,0.019954374
7.947812500,0.020119322
7.947875000,0.020088846
7.947937500,0.019909721
7.948000000,0.019672001
7.948062500,0.019425932
7.948125000,0.019249942
7.948187500,0.019147050
7.948250000,0.019107254
7.948312500,0.019115575
7.948375000,0.019257024
7.948437500,0.019592011
7.948500000,0.020142624
7.948562500,0.020832522
7.948625000,0.021563767
7.948687500,0.022165952
7.948750000,0.022495734
7.948812500,0.022482364
7.948875000,0.022219706
7.948937500,0.021856278
7.949000000,0.021554491
7.949062500,0.021404004
7.949125000,0.021442868
7.949187500,0.021594604
7.949250000,0.021742739
7.949312500,0.021779465
7.949375000,0.021706929
7.949437500,0.021572664
7.949500000,0.021460366
7.949562500,0.021429723
7.949625000,0.021534676
7.949687500,0.021752536
7.949750000,0.022025112
7.949812500,0.022277035
7.949875000,0.022489555
7.949937500,0.022633802
7.950000000,0.022683984
7.950062500,0.022596190
7.950125000,0.022346141
7.950187500,0.021882078
7.950250000,0.021177992
7.950312500,0.020251503
7.950375000,0.019204967
7.950437500,0.018137019
7.950500000,0.017130643
7.950562500,0.016216055
7.950625000,0.015394559
7.950687500,0.014595531
7.950750000,0.013742164
7.950812500,0.012792998
7.950875000,0.011788775
7.950937500,0.010792344
7.951000000,0.009883063
7.951062500,0.009122388
7.951125000,0.008551329
7.951187500,0.008135757
7.951250000,0.007812326
7.951312500,0.007517854
7.951375000,0.007247667
7.951437500,0.006996423
7.951500000,0.006776957
7.951562500,0.006597940
7.951625000,0.006491431
7.951687500,0.006437845
7.951750000,0.006400459
7.951812500,0.006332330
7.951875000,0.006224672
7.951937500,0.006040479
7.952000000,0.005741589
7.952062500,0.005282726
7.952125000,0.004664295
7.952187500,0.003871709
7.952250000,0.002917857
7.952312500,0.001845879
7.952375000,0.000768165
7.952437500,-0.000220248
7.952500000,-0.001035369
7.952562500,-0.001635152
7.952625000,-0.001982095
7.952687500,-0.002126488
7.952750000,-0.002164861
7.952812500,-0.002228882
7.952875000,-0.002388679
7.952937500,-0.002708630
7.953000000,-0.003200230
7.953062500,-0.003838854
7.953125000,-0.004520202
7.953187500,-0.005169106
7.953250000,-0.005741589
7.953312500,-0.006247962
7.953375000,-0.006675854
7.953437500,-0.007023228
7.953500000,-0.007247579
7.953562500,-0.007277307
7.953625000,-0.006992316
7.953687500,-0.006338162
7.953750000,-0.005365091
7.953812500,-0.004261874
7.953875000,-0.003256390
7.953937500,-0.002579870
7.954000000,-0.002353110
7.954062500,-0.002545479
7.954125000,-0.002929797
7.954187500,-0.003223472
7.954250000,-0.003200230
7.954312500,-0.002809976
7.954375000,-0.002162366
7.954437500,-0.001513069
7.954500000,-0.001129493
7.954562500,-0.001173255
7.954625000,-0.001595266
7.954687500,-0.002181897
7.954750000,-0.002635483
7.954812500,-0.002704364
7.954875000,-0.002254837
7.954937500,-0.001327611
7.955000000,-0.000094124
7.955062500,0.001218180
7.955125000,0.002434720
7.955187500,0.003470254
7.955250000,0.004329723
7.955312500,0.005058117
7.955375000,0.005715269
7.955437500,0.006325743
7.955500000,0.006871082
7.955562500,0.007298890
7.955625000,0.007573979
7.955687500,0.007697983
7.955750000,0.007718201
7.955812500,0.007711513
7.955875000,0.007770276
7.955937500,0.007977448
7.956000000,0.008377072
7.956062500,0.008959117
7.956125000,0.009662583
7.956187500,0.010406993
7.956250000,0.011106680
7.956312500,0.011687491
7.956375000,0.012090361
7.956437500,0.012281401
7.956500000,0.012236172
7.956562500,0.011932526
7.956625000,0.011350181
7.956687500,0.010494250
7.956750000,0.009412440
7.956812500,0.008208638
7.956875000,0.007020138
7.956937500,0.006000266
7.957000000,0.005270967
7.957062500,0.004890367
7.957125000,0.004834670
7.957187500,0.005025143
7.957250000,0.005365091
7.957312500,0.005782220
7.957375000,0.006236075
7.957437500,0.006723629
7.957500000,0.007247579
7.957562500,0.007789927
7.957625000,0.008290772
7.957687500,0.008667791
7.957750000,0.008847695
7.957812500,0.008801289
7.957875000,0.008560576
7.957937500,0.008200497
7.958000000,0.007812326
7.958062500,0.007465381
7.958125000,0.007188852
7.958187500,0.006949840
7.958250000,0.006682833
7.958312500,0.006323154
7.958375000,0.005846606
7.958437500,0.005261541
7.958500000,0.004612096
7.958562500,0.003955806
7.958625000,0.003353248
7.958687500,0.002823936
7.958750000,0.002353110
7.958812500,0.001895134
7.958875000,0.001426208
7.958937500,0.000920091
7.959000000,0.000376498
7.959062500,-0.000189060
7.959125000,-0.000706981
7.959187500,-0.001125949
7.959250000,-0.001411866
7.959312500,-0.001573105
7.959375000,-0.001612626
7.959437500,-0.001572721
7.959500000,-0.001505991
7.959562500,-0.001475971
7.959625000,-0.001496177
7.959687500,-0.001571815
7.959750000,-0.001694239
7.959812500,-0.001867244
7.959875000,-0.002061076
7.959937500,-0.002259831
7.960000000,-0.002447235
7.960062500,-0.002622009
7.960125000,-0.002741795
7.960187500,-0.002781557
7.960250000,-0.002729608
7.960312500,-0.002620537
7.960375000,-0.002461593
7.960437500,-0.002294551
7.960500000,-0.002164861
7.960562500,-0.002131626
7.960625000,-0.002177319
7.960687500,-0.002270346
7.960750000,-0.002353110
7.960812500,-0.002381937
7.960875000,-0.002265480
7.960937500,-0.001948962
7.961000000,-0.001411866
7.961062500,-0.000698861
7.961125000,0.000159994
7.961187500,0.001103835
7.961250000,0.002070737
7.961312500,0.002984719
7.961375000,0.003836824
7.961437500,0.004626989
7.961500000,0.005365091
7.961562500,0.006033238
7.961625000,0.006660945
7.961687500,0.007274467
7.961750000,0.007906451
7.961812500,0.008561015
7.961875000,0.009266863
7.961937500,0.010010771
7.962000000,0.010730183
7.962062500,0.011293042
7.962125000,0.011606982
7.962187500,0.011623912
7.962250000,0.011389053
7.962312500,0.011018606
7.962375000,0.010745586
7.962437500,0.010792902
7.962500000,0.011294928
7.962562500,0.012206030
7.962625000,0.013384873
7.962687500,0.014599308
7.962750000,0.015624652
7.962812500,0.016292900
7.962875000,0.016624199
7.962937500,0.016749987
7.963000000,0.016848268
7.963062500,0.017018311
7.963125000,0.017321358
7.963187500,0.017708896
7.963250000,0.018071886
7.963312500,0.018265087
7.963375000,0.018272964
7.963437500,0.018163309
7.963500000,0.018071886
7.963562500,0.018102493
7.963625000,0.018376807
7.963687500,0.018921573
7.963750000,0.019672001
7.963812500,0.020451117
7.963875000,0.021135336
7.963937500,0.021614350
7.964000000,0.021836862
7.964062500,0.021770922
7.964125000,0.021524241
7.964187500,0.021220775
7.964250000,0.020989744
7.964312500,0.020884724
7.964375000,0.021003023
7.964437500,0.021363355
7.964500000,0.021930987
7.964562500,0.022575006
7.964625000,0.023251144
7.964687500,0.023896124
7.964750000,0.024472345
7.964812500,0.024907934
7.964875000,0.025272485
7.964937500,0.025615206
7.965000000,0.025978338
7.965062500,0.026316900
7.965125000,0.026687514
7.965187500,0.027104095
7.965250000,0.027578451
7.965312500,0.028051794
7.965375000,0.028593915
7.965437500,0.029223157
7.965500000,0.029931562
7.965562500,0.030607024
7.965625000,0.031242242
7.965687500,0.031782862
7.965750000,0.032190546
7.965812500,0.032386843
7.965875000,0.032466713
7.965937500,0.032504167
7.966000000,0.032567047
7.966062500,0.032616276
7.966125000,0.032716811
7.966187500,0.032862283
7.966250000,0.033037666
7.966312500,0.033157211
7.966375000,0.033300214
7.966437500,0.033504296
7.966500000,0.033790659
7.966562500,0.034067418
7.966625000,0.034377053
7.966687500,0.034715131
7.966750000,0.035108406
7.966812500,0.035544176
7.966875000,0.036194842
7.966937500,0.037167404
7.967000000,0.038496882
7.967062500,0.040025860
7.967125000,0.041661218
7.967187500,0.043213893
7.967250000,0.044520844
7.967312500,0.045418985
7.967375000,0.046011705
7.967437500,0.046421755
7.967500000,0.046779834
7.967562500,0.047080036
7.967625000,0.047383893
7.967687500,0.047625944
7.967750000,0.047721073
7.967812500,0.047548678
7.967875000,0.047224917
7.967937500,0.046883836
7.968000000,0.046685707
7.968062500,0.046674531
7.968125000,0.046972360
7.968187500,0.047544774
7.968250000,0.048285823
7.968312500,0.048987731
7.968375000,0.049636610
7.968437500,0.050209660
7.968500000,0.050733056
7.968562500,0.051176518
7.968625000,0.051662408
7.968687500,0.052212588
7.968750000,0.052803792
7.968812500,0.053305436
7.968875000,0.053737387
7.968937500,0.054071806
7.969000000,0.054309785
7.969062500,0.054413378
7.969125000,0.054516025
7.969187500,0.054686740
7.969250000,0.054968655
7.969312500,0.055299092
7.969375000,0.055704400
7.969437500,0.056101810
7.969500000,0.056380518
7.969562500,0.056371007
7.969625000,0.056074392
7.969687500,0.055471286
7.969750000,0.054592159
7.969812500,0.053451300
7.969875000,0.052239358
7.969937500,0.051077962
7.970000000,0.050074182
7.970062500,0.049244206
7.970125000,0.048723392
7.970187500,0.048515979
7.970250000,0.048568193
7.970312500,0.048714135
7.970375000,0.048930369
7.970437500,0.049121432
7.970500000,0.049227066
7.970562500,0.049168918
7.970625000,0.049074676
7.970687500,0.048995402
7.970750000,0.048944689
7.970812500,0.048812572
7.970875000,0.048610300
7.970937500,0.048259873
7.971000000,0.047721073
7.971062500,0.046953950
7.971125000,0.046141516
7.971187500,0.045382127
7.971250000,0.044709094
7.971312500,0.043991324
7.971375000,0.043182977
7.971437500,0.042132687
7.971500000,0.040755868
7.971562500,0.039034128
7.971625000,0.037244316
7.971687500,0.035624888
7.971750000,0.034355409
7.971812500,0.033412959
7.971875000,0.032786310
7.971937500,0.032281343
7.972000000,0.031719927
7.972062500,0.030981041
7.972125000,0.030261615
7.972187500,0.029759271
7.972250000,0.029649187
7.972312500,0.029921714
7.972375000,0.030567978
7.972437500,0.031370286
7.972500000,0.032096423
7.972562500,0.032551508
7.972625000,0.032854825
7.972687500,0.033154074
7.972750000,0.033602413
7.972812500,0.034188502
7.972875000,0.034913041
7.972937500,0.035575971
7.973000000,0.035955522
7.973062500,0.035855643
7.973125000,0.035401940
7.973187500,0.034768239
7.973250000,0.034167159
7.973312500,0.033673763
7.973375000,0.033408783
7.973437500,0.033280198
7.973500000,0.033131793
7.973562500,0.032755360
7.973625000,0.032223340
7.973687500,0.031618033
7.973750000,0.031061055
7.973812500,0.030560104
7.973875000,0.030230280
7.973937500,0.030021464
7.974000000,0.029837437
7.974062500,0.029513147
7.974125000,0.029118335
7.974187500,0.028701918
7.974250000,0.028331446
7.974312500,0.027974626
7.974375000,0.027715284
7.974437500,0.027531076
7.974500000,0.027390203
7.974562500,0.027211776
7.974625000,0.027124092
7.974687500,0.027221076
7.974750000,0.027578451
7.974812500,0.028133012
7.974875000,0.028897062
7.974937500,0.029759809
7.975000000,0.030590432
7.975062500,0.031215357
7.975125000,0.031675640
7.975187500,0.032009475
7.975250000,0.032284670
7.975312500,0.032501288
7.975375000,0.032780126
7.975437500,0.033163823
7.975500000,0.033696536
7.975562500,0.034378253
7.975625000,0.035353582
7.975687500,0.036672346
7.975750000,0.038308635
7.975812500,0.040085528
7.975875000,0.041881964
7.975937500,0.043501295
7.976000000,0.044803217
7.976062500,0.045703892
7.976125000,0.046345852
7.976187500,0.046860978
7.976250000,0.047344577
7.976312500,0.047751188
7.976375000,0.048044957
7.976437500,0.048094418
7.976500000,0.047815196
7.976562500,0.047207765
7.976625000,0.046500590
7.976687500,0.045942556
7.976750000,0.045744464
7.976812500,0.045953050
7.976875000,0.046523869
7.976937500,0.047232080
7.977000000,0.047815196
7.977062500,0.048056684
7.977125000,0.047944542
7.977187500,0.047543582
7.977250000,0.046968080
7.977312500,0.046274249
7.977375000,0.045505445
7.977437500,0.044579916
7.977500000,0.043391351
7.977562500,0.041863248
7.977625000,0.040097844
7.977687500,0.038250171
7.977750000,0.036520272
7.977812500,0.035055131
7.977875000,0.033982981
7.977937500,0.033262327
7.978000000,0.032755297
7.978062500,0.032266032
7.978125000,0.031709779
7.978187500,0.031021897
7.978250000,0.030213933
7.978312500,0.029324466
7.978375000,0.028483082
7.978437500,0.027722560
7.978500000,0.027013704
7.978562500,0.026251975
7.978625000,0.025402866
7.978687500,0.024382092
7.978750000,0.023154603
7.978812500,0.021732042
7.978875000,0.020263605
7.978937500,0.018837670
7.979000000,0.017507140
7.979062500,0.016255084
7.979125000,0.015097577
7.979187500,0.013962341
7.979250000,0.012800919
7.979312500,0.011622788
7.979375000,0.010568210
7.979437500,0.009742874
7.979500000,0.009224192
7.979562500,0.009013903
7.979625000,0.009080940
7.979687500,0.009249705
7.979750000,0.009318316
7.979812500,0.009136712
7.979875000,0.008703370
7.979937500,0.008063179
7.980000000,0.007341704
7.980062500,0.006710290
7.980125000,0.006338662
7.980187500,0.006257883
7.980250000,0.006400459
7.980312500,0.006654262
7.980375000,0.006896725
7.980437500,0.006992211
7.980500000,0.006871082
7.980562500,0.006567478
7.980625000,0.006170610
7.980687500,0.005734536
7.980750000,0.005270967
7.980812500,0.004763627
7.980875000,0.004155077
7.980937500,0.003360705
7.981000000,0.002353110
7.981062500,0.001225861
7.981125000,0.000122890
7.981187500,-0.000835845
7.981250000,-0.001600115
7.981312500,-0.002191108
7.981375000,-0.002767744
7.981437500,-0.003550814
7.981500000,-0.004706220
7.981562500,-0.006213522
7.981625000,-0.007945148
7.981687500,-0.009681505
7.981750000,-0.011200804
7.981812500,-0.012324793
7.981875000,-0.013089827
7.981937500,-0.013672233
7.982000000,-0.014306910
7.982062500,-0.015136117
7.982125000,-0.016256286
7.982187500,-0.017644199
7.982250000,-0.019201379
7.982312500,-0.020772617
7.982375000,-0.022300413
7.982437500,-0.023779470
7.982500000,-0.025225341
7.982562500,-0.026588911
7.982625000,-0.027813051
7.982687500,-0.028800666
7.982750000,-0.029460939
7.982812500,-0.029732706
7.982875000,-0.029676363
7.982937500,-0.029433096
7.983000000,-0.029178567
7.983062500,-0.029045375
7.983125000,-0.029120164
7.983187500,-0.029423773
7.983250000,-0.029931562
7.983312500,-0.030596470
7.983375000,-0.031390395
7.983437500,-0.032302715
7.983500000,-0.033320040
7.983562500,-0.034402184
7.983625000,-0.035489988
7.983687500,-0.036521893
7.983750000,-0.037461512
7.983812500,-0.038312186
7.983875000,-0.039120149
7.983937500,-0.039931979
7.984000000,-0.040755868
7.984062500,-0.041533623
7.984125000,-0.042155776
7.984187500,-0.042490639
7.984250000,-0.042450108
7.984312500,-0.042034797
7.984375000,-0.041349269
7.984437500,-0.040535171
7.984500000,-0.039720498
7.984562500,-0.038961951
7.984625000,-0.038231593
7.984687500,-0.037403669
7.984750000,-0.036332019
7.984812500,-0.034921926
7.984875000,-0.033191588
7.984937500,-0.031228900
7.985000000,-0.029178567
7.985062500,-0.027187238
7.985125000,-0.025373658
7.985187500,-0.023739802
7.985250000,-0.022213360
7.985312500,-0.020689378
7.985375000,-0.019109409
7.985437500,-0.017420111
7.985500000,-0.015624652
7.985562500,-0.013775803
7.985625000,-0.011989492
7.985687500,-0.010334355
7.985750000,-0.008847695
7.985812500,-0.007526630
7.985875000,-0.006388788
7.985937500,-0.005397555
7.986000000,-0.004517972
7.986062500,-0.003716255
7.986125000,-0.003026845
7.986187500,-0.002429574
7.986250000,-0.001882488
7.986312500,-0.001303775
7.986375000,-0.000675996
7.986437500,0.000063090
7.986500000,0.000941244
7.986562500,0.001953508
7.986625000,0.002962711
7.986687500,0.003873371
7.986750000,0.004612096
7.986812500,0.005179049
7.986875000,0.005551858
7.986937500,0.005825709
7.987000000,0.006118086
7.987062500,0.006545743
7.987125000,0.007085028
7.987187500,0.007714663
7.987250000,0.008377072
7.987312500,0.009036170
7.987375000,0.009577420
7.987437500,0.009979665
7.987500000,0.010259560
7.987562500,0.010486580
7.987625000,0.010630887
7.987687500,0.010689327
7.987750000,0.010636058
7.987812500,0.010468545
7.987875000,0.010101970
7.987937500,0.009520347
7.988000000,0.008753570
7.988062500,0.007909385
7.988125000,0.007039255
7.988187500,0.006212692
7.988250000,0.005459215
7.988312500,0.004787837
7.988375000,0.004106435
7.988437500,0.003338838
7.988500000,0.002447235
7.988562500,0.001489346
7.988625000,0.000526583
7.988687500,-0.000341217
7.988750000,-0.001035369
7.988812500,-0.001499878
7.988875000,-0.001792422
7.988937500,-0.001992099
7.989000000,-0.002164861
7.989062500,-0.002299568
7.989125000,-0.002384728
7.989187500,-0.002395503
7.989250000,-0.002353110
7.989312500,-0.002334056
7.989375000,-0.002520655
7.989437500,-0.003110797
7.989500000,-0.004235599
7.989562500,-0.005871599
7.989625000,-0.007867723
7.989687500,-0.009978307
7.989750000,-0.011953799
7.989812500,-0.013618231
7.989875000,-0.014944120
7.989937500,-0.016032817
7.990000000,-0.017036518
7.990062500,-0.018061584
7.990125000,-0.019119613
7.990187500,-0.020136651
7.990250000,-0.020989744
7.990312500,-0.021567369
7.990375000,-0.021825843
7.990437500,-0.021817382
7.990500000,-0.021648614
7.990562500,-0.021426395
7.990625000,-0.021219365
7.990687500,-0.021067223
7.990750000,-0.020989744
7.990812500,-0.021006137
7.990875000,-0.021149736
7.990937500,-0.021457430
7.991000000,-0.021930987
7.991062500,-0.022506109
7.991125000,-0.023063863
7.991187500,-0.023469133
7.991250000,-0.023625227
7.991312500,-0.023509799
7.991375000,-0.023195822
7.991437500,-0.022796107
7.991500000,-0.022401609
7.991562500,-0.022021301
7.991625000,-0.021597642
7.991687500,-0.021027744
7.991750000,-0.020236747
7.991812500,-0.019225093
7.991875000,-0.018101986
7.991937500,-0.017018277
7.992000000,-0.016095273
7.992062500,-0.015351085
7.992125000,-0.014718507
7.992187500,-0.014062802
7.992250000,-0.013271542
7.992312500,-0.012309057
7.992375000,-0.011289940
7.992437500,-0.010373081
7.992500000,-0.009694814
7.992562500,-0.009269927
7.992625000,-0.009039314
7.992687500,-0.008829843
7.992750000,-0.008471197
7.992812500,-0.007859631
7.992875000,-0.007091086
7.992937500,-0.006326764
7.993000000,-0.005741589
7.993062500,-0.005403812
7.993125000,-0.005326364
7.993187500,-0.005372691
7.993250000,-0.005365091
7.993312500,-0.005144874
7.993375000,-0.004741510
7.993437500,-0.004259758
7.993500000,-0.003859101
7.993562500,-0.003638829
7.993625000,-0.003699160
7.993687500,-0.003999028
7.993750000,-0.004423847
7.993812500,-0.004801515
7.993875000,-0.005091889
7.993937500,-0.005271694
7.994000000,-0.005365091
7.994062500,-0.005373485
7.994125000,-0.005380988
7.994187500,-0.005408408
7.994250000,-0.005459215
7.994312500,-0.005498789
7.994375000,-0.005587124
7.994437500,-0.005754741
7.994500000,-0.006023962
7.994562500,-0.006361834
7.994625000,-0.006780409
7.994687500,-0.007244113
7.994750000,-0.007718201
7.994812500,-0.008160016
7.994875000,-0.008613239
7.994937500,-0.009113962
7.995000000,-0.009694814
7.995062500,-0.010341975
7.995125000,-0.011058740
7.995187500,-0.011802184
7.995250000,-0.012518546
7.995312500,-0.013145703
7.995375000,-0.013685387
7.995437500,-0.014153415
7.995500000,-0.014589284
7.995562500,-0.015033799
7.995625000,-0.015542683
7.995687500,-0.016144853
7.995750000,-0.016848268
7.995812500,-0.017639413
7.995875000,-0.018503640
7.995937500,-0.019411635
7.996000000,-0.020330872
7.996062500,-0.021231735
7.996125000,-0.022071278
7.996187500,-0.022794491
7.996250000,-0.023342853
7.996312500,-0.023680167
7.996375000,-0.023772869
7.996437500,-0.023617558
7.996500000,-0.023248728
7.996562500,-0.022753039
7.996625000,-0.022206340
7.996687500,-0.021671094
7.996750000,-0.021177992
7.996812500,-0.020743322
7.996875000,-0.020313563
7.996937500,-0.019818513
7.997000000,-0.019201379
7.997062500,-0.018477062
7.997125000,-0.017670887
7.997187500,-0.016849546
7.997250000,-0.016095273
7.997312500,-0.015505197
7.997375000,-0.015081632
7.997437500,-0.014756037
7.997500000,-0.014401034
7.997562500,-0.013902673
7.997625000,-0.013125863
7.997687500,-0.011998545
7.997750000,-0.010541934
7.997812500,-0.008906381
7.997875000,-0.007252306
7.997937500,-0.005728541
7.998000000,-0.004423847
7.998062500,-0.003376765
7.998125000,-0.002484423
7.998187500,-0.001574037
7.998250000,-0.000470622
7.998312500,0.000899448
7.998375000,0.002554888
7.998437500,0.004431165
7.998500000,0.006400459
7.998562500,0.008279449
7.998625000,0.009953164
7.998687500,0.011387427
7.998750000,0.012612671
7.998812500,0.013662769
7.998875000,0.014613717
7.998937500,0.015557257
7.999000000,0.016565897
7.999062500,0.017646356
7.999125000,0.018800534
7.999187500,0.020021498
7.999250000,0.021272115
7.999312500,0.022453221
7.999375000,0.023487477
7.999437500,0.024342636
7.999500000,0.025037091
7.999562500,0.025605369
7.999625000,0.026142795
7.999687500,0.026752241
7.999750000,0.027484328
7.999812500,0.028273448
7.999875000,0.029035838
7.999937500,0.029692242
