Time(s),Amplitude
8.000000000,0.030213933
8.000062500,0.030609075
8.000125000,0.031007357
8.000187500,0.031564411
8.000250000,0.032378796
8.000312500,0.033390503
8.000375000,0.034466527
8.000437500,0.035410814
8.000500000,0.036049645
8.000562500,0.036269736
8.000625000,0.036144502
8.000687500,0.035847478
8.000750000,0.035579026
8.000812500,0.035437793
8.000875000,0.035473786
8.000937500,0.035622314
8.001000000,0.035767276
8.001062500,0.035765160
8.001125000,0.035614669
8.001187500,0.035366863
8.001250000,0.035108406
8.001312500,0.034859691
8.001375000,0.034676373
8.001437500,0.034527827
8.001500000,0.034355409
8.001562500,0.034063417
8.001625000,0.033695251
8.001687500,0.033300314
8.001750000,0.032943543
8.001812500,0.032624260
8.001875000,0.032416787
8.001937500,0.032331556
8.002000000,0.032378796
8.002062500,0.032532580
8.002125000,0.032904543
8.002187500,0.033546038
8.002250000,0.034449533
8.002312500,0.035452023
8.002375000,0.036433984
8.002437500,0.037172504
8.002500000,0.037461512
8.002562500,0.037117116
8.002625000,0.036225244
8.002687500,0.034942906
8.002750000,0.033508290
8.002812500,0.032105930
8.002875000,0.031005906
8.002937500,0.030315125
8.003000000,0.030025685
8.003062500,0.029970486
8.003125000,0.030090792
8.003187500,0.030263782
8.003250000,0.030402184
8.003312500,0.030401113
8.003375000,0.030360315
8.003437500,0.030341182
8.003500000,0.030402184
8.003562500,0.030503904
8.003625000,0.030722123
8.003687500,0.031023996
8.003750000,0.031343430
8.003812500,0.031532593
8.003875000,0.031606156
8.003937500,0.031540066
8.004000000,0.031343430
8.004062500,0.030993814
8.004125000,0.030647054
8.004187500,0.030413449
8.004250000,0.030402184
8.004312500,0.030637743
8.004375000,0.031244980
8.004437500,0.032226019
8.004500000,0.033508290
8.004562500,0.034889616
8.004625000,0.036260616
8.004687500,0.037446767
8.004750000,0.038308635
8.004812500,0.038718395
8.004875000,0.038765945
8.004937500,0.038551696
8.005000000,0.038214508
8.005062500,0.037834749
8.005125000,0.037597209
8.005187500,0.037565596
8.005250000,0.037743889
8.005312500,0.038037285
8.005375000,0.038454294
8.005437500,0.038938552
8.005500000,0.039438128
8.005562500,0.039862387
8.005625000,0.040247392
8.005687500,0.040581100
8.005750000,0.040849991
8.005812500,0.040988818
8.005875000,0.041049205
8.005937500,0.041032474
8.006000000,0.040944118
8.006062500,0.040743284
8.006125000,0.040509809
8.006187500,0.040262137
8.006250000,0.040002871
8.006312500,0.039666411
8.006375000,0.039302524
8.006437500,0.038909338
8.006500000,0.038496882
8.006562500,0.038037471
8.006625000,0.037626013
8.006687500,0.037283219
8.006750000,0.036990892
8.006812500,0.036641151
8.006875000,0.036215201
8.006937500,0.035648923
8.007000000,0.034920152
8.007062500,0.034023635
8.007125000,0.033126123
8.007187500,0.032357100
8.007250000,0.031814050
8.007312500,0.031472534
8.007375000,0.031347141
8.007437500,0.031320091
8.007500000,0.031249303
8.007562500,0.030961085
8.007625000,0.030498954
8.007687500,0.029908355
8.007750000,0.029272690
8.007812500,0.028606061
8.007875000,0.028043095
8.007937500,0.027608292
8.008000000,0.027296079
8.008062500,0.027022881
8.008125000,0.026883537
8.008187500,0.026907789
8.008250000,0.027107829
8.008312500,0.027381791
8.008375000,0.027755668
8.008437500,0.028157063
8.008500000,0.028519696
8.008562500,0.028734606
8.008625000,0.028900426
8.008687500,0.029048907
8.008750000,0.029178567
8.008812500,0.029159093
8.008875000,0.028993042
8.008937500,0.028621539
8.009000000,0.028049074
8.009062500,0.027293706
8.009125000,0.026591135
8.009187500,0.026080603
8.009250000,0.025790086
8.009312500,0.025532177
8.009375000,0.025192590
8.009437500,0.024618316
8.009500000,0.023813475
8.009562500,0.022936555
8.009625000,0.022468064
8.009687500,0.022836832
8.009750000,0.024284096
8.009812500,0.026664300
8.009875000,0.029633971
8.009937500,0.032601487
8.010000000,0.035014279
8.010062500,0.036519390
8.010125000,0.037238717
8.010187500,0.037526716
8.010250000,0.037838012
8.010312500,0.038461391
8.010375000,0.039539199
8.010437500,0.040888369
8.010500000,0.042167734
8.010562500,0.043011222
8.010625000,0.043332167
8.010687500,0.043218620
8.010750000,0.042920731
8.010812500,0.042678706
8.010875000,0.042728122
8.010937500,0.043079931
8.011000000,0.043579601
8.011062500,0.043956745
8.011125000,0.044064302
8.011187500,0.043823250
8.011250000,0.043297227
8.011312500,0.042628251
8.011375000,0.042079303
8.011437500,0.041814737
8.011500000,0.041885361
8.011562500,0.042180106
8.011625000,0.042574357
8.011687500,0.042853620
8.011750000,0.042826608
8.011812500,0.042352933
8.011875000,0.041478191
8.011937500,0.040300038
8.012000000,0.038967505
8.012062500,0.037600484
8.012125000,0.036339432
8.012187500,0.035209592
8.012250000,0.034167159
8.012312500,0.033110652
8.012375000,0.032027353
8.012437500,0.030916717
8.012500000,0.029837437
8.012562500,0.028854208
8.012625000,0.028112346
8.012687500,0.027643049
8.012750000,0.027390203
8.012812500,0.027191233
8.012875000,0.026941853
8.012937500,0.026499359
8.013000000,0.025790086
8.013062500,0.024801008
8.013125000,0.023695001
8.013187500,0.022588324
8.013250000,0.021554491
8.013312500,0.020555632
8.013375000,0.019598361
8.013437500,0.018598182
8.013500000,0.017507140
8.013562500,0.016322274
8.013625000,0.015251511
8.013687500,0.014472326
8.013750000,0.014118661
8.013812500,0.014167491
8.013875000,0.014576520
8.013937500,0.015119179
8.014000000,0.015530528
8.014062500,0.015558342
8.014125000,0.015204803
8.014187500,0.014543518
8.014250000,0.013742164
8.014312500,0.012937615
8.014375000,0.012351387
8.014437500,0.012038060
8.014500000,0.011953799
8.014562500,0.011937993
8.014625000,0.011959312
8.014687500,0.011945085
8.014750000,0.011859675
8.014812500,0.011642030
8.014875000,0.011381217
8.014937500,0.011103863
8.015000000,0.010824307
8.015062500,0.010491439
8.015125000,0.010177899
8.015187500,0.009904502
8.015250000,0.009694814
8.015312500,0.009519717
8.015375000,0.009477755
8.015437500,0.009616829
8.015500000,0.009977187
8.015562500,0.010522776
8.015625000,0.011313693
8.015687500,0.012318742
8.015750000,0.013459790
8.015812500,0.014562821
8.015875000,0.015570120
8.015937500,0.016404212
8.016000000,0.017036518
8.016062500,0.017436154
8.016125000,0.017735016
8.016187500,0.018042663
8.016250000,0.018448384
8.016312500,0.018934967
8.016375000,0.019550441
8.016437500,0.020275770
8.016500000,0.021083867
8.016562500,0.021899208
8.016625000,0.022786858
8.016687500,0.023790205
8.016750000,0.024942968
8.016812500,0.026178934
8.016875000,0.027498173
8.016937500,0.028817764
8.017000000,0.030025685
8.017062500,0.030951610
8.017125000,0.031573426
8.017187500,0.031899624
8.017250000,0.032002300
8.017312500,0.031935234
8.017375000,0.031868391
8.017437500,0.031907491
8.017500000,0.032096423
8.017562500,0.032352105
8.017625000,0.032661486
8.017687500,0.032984458
8.017750000,0.033320040
8.017812500,0.033657402
8.017875000,0.034121279
8.017937500,0.034790199
8.018000000,0.035673149
8.018062500,0.036625244
8.018125000,0.037534095
8.018187500,0.038249549
8.018250000,0.038685132
8.018312500,0.038802739
8.018375000,0.038783386
8.018437500,0.038819920
8.018500000,0.039061632
8.018562500,0.039478872
8.018625000,0.040033378
8.018687500,0.040569860
8.018750000,0.040944118
8.018812500,0.041040961
8.018875000,0.040990710
8.018937500,0.040966079
8.019000000,0.041132364
8.019062500,0.041491173
8.019125000,0.042029001
8.019187500,0.042573366
8.019250000,0.042920731
8.019312500,0.042867012
8.019375000,0.042476617
8.019437500,0.041892216
8.019500000,0.041320615
8.019562500,0.040869441
8.019625000,0.040706847
8.019687500,0.040826146
8.019750000,0.041132364
8.019812500,0.041419201
8.019875000,0.041671887
8.019937500,0.041858345
8.020000000,0.041979488
8.020062500,0.041959941
8.020125000,0.041876681
8.020187500,0.041726932
8.020250000,0.041508865
8.020312500,0.041161630
8.020375000,0.040829543
8.020437500,0.040607102
8.020500000,0.040567622
8.020562500,0.040643666
8.020625000,0.040879916
8.020687500,0.041199669
8.020750000,0.041508865
8.020812500,0.041649483
8.020875000,0.041688737
8.020937500,0.041658644
8.021000000,0.041602992
8.021062500,0.041468512
8.021125000,0.041349091
8.021187500,0.041240718
8.021250000,0.041132364
8.021312500,0.040950831
8.021375000,0.040812287
8.021437500,0.040766865
8.021500000,0.040849991
8.021562500,0.040994734
8.021625000,0.041272193
8.021687500,0.041666176
8.021750000,0.042167734
8.021812500,0.042719163
8.021875000,0.043447565
8.021937500,0.044394802
8.022000000,0.045556214
8.022062500,0.046790879
8.022125000,0.048046459
8.022187500,0.049159989
8.022250000,0.049980059
8.022312500,0.050355479
8.022375000,0.050389323
8.022437500,0.050205745
8.022500000,0.049980059
8.022562500,0.049836174
8.022625000,0.049944032
8.022687500,0.050305072
8.022750000,0.050827179
8.022812500,0.051328208
8.022875000,0.051748659
8.022937500,0.052002084
8.023000000,0.052050799
8.023062500,0.051853765
8.023125000,0.051513005
8.023187500,0.051066976
8.023250000,0.050544810
8.023312500,0.049913965
8.023375000,0.049254071
8.023437500,0.048543405
8.023500000,0.047721073
8.023562500,0.046653919
8.023625000,0.045380183
8.023687500,0.043954339
8.023750000,0.042544231
8.023812500,0.041337568
8.023875000,0.040660251
8.023937500,0.040612519
8.024000000,0.041038241
8.024062500,0.041467905
8.024125000,0.041497670
8.024187500,0.040788457
8.024250000,0.039344002
8.024312500,0.037500903
8.024375000,0.036007863
8.024437500,0.035464689
8.024500000,0.036049645
8.024562500,0.037264168
8.024625000,0.038272284
8.024687500,0.038014773
8.024750000,0.035767276
8.024812500,0.031435888
8.024875000,0.025889864
8.024937500,0.020413270
8.025000000,0.016283523
8.025062500,0.014192844
8.025125000,0.014251305
8.025187500,0.015785785
8.025250000,0.017789513
8.025312500,0.019304663
8.025375000,0.020032736
8.025437500,0.020120049
8.025500000,0.020048497
8.025562500,0.020230064
8.025625000,0.021016063
8.025687500,0.022319078
8.025750000,0.023813475
8.025812500,0.025078153
8.025875000,0.026071254
8.025937500,0.026908662
8.026000000,0.027860826
8.026062500,0.029099466
8.026125000,0.030807182
8.026187500,0.032849435
8.026250000,0.034920152
8.026312500,0.036608715
8.026375000,0.037781484
8.026437500,0.038403075
8.026500000,0.038591005
8.026562500,0.038470458
8.026625000,0.038305074
8.026687500,0.038210109
8.026750000,0.038214508
8.026812500,0.038230974
8.026875000,0.038311038
8.026937500,0.038455304
8.027000000,0.038685132
8.027062500,0.038971432
8.027125000,0.039413318
8.027187500,0.040018126
8.027250000,0.040755868
8.027312500,0.041503184
8.027375000,0.042255975
8.027437500,0.042939119
8.027500000,0.043485478
8.027562500,0.043807045
8.027625000,0.043959986
8.027687500,0.044010147
8.027750000,0.044050224
8.027812500,0.044120532
8.027875000,0.044324186
8.027937500,0.044666633
8.028000000,0.045085590
8.028062500,0.045427274
8.028125000,0.045621689
8.028187500,0.045600623
8.028250000,0.045367967
8.028312500,0.044958908
8.028375000,0.044538300
8.028437500,0.044200979
8.028500000,0.043956097
8.028562500,0.043668468
8.028625000,0.043224096
8.028687500,0.042464662
8.028750000,0.041320615
8.028812500,0.039828479
8.028875000,0.038249195
8.028937500,0.036833093
8.029000000,0.035767276
8.029062500,0.035061419
8.029125000,0.034673106
8.029187500,0.034405231
8.029250000,0.034073036
8.029312500,0.033570167
8.029375000,0.033030026
8.029437500,0.032615267
8.029500000,0.032472920
8.029562500,0.032609317
8.029625000,0.032982145
8.029687500,0.033384345
8.029750000,0.033602413
8.029812500,0.033490494
8.029875000,0.033141822
8.029937500,0.032691821
8.030000000,0.032284670
8.030062500,0.031948503
8.030125000,0.031676736
8.030187500,0.031289369
8.030250000,0.030590432
8.030312500,0.029452061
8.030375000,0.028002126
8.030437500,0.026444228
8.030500000,0.025037091
8.030562500,0.023959126
8.030625000,0.023337912
8.030687500,0.023057893
8.030750000,0.022872232
8.030812500,0.022483898
8.030875000,0.021758044
8.030937500,0.020634064
8.031000000,0.019201379
8.031062500,0.017639257
8.031125000,0.016241424
8.031187500,0.015177061
8.031250000,0.014495159
8.031312500,0.014101266
8.031375000,0.013894521
8.031437500,0.013693474
8.031500000,0.013365666
8.031562500,0.012862213
8.031625000,0.012296648
8.031687500,0.011777091
8.031750000,0.011389053
8.031812500,0.011133553
8.031875000,0.010988624
8.031937500,0.010830069
8.032000000,0.010541934
8.032062500,0.010067138
8.032125000,0.009496419
8.032187500,0.008932185
8.032250000,0.008471197
8.032312500,0.008139488
8.032375000,0.007932186
8.032437500,0.007735695
8.032500000,0.007435828
8.032562500,0.006978974
8.032625000,0.006442034
8.032687500,0.005910928
8.032750000,0.005459215
8.032812500,0.005093888
8.032875000,0.004766933
8.032937500,0.004334348
8.033000000,0.003670852
8.033062500,0.002754775
8.033125000,0.001712625
8.033187500,0.000729861
8.033250000,0.000000000
8.033312500,-0.000351881
8.033375000,-0.000316510
8.033437500,-0.000036827
8.033500000,0.000282373
8.033562500,0.000473690
8.033625000,0.000461739
8.033687500,0.000248905
8.033750000,-0.000094124
8.033812500,-0.000461681
8.033875000,-0.000786619
8.033937500,-0.001063383
8.034000000,-0.001317742
8.034062500,-0.001550157
8.034125000,-0.001759827
8.034187500,-0.001937025
8.034250000,-0.002070737
8.034312500,-0.002140959
8.034375000,-0.002191684
8.034437500,-0.002299885
8.034500000,-0.002541359
8.034562500,-0.002929299
8.034625000,-0.003467729
8.034687500,-0.004133608
8.034750000,-0.004894469
8.034812500,-0.005696554
8.034875000,-0.006547291
8.034937500,-0.007468872
8.035000000,-0.008471197
8.035062500,-0.009494484
8.035125000,-0.010480905
8.035187500,-0.011353624
8.035250000,-0.012047924
8.035312500,-0.012503834
8.035375000,-0.012766599
8.035437500,-0.012925379
8.035500000,-0.013083293
8.035562500,-0.013281371
8.035625000,-0.013563374
8.035687500,-0.013918771
8.035750000,-0.014306910
8.035812500,-0.014645359
8.035875000,-0.014937944
8.035937500,-0.015214103
8.036000000,-0.015530528
8.036062500,-0.015908098
8.036125000,-0.016420487
8.036187500,-0.017106786
8.036250000,-0.017977761
8.036312500,-0.018972360
8.036375000,-0.020075344
8.036437500,-0.021240093
8.036500000,-0.022401609
8.036562500,-0.023438012
8.036625000,-0.024300946
8.036687500,-0.024956092
8.036750000,-0.025413590
8.036812500,-0.025684988
8.036875000,-0.025879804
8.036937500,-0.026087407
8.037000000,-0.026354834
8.037062500,-0.026624369
8.037125000,-0.026859008
8.037187500,-0.026997402
8.037250000,-0.027013704
8.037312500,-0.026903516
8.037375000,-0.026790015
8.037437500,-0.026797898
8.037500000,-0.027013704
8.037562500,-0.027397763
8.037625000,-0.027895937
8.037687500,-0.028375512
8.037750000,-0.028707944
8.037812500,-0.028783007
8.037875000,-0.028664583
8.037937500,-0.028466666
8.038000000,-0.028331446
8.038062500,-0.028328620
8.038125000,-0.028539248
8.038187500,-0.028940650
8.038250000,-0.029460939
8.038312500,-0.029979020
8.038375000,-0.030482590
8.038437500,-0.030964868
8.038500000,-0.031437553
8.038562500,-0.031861775
8.038625000,-0.032254044
8.038687500,-0.032570079
8.038750000,-0.032755297
8.038812500,-0.032729834
8.038875000,-0.032548673
8.038937500,-0.032276478
8.039000000,-0.032002300
8.039062500,-0.031762473
8.039125000,-0.031648472
8.039187500,-0.031653821
8.039250000,-0.031719927
8.039312500,-0.031714488
8.039375000,-0.031611070
8.039437500,-0.031364273
8.039500000,-0.030966930
8.039562500,-0.030404121
8.039625000,-0.029797899
8.039687500,-0.029236613
8.039750000,-0.028802069
8.039812500,-0.028504767
8.039875000,-0.028418425
8.039937500,-0.028513948
8.040000000,-0.028707944
8.040062500,-0.028836716
8.040125000,-0.028847029
8.040187500,-0.028677573
8.040250000,-0.028331446
8.040312500,-0.027828762
8.040375000,-0.027336419
8.040437500,-0.026956657
8.040500000,-0.026731333
8.040562500,-0.026574578
8.040625000,-0.026460752
8.040687500,-0.026306126
8.040750000,-0.026072461
8.040812500,-0.025744572
8.040875000,-0.025495114
8.040937500,-0.025455223
8.041000000,-0.025695963
8.041062500,-0.026120976
8.041125000,-0.026648024
8.041187500,-0.027071746
8.041250000,-0.027201954
8.041312500,-0.026890147
8.041375000,-0.026258728
8.041437500,-0.025496935
8.041500000,-0.024848843
8.041562500,-0.024470827
8.041625000,-0.024522848
8.041687500,-0.024958298
8.041750000,-0.025601838
8.041812500,-0.026172379
8.041875000,-0.026532268
8.041937500,-0.026584946
8.042000000,-0.026354834
8.042062500,-0.025920389
8.042125000,-0.025515988
8.042187500,-0.025293633
8.042250000,-0.025319466
8.042312500,-0.025513662
8.042375000,-0.025819188
8.042437500,-0.026101969
8.042500000,-0.026260709
8.042562500,-0.026234113
8.042625000,-0.026142113
8.042687500,-0.026110170
8.042750000,-0.026260709
8.042812500,-0.026626583
8.042875000,-0.027241480
8.042937500,-0.028011752
8.043000000,-0.028802069
8.043062500,-0.029461348
8.043125000,-0.029977905
8.043187500,-0.030365504
8.043250000,-0.030684557
8.043312500,-0.030975051
8.043375000,-0.031315733
8.043437500,-0.031684101
8.043500000,-0.032002300
8.043562500,-0.032145184
8.043625000,-0.032062922
8.043687500,-0.031702723
8.043750000,-0.031061055
8.043812500,-0.030165302
8.043875000,-0.029140377
8.043937500,-0.028087514
8.044000000,-0.027107829
8.044062500,-0.026274724
8.044125000,-0.025684683
8.044187500,-0.025349779
8.044250000,-0.025225341
8.044312500,-0.025207214
8.044375000,-0.025211312
8.044437500,-0.025119577
8.044500000,-0.024848843
8.044562500,-0.024370179
8.044625000,-0.023740400
8.044687500,-0.023006968
8.044750000,-0.022213360
8.044812500,-0.021385653
8.044875000,-0.020545483
8.044937500,-0.019666478
8.045000000,-0.018730756
8.045062500,-0.017759452
8.045125000,-0.016831709
8.045187500,-0.016009761
8.045250000,-0.015342278
8.045312500,-0.014847841
8.045375000,-0.014513150
8.045437500,-0.014245177
8.045500000,-0.013930413
8.045562500,-0.013483012
8.045625000,-0.012878778
8.045687500,-0.012107773
8.045750000,-0.011200804
8.045812500,-0.010222553
8.045875000,-0.009257707
8.045937500,-0.008330018
8.046000000,-0.007435828
8.046062500,-0.006568275
8.046125000,-0.005746982
8.046187500,-0.004965527
8.046250000,-0.004235599
8.046312500,-0.003591020
8.046375000,-0.003085569
8.046437500,-0.002697953
8.046500000,-0.002353110
8.046562500,-0.001939707
8.046625000,-0.001343701
8.046687500,-0.000436724
8.046750000,0.000847120
8.046812500,0.002470190
8.046875000,0.004291869
8.046937500,0.006154499
8.047000000,0.007906451
8.047062500,0.009433042
8.047125000,0.010673809
8.047187500,0.011654846
8.047250000,0.012424421
8.047312500,0.013004794
8.047375000,0.013385693
8.047437500,0.013583297
8.047500000,0.013648040
8.047562500,0.013670787
8.047625000,0.013772377
8.047687500,0.014087678
8.047750000,0.014683408
8.047812500,0.015505387
8.047875000,0.016394518
8.047937500,0.017169900
8.048000000,0.017695390
8.048062500,0.017932922
8.048125000,0.017957028
8.048187500,0.017925691
8.048250000,0.017977761
8.048312500,0.018147426
8.048375000,0.018347017
8.048437500,0.018428665
8.048500000,0.018260136
8.048562500,0.017800396
8.048625000,0.017139098
8.048687500,0.016470907
8.048750000,0.016001150
8.048812500,0.015844157
8.048875000,0.015983559
8.048937500,0.016285434
8.049000000,0.016565897
8.049062500,0.016674869
8.049125000,0.016571527
8.049187500,0.016330631
8.049250000,0.016095273
8.049312500,0.015998358
8.049375000,0.016101606
8.049437500,0.016362997
8.049500000,0.016660020
8.049562500,0.016842494
8.049625000,0.016806269
8.049687500,0.016511558
8.049750000,0.016001150
8.049812500,0.015372688
8.049875000,0.014756744
8.049937500,0.014235868
8.050000000,0.013836288
8.050062500,0.013522032
8.050125000,0.013252385
8.050187500,0.012962991
8.050250000,0.012612671
8.050312500,0.012185263
8.050375000,0.011735649
8.050437500,0.011305459
8.050500000,0.010918431
8.050562500,0.010545868
8.050625000,0.010174525
8.050687500,0.009747817
8.050750000,0.009224192
8.050812500,0.008583790
8.050875000,0.007916321
8.050937500,0.007315604
8.051000000,0.006871082
8.051062500,0.006604869
8.051125000,0.006531315
8.051187500,0.006567083
8.051250000,0.006588709
8.051312500,0.006451256
8.051375000,0.006109354
8.051437500,0.005547495
8.051500000,0.004800345
8.051562500,0.003900866
8.051625000,0.002953816
8.051687500,0.002018066
8.051750000,0.001129493
8.051812500,0.000270876
8.051875000,-0.000502916
8.051937500,-0.001166774
8.052000000,-0.001694239
8.052062500,-0.002103064
8.052125000,-0.002322371
8.052187500,-0.002319370
8.052250000,-0.002070737
8.052312500,-0.001615337
8.052375000,-0.000920138
8.052437500,-0.000015340
8.052500000,0.001035369
8.052562500,0.002091664
8.052625000,0.003105924
8.052687500,0.004017095
8.052750000,0.004800345
8.052812500,0.005422460
8.052875000,0.005983313
8.052937500,0.006568062
8.053000000,0.007247579
8.053062500,0.008000758
8.053125000,0.008846426
8.053187500,0.009724527
8.053250000,0.010541934
8.053312500,0.011151561
8.053375000,0.011534924
8.053437500,0.011710656
8.053500000,0.011765551
8.053562500,0.011780481
8.053625000,0.011938271
8.053687500,0.012358889
8.053750000,0.013083293
8.053812500,0.014007682
8.053875000,0.015063421
8.053937500,0.016152829
8.054000000,0.017224766
8.054062500,0.018244440
8.054125000,0.019327078
8.054187500,0.020573286
8.054250000,0.022025112
8.054312500,0.023573490
8.054375000,0.025099967
8.054437500,0.026441295
8.054500000,0.027484328
8.054562500,0.028177038
8.054625000,0.028665463
8.054687500,0.029156748
8.054750000,0.029837437
8.054812500,0.030734919
8.054875000,0.031807438
8.054937500,0.032890897
8.055000000,0.033790659
8.055062500,0.034323130
8.055125000,0.034495804
8.055187500,0.034418467
8.055250000,0.034261286
8.055312500,0.034130178
8.055375000,0.034136418
8.055437500,0.034288976
8.055500000,0.034543656
8.055562500,0.034806021
8.055625000,0.035091136
8.055687500,0.035429385
8.055750000,0.035861399
8.055812500,0.036358446
8.055875000,0.036924943
8.055937500,0.037502591
8.056000000,0.038026262
8.056062500,0.038419370
8.056125000,0.038723379
8.056187500,0.038985513
8.056250000,0.039249878
8.056312500,0.039486021
8.056375000,0.039680880
8.056437500,0.039754696
8.056500000,0.039626375
8.056562500,0.039222095
8.056625000,0.038622573
8.056687500,0.037950199
8.056750000,0.037367389
8.056812500,0.036982112
8.056875000,0.036925521
8.056937500,0.037186526
8.057000000,0.037649762
8.057062500,0.038086522
8.057125000,0.038357113
8.057187500,0.038321890
8.057250000,0.037932139
8.057312500,0.037201446
8.057375000,0.036321729
8.057437500,0.035456792
8.057500000,0.034731906
8.057562500,0.034151651
8.057625000,0.033740707
8.057687500,0.033405662
8.057750000,0.033037666
8.057812500,0.032519266
8.057875000,0.031904057
8.057937500,0.031239901
8.058000000,0.030590432
8.058062500,0.029952165
8.058125000,0.029384876
8.058187500,0.028839100
8.058250000,0.028237322
8.058312500,0.027469557
8.058375000,0.026584031
8.058437500,0.025621887
8.058500000,0.024660595
8.058562500,0.023740698
8.058625000,0.022998331
8.058687500,0.022463245
8.058750000,0.022119237
8.058812500,0.021879075
8.058875000,0.021767916
8.058937500,0.021758091
8.059000000,0.021836862
8.059062500,0.021957954
8.059125000,0.022190021
8.059187500,0.022513365
8.059250000,0.022872232
8.059312500,0.023137871
8.059375000,0.023285303
8.059437500,0.023240807
8.059500000,0.022966355
8.059562500,0.022434050
8.059625000,0.021780593
8.059687500,0.021109287
8.059750000,0.020519121
8.059812500,0.020039989
8.059875000,0.019766031
8.059937500,0.019687364
8.060000000,0.019766126
8.060062500,0.019926179
8.060125000,0.020190867
8.060187500,0.020528553
8.060250000,0.020895619
8.060312500,0.021205766
8.060375000,0.021447994
8.060437500,0.021570362
8.060500000,0.021554491
8.060562500,0.021407882
8.060625000,0.021251949
8.060687500,0.021163458
8.060750000,0.021177992
8.060812500,0.021246508
8.060875000,0.021323841
8.060937500,0.021297421
8.061000000,0.021083867
8.061062500,0.020661684
8.061125000,0.020150147
8.061187500,0.019684026
8.061250000,0.019389628
8.061312500,0.019319061
8.061375000,0.019478425
8.061437500,0.019765133
8.061500000,0.020048497
8.061562500,0.020220302
8.061625000,0.020274635
8.061687500,0.020233374
8.061750000,0.020142624
8.061812500,0.020025209
8.061875000,0.019900182
8.061937500,0.019711791
8.062000000,0.019389628
8.062062500,0.018879483
8.062125000,0.018212548
8.062187500,0.017425409
8.062250000,0.016565897
8.062312500,0.015661282
8.062375000,0.014743853
8.062437500,0.013795339
8.062500000,0.012800919
8.062562500,0.011771220
8.062625000,0.010788213
8.062687500,0.009922470
8.062750000,0.009224192
8.062812500,0.008686688
8.062875000,0.008278076
8.062937500,0.007895408
8.063000000,0.007435828
8.063062500,0.006835657
8.063125000,0.006134934
8.063187500,0.005397888
8.063250000,0.004706220
8.063312500,0.004109662
8.063375000,0.003648548
8.063437500,0.003277578
8.063500000,0.002917857
8.063562500,0.002480486
8.063625000,0.001954513
8.063687500,0.001337712
8.063750000,0.000658871
8.063812500,-0.000049086
8.063875000,-0.000713702
8.063937500,-0.001301522
8.064000000,-0.001788364
8.064062500,-0.002161517
8.064125000,-0.002375884
8.064187500,-0.002430730
8.064250000,-0.002353110
8.064312500,-0.002209300
8.064375000,-0.002048891
8.064437500,-0.001952605
8.064500000,-0.001976613
8.064562500,-0.002141270
8.064625000,-0.002372369
8.064687500,-0.002593298
8.064750000,-0.002729608
8.064812500,-0.002749592
8.064875000,-0.002636033
8.064937500,-0.002445047
8.065000000,-0.002258986
8.065062500,-0.002160000
8.065125000,-0.002168111
8.065187500,-0.002278044
8.065250000,-0.002447235
8.065312500,-0.002614943
8.065375000,-0.002702787
8.065437500,-0.002658175
8.065500000,-0.002447235
8.065562500,-0.002055283
8.065625000,-0.001476770
8.065687500,-0.000740808
8.065750000,0.000094124
8.065812500,0.000942998
8.065875000,0.001709996
8.065937500,0.002297524
8.066000000,0.002635483
8.066062500,0.002700188
8.066125000,0.002513843
8.066187500,0.002126761
8.066250000,0.001600115
8.066312500,0.000993813
8.066375000,0.000359457
8.066437500,-0.000247017
8.066500000,-0.000752995
8.066562500,-0.001061093
8.066625000,-0.001090587
8.066687500,-0.000792779
8.066750000,-0.000188249
8.066812500,0.000628976
8.066875000,0.001485861
8.066937500,0.002200332
8.067000000,0.002635483
8.067062500,0.002756690
8.067125000,0.002605775
8.067187500,0.002300924
8.067250000,0.001976613
8.067312500,0.001740037
8.067375000,0.001599376
8.067437500,0.001493339
8.067500000,0.001317742
8.067562500,0.000990884
8.067625000,0.000465175
8.067687500,-0.000217567
8.067750000,-0.000941244
8.067812500,-0.001542142
8.067875000,-0.001908731
8.067937500,-0.002001522
8.068000000,-0.001882488
8.068062500,-0.001680709
8.068125000,-0.001570729
8.068187500,-0.001667510
8.068250000,-0.001976613
8.068312500,-0.002374939
8.068375000,-0.002687786
8.068437500,-0.002758985
8.068500000,-0.002541359
8.068562500,-0.002131399
8.068625000,-0.001750951
8.068687500,-0.001647647
8.068750000,-0.001976613
8.068812500,-0.002714026
8.068875000,-0.003670377
8.068937500,-0.004569141
8.069000000,-0.005176842
8.069062500,-0.005407443
8.069125000,-0.005379178
8.069187500,-0.005341608
8.069250000,-0.005553340
8.069312500,-0.006145043
8.069375000,-0.007065797
8.069437500,-0.008093792
8.069500000,-0.008941819
8.069562500,-0.009387096
8.069625000,-0.009369874
8.069687500,-0.009015005
8.069750000,-0.008565322
8.069812500,-0.008274311
8.069875000,-0.008289650
8.069937500,-0.008616018
8.070000000,-0.009130068
8.070062500,-0.009661772
8.070125000,-0.010038267
8.070187500,-0.010171698
8.070250000,-0.010071312
8.070312500,-0.009834750
8.070375000,-0.009558870
8.070437500,-0.009317528
8.070500000,-0.009130068
8.070562500,-0.008975542
8.070625000,-0.008778909
8.070687500,-0.008467114
8.070750000,-0.008000575
8.070812500,-0.007406136
8.070875000,-0.006742500
8.070937500,-0.006097088
8.071000000,-0.005553340
8.071062500,-0.005179000
8.071125000,-0.004973042
8.071187500,-0.004896344
8.071250000,-0.004894469
8.071312500,-0.004946399
8.071375000,-0.005019571
8.071437500,-0.005100940
8.071500000,-0.005176842
8.071562500,-0.005242783
8.071625000,-0.005240934
8.071687500,-0.005107748
8.071750000,-0.004800345
8.071812500,-0.004344948
8.071875000,-0.003766966
8.071937500,-0.003100516
8.072000000,-0.002353110
8.072062500,-0.001511958
8.072125000,-0.000488907
8.072187500,0.000814488
8.072250000,0.002447235
8.072312500,0.004334732
8.072375000,0.006335700
8.072437500,0.008250616
8.072500000,0.009883063
8.072562500,0.011079679
8.072625000,0.011811388
8.072687500,0.012153171
8.072750000,0.012236172
8.072812500,0.012169977
8.072875000,0.012037829
8.072937500,0.011873691
8.073000000,0.011671427
8.073062500,0.011403204
8.073125000,0.011084094
8.073187500,0.010788714
8.073250000,0.010636058
8.073312500,0.010737191
8.073375000,0.011189295
8.073437500,0.012022966
8.073500000,0.013177417
8.073562500,0.014491661
8.073625000,0.015794681
8.073687500,0.016945658
8.073750000,0.017883638
8.073812500,0.018623287
8.073875000,0.019272752
8.073937500,0.019948486
8.074000000,0.020707369
8.074062500,0.021490887
8.074125000,0.022191172
8.074187500,0.022696199
8.074250000,0.022966355
8.074312500,0.023055280
8.074375000,0.023129808
8.074437500,0.023360312
8.074500000,0.023813475
8.074562500,0.024366898
8.074625000,0.024780702
8.074687500,0.024777621
8.074750000,0.024189973
8.074812500,0.023041472
8.074875000,0.021605501
8.074937500,0.020253804
8.075000000,0.019295502
8.075062500,0.018804155
8.075125000,0.018657979
8.075187500,0.018547878
8.075250000,0.018166009
8.075312500,0.017341960
8.075375000,0.016218865
8.075437500,0.015115956
8.075500000,0.014401034
8.075562500,0.014280292
8.075625000,0.014789542
8.075687500,0.015701834
8.075750000,0.016660020
8.075812500,0.017301017
8.075875000,0.017488753
8.075937500,0.017270349
8.076000000,0.016848268
8.076062500,0.016430207
8.076125000,0.016231455
8.076187500,0.016303943
8.076250000,0.016565897
8.076312500,0.016814554
8.076375000,0.016953504
8.076437500,0.016922973
8.076500000,0.016754145
8.076562500,0.016488671
8.076625000,0.016287904
8.076687500,0.016223481
8.076750000,0.016283523
8.076812500,0.016318846
8.076875000,0.016265336
8.076937500,0.016037384
8.077000000,0.015624652
8.077062500,0.015053735
8.077125000,0.014545610
8.077187500,0.014286475
8.077250000,0.014401034
8.077312500,0.014841860
8.077375000,0.015568054
8.077437500,0.016417164
8.077500000,0.017224766
8.077562500,0.017834036
8.077625000,0.018310048
8.077687500,0.018757191
8.077750000,0.019295502
8.077812500,0.019925434
8.077875000,0.020669796
8.077937500,0.021419240
8.078000000,0.022025112
8.078062500,0.022308392
8.078125000,0.022310372
8.078187500,0.022150431
8.078250000,0.022025112
8.078312500,0.022066534
8.078375000,0.022473795
8.078437500,0.023296870
8.078500000,0.024472345
8.078562500,0.025784841
8.078625000,0.027133096
8.078687500,0.028406456
8.078750000,0.029555064
8.078812500,0.030516909
8.078875000,0.031404141
8.078937500,0.032292441
8.079000000,0.033225916
8.079062500,0.034119893
8.079125000,0.034973480
8.079187500,0.035708029
8.079250000,0.036237895
8.079312500,0.036430482
8.079375000,0.036346808
8.079437500,0.036077078
8.079500000,0.035767276
8.079562500,0.035512120
8.079625000,0.035502449
8.079687500,0.035814833
8.079750000,0.036426149
8.079812500,0.037160531
8.079875000,0.037913926
8.079937500,0.038564708
8.080000000,0.039061632
8.080062500,0.039383512
8.080125000,0.039698277
8.080187500,0.040153623
8.080250000,0.040849991
8.080312500,0.041737527
8.080375000,0.042780958
8.080437500,0.043846250
8.080500000,0.044803217
8.080562500,0.045528620
8.080625000,0.046090238
8.080687500,0.046571802
8.080750000,0.047062203
8.080812500,0.047555931
8.080875000,0.048072502
8.080937500,0.048533097
8.081000000,0.048850566
8.081062500,0.048945881
8.081125000,0.048905056
8.081187500,0.048833482
8.081250000,0.048850566
8.081312500,0.048996929
8.081375000,0.049325988
8.081437500,0.049759295
8.081500000,0.050168309
8.081562500,0.050394077
8.081625000,0.050405774
8.081687500,0.050171323
8.081750000,0.049697686
8.081812500,0.048983552
8.081875000,0.048115455
8.081937500,0.047119707
8.082000000,0.046026833
8.082062500,0.044865306
8.082125000,0.043760382
8.082187500,0.042784009
8.082250000,0.041979488
8.082312500,0.041322533
8.082375000,0.040803324
8.082437500,0.040311240
8.082500000,0.039720498
8.082562500,0.038913511
8.082625000,0.037918963
8.082687500,0.036777344
8.082750000,0.035579026
8.082812500,0.034401204
8.082875000,0.033380326
8.082937500,0.032516047
8.083000000,0.031719927
8.083062500,0.030809512
8.083125000,0.029705506
8.083187500,0.028313531
8.083250000,0.026637208
8.083312500,0.024752451
8.083375000,0.022927027
8.083437500,0.021353655
8.083500000,0.020142624
8.083562500,0.019234592
8.083625000,0.018570235
8.083687500,0.017937837
8.083750000,0.017130643
8.083812500,0.015985660
8.083875000,0.014600015
8.083937500,0.013103858
8.084000000,0.011671427
8.084062500,0.010397522
8.084125000,0.009417103
8.084187500,0.008668380
8.084250000,0.008000575
8.084312500,0.007195621
8.084375000,0.006227001
8.084437500,0.005085246
8.084500000,0.003859101
8.084562500,0.002655499
8.084625000,0.001728372
8.084687500,0.001206906
8.084750000,0.001129493
8.084812500,0.001390835
8.084875000,0.001954534
8.084937500,0.002690017
8.085000000,0.003482603
8.085062500,0.004210188
8.085125000,0.004943467
8.085187500,0.005722247
8.085250000,0.006588709
8.085312500,0.007500768
8.085375000,0.008507378
8.085437500,0.009549907
8.085500000,0.010541934
8.085562500,0.011343613
8.085625000,0.011983082
8.085687500,0.012480086
8.085750000,0.012895043
8.085812500,0.013251729
8.085875000,0.013680923
8.085937500,0.014224400
8.086000000,0.014871657
8.086062500,0.015518025
8.086125000,0.016143033
8.086187500,0.016691165
8.086250000,0.017130643
8.086312500,0.017415408
8.086375000,0.017625568
8.086437500,0.017823867
8.086500000,0.018071886
8.086562500,0.018369552
8.086625000,0.018773075
8.086687500,0.019280050
8.086750000,0.019860249
8.086812500,0.020427983
8.086875000,0.020976370
8.086937500,0.021500349
8.087000000,0.022025112
8.087062500,0.022559421
8.087125000,0.023185268
8.087187500,0.023947962
8.087250000,0.024848843
8.087312500,0.025802039
8.087375000,0.026751122
8.087437500,0.027633632
8.087500000,0.028425572
8.087562500,0.029119996
8.087625000,0.029801112
8.087687500,0.030536056
8.087750000,0.031343430
8.087812500,0.032134209
8.087875000,0.032817472
8.087937500,0.033270214
8.088000000,0.033414163
8.088062500,0.033223636
8.088125000,0.032826763
8.088187500,0.032375507
8.088250000,0.032002300
8.088312500,0.031732094
8.088375000,0.031561796
8.088437500,0.031400420
8.088500000,0.031155180
8.088562500,0.030758068
8.088625000,0.030289195
8.088687500,0.029854754
8.088750000,0.029555064
8.088812500,0.029394437
8.088875000,0.029355548
8.088937500,0.029323511
8.089000000,0.029178567
8.089062500,0.028833088
8.089125000,0.028372375
8.089187500,0.027933054
8.089250000,0.027672576
8.089312500,0.027660085
8.089375000,0.027932698
8.089437500,0.028376378
8.089500000,0.028802069
8.089562500,0.028982040
8.089625000,0.028828779
8.089687500,0.028310385
8.089750000,0.027484328
8.089812500,0.026433216
8.089875000,0.025343109
8.089937500,0.024343835
8.090000000,0.023531102
8.090062500,0.022924034
8.090125000,0.022584531
8.090187500,0.022473268
8.090250000,0.022495734
8.090312500,0.022485442
8.090375000,0.022360327
8.090437500,0.022025216
8.090500000,0.021460366
8.090562500,0.020704867
8.090625000,0.019955292
8.090687500,0.019361636
8.090750000,0.019013131
8.090812500,0.018869560
8.090875000,0.018876540
8.090937500,0.018876657
8.091000000,0.018730756
8.091062500,0.018355547
8.091125000,0.017857719
8.091187500,0.017370630
8.091250000,0.017036518
8.091312500,0.016913377
8.091375000,0.017047139
8.091437500,0.017350627
8.091500000,0.017695390
8.091562500,0.017940786
8.091625000,0.018089170
8.091687500,0.018152315
8.091750000,0.018166009
8.091812500,0.018123617
8.091875000,0.018066090
8.091937500,0.017963512
8.092000000,0.017789513
8.092062500,0.017524831
8.092125000,0.017271286
8.092187500,0.017097153
8.092250000,0.017036518
8.092312500,0.017032247
8.092375000,0.017031008
8.092437500,0.016906969
8.092500000,0.016565897
8.092562500,0.015977398
8.092625000,0.015268010
8.092687500,0.014577811
8.092750000,0.014024537
8.092812500,0.013623072
8.092875000,0.013349747
8.092937500,0.013082428
8.093000000,0.012706795
8.093062500,0.012162431
8.093125000,0.011550378
8.093187500,0.011001080
8.093250000,0.010636058
8.093312500,0.010478082
8.093375000,0.010514772
8.093437500,0.010635246
8.093500000,0.010730183
8.093562500,0.010730071
8.093625000,0.010730328
8.093687500,0.010852463
8.093750000,0.011200804
8.093812500,0.011761330
8.093875000,0.012472926
8.093937500,0.013161627
8.094000000,0.013648040
8.094062500,0.013798242
8.094125000,0.013661517
8.094187500,0.013347713
8.094250000,0.012989169
8.094312500,0.012640009
8.094375000,0.012327050
8.094437500,0.011971942
8.094500000,0.011483178
8.094562500,0.010801992
8.094625000,0.010017757
8.094687500,0.009258779
8.094750000,0.008659446
8.094812500,0.008273360
8.094875000,0.008114702
8.094937500,0.008092417
8.095000000,0.008094699
8.095062500,0.008031229
8.095125000,0.007943588
8.095187500,0.007905886
8.095250000,0.008000575
8.095312500,0.008242860
8.095375000,0.008635658
8.095437500,0.009110340
8.095500000,0.009600690
8.095562500,0.010066339
8.095625000,0.010588647
8.095687500,0.011259276
8.095750000,0.012142048
8.095812500,0.013193794
8.095875000,0.014328431
8.095937500,0.015379342
8.096000000,0.016189398
8.096062500,0.016653499
8.096125000,0.016824456
8.096187500,0.016815076
8.096250000,0.016754145
8.096312500,0.016693069
8.096375000,0.016649740
8.096437500,0.016546428
8.096500000,0.016283523
8.096562500,0.015774840
8.096625000,0.015068427
8.096687500,0.014257111
8.096750000,0.013459790
8.096812500,0.012739801
8.096875000,0.012160253
8.096937500,0.011697230
8.097000000,0.011294928
8.097062500,0.010882818
8.097125000,0.010488453
8.097187500,0.010162733
8.097250000,0.009977187
8.097312500,0.009963088
8.097375000,0.010158501
8.097437500,0.010531539
8.097500000,0.011012556
8.097562500,0.011504534
8.097625000,0.011969750
8.097687500,0.012393938
8.097750000,0.012800919
8.097812500,0.013217851
8.097875000,0.013696159
8.097937500,0.014233867
8.098000000,0.014777532
8.098062500,0.015218964
8.098125000,0.015481911
8.098187500,0.015514921
8.098250000,0.015342278
8.098312500,0.015051738
8.098375000,0.014809879
8.098437500,0.014738332
8.098500000,0.014871657
8.098562500,0.015119284
8.098625000,0.015352939
8.098687500,0.015418177
8.098750000,0.015248154
8.098812500,0.014906524
8.098875000,0.014604541
8.098937500,0.014552950
8.099000000,0.014871657
8.099062500,0.015509040
8.099125000,0.016277669
8.099187500,0.016893104
8.099250000,0.017130643
8.099312500,0.016936317
8.099375000,0.016468216
8.099437500,0.015984016
8.099500000,0.015718777
8.099562500,0.015761847
8.099625000,0.015999036
8.099687500,0.016148102
8.099750000,0.015907025
8.099812500,0.015117628
8.099875000,0.013830307
8.099937500,0.012287053
8.100000000,0.010824307
8.100062500,0.009748868
8.100125000,0.009186029
8.100187500,0.009053830
8.100250000,0.009130068
8.100312500,0.009189300
8.100375000,0.009062252
8.100437500,0.008702992
8.100500000,0.008188824
8.100562500,0.007686326
8.100625000,0.007315096
8.100687500,0.007099231
8.100750000,0.006965206
8.100812500,0.006809305
8.100875000,0.006479186
8.100937500,0.005853887
8.101000000,0.004894469
8.101062500,0.003698456
8.101125000,0.002390258
8.101187500,0.001114840
8.101250000,-0.000000000
8.101312500,-0.000834570
8.101375000,-0.001393385
8.101437500,-0.001761934
8.101500000,-0.002070737
8.101562500,-0.002408605
8.101625000,-0.002880656
8.101687500,-0.003549182
8.101750000,-0.004423847
8.101812500,-0.005430227
8.101875000,-0.006521813
8.101937500,-0.007667349
8.102000000,-0.008847695
8.102062500,-0.010009700
8.102125000,-0.011152300
8.102187500,-0.012293319
8.102250000,-0.013459790
8.102312500,-0.014643766
8.102375000,-0.015866455
8.102437500,-0.017140934
8.102500000,-0.018448384
8.102562500,-0.019699402
8.102625000,-0.020826899
8.102687500,-0.021787578
8.102750000,-0.022589857
8.102812500,-0.023273699
8.102875000,-0.023965279
8.102937500,-0.024803378
8.103000000,-0.025884213
8.103062500,-0.027189517
8.103125000,-0.028656835
8.103187500,-0.030173803
8.103250000,-0.031625804
8.103312500,-0.032909505
8.103375000,-0.034015272
8.103437500,-0.034982439
8.103500000,-0.035861399
8.103562500,-0.036645897
8.103625000,-0.037319537
8.103687500,-0.037829529
8.103750000,-0.038120385
8.103812500,-0.038143579
8.103875000,-0.037951164
8.103937500,-0.037647489
8.104000000,-0.037367389
8.104062500,-0.037202194
8.104125000,-0.037224688
8.104187500,-0.037410080
8.104250000,-0.037649762
8.104312500,-0.037758842
8.104375000,-0.037609883
8.104437500,-0.037127279
8.104500000,-0.036332019
8.104562500,-0.035304662
8.104625000,-0.034224641
8.104687500,-0.033229735
8.104750000,-0.032378796
8.104812500,-0.031603575
8.104875000,-0.030831616
8.104937500,-0.029967533
8.105000000,-0.028990317
8.105062500,-0.027958557
8.105125000,-0.027085215
8.105187500,-0.026553327
8.105250000,-0.026448958
8.105312500,-0.026664216
8.105375000,-0.027016444
8.105437500,-0.027213102
8.105500000,-0.027013704
8.105562500,-0.026301004
8.105625000,-0.025242602
8.105687500,-0.024100725
8.105750000,-0.023154603
8.105812500,-0.022535333
8.105875000,-0.022295391
8.105937500,-0.022268776
8.106000000,-0.022213360
8.106062500,-0.021890996
8.106125000,-0.021302199
8.106187500,-0.020534819
8.106250000,-0.019766126
8.106312500,-0.019136598
8.106375000,-0.018809842
8.106437500,-0.018772895
8.106500000,-0.018919006
8.106562500,-0.019074691
8.106625000,-0.019197326
8.106687500,-0.019240074
8.106750000,-0.019201379
8.106812500,-0.019061886
8.106875000,-0.018896280
8.106937500,-0.018697986
8.107000000,-0.018448384
8.107062500,-0.018105680
8.107125000,-0.017749371
8.107187500,-0.017415103
8.107250000,-0.017130643
8.107312500,-0.016870594
8.107375000,-0.016672963
8.107437500,-0.016513055
8.107500000,-0.016377648
8.107562500,-0.016256500
8.107625000,-0.016249198
8.107687500,-0.016409386
8.107750000,-0.016754145
8.107812500,-0.017214490
8.107875000,-0.017749021
8.107937500,-0.018251767
8.108000000,-0.018636633
8.108062500,-0.018841501
8.108125000,-0.018939435
8.108187500,-0.018985160
8.108250000,-0.019013131
8.108312500,-0.018978875
8.108375000,-0.018853242
8.108437500,-0.018542789
8.108500000,-0.017977761
8.108562500,-0.017137278
8.108625000,-0.016152425
8.108687500,-0.015183510
8.108750000,-0.014401034
8.108812500,-0.013909928
8.108875000,-0.013772277
8.108937500,-0.013919482
8.109000000,-0.014212786
8.109062500,-0.014483860
8.109125000,-0.014645624
8.109187500,-0.014645948
8.109250000,-0.014495159
8.109312500,-0.014232246
8.109375000,-0.013940604
8.109437500,-0.013651913
8.109500000,-0.013365666
8.109562500,-0.013056382
8.109625000,-0.012729868
8.109687500,-0.012384890
8.109750000,-0.012047924
8.109812500,-0.011768158
8.109875000,-0.011625215
8.109937500,-0.011656336
8.110000000,-0.011859675
8.110062500,-0.012187616
8.110125000,-0.012579985
8.110187500,-0.012938675
8.110250000,-0.013177417
8.110312500,-0.013245740
8.110375000,-0.013170418
8.110437500,-0.012999283
8.110500000,-0.012800919
8.110562500,-0.012632092
8.110625000,-0.012534052
8.110687500,-0.012464633
8.110750000,-0.012330297
8.110812500,-0.012015883
8.110875000,-0.011453122
8.110937500,-0.010604172
8.111000000,-0.009506566
8.111062500,-0.008266691
8.111125000,-0.007060196
8.111187500,-0.006031276
8.111250000,-0.005270967
8.111312500,-0.004786940
8.111375000,-0.004528353
8.111437500,-0.004363700
8.111500000,-0.004141474
8.111562500,-0.003730502
8.111625000,-0.003089945
8.111687500,-0.002230829
8.111750000,-0.001223617
8.111812500,-0.000160790
8.111875000,0.000839247
8.111937500,0.001714167
8.112000000,0.002447235
8.112062500,0.003065968
8.112125000,0.003578245
8.112187500,0.004001607
8.112250000,0.004329723
8.112312500,0.004545274
8.112375000,0.004590340
8.112437500,0.004447032
8.112500000,0.004141474
8.112562500,0.003767164
8.112625000,0.003412528
8.112687500,0.003194032
8.112750000,0.003200230
8.112812500,0.003479821
8.112875000,0.003963703
8.112937500,0.004544050
8.113000000,0.005082718
8.113062500,0.005472819
8.113125000,0.005603007
8.113187500,0.005455019
8.113250000,0.005082718
8.113312500,0.004614454
8.113375000,0.004133467
8.113437500,0.003717151
8.113500000,0.003388479
8.113562500,0.003140989
8.113625000,0.002871695
8.113687500,0.002497848
8.113750000,0.001976613
8.113812500,0.001358077
8.113875000,0.000689413
8.113937500,0.000056394
8.114000000,-0.000470622
8.114062500,-0.000830542
8.114125000,-0.001076264
8.114187500,-0.001278764
8.114250000,-0.001505991
8.114312500,-0.001754818
8.114375000,-0.002045692
8.114437500,-0.002369540
8.114500000,-0.002729608
8.114562500,-0.003123461
8.114625000,-0.003636168
8.114687500,-0.004343406
8.114750000,-0.005270967
8.114812500,-0.006324087
8.114875000,-0.007382276
8.114937500,-0.008292645
8.115000000,-0.008941819
8.115062500,-0.009271580
8.115125000,-0.009389281
8.115187500,-0.009471463
8.115250000,-0.009694814
8.115312500,-0.010120969
8.115375000,-0.010762308
8.115437500,-0.011536232
8.115500000,-0.012330297
8.115562500,-0.013027325
8.115625000,-0.013641804
8.115687500,-0.014254024
8.115750000,-0.014965781
8.115812500,-0.015802557
8.115875000,-0.016769296
8.115937500,-0.017804543
8.116000000,-0.018824881
8.116062500,-0.019736687
8.116125000,-0.020551177
8.116187500,-0.021323178
8.116250000,-0.022119237
8.116312500,-0.022937596
8.116375000,-0.023783747
8.116437500,-0.024621425
8.116500000,-0.025413590
8.116562500,-0.026113341
8.116625000,-0.026770921
8.116687500,-0.027439330
8.116750000,-0.028143197
8.116812500,-0.028805593
8.116875000,-0.029354904
8.116937500,-0.029688481
8.117000000,-0.029743314
8.117062500,-0.029501697
8.117125000,-0.029108090
8.117187500,-0.028752282
8.117250000,-0.028613821
8.117312500,-0.028748006
8.117375000,-0.029169910
8.117437500,-0.029773554
8.117500000,-0.030402184
8.117562500,-0.030867653
8.117625000,-0.031135466
8.117687500,-0.031233244
8.117750000,-0.031249303
8.117812500,-0.031235581
8.117875000,-0.031281065
8.117937500,-0.031375527
8.118000000,-0.031437553
8.118062500,-0.031305041
8.118125000,-0.030924309
8.118187500,-0.030283375
8.118250000,-0.029460939
8.118312500,-0.028562050
8.118375000,-0.027812097
8.118437500,-0.027367989
8.118500000,-0.027296079
8.118562500,-0.027496357
8.118625000,-0.027885653
8.118687500,-0.028303441
8.118750000,-0.028613821
8.118812500,-0.028693235
8.118875000,-0.028631490
8.118937500,-0.028535625
8.119000000,-0.028519696
8.119062500,-0.028585220
8.119125000,-0.028784778
8.119187500,-0.029048121
8.119250000,-0.029272690
8.119312500,-0.029313307
8.119375000,-0.029232055
8.119437500,-0.029112842
8.119500000,-0.029084442
8.119562500,-0.029195148
8.119625000,-0.029577427
8.119687500,-0.030207971
8.119750000,-0.030966930
8.119812500,-0.031603597
8.119875000,-0.032021724
8.119937500,-0.032125711
8.120000000,-0.031908173
8.120062500,-0.031371903
8.120125000,-0.030739905
8.120187500,-0.030184960
8.120250000,-0.029837437
8.120312500,-0.029668918
8.120375000,-0.029731717
8.120437500,-0.029948795
8.120500000,-0.030213933
8.120562500,-0.030352280
8.120625000,-0.030423822
8.120687500,-0.030495279
8.120750000,-0.030684557
8.120812500,-0.031030066
8.120875000,-0.031706221
8.120937500,-0.032743789
8.121000000,-0.034073036
8.121062500,-0.035451360
8.121125000,-0.036763098
8.121187500,-0.037844941
8.121250000,-0.038591005
8.121312500,-0.038897235
8.121375000,-0.038911212
8.121437500,-0.038783722
8.121500000,-0.038685132
8.121562500,-0.038678929
8.121625000,-0.038927104
8.121687500,-0.039450634
8.121750000,-0.040191121
8.121812500,-0.040960446
8.121875000,-0.041720241
8.121937500,-0.042406965
8.122000000,-0.043014854
8.122062500,-0.043519206
8.122125000,-0.044072717
8.122187500,-0.044748537
8.122250000,-0.045556214
8.122312500,-0.046360120
8.122375000,-0.047120687
8.122437500,-0.047742847
8.122500000,-0.048191696
8.122562500,-0.048460402
8.122625000,-0.048759822
8.122687500,-0.049260482
8.122750000,-0.050074182
8.122812500,-0.051140714
8.122875000,-0.052405223
8.122937500,-0.053680975
8.123000000,-0.054780405
8.123062500,-0.055534024
8.123125000,-0.055997159
8.123187500,-0.056248531
8.123250000,-0.056380518
8.123312500,-0.056387268
8.123375000,-0.056300223
8.123437500,-0.056040965
8.123500000,-0.055533402
8.123562500,-0.054723457
8.123625000,-0.053756204
8.123687500,-0.052783825
8.123750000,-0.051956676
8.123812500,-0.051316507
8.123875000,-0.050912108
8.123937500,-0.050639026
8.124000000,-0.050356556
8.124062500,-0.049917348
8.124125000,-0.049360752
8.124187500,-0.048731782
8.124250000,-0.048097573
8.124312500,-0.047455721
8.124375000,-0.046854988
8.124437500,-0.046221681
8.124500000,-0.045462091
8.124562500,-0.044477399
8.124625000,-0.043346200
8.124687500,-0.042138062
8.124750000,-0.040944118
8.124812500,-0.039796323
8.124875000,-0.038787823
8.124937500,-0.037878908
8.125000000,-0.036990892
8.125062500,-0.036016591
8.125125000,-0.034998972
8.125187500,-0.033956792
8.125250000,-0.032943543
8.125312500,-0.031988930
8.125375000,-0.031207744
8.125437500,-0.030581562
8.125500000,-0.030025685
8.125562500,-0.029380297
8.125625000,-0.028594332
8.125687500,-0.027566753
8.125750000,-0.026260709
8.125812500,-0.024693172
8.125875000,-0.023062782
8.125937500,-0.021508252
8.126000000,-0.020142624
8.126062500,-0.018998109
8.126125000,-0.018160325
8.126187500,-0.017588202
8.126250000,-0.017224766
8.126312500,-0.017002171
8.126375000,-0.016973414
8.126437500,-0.017104523
8.126500000,-0.017318891
8.126562500,-0.017469166
8.126625000,-0.017479505
8.126687500,-0.017224615
8.126750000,-0.016660020
8.126812500,-0.015840434
8.126875000,-0.015002572
8.126937500,-0.014330640
8.127000000,-0.013930413
8.127062500,-0.013752413
8.127125000,-0.013693041
8.127187500,-0.013509081
8.127250000,-0.012989169
8.127312500,-0.012039555
8.127375000,-0.010816617
8.127437500,-0.009544624
8.127500000,-0.008471197
8.127562500,-0.007747048
8.127625000,-0.007432051
8.127687500,-0.007376351
8.127750000,-0.007341704
8.127812500,-0.007102012
8.127875000,-0.006585635
8.127937500,-0.005809167
8.128000000,-0.004894469
8.128062500,-0.004007809
8.128125000,-0.003316764
8.128187500,-0.002870566
8.128250000,-0.002635483
8.128312500,-0.002537601
8.128375000,-0.002516521
8.128437500,-0.002500330
8.128500000,-0.002447235
8.128562500,-0.002357738
8.128625000,-0.002236238
8.128687500,-0.002057471
8.128750000,-0.001788364
8.128812500,-0.001424830
8.128875000,-0.000959793
8.128937500,-0.000386837
8.129000000,0.000282373
8.129062500,0.000989425
8.129125000,0.001675258
8.129187500,0.002279557
8.129250000,0.002729608
8.129312500,0.002926992
8.129375000,0.002821094
8.129437500,0.002438164
8.129500000,0.001882488
8.129562500,0.001291357
8.129625000,0.000849907
8.129687500,0.000713276
8.129750000,0.000941244
8.129812500,0.001442842
8.129875000,0.002082063
8.129937500,0.002722174
8.130000000,0.003294354
8.130062500,0.003798637
8.130125000,0.004380026
8.130187500,0.005211479
8.130250000,0.006400459
8.130312500,0.007878116
8.130375000,0.009490006
8.130437500,0.011008054
8.130500000,0.012236172
8.130562500,0.013058944
8.130625000,0.013584607
8.130687500,0.014041303
8.130750000,0.014683408
8.130812500,0.015633937
8.130875000,0.016934257
8.130937500,0.018470801
8.131000000,0.020048497
8.131062500,0.021434745
8.131125000,0.022541380
8.131187500,0.023372725
8.131250000,0.024001725
8.131312500,0.024469377
8.131375000,0.024834832
8.131437500,0.025096625
8.131500000,0.025225341
8.131562500,0.025168406
8.131625000,0.024981542
8.131687500,0.024767829
8.131750000,0.024660595
8.131812500,0.024739917
8.131875000,0.025090503
8.131937500,0.025712088
8.132000000,0.026543085
8.132062500,0.027453739
8.132125000,0.028372727
8.132187500,0.029240511
8.132250000,0.030025685
8.132312500,0.030684683
8.132375000,0.031230386
8.132437500,0.031667609
8.132500000,0.032002300
8.132562500,0.032219555
8.132625000,0.032357726
8.132687500,0.032457031
8.132750000,0.032567047
8.132812500,0.032712769
8.132875000,0.032954708
8.132937500,0.033316489
8.133000000,0.033790659
8.133062500,0.034305513
8.133125000,0.034818094
8.133187500,0.035241351
8.133250000,0.035484903
8.133312500,0.035447951
8.133375000,0.035123691
8.133437500,0.034522340
8.133500000,0.033696536
8.133562500,0.032707423
8.133625000,0.031683743
8.133687500,0.030708946
8.133750000,0.029837437
8.133812500,0.029072583
8.133875000,0.028443689
8.133937500,0.027924454
8.134000000,0.027484328
8.134062500,0.027086459
8.134125000,0.026765311
8.134187500,0.026523244
8.134250000,0.026354834
8.134312500,0.026216969
8.134375000,0.026106348
8.134437500,0.025958618
8.134500000,0.025695963
8.134562500,0.025220513
8.134625000,0.024529874
8.134687500,0.023613051
8.134750000,0.022495734
8.134812500,0.021209998
8.134875000,0.019897195
8.134937500,0.018661624
8.135000000,0.017601265
8.135062500,0.016762175
8.135125000,0.016249718
8.135187500,0.016073059
8.135250000,0.016189398
8.135312500,0.016476372
8.135375000,0.016867137
8.135437500,0.017224206
8.135500000,0.017413015
8.135562500,0.017294981
8.135625000,0.016865425
8.135687500,0.016111737
8.135750000,0.015059905
8.135812500,0.013736488
8.135875000,0.012272055
8.135937500,0.010744139
8.136000000,0.009224192
8.136062500,0.007752244
8.136125000,0.006444907
8.136187500,0.005354995
8.136250000,0.004517972
8.136312500,0.003927654
8.136375000,0.003641306
8.136437500,0.003655581
8.136500000,0.003953225
8.136562500,0.004479648
8.136625000,0.005236818
8.136687500,0.006158910
8.136750000,0.007153455
8.136812500,0.008091314
8.136875000,0.008920362
8.136937500,0.009581835
8.137000000,0.010071312
8.137062500,0.010421720
8.137125000,0.010769046
8.137187500,0.011203595
8.137250000,0.011765551
8.137312500,0.012403857
8.137375000,0.013058278
8.137437500,0.013602694
8.137500000,0.013930413
8.137562500,0.013983907
8.137625000,0.013829712
8.137687500,0.013560088
8.137750000,0.013271542
8.137812500,0.013004113
8.137875000,0.012773761
8.137937500,0.012514422
8.138000000,0.012142048
8.138062500,0.011592209
8.138125000,0.010900297
8.138187500,0.010138028
8.138250000,0.009412440
8.138312500,0.008818060
8.138375000,0.008446282
8.138437500,0.008311163
8.138500000,0.008377072
8.138562500,0.008574995
8.138625000,0.008851463
8.138687500,0.009146974
8.138750000,0.009412440
8.138812500,0.009605573
8.138875000,0.009699326
8.138937500,0.009669137
8.139000000,0.009506566
8.139062500,0.009227740
8.139125000,0.008877316
8.139187500,0.008511844
8.139250000,0.008188824
8.139312500,0.007946485
8.139375000,0.007799793
8.139437500,0.007714089
8.139500000,0.007624077
8.139562500,0.007455595
8.139625000,0.007171948
8.139687500,0.006770491
8.139750000,0.006306335
8.139812500,0.005875853
8.139875000,0.005598980
8.139937500,0.005532596
8.140000000,0.005647464
8.140062500,0.005822247
8.140125000,0.005898044
8.140187500,0.005709454
8.140250000,0.005176842
8.140312500,0.004350299
8.140375000,0.003417525
8.140437500,0.002598714
8.140500000,0.002070737
8.140562500,0.001891976
8.140625000,0.001999228
8.140687500,0.002215931
8.140750000,0.002353110
8.140812500,0.002293579
8.140875000,0.002043788
8.140937500,0.001684794
8.141000000,0.001317742
8.141062500,0.000993985
8.141125000,0.000701271
8.141187500,0.000361723
8.141250000,-0.000094124
8.141312500,-0.000676717
8.141375000,-0.001276126
8.141437500,-0.001748137
8.141500000,-0.001976613
8.141562500,-0.001960586
8.141625000,-0.001772687
8.141687500,-0.001572935
8.141750000,-0.001505991
8.141812500,-0.001644265
8.141875000,-0.001896010
8.141937500,-0.002112763
8.142000000,-0.002164861
8.142062500,-0.002048268
8.142125000,-0.001844767
8.142187500,-0.001734612
8.142250000,-0.001882488
8.142312500,-0.002364182
8.142375000,-0.003061680
8.142437500,-0.003760618
8.142500000,-0.004235599
8.142562500,-0.004381863
8.142625000,-0.004191402
8.142687500,-0.003798746
8.142750000,-0.003388479
8.142812500,-0.003135553
8.142875000,-0.003055256
8.142937500,-0.003080992
8.143000000,-0.003106105
8.143062500,-0.003089387
8.143125000,-0.002998004
8.143187500,-0.002865740
8.143250000,-0.002729608
8.143312500,-0.002612345
8.143375000,-0.002394693
8.143437500,-0.001917347
8.143500000,-0.001035369
8.143562500,0.000264023
8.143625000,0.001942105
8.143687500,0.003838090
8.143750000,0.005741589
8.143812500,0.007420506
8.143875000,0.008802490
8.143937500,0.009906448
8.144000000,0.010824307
8.144062500,0.011610269
8.144125000,0.012359426
8.144187500,0.013087072
8.144250000,0.013742164
8.144312500,0.014186062
8.144375000,0.014376901
8.144437500,0.014323950
8.144500000,0.014118661
8.144562500,0.013863168
8.144625000,0.013764985
8.144687500,0.013983631
8.144750000,0.014589284
8.144812500,0.015479246
8.144875000,0.016561650
8.144937500,0.017707102
8.145000000,0.018824881
8.145062500,0.019831531
8.145125000,0.020808181
8.145187500,0.021841150
8.145250000,0.022966355
8.145312500,0.024060203
8.145375000,0.025021829
8.145437500,0.025734762
8.145500000,0.026166586
8.145562500,0.026353786
8.145625000,0.026549788
8.145687500,0.027024843
8.145750000,0.027954949
8.145812500,0.029256625
8.145875000,0.030764408
8.145937500,0.032198437
8.146000000,0.033320040
8.146062500,0.033978038
8.146125000,0.034336049
8.146187500,0.034680206
8.146250000,0.035296652
8.146312500,0.036250304
8.146375000,0.037509497
8.146437500,0.038831308
8.146500000,0.039908748
8.146562500,0.040442482
8.146625000,0.040446628
8.146687500,0.040103570
8.146750000,0.039720498
8.146812500,0.039529566
8.146875000,0.039784510
8.146937500,0.040538177
8.147000000,0.041697115
8.147062500,0.043007549
8.147125000,0.044368602
8.147187500,0.045696683
8.147250000,0.046968080
8.147312500,0.048096020
8.147375000,0.049130898
8.147437500,0.050036304
8.147500000,0.050733056
8.147562500,0.051040646
8.147625000,0.050981849
8.147687500,0.050611328
8.147750000,0.050074182
8.147812500,0.049485020
8.147875000,0.049147483
8.147937500,0.049255110
8.148000000,0.049885936
8.148062500,0.050874382
8.148125000,0.052114788
8.148187500,0.053369485
8.148250000,0.054403909
8.148312500,0.054954004
8.148375000,0.055072471
8.148437500,0.054863773
8.148500000,0.054498032
8.148562500,0.054031175
8.148625000,0.053657617
8.148687500,0.053397894
8.148750000,0.053180292
8.148812500,0.052786496
8.148875000,0.052224237
8.148937500,0.051504139
8.149000000,0.050733056
8.149062500,0.049991012
8.149125000,0.049597666
8.149187500,0.049751230
8.149250000,0.050544810
8.149312500,0.051830210
8.149375000,0.053537272
8.149437500,0.055425655
8.149500000,0.057227641
8.149562500,0.058617357
8.149625000,0.059573837
8.149687500,0.060109753
8.149750000,0.060333744
8.149812500,0.060306601
8.149875000,0.060300291
8.149937500,0.060447969
8.150000000,0.060804367
8.150062500,0.061250269
8.150125000,0.061825745
8.150187500,0.062453933
8.150250000,0.063063353
8.150312500,0.063520826
8.150375000,0.063944019
8.150437500,0.064394727
8.150500000,0.064945839
8.150562500,0.065568931
8.150625000,0.066374466
8.150687500,0.067309044
8.150750000,0.068240196
8.150812500,0.068911277
8.150875000,0.069243975
8.150937500,0.069121107
8.151000000,0.068522573
8.151062500,0.067480013
8.151125000,0.066289306
8.151187500,0.065190233
8.151250000,0.064381093
8.151312500,0.063894555
8.151375000,0.063811459
8.151437500,0.064007871
8.151500000,0.064286970
8.151562500,0.064381108
8.151625000,0.064248316
8.151687500,0.063853510
8.151750000,0.063251607
8.151812500,0.062495220
8.151875000,0.061799139
8.151937500,0.061239894
8.152000000,0.060804367
8.152062500,0.060336780
8.152125000,0.059810482
8.152187500,0.059127707
8.152250000,0.058263011
8.152312500,0.057224847
8.152375000,0.056254011
8.152437500,0.055485878
8.152500000,0.054968655
8.152562500,0.054567259
8.152625000,0.054194823
8.152687500,0.053613029
8.152750000,0.052615542
8.152812500,0.051054176
8.152875000,0.049080513
8.152937500,0.046845607
8.153000000,0.044520844
8.153062500,0.042178638
8.153125000,0.039968591
8.153187500,0.037872490
8.153250000,0.035861399
8.153312500,0.033913340
8.153375000,0.032257721
8.153437500,0.031069774
8.153500000,0.030496309
8.153562500,0.030525232
8.153625000,0.031157579
8.153687500,0.032139231
8.153750000,0.033131793
8.153812500,0.033764549
8.153875000,0.033940908
8.153937500,0.033610113
8.154000000,0.032849420
8.154062500,0.031767320
8.154125000,0.030638129
8.154187500,0.029595671
8.154250000,0.028707944
8.154312500,0.027945600
8.154375000,0.027384378
8.154437500,0.026973635
8.154500000,0.026637208
8.154562500,0.026248114
8.154625000,0.025821481
8.154687500,0.025299892
8.154750000,0.024660595
8.154812500,0.023888757
8.154875000,0.023132749
8.154937500,0.022445936
8.155000000,0.021836862
8.155062500,0.021225791
8.155125000,0.020614695
8.155187500,0.019921524
8.155250000,0.019107254
8.155312500,0.018182268
8.155375000,0.017322952
8.155437500,0.016638787
8.155500000,0.016189398
8.155562500,0.015939757
8.155625000,0.015863862
8.155687500,0.015847052
8.155750000,0.015812902
8.155812500,0.015766513
8.155875000,0.015847238
8.155937500,0.016162867
8.156000000,0.016754145
8.156062500,0.017541120
8.156125000,0.018340494
8.156187500,0.018856267
8.156250000,0.018824881
8.156312500,0.018135147
8.156375000,0.016884062
8.156437500,0.015290214
8.156500000,0.013648040
8.156562500,0.012241033
8.156625000,0.011248883
8.156687500,0.010662162
8.156750000,0.010353684
8.156812500,0.010175029
8.156875000,0.010021224
8.156937500,0.009827765
8.157000000,0.009600690
8.157062500,0.009400282
8.157125000,0.009282250
8.157187500,0.009220374
8.157250000,0.009130068
8.157312500,0.008917276
8.157375000,0.008484956
8.157437500,0.007747645
8.157500000,0.006682833
8.157562500,0.005369624
8.157625000,0.003920148
8.157687500,0.002444074
8.157750000,0.001035369
8.157812500,-0.000214853
8.157875000,-0.001296852
8.157937500,-0.002264684
8.158000000,-0.003200230
8.158062500,-0.004150083
8.158125000,-0.005173832
8.158187500,-0.006321118
8.158250000,-0.007624077
8.158312500,-0.009068322
8.158375000,-0.010663050
8.158437500,-0.012415876
8.158500000,-0.014306910
8.158562500,-0.016244452
8.158625000,-0.018128602
8.158687500,-0.019862302
8.158750000,-0.021366240
8.158812500,-0.022568151
8.158875000,-0.023454744
8.158937500,-0.024051581
8.159000000,-0.024378221
8.159062500,-0.024402257
8.159125000,-0.024102565
8.159187500,-0.023498731
8.159250000,-0.022683984
8.159312500,-0.021813840
8.159375000,-0.021130061
8.159437500,-0.020870660
8.159500000,-0.021177992
8.159562500,-0.022013493
8.159625000,-0.023222651
8.159687500,-0.024580279
8.159750000,-0.025884213
8.159812500,-0.027000654
8.159875000,-0.027960539
8.159937500,-0.028874448
8.160000000,-0.029837437
8.160062500,-0.030810567
8.160125000,-0.031683687
8.160187500,-0.032283500
8.160250000,-0.032472920
8.160312500,-0.032203980
8.160375000,-0.031626102
8.160437500,-0.030979458
8.160500000,-0.030496309
8.160562500,-0.030262087
8.160625000,-0.030259699
8.160687500,-0.030335803
8.160750000,-0.030308058
8.160812500,-0.030026741
8.160875000,-0.029540699
8.160937500,-0.028985165
8.161000000,-0.028519696
8.161062500,-0.028192842
8.161125000,-0.028006511
8.161187500,-0.027825760
8.161250000,-0.027484328
8.161312500,-0.026837802
8.161375000,-0.025945757
8.161437500,-0.024940366
8.161500000,-0.024001725
8.161562500,-0.023239091
8.161625000,-0.022761190
8.161687500,-0.022539740
8.161750000,-0.022495734
8.161812500,-0.022526443
8.161875000,-0.022679269
8.161937500,-0.023019563
8.162000000,-0.023625227
8.162062500,-0.024484832
8.162125000,-0.025593463
8.162187500,-0.026814846
8.162250000,-0.027954949
8.162312500,-0.028774768
8.162375000,-0.029184226
8.162437500,-0.029124329
8.162500000,-0.028613821
8.162562500,-0.027693357
8.162625000,-0.026551608
8.162687500,-0.025355233
8.162750000,-0.024284096
8.162812500,-0.023468962
8.162875000,-0.023110155
8.162937500,-0.023272879
8.163000000,-0.023907598
8.163062500,-0.024804838
8.163125000,-0.025773777
8.163187500,-0.026549576
8.163250000,-0.026919581
8.163312500,-0.026744619
8.163375000,-0.026121918
8.163437500,-0.025204740
8.163500000,-0.024189973
8.163562500,-0.023213681
8.163625000,-0.022424409
8.163687500,-0.021829553
8.163750000,-0.021366240
8.163812500,-0.020921485
8.163875000,-0.020499183
8.163937500,-0.020119539
8.164000000,-0.019860249
8.164062500,-0.019798435
8.164125000,-0.020068888
8.164187500,-0.020704161
8.164250000,-0.021648614
8.164312500,-0.022733284
8.164375000,-0.023813125
8.164437500,-0.024695922
8.164500000,-0.025225341
8.164562500,-0.025287904
8.164625000,-0.024936629
8.164687500,-0.024268618
8.164750000,-0.023436978
8.164812500,-0.022580614
8.164875000,-0.021893084
8.164937500,-0.021456962
8.165000000,-0.021272115
8.165062500,-0.021240767
8.165125000,-0.021304967
8.165187500,-0.021366106
8.165250000,-0.021366240
8.165312500,-0.021281345
8.165375000,-0.021197243
8.165437500,-0.021161554
8.165500000,-0.021177992
8.165562500,-0.021164345
8.165625000,-0.021052921
8.165687500,-0.020732889
8.165750000,-0.020142624
8.165812500,-0.019289412
8.165875000,-0.018320739
8.165937500,-0.017376531
8.166000000,-0.016565897
8.166062500,-0.015909601
8.166125000,-0.015400050
8.166187500,-0.014951087
8.166250000,-0.014495159
8.166312500,-0.014025331
8.166375000,-0.013656098
8.166437500,-0.013504256
8.166500000,-0.013648040
8.166562500,-0.014064718
8.166625000,-0.014650020
8.166687500,-0.015202072
8.166750000,-0.015530528
8.166812500,-0.015540496
8.166875000,-0.015285144
8.166937500,-0.014887542
8.167000000,-0.014495159
8.167062500,-0.014213522
8.167125000,-0.014049771
8.167187500,-0.013882137
8.167250000,-0.013553915
8.167312500,-0.012987453
8.167375000,-0.012199867
8.167437500,-0.011296495
8.167500000,-0.010447809
8.167562500,-0.009855824
8.167625000,-0.009603305
8.167687500,-0.009634586
8.167750000,-0.009788939
8.167812500,-0.009908598
8.167875000,-0.009802618
8.167937500,-0.009335406
8.168000000,-0.008471197
8.168062500,-0.007335806
8.168125000,-0.006060013
8.168187500,-0.004791897
8.168250000,-0.003670852
8.168312500,-0.002869738
8.168375000,-0.002409013
8.168437500,-0.002220270
8.168500000,-0.002164861
8.168562500,-0.002150885
8.168625000,-0.001989571
8.168687500,-0.001541936
8.168750000,-0.000752995
8.168812500,0.000249089
8.168875000,0.001397298
8.168937500,0.002613176
8.169000000,0.003859101
8.169062500,0.005064583
8.169125000,0.006350080
8.169187500,0.007855793
8.169250000,0.009694814
8.169312500,0.011803386
8.169375000,0.014167516
8.169437500,0.016701946
8.169500000,0.019295502
8.169562500,0.021741748
8.169625000,0.024038948
8.169687500,0.026237726
8.169750000,0.028425572
8.169812500,0.030565819
8.169875000,0.032739058
8.169937500,0.034956805
8.170000000,0.037179142
8.170062500,0.039217245
8.170125000,0.041072074
8.170187500,0.042778105
8.170250000,0.044426721
8.170312500,0.046015978
8.170375000,0.047714788
8.170437500,0.049625136
8.170500000,0.051768426
8.170562500,0.053951997
8.170625000,0.056104183
8.170687500,0.058125507
8.170750000,0.059957247
8.170812500,0.061484721
8.170875000,0.062839791
8.170937500,0.064168029
8.171000000,0.065604717
8.171062500,0.067103140
8.171125000,0.068706483
8.171187500,0.070347756
8.171250000,0.071911044
8.171312500,0.073164769
8.171375000,0.074114993
8.171437500,0.074834682
8.171500000,0.075487778
8.171562500,0.076165453
8.171625000,0.077116705
8.171687500,0.078464009
8.171750000,0.080193989
8.171812500,0.082046844
8.171875000,0.083861992
8.171937500,0.085444629
8.172000000,0.086688578
8.172062500,0.087509528
8.172125000,0.088122860
8.172187500,0.088736385
8.172250000,0.089512311
8.172312500,0.090393484
8.172375000,0.091389172
8.172437500,0.092364006
8.172500000,0.093183167
8.172562500,0.093680285
8.172625000,0.093990825
8.172687500,0.094232097
8.172750000,0.094500907
8.172812500,0.094700083
8.172875000,0.094834089
8.172937500,0.094750963
8.173000000,0.094312660
8.173062500,0.093376227
8.173125000,0.092161223
8.173187500,0.090890475
8.173250000,0.089794680
8.173312500,0.088912666
8.173375000,0.088381208
8.173437500,0.088101387
8.173500000,0.087912194
8.173562500,0.087571643
8.173625000,0.087163411
8.173687500,0.086726367
8.173750000,0.086312085
8.173812500,0.085812636
8.173875000,0.085302308
8.173937500,0.084664285
8.174000000,0.083770722
8.174062500,0.082440443
8.174125000,0.080857396
8.174187500,0.079150967
8.174250000,0.077464387
8.174312500,0.075778067
8.174375000,0.074272648
8.174437500,0.072913766
8.174500000,0.071628675
8.174562500,0.070244744
8.174625000,0.068929985
8.174687500,0.067742437
8.174750000,0.066734202
8.174812500,0.065798491
8.174875000,0.065057926
8.174937500,0.064430758
8.175000000,0.063816346
8.175062500,0.063034877
8.175125000,0.062258046
8.175187500,0.061552588
8.175250000,0.060992617
8.175312500,0.060512125
8.175375000,0.060260758
8.175437500,0.060154345
8.175500000,0.060051370
8.175562500,0.059710443
8.175625000,0.059215546
8.175687500,0.058578499
8.175750000,0.057886511
8.175812500,0.057179499
8.175875000,0.056761190
8.175937500,0.056722030
8.176000000,0.057039391
8.176062500,0.057485174
8.176125000,0.058026284
8.176187500,0.058482565
8.176250000,0.058733631
8.176312500,0.058669664
8.176375000,0.058539890
8.176437500,0.058493678
8.176500000,0.058639508
8.176562500,0.058895726
8.176625000,0.059322413
8.176687500,0.059763946
8.176750000,0.060051370
8.176812500,0.059985705
8.176875000,0.059705071
8.176937500,0.059290003
8.177000000,0.058827754
8.177062500,0.058270123
8.177125000,0.057723191
8.177187500,0.057118505
8.177250000,0.056380518
8.177312500,0.055402361
8.177375000,0.054350656
8.177437500,0.053310677
8.177500000,0.052333172
8.177562500,0.051312916
8.177625000,0.050271425
8.177687500,0.049095903
8.177750000,0.047721073
8.177812500,0.046122596
8.177875000,0.044588339
8.177937500,0.043361977
8.178000000,0.042638354
8.178062500,0.042402834
8.178125000,0.042658731
8.178187500,0.043174356
8.178250000,0.043673724
8.178312500,0.043871090
8.178375000,0.043809649
8.178437500,0.043568984
8.178500000,0.043297227
8.178562500,0.043047983
8.178625000,0.042987350
8.178687500,0.043077532
8.178750000,0.043203104
8.178812500,0.043156028
8.178875000,0.042992499
8.178937500,0.042753525
8.179000000,0.042544231
8.179062500,0.042396571
8.179125000,0.042493153
8.179187500,0.042809352
8.179250000,0.043203104
8.179312500,0.043369226
8.179375000,0.043224189
8.179437500,0.042660393
8.179500000,0.041697115
8.179562500,0.040391698
8.179625000,0.039109524
8.179687500,0.038110096
8.179750000,0.037555639
8.179812500,0.037355788
8.179875000,0.037484180
8.179937500,0.037701800
8.180000000,0.037743889
8.180062500,0.037321277
8.180125000,0.036515199
8.180187500,0.035472140
8.180250000,0.034449533
8.180312500,0.033624567
8.180375000,0.033322763
8.180437500,0.033628371
8.180500000,0.034449533
8.180562500,0.035457037
8.180625000,0.036493033
8.180687500,0.037370779
8.180750000,0.038026262
8.180812500,0.038427997
8.180875000,0.038849361
8.180937500,0.039472938
8.181000000,0.040379371
8.181062500,0.041393112
8.181125000,0.042429831
8.181187500,0.043273777
8.181250000,0.043767847
8.181312500,0.043789558
8.181375000,0.043599602
8.181437500,0.043473423
8.181500000,0.043673724
8.181562500,0.044234045
8.181625000,0.045240078
8.181687500,0.046540104
8.181750000,0.047909327
8.181812500,0.049042530
8.181875000,0.049959511
8.181937500,0.050706327
8.182000000,0.051391926
8.182062500,0.052011516
8.182125000,0.052716080
8.182187500,0.053499382
8.182250000,0.054309785
8.182312500,0.055003062
8.182375000,0.055683851
8.182437500,0.056428451
8.182500000,0.057321765
8.182562500,0.058309089
8.182625000,0.059451003
8.182687500,0.060647592
8.182750000,0.061745610
8.182812500,0.062504210
8.182875000,0.062930606
8.182937500,0.063050859
8.183000000,0.062969230
8.183062500,0.062741131
8.183125000,0.062593475
8.183187500,0.062629826
8.183250000,0.062875107
8.183312500,0.063191533
8.183375000,0.063588470
8.183437500,0.063998356
8.183500000,0.064381093
8.183562500,0.064647883
8.183625000,0.064935386
8.183687500,0.065306902
8.183750000,0.065792963
8.183812500,0.066278361
8.183875000,0.066785246
8.183937500,0.067219362
8.184000000,0.067487195
8.184062500,0.067448214
8.184125000,0.067209683
8.184187500,0.066847429
8.184250000,0.066451833
8.184312500,0.066001214
8.184375000,0.065614209
8.184437500,0.065258078
8.184500000,0.064851716
8.184562500,0.064223215
8.184625000,0.063424893
8.184687500,0.062478103
8.184750000,0.061463237
8.184812500,0.060418282
8.184875000,0.059565816
8.184937500,0.058978695
8.185000000,0.058639508
8.185062500,0.058372330
8.185125000,0.058130573
8.185187500,0.057775486
8.185250000,0.057227641
8.185312500,0.056432847
8.185375000,0.055614851
8.185437500,0.054930545
8.185500000,0.054498032
8.185562500,0.054273643
8.185625000,0.054302819
8.185687500,0.054456238
8.185750000,0.054592159
8.185812500,0.054546375
8.185875000,0.054416243
8.185937500,0.054236766
8.186000000,0.054027408
8.186062500,0.053684741
8.186125000,0.053247090
8.186187500,0.052643683
8.186250000,0.051862549
8.186312500,0.050924659
8.186375000,0.050122105
8.186437500,0.049631264
8.186500000,0.049509440
8.186562500,0.049565837
8.186625000,0.049648490
8.186687500,0.049449276
8.186750000,0.048756443
8.186812500,0.047501892
8.186875000,0.046015941
8.186937500,0.044624016
8.187000000,0.043579601
8.187062500,0.042866964
8.187125000,0.042401843
8.187187500,0.041839533
8.187250000,0.040849991
8.187312500,0.039240126
8.187375000,0.037249930
8.187437500,0.035235297
8.187500000,0.033602413
8.187562500,0.032580808
8.187625000,0.032306008
8.187687500,0.032573767
8.187750000,0.033037666
8.187812500,0.033330176
8.187875000,0.033366702
8.187937500,0.033159409
8.188000000,0.032849420
8.188062500,0.032564882
8.188125000,0.032491218
8.188187500,0.032601304
8.188250000,0.032755297
8.188312500,0.032738883
8.188375000,0.032512173
8.188437500,0.032051787
8.188500000,0.031437553
8.188562500,0.030782264
8.188625000,0.030314134
8.188687500,0.030106351
8.188750000,0.030119810
8.188812500,0.030190492
8.188875000,0.030214282
8.188937500,0.030029869
8.189000000,0.029555064
8.189062500,0.028796328
8.189125000,0.027943373
8.189187500,0.027133690
8.189250000,0.026448958
8.189312500,0.025855701
8.189375000,0.025320573
8.189437500,0.024704032
8.189500000,0.023907598
8.189562500,0.022920558
8.189625000,0.021912487
8.189687500,0.021023579
8.189750000,0.020330872
8.189812500,0.019776292
8.189875000,0.019234678
8.189937500,0.018471146
8.190000000,0.017318891
8.190062500,0.015785197
8.190125000,0.014121597
8.190187500,0.012651873
8.190250000,0.011671427
8.190312500,0.011309633
8.190375000,0.011507665
8.190437500,0.011969110
8.190500000,0.012330297
8.190562500,0.012314089
8.190625000,0.011862301
8.190687500,0.011054624
8.190750000,0.010071312
8.190812500,0.009091229
8.190875000,0.008232585
8.190937500,0.007461538
8.191000000,0.006682833
8.191062500,0.005829801
8.191125000,0.004921390
8.191187500,0.003996383
8.191250000,0.003106105
8.191312500,0.002282623
8.191375000,0.001518460
8.191437500,0.000741005
8.191500000,-0.000094124
8.191562500,-0.000934839
8.191625000,-0.001642739
8.191687500,-0.002099588
8.191750000,-0.002258986
8.191812500,-0.002185396
8.191875000,-0.002073340
8.191937500,-0.002208985
8.192000000,-0.002823732
8.192062500,-0.003961204
8.192125000,-0.005471382
8.192187500,-0.007079003
8.192250000,-0.008471197
8.192312500,-0.009391863
8.192375000,-0.009768813
8.192437500,-0.009727558
8.192500000,-0.009506566
8.192562500,-0.009322583
8.192625000,-0.009335258
8.192687500,-0.009600414
8.192750000,-0.010071312
8.192812500,-0.010619409
8.192875000,-0.011163353
8.192937500,-0.011686874
8.193000000,-0.012236172
8.193062500,-0.012855507
8.193125000,-0.013615681
8.193187500,-0.014548899
8.193250000,-0.015624652
8.193312500,-0.016718954
8.193375000,-0.017735239
8.193437500,-0.018601380
8.193500000,-0.019295502
8.193562500,-0.019809464
8.193625000,-0.020226046
8.193687500,-0.020631889
8.193750000,-0.021083867
8.193812500,-0.021544985
8.193875000,-0.021992357
8.193937500,-0.022380352
8.194000000,-0.022683984
8.194062500,-0.022877323
8.194125000,-0.023052193
8.194187500,-0.023308041
8.194250000,-0.023719350
8.194312500,-0.024244992
8.194375000,-0.024856763
8.194437500,-0.025464572
8.194500000,-0.025978338
8.194562500,-0.026297256
8.194625000,-0.026471684
8.194687500,-0.026585596
8.194750000,-0.026731333
8.194812500,-0.026905051
8.194875000,-0.027131286
8.194937500,-0.027350804
8.195000000,-0.027484328
8.195062500,-0.027426951
8.195125000,-0.027237089
8.195187500,-0.027019065
8.195250000,-0.026919581
8.195312500,-0.027016943
8.195375000,-0.027436484
8.195437500,-0.028185491
8.195500000,-0.029178567
8.195562500,-0.030196235
8.195625000,-0.031122608
8.195687500,-0.031838235
8.195750000,-0.032284670
8.195812500,-0.032399453
8.195875000,-0.032304712
8.195937500,-0.032107968
8.196000000,-0.031908173
8.196062500,-0.031696029
8.196125000,-0.031573106
8.196187500,-0.031572677
8.196250000,-0.031719927
8.196312500,-0.031961590
8.196375000,-0.032398392
8.196437500,-0.033069752
8.196500000,-0.033978913
8.196562500,-0.034992274
8.196625000,-0.036081474
8.196687500,-0.037132297
8.196750000,-0.038026262
8.196812500,-0.038587354
8.196875000,-0.038860623
8.196937500,-0.038895577
8.197000000,-0.038779255
8.197062500,-0.038515806
8.197125000,-0.038249332
8.197187500,-0.038022894
8.197250000,-0.037838012
8.197312500,-0.037590664
8.197375000,-0.037363831
8.197437500,-0.037222825
8.197500000,-0.037273265
8.197562500,-0.037549924
8.197625000,-0.038227461
8.197687500,-0.039348122
8.197750000,-0.040849991
8.197812500,-0.042484052
8.197875000,-0.044108648
8.197937500,-0.045524042
8.198000000,-0.046591584
8.198062500,-0.047190174
8.198125000,-0.047482785
8.198187500,-0.047654033
8.198250000,-0.047909327
8.198312500,-0.048318062
8.198375000,-0.049021937
8.198437500,-0.049972307
8.198500000,-0.051015429
8.198562500,-0.051872421
8.198625000,-0.052462429
8.198687500,-0.052743576
8.198750000,-0.052803792
8.198812500,-0.052762251
8.198875000,-0.052916676
8.198937500,-0.053429842
8.199000000,-0.054309785
8.199062500,-0.055323493
8.199125000,-0.056272186
8.199187500,-0.056892682
8.199250000,-0.057039391
8.199312500,-0.056690056
8.199375000,-0.056139186
8.199437500,-0.055680122
8.199500000,-0.055533402
8.199562500,-0.055686668
8.199625000,-0.056065865
8.199687500,-0.056410313
8.199750000,-0.056474645
8.199812500,-0.056104880
8.199875000,-0.055471435
8.199937500,-0.054819468
8.200000000,-0.054403909
8.200062500,-0.054310661
8.200125000,-0.054560807
8.200187500,-0.054956201
8.200250000,-0.055251025
8.200312500,-0.055233262
8.200375000,-0.054972429
8.200437500,-0.054606263
8.200500000,-0.054309785
8.200562500,-0.054134723
8.200625000,-0.054112334
8.200687500,-0.054060619
8.200750000,-0.053745035
8.200812500,-0.052952398
8.200875000,-0.051736321
8.200937500,-0.050213151
8.201000000,-0.048568193
8.201062500,-0.046927106
8.201125000,-0.045461964
8.201187500,-0.044174306
8.201250000,-0.043014854
8.201312500,-0.041902978
8.201375000,-0.040920325
8.201437500,-0.040077623
8.201500000,-0.039344002
8.201562500,-0.038574826
8.201625000,-0.037692476
8.201687500,-0.036533006
8.201750000,-0.035014279
8.201812500,-0.033166107
8.201875000,-0.031284630
8.201937500,-0.029636731
8.202000000,-0.028425572
8.202062500,-0.027664939
8.202125000,-0.027313860
8.202187500,-0.027122308
8.202250000,-0.026825456
8.202312500,-0.026225505
8.202375000,-0.025411429
8.202437500,-0.024518007
8.202500000,-0.023719350
8.202562500,-0.023087764
8.202625000,-0.022708053
8.202687500,-0.022451652
8.202750000,-0.022119237
8.202812500,-0.021493055
8.202875000,-0.020596713
8.202937500,-0.019496741
8.203000000,-0.018354259
8.203062500,-0.017312793
8.203125000,-0.016589765
8.203187500,-0.016194589
8.203250000,-0.016001150
8.203312500,-0.015763408
8.203375000,-0.015367473
8.203437500,-0.014710998
8.203500000,-0.013836288
8.203562500,-0.012887970
8.203625000,-0.012184794
8.203687500,-0.011904019
8.203750000,-0.012047924
8.203812500,-0.012381066
8.203875000,-0.012638730
8.203937500,-0.012491528
8.204000000,-0.011765551
8.204062500,-0.010505347
8.204125000,-0.009084110
8.204187500,-0.007899958
8.204250000,-0.007247579
8.204312500,-0.007151658
8.204375000,-0.007466756
8.204437500,-0.007848480
8.204500000,-0.008000575
8.204562500,-0.007823320
8.204625000,-0.007559076
8.204687500,-0.007571864
8.204750000,-0.008188824
8.204812500,-0.009490178
8.204875000,-0.011308729
8.204937500,-0.013201231
8.205000000,-0.014683408
8.205062500,-0.015431060
8.205125000,-0.015465811
8.205187500,-0.015036038
8.205250000,-0.014495159
8.205312500,-0.014104368
8.205375000,-0.013951155
8.205437500,-0.013881156
8.205500000,-0.013648040
8.205562500,-0.013080225
8.205625000,-0.012204296
8.205687500,-0.011205599
8.205750000,-0.010353684
8.205812500,-0.009877564
8.205875000,-0.009855419
8.205937500,-0.010177540
8.206000000,-0.010636058
8.206062500,-0.011052113
8.206125000,-0.011334453
8.206187500,-0.011487387
8.206250000,-0.011577302
8.206312500,-0.011683709
8.206375000,-0.011804112
8.206437500,-0.011862360
8.206500000,-0.011765551
8.206562500,-0.011494530
8.206625000,-0.011072273
8.206687500,-0.010571208
8.206750000,-0.010071312
8.206812500,-0.009646055
8.206875000,-0.009252467
8.206937500,-0.008797061
8.207000000,-0.008188824
8.207062500,-0.007434110
8.207125000,-0.006569783
8.207187500,-0.005690190
8.207250000,-0.004894469
8.207312500,-0.004271354
8.207375000,-0.003773931
8.207437500,-0.003279299
8.207500000,-0.002635483
8.207562500,-0.001758663
8.207625000,-0.000597644
8.207687500,0.000829499
8.207750000,0.002447235
8.207812500,0.004115292
8.207875000,0.005757452
8.207937500,0.007338337
8.208000000,0.008847695
8.208062500,0.010230834
8.208125000,0.011480184
8.208187500,0.012587946
8.208250000,0.013553915
8.208312500,0.014346288
8.208375000,0.015033523
8.208437500,0.015709793
8.208500000,0.016471772
8.208562500,0.017333204
8.208625000,0.018341161
8.208687500,0.019503649
8.208750000,0.020801496
8.208812500,0.022143809
8.208875000,0.023505650
8.208937500,0.024859129
8.209000000,0.026166586
8.209062500,0.027319502
8.209125000,0.028283693
8.209187500,0.029049678
8.209250000,0.029649187
8.209312500,0.030098617
8.209375000,0.030499822
8.209437500,0.030936232
8.209500000,0.031437553
8.209562500,0.031911161
8.209625000,0.032283477
8.209687500,0.032478187
8.209750000,0.032472920
8.209812500,0.032279447
8.209875000,0.032067187
8.209937500,0.032040961
8.210000000,0.032378796
8.210062500,0.033112064
8.210125000,0.034218285
8.210187500,0.035549566
8.210250000,0.036896769
8.210312500,0.038007829
8.210375000,0.038808838
8.210437500,0.039332204
8.210500000,0.039720498
8.210562500,0.040105086
8.210625000,0.040690664
8.210687500,0.041553985
8.210750000,0.042638354
8.210812500,0.043708198
8.210875000,0.044602394
8.210937500,0.045168765
8.211000000,0.045367967
8.211062500,0.045224324
8.211125000,0.044990916
8.211187500,0.044895995
8.211250000,0.045085590
8.211312500,0.045479197
8.211375000,0.045986414
8.211437500,0.046372432
8.211500000,0.046403330
8.211562500,0.045865145
8.211625000,0.044861637
8.211687500,0.043596081
8.211750000,0.042355984
8.211812500,0.041325603
8.211875000,0.040739581
8.211937500,0.040601898
8.212000000,0.040755868
8.212062500,0.040871870
8.212125000,0.040800039
8.212187500,0.040432811
8.212250000,0.039814625
8.212312500,0.039043862
8.212375000,0.038453292
8.212437500,0.038270932
8.212500000,0.038591005
8.212562500,0.039250098
8.212625000,0.040115699
8.212687500,0.040935770
8.212750000,0.041508865
8.212812500,0.041676491
8.212875000,0.041613448
8.212937500,0.041521080
8.213000000,0.041602992
8.213062500,0.041888051
8.213125000,0.042462170
8.213187500,0.043228246
8.213250000,0.044050224
8.213312500,0.044742923
8.213375000,0.045395289
8.213437500,0.046080876
8.213500000,0.046873957
8.213562500,0.047695592
8.213625000,0.048570171
8.213687500,0.049372859
8.213750000,0.049980059
8.213812500,0.050253790
8.213875000,0.050356098
8.213937500,0.050437387
8.214000000,0.050638933
8.214062500,0.050929990
8.214125000,0.051345736
8.214187500,0.051742110
8.214250000,0.051956676
8.214312500,0.051817376
8.214375000,0.051449340
8.214437500,0.050999131
8.214500000,0.050638933
8.214562500,0.050409857
8.214625000,0.050424054
8.214687500,0.050626602
8.214750000,0.050921306
8.214812500,0.051163528
8.214875000,0.051424619
8.214937500,0.051743090
8.215000000,0.052144922
8.215062500,0.052532624
8.215125000,0.052891154
8.215187500,0.053104296
8.215250000,0.053086169
8.215312500,0.052770492
8.215375000,0.052343786
8.215437500,0.051967308
8.215500000,0.051768426
8.215562500,0.051714260
8.215625000,0.051803976
8.215687500,0.051896054
8.215750000,0.051862549
8.215812500,0.051604610
8.215875000,0.051285323
8.215937500,0.051051948
8.216000000,0.051015429
8.216062500,0.051115770
8.216125000,0.051294107
8.216187500,0.051328123
8.216250000,0.051015429
8.216312500,0.050230894
8.216375000,0.049158309
8.216437500,0.048023030
8.216500000,0.047062203
8.216562500,0.046365835
8.216625000,0.046013795
8.216687500,0.045870095
8.216750000,0.045744464
8.216812500,0.045436513
8.216875000,0.044985596
8.216937500,0.044418827
8.217000000,0.043767847
8.217062500,0.042962536
8.217125000,0.042021226
8.217187500,0.040875778
8.217250000,0.039532252
8.217312500,0.038077768
8.217375000,0.036842022
8.217437500,0.036069162
8.217500000,0.035861399
8.217562500,0.036049843
8.217625000,0.036395002
8.217687500,0.036495276
8.217750000,0.036049645
8.217812500,0.034966331
8.217875000,0.033561110
8.217937500,0.032232463
8.218000000,0.031343430
8.218062500,0.031002384
8.218125000,0.031135662
8.218187500,0.031344038
8.218250000,0.031155180
8.218312500,0.030200366
8.218375000,0.028512742
8.218437500,0.026337458
8.218500000,0.024095848
8.218562500,0.022179021
8.218625000,0.020937964
8.218687500,0.020410657
8.218750000,0.020424996
8.218812500,0.020675611
8.218875000,0.020992594
8.218937500,0.021231405
8.219000000,0.021366240
8.219062500,0.021423394
8.219125000,0.021557115
8.219187500,0.021803180
8.219250000,0.022119237
8.219312500,0.022369577
8.219375000,0.022498352
8.219437500,0.022400444
8.219500000,0.022025112
8.219562500,0.021368688
8.219625000,0.020580649
8.219687500,0.019767258
8.219750000,0.019013131
8.219812500,0.018332081
8.219875000,0.017755339
8.219937500,0.017201396
8.220000000,0.016565897
8.220062500,0.015748743
8.220125000,0.014781907
8.220187500,0.013707563
8.220250000,0.012612671
8.220312500,0.011579265
8.220375000,0.010745931
8.220437500,0.010152837
8.220500000,0.009788939
8.220562500,0.009590282
8.220625000,0.009533221
8.220687500,0.009534869
8.220750000,0.009506566
8.220812500,0.009353550
8.220875000,0.009066638
8.220937500,0.008632989
8.221000000,0.008094699
8.221062500,0.007538149
8.221125000,0.007130887
8.221187500,0.006987347
8.221250000,0.007153455
8.221312500,0.007570206
8.221375000,0.008129451
8.221437500,0.008644708
8.221500000,0.008941819
8.221562500,0.008907817
8.221625000,0.008563071
8.221687500,0.007975484
8.221750000,0.007247579
8.221812500,0.006463164
8.221875000,0.005701364
8.221937500,0.004964740
8.222000000,0.004235599
8.222062500,0.003505780
8.222125000,0.002842149
8.222187500,0.002310256
8.222250000,0.001976613
8.222312500,0.001871089
8.222375000,0.002001429
8.222437500,0.002292626
8.222500000,0.002635483
8.222562500,0.002915683
8.222625000,0.003078606
8.222687500,0.003083007
8.222750000,0.002917857
8.222812500,0.002585800
8.222875000,0.002130512
8.222937500,0.001592827
8.223000000,0.001035369
8.223062500,0.000537365
8.223125000,0.000208551
8.223187500,0.000119565
8.223250000,0.000282373
8.223312500,0.000622532
8.223375000,0.001032832
8.223437500,0.001366848
8.223500000,0.001505991
8.223562500,0.001388587
8.223625000,0.001065224
8.223687500,0.000630044
8.223750000,0.000188249
8.223812500,-0.000205139
8.223875000,-0.000516563
8.223937500,-0.000776358
8.224000000,-0.001035369
8.224062500,-0.001348844
8.224125000,-0.001690635
8.224187500,-0.002014157
8.224250000,-0.002258986
8.224312500,-0.002404860
8.224375000,-0.002426048
8.224437500,-0.002356722
8.224500000,-0.002258986
8.224562500,-0.002219408
8.224625000,-0.002238502
8.224687500,-0.002278236
8.224750000,-0.002258986
8.224812500,-0.002123206
8.224875000,-0.001788652
8.224937500,-0.001246776
8.225000000,-0.000564746
8.225062500,0.000095887
8.225125000,0.000621751
8.225187500,0.000932417
8.225250000,0.001035369
8.225312500,0.000996458
8.225375000,0.001004686
8.225437500,0.001234377
8.225500000,0.001788364
8.225562500,0.002616965
8.225625000,0.003617526
8.225687500,0.004617183
8.225750000,0.005459215
8.225812500,0.006032933
8.225875000,0.006395588
8.225937500,0.006683789
8.226000000,0.007059331
8.226062500,0.007599693
8.226125000,0.008340485
8.226187500,0.009207777
8.226250000,0.010071312
8.226312500,0.010774618
8.226375000,0.011280965
8.226437500,0.011635061
8.226500000,0.011953799
8.226562500,0.012342109
8.226625000,0.012930953
8.226687500,0.013779127
8.226750000,0.014871657
8.226812500,0.016101502
8.226875000,0.017388675
8.226937500,0.018657148
8.227000000,0.019860249
8.227062500,0.020949332
8.227125000,0.021943921
8.227187500,0.022863779
8.227250000,0.023719350
8.227312500,0.024473786
8.227375000,0.025114788
8.227437500,0.025620556
8.227500000,0.025978338
8.227562500,0.026165877
8.227625000,0.026232317
8.227687500,0.026241103
8.227750000,0.026260709
8.227812500,0.026313482
8.227875000,0.026436303
8.227937500,0.026620084
8.228000000,0.026825456
8.228062500,0.026969174
8.228125000,0.027016301
8.228187500,0.026938800
8.228250000,0.026731333
8.228312500,0.026383014
8.228375000,0.025954008
8.228437500,0.025509937
8.228500000,0.025131216
8.228562500,0.024873275
8.228625000,0.024824560
8.228687500,0.025014836
8.228750000,0.025413590
8.228812500,0.025905427
8.228875000,0.026388960
8.228937500,0.026749196
8.229000000,0.026919581
8.229062500,0.026883630
8.229125000,0.026728440
8.229187500,0.026536202
8.229250000,0.026354834
8.229312500,0.026147243
8.229375000,0.025865052
8.229437500,0.025417404
8.229500000,0.024754720
8.229562500,0.023891848
8.229625000,0.022990825
8.229687500,0.022225691
8.229750000,0.021742739
8.229812500,0.021570742
8.229875000,0.021694589
8.229937500,0.021967895
8.230000000,0.022213360
8.230062500,0.022268370
8.230125000,0.022127755
8.230187500,0.021829963
8.230250000,0.021460366
8.230312500,0.021074947
8.230375000,0.020758534
8.230437500,0.020496812
8.230500000,0.020236747
8.230562500,0.019899322
8.230625000,0.019513220
8.230687500,0.019106261
8.230750000,0.018730756
8.230812500,0.018407222
8.230875000,0.018186433
8.230937500,0.018015886
8.231000000,0.017789513
8.231062500,0.017362826
8.231125000,0.016686119
8.231187500,0.015739800
8.231250000,0.014589284
8.231312500,0.013351480
8.231375000,0.012227419
8.231437500,0.011341058
8.231500000,0.010730183
8.231562500,0.010317762
8.231625000,0.010028470
8.231687500,0.009744793
8.231750000,0.009412440
8.231812500,0.009057538
8.231875000,0.008853079
8.231937500,0.008946253
8.232000000,0.009412440
8.232062500,0.010176190
8.232125000,0.011089378
8.232187500,0.011888244
8.232250000,0.012330297
8.232312500,0.012275266
8.232375000,0.011804931
8.232437500,0.011111355
8.232500000,0.010447809
8.232562500,0.010012634
8.232625000,0.009934509
8.232687500,0.010163710
8.232750000,0.010541934
8.232812500,0.010870217
8.232875000,0.011034525
8.232937500,0.010977649
8.233000000,0.010730183
8.233062500,0.010369875
8.233125000,0.010011379
8.233187500,0.009697766
8.233250000,0.009412440
8.233312500,0.009090639
8.233375000,0.008689567
8.233437500,0.008166746
8.233500000,0.007529953
8.233562500,0.006836473
8.233625000,0.006206435
8.233687500,0.005730551
8.233750000,0.005459215
8.233812500,0.005382333
8.233875000,0.005460280
8.233937500,0.005606010
8.234000000,0.005741589
8.234062500,0.005828375
8.234125000,0.005892977
8.234187500,0.005977200
8.234250000,0.006118086
8.234312500,0.006320389
8.234375000,0.006548965
8.234437500,0.006725805
8.234500000,0.006776957
8.234562500,0.006673682
8.234625000,0.006438671
8.234687500,0.006115177
8.234750000,0.005741589
8.234812500,0.005327798
8.234875000,0.004840602
8.234937500,0.004210036
8.235000000,0.003388479
8.235062500,0.002406121
8.235125000,0.001355095
8.235187500,0.000358776
8.235250000,-0.000470622
8.235312500,-0.001059028
8.235375000,-0.001429154
8.235437500,-0.001670806
8.235500000,-0.001882488
8.235562500,-0.002096497
8.235625000,-0.002306169
8.235687500,-0.002469023
8.235750000,-0.002541359
8.235812500,-0.002492353
8.235875000,-0.002371539
8.235937500,-0.002268058
8.236000000,-0.002258986
8.236062500,-0.002340213
8.236125000,-0.002466419
8.236187500,-0.002555989
8.236250000,-0.002541359
8.236312500,-0.002393524
8.236375000,-0.002198649
8.236437500,-0.002104111
8.236500000,-0.002258986
8.236562500,-0.002724840
8.236625000,-0.003490669
8.236687500,-0.004452826
8.236750000,-0.005459215
8.236812500,-0.006348120
8.236875000,-0.007048153
8.236937500,-0.007572930
8.237000000,-0.008000575
8.237062500,-0.008416187
8.237125000,-0.008902978
8.237187500,-0.009512163
8.237250000,-0.010259560
8.237312500,-0.011126340
8.237375000,-0.012098676
8.237437500,-0.013165243
8.237500000,-0.014306910
8.237562500,-0.015477196
8.237625000,-0.016622685
8.237687500,-0.017688539
8.237750000,-0.018636633
8.237812500,-0.019450508
8.237875000,-0.020149589
8.237937500,-0.020755973
8.238000000,-0.021272115
8.238062500,-0.021663068
8.238125000,-0.021878716
8.238187500,-0.021873783
8.238250000,-0.021648614
8.238312500,-0.021263704
8.238375000,-0.020841781
8.238437500,-0.020506356
8.238500000,-0.020330872
8.238562500,-0.020299317
8.238625000,-0.020328263
8.238687500,-0.020301934
8.238750000,-0.020142624
8.238812500,-0.019852988
8.238875000,-0.019527705
8.238937500,-0.019286526
8.239000000,-0.019201379
8.239062500,-0.019233650
8.239125000,-0.019243646
8.239187500,-0.019034283
8.239250000,-0.018448384
8.239312500,-0.017448423
8.239375000,-0.016153133
8.239437500,-0.014778555
8.239500000,-0.013553915
8.239562500,-0.012629000
8.239625000,-0.012018921
8.239687500,-0.011602480
8.239750000,-0.011200804
8.239812500,-0.010673766
8.239875000,-0.009967283
8.239937500,-0.009110883
8.240000000,-0.008188824
8.240062500,-0.007293371
8.240125000,-0.006467529
8.240187500,-0.005683989
8.240250000,-0.004894469
8.240312500,-0.004091277
8.240375000,-0.003327633
8.240437500,-0.002685591
8.240500000,-0.002258986
8.240562500,-0.002118285
8.240625000,-0.002262257
8.240687500,-0.002581956
8.240750000,-0.002917857
8.240812500,-0.003132273
8.240875000,-0.003152058
8.240937500,-0.002964255
8.241000000,-0.002635483
8.241062500,-0.002298174
8.241125000,-0.002081033
8.241187500,-0.002041721
8.241250000,-0.002164861
8.241312500,-0.002386527
8.241375000,-0.002596006
8.241437500,-0.002653101
8.241500000,-0.002447235
8.241562500,-0.001945081
8.241625000,-0.001173195
8.241687500,-0.000185883
8.241750000,0.000941244
8.241812500,0.002119796
8.241875000,0.003292954
8.241937500,0.004460188
8.242000000,0.005647464
8.242062500,0.006860003
8.242125000,0.008098689
8.242187500,0.009343247
8.242250000,0.010541934
8.242312500,0.011600631
8.242375000,0.012465660
8.242437500,0.013132331
8.242500000,0.013648040
8.242562500,0.014067420
8.242625000,0.014493883
8.242687500,0.015006238
8.242750000,0.015624652
8.242812500,0.016263830
8.242875000,0.016841300
8.242937500,0.017269837
8.243000000,0.017507140
8.243062500,0.017540302
8.243125000,0.017489498
8.243187500,0.017500289
8.243250000,0.017695390
8.243312500,0.018076641
8.243375000,0.018629244
8.243437500,0.019261897
8.243500000,0.019860249
8.243562500,0.020282142
8.243625000,0.020518798
8.243687500,0.020607714
8.243750000,0.020613244
8.243812500,0.020535091
8.243875000,0.020415494
8.243937500,0.020255372
8.244000000,0.020048497
8.244062500,0.019756371
8.244125000,0.019455118
8.244187500,0.019239374
8.244250000,0.019201379
8.244312500,0.019340176
8.244375000,0.019681728
8.244437500,0.020188415
8.244500000,0.020801496
8.244562500,0.021415433
8.244625000,0.022045726
8.244687500,0.022711925
8.244750000,0.023436978
8.244812500,0.024162872
8.244875000,0.024901055
8.244937500,0.025612207
8.245000000,0.026260709
8.245062500,0.026784334
8.245125000,0.027265128
8.245187500,0.027784115
8.245250000,0.028425572
8.245312500,0.029192168
8.245375000,0.030142384
8.245437500,0.031253818
8.245500000,0.032472920
8.245562500,0.033687171
8.245625000,0.034885712
8.245687500,0.036030378
8.245750000,0.037085015
8.245812500,0.037965000
8.245875000,0.038669202
8.245937500,0.039165027
8.246000000,0.039438128
8.246062500,0.039464269
8.246125000,0.039347913
8.246187500,0.039182220
8.246250000,0.039061632
8.246312500,0.039015558
8.246375000,0.039107174
8.246437500,0.039304879
8.246500000,0.039532252
8.246562500,0.039663475
8.246625000,0.039674796
8.246687500,0.039554276
8.246750000,0.039344002
8.246812500,0.039093047
8.246875000,0.038931023
8.246937500,0.038920544
8.247000000,0.039061632
8.247062500,0.039254908
8.247125000,0.039426461
8.247187500,0.039454956
8.247250000,0.039249878
8.247312500,0.038754705
8.247375000,0.038061898
8.247437500,0.037277725
8.247500000,0.036520272
8.247562500,0.035843864
8.247625000,0.035311136
8.247687500,0.034857966
8.247750000,0.034355409
8.247812500,0.033629756
8.247875000,0.032633878
8.247937500,0.031366255
8.248000000,0.029931562
8.248062500,0.028483715
8.248125000,0.027283411
8.248187500,0.026474638
8.248250000,0.026072461
8.248312500,0.025914537
8.248375000,0.025837380
8.248437500,0.025600275
8.248500000,0.025037091
8.248562500,0.024087295
8.248625000,0.022941113
8.248687500,0.021810716
8.248750000,0.020895619
8.248812500,0.020261962
8.248875000,0.019947765
8.248937500,0.019813318
8.249000000,0.019672001
8.249062500,0.019336004
8.249125000,0.018830117
8.249187500,0.018214583
8.249250000,0.017601265
8.249312500,0.017047446
8.249375000,0.016661083
8.249437500,0.016405653
8.249500000,0.016189398
8.249562500,0.015876263
8.249625000,0.015488865
8.249687500,0.015042608
8.249750000,0.014589284
8.249812500,0.014139569
8.249875000,0.013794784
8.249937500,0.013549616
8.250000000,0.013365666
8.250062500,0.013152757
8.250125000,0.012961514
8.250187500,0.012805174
8.250250000,0.012706795
8.250312500,0.012631992
8.250375000,0.012649595
8.250437500,0.012746692
8.250500000,0.012895043
8.250562500,0.013015846
8.250625000,0.013154442
8.250687500,0.013306357
8.250750000,0.013459790
8.250812500,0.013546252
8.250875000,0.013600781
8.250937500,0.013624838
8.251000000,0.013648040
8.251062500,0.013685383
8.251125000,0.013876413
8.251187500,0.014297067
8.251250000,0.014965781
8.251312500,0.015773857
8.251375000,0.016650671
8.251437500,0.017456179
8.251500000,0.018071886
8.251562500,0.018393606
8.251625000,0.018498234
8.251687500,0.018480808
8.251750000,0.018448384
8.251812500,0.018424036
8.251875000,0.018484803
8.251937500,0.018625926
8.252000000,0.018824881
8.252062500,0.019019885
8.252125000,0.019282324
8.252187500,0.019670613
8.252250000,0.020236747
8.252312500,0.020947065
8.252375000,0.021810966
8.252437500,0.022762714
8.252500000,0.023719350
8.252562500,0.024565570
8.252625000,0.025309213
8.252687500,0.025961112
8.252750000,0.026543085
8.252812500,0.027017791
8.252875000,0.027396431
8.252937500,0.027632354
8.253000000,0.027672576
8.253062500,0.027453937
8.253125000,0.027047710
8.253187500,0.026565524
8.253250000,0.026166586
8.253312500,0.025975820
8.253375000,0.026145861
8.253437500,0.026707390
8.253500000,0.027578451
8.253562500,0.028543871
8.253625000,0.029431919
8.253687500,0.030075647
8.253750000,0.030402184
8.253812500,0.030419635
8.253875000,0.030322988
8.253937500,0.030321674
8.254000000,0.030590432
8.254062500,0.031158844
8.254125000,0.032013886
8.254187500,0.032994490
8.254250000,0.033884790
8.254312500,0.034445245
8.254375000,0.034611646
8.254437500,0.034391847
8.254500000,0.033884790
8.254562500,0.033191562
8.254625000,0.032497332
8.254687500,0.031901691
8.254750000,0.031437553
8.254812500,0.031038921
8.254875000,0.030692961
8.254937500,0.030340452
8.255000000,0.029931562
8.255062500,0.029401671
8.255125000,0.028781572
8.255187500,0.028074741
8.255250000,0.027296079
8.255312500,0.026447399
8.255375000,0.025621491
8.255437500,0.024879476
8.255500000,0.024284096
8.255562500,0.023863962
8.255625000,0.023698755
8.255687500,0.023789376
8.255750000,0.024095848
8.255812500,0.024519702
8.255875000,0.025009304
8.255937500,0.025463309
8.256000000,0.025790086
8.256062500,0.025908552
8.256125000,0.025850898
8.256187500,0.025658151
8.256250000,0.025413590
8.256312500,0.025203591
8.256375000,0.025165532
8.256437500,0.025340231
8.256500000,0.025695963
8.256562500,0.026123110
8.256625000,0.026538298
8.256687500,0.026825165
8.256750000,0.026919581
8.256812500,0.026814848
8.256875000,0.026621452
8.256937500,0.026402231
8.257000000,0.026166586
8.257062500,0.025831785
8.257125000,0.025309781
8.257187500,0.024449069
8.257250000,0.023154603
8.257312500,0.021436831
8.257375000,0.019483266
8.257437500,0.017508933
8.257500000,0.015718777
8.257562500,0.014233845
8.257625000,0.013098632
8.257687500,0.012222206
8.257750000,0.011483178
8.257812500,0.010807205
8.257875000,0.010222046
8.257937500,0.009774197
8.258000000,0.009506566
8.258062500,0.009411998
8.258125000,0.009420463
8.258187500,0.009375841
8.258250000,0.009130068
8.258312500,0.008619824
8.258375000,0.007898590
8.258437500,0.007061739
8.258500000,0.006212211
8.258562500,0.005412835
8.258625000,0.004664712
8.258687500,0.003887193
8.258750000,0.003011981
8.258812500,0.002058335
8.258875000,0.001142604
8.258937500,0.000393287
8.259000000,-0.000094124
8.259062500,-0.000301312
8.259125000,-0.000314610
8.259187500,-0.000316508
8.259250000,-0.000470622
8.259312500,-0.000821194
8.259375000,-0.001286891
8.259437500,-0.001741244
8.259500000,-0.002070737
8.259562500,-0.002229926
8.259625000,-0.002310998
8.259687500,-0.002529844
8.259750000,-0.003106105
8.259812500,-0.004128823
8.259875000,-0.005547883
8.259937500,-0.007197395
8.260000000,-0.008847695
8.260062500,-0.010262551
8.260125000,-0.011334793
8.260187500,-0.012085131
8.260250000,-0.012612671
8.260312500,-0.012993516
8.260375000,-0.013305880
8.260437500,-0.013584561
8.260500000,-0.013836288
8.260562500,-0.014034254
8.260625000,-0.014226157
8.260687500,-0.014484479
8.260750000,-0.014871657
8.260812500,-0.015365113
8.260875000,-0.015932618
8.260937500,-0.016509205
8.261000000,-0.017036518
8.261062500,-0.017457994
8.261125000,-0.017826501
8.261187500,-0.018226422
8.261250000,-0.018730756
8.261312500,-0.019319976
8.261375000,-0.019966202
8.261437500,-0.020602174
8.261500000,-0.021177992
8.261562500,-0.021663511
8.261625000,-0.022156337
8.261687500,-0.022778451
8.261750000,-0.023625227
8.261812500,-0.024672830
8.261875000,-0.025855314
8.261937500,-0.027029693
8.262000000,-0.028049074
8.262062500,-0.028787704
8.262125000,-0.029263409
8.262187500,-0.029551063
8.262250000,-0.029743314
8.262312500,-0.029866459
8.262375000,-0.029939940
8.262437500,-0.029935541
8.262500000,-0.029837437
8.262562500,-0.029654710
8.262625000,-0.029506726
8.262687500,-0.029511884
8.262750000,-0.029743314
8.262812500,-0.030154247
8.262875000,-0.030656237
8.262937500,-0.031092850
8.263000000,-0.031343430
8.263062500,-0.031366963
8.263125000,-0.031281203
8.263187500,-0.031235218
8.263250000,-0.031343430
8.263312500,-0.031594791
8.263375000,-0.031895686
8.263437500,-0.032055411
8.263500000,-0.031908173
8.263562500,-0.031390868
8.263625000,-0.030628596
8.263687500,-0.029822540
8.263750000,-0.029178567
8.263812500,-0.028798789
8.263875000,-0.028682871
8.263937500,-0.028683007
8.264000000,-0.028613821
8.264062500,-0.028340423
8.264125000,-0.027882272
8.264187500,-0.027333159
8.264250000,-0.026825456
8.264312500,-0.026442070
8.264375000,-0.026200464
8.264437500,-0.025978740
8.264500000,-0.025601838
8.264562500,-0.024918236
8.264625000,-0.023914604
8.264687500,-0.022651592
8.264750000,-0.021272115
8.264812500,-0.019935384
8.264875000,-0.018805306
8.264937500,-0.017918935
8.265000000,-0.017224766
8.265062500,-0.016610915
8.265125000,-0.016002648
8.265187500,-0.015311284
8.265250000,-0.014495159
8.265312500,-0.013557611
8.265375000,-0.012576750
8.265437500,-0.011594410
8.265500000,-0.010636058
8.265562500,-0.009700166
8.265625000,-0.008811562
8.265687500,-0.007940380
8.265750000,-0.007059331
8.265812500,-0.006153615
8.265875000,-0.005282825
8.265937500,-0.004477341
8.266000000,-0.003764976
8.266062500,-0.003145697
8.266125000,-0.002647816
8.266187500,-0.002220409
8.266250000,-0.001788364
8.266312500,-0.001265534
8.266375000,-0.000641714
8.266437500,0.000100373
8.266500000,0.000941244
8.266562500,0.001838812
8.266625000,0.002689098
8.266687500,0.003436323
8.266750000,0.004047350
8.266812500,0.004518629
8.266875000,0.004826835
8.266937500,0.005002073
8.267000000,0.005082718
8.267062500,0.005106287
8.267125000,0.005074369
8.267187500,0.005022648
8.267250000,0.004988594
8.267312500,0.005003321
8.267375000,0.005072187
8.267437500,0.005220021
8.267500000,0.005459215
8.267562500,0.005775018
8.267625000,0.006124030
8.267687500,0.006471108
8.267750000,0.006776957
8.267812500,0.006998884
8.267875000,0.007092598
8.267937500,0.007047705
8.268000000,0.006871082
8.268062500,0.006575305
8.268125000,0.006168653
8.268187500,0.005667869
8.268250000,0.005082718
8.268312500,0.004415230
8.268375000,0.003673084
8.268437500,0.002897690
8.268500000,0.002164861
8.268562500,0.001570835
8.268625000,0.001214617
8.268687500,0.001162153
8.268750000,0.001411866
8.268812500,0.001879956
8.268875000,0.002439800
8.268937500,0.002966100
8.269000000,0.003388479
8.269062500,0.003715462
8.269125000,0.004038206
8.269187500,0.004469402
8.269250000,0.005082718
8.269312500,0.005863069
8.269375000,0.006723647
8.269437500,0.007532699
8.269500000,0.008188824
8.269562500,0.008666853
8.269625000,0.009051051
8.269687500,0.009459844
8.269750000,0.009977187
8.269812500,0.010579268
8.269875000,0.011151538
8.269937500,0.011506967
8.270000000,0.011483178
8.270062500,0.011014362
8.270125000,0.010202906
8.270187500,0.009249520
8.270250000,0.008377072
8.270312500,0.007721759
8.270375000,0.007323259
8.270437500,0.007089033
8.270500000,0.006871082
8.270562500,0.006533096
8.270625000,0.006064724
8.270687500,0.005539185
8.270750000,0.005082718
8.270812500,0.004789724
8.270875000,0.004722597
8.270937500,0.004850088
8.271000000,0.005082718
8.271062500,0.005300438
8.271125000,0.005438223
8.271187500,0.005462251
8.271250000,0.005365091
8.271312500,0.005132075
8.271375000,0.004764728
8.271437500,0.004266357
8.271500000,0.003670852
8.271562500,0.003046165
8.271625000,0.002525050
8.271687500,0.002235740
8.271750000,0.002258986
8.271812500,0.002576318
8.271875000,0.003105935
8.271937500,0.003703898
8.272000000,0.004235599
8.272062500,0.004615953
8.272125000,0.004877283
8.272187500,0.005098103
8.272250000,0.005365091
8.272312500,0.005709403
8.272375000,0.006130840
8.272437500,0.006568758
8.272500000,0.006965206
8.272562500,0.007297542
8.272625000,0.007630434
8.272687500,0.008037069
8.272750000,0.008565322
8.272812500,0.009192438
8.272875000,0.009846458
8.272937500,0.010415763
8.273000000,0.010824307
8.273062500,0.011076439
8.273125000,0.011268271
8.273187500,0.011510640
8.273250000,0.011859675
8.273312500,0.012262201
8.273375000,0.012563834
8.273437500,0.012567190
8.273500000,0.012142048
8.273562500,0.011308973
8.273625000,0.010256375
8.273687500,0.009259099
8.273750000,0.008565322
8.273812500,0.008287921
8.273875000,0.008366533
8.273937500,0.008598438
8.274000000,0.008753570
8.274062500,0.008689727
8.274125000,0.008417474
8.274187500,0.008068505
8.274250000,0.007812326
8.274312500,0.007755594
8.274375000,0.007880166
8.274437500,0.008051468
8.274500000,0.008094699
8.274562500,0.007889871
8.274625000,0.007425347
8.274687500,0.006789744
8.274750000,0.006118086
8.274812500,0.005523023
8.274875000,0.005027951
8.274937500,0.004568697
8.275000000,0.004047350
8.275062500,0.003407261
8.275125000,0.002657168
8.275187500,0.001866613
8.275250000,0.001129493
8.275312500,0.000521995
8.275375000,0.000049254
8.275437500,-0.000349768
8.275500000,-0.000752995
8.275562500,-0.001191052
8.275625000,-0.001644209
8.275687500,-0.002054524
8.275750000,-0.002353110
8.275812500,-0.002483575
8.275875000,-0.002460359
8.275937500,-0.002357095
8.276000000,-0.002258986
8.276062500,-0.002197773
8.276125000,-0.002170625
8.276187500,-0.002143028
8.276250000,-0.002070737
8.276312500,-0.001907506
8.276375000,-0.001680212
8.276437500,-0.001457843
8.276500000,-0.001317742
8.276562500,-0.001285940
8.276625000,-0.001376957
8.276687500,-0.001580539
8.276750000,-0.001882488
8.276812500,-0.002263340
8.276875000,-0.002755389
8.276937500,-0.003404787
8.277000000,-0.004235599
8.277062500,-0.005200611
8.277125000,-0.006218040
8.277187500,-0.007182238
8.277250000,-0.008000575
8.277312500,-0.008609628
8.277375000,-0.009037410
8.277437500,-0.009366832
8.277500000,-0.009694814
8.277562500,-0.010066816
8.277625000,-0.010512912
8.277687500,-0.011023428
8.277750000,-0.011577302
8.277812500,-0.012143934
8.277875000,-0.012758882
8.277937500,-0.013468872
8.278000000,-0.014306910
8.278062500,-0.015238665
8.278125000,-0.016216664
8.278187500,-0.017155632
8.278250000,-0.017977761
8.278312500,-0.018625604
8.278375000,-0.019137343
8.278437500,-0.019585539
8.278500000,-0.020048497
8.278562500,-0.020550009
8.278625000,-0.021089273
8.278687500,-0.021607330
8.278750000,-0.022025112
8.278812500,-0.022261446
8.278875000,-0.022306167
8.278937500,-0.022182021
8.279000000,-0.021930987
8.279062500,-0.021568380
8.279125000,-0.021118287
8.279187500,-0.020580007
8.279250000,-0.019954374
8.279312500,-0.019246982
8.279375000,-0.018528527
8.279437500,-0.017887678
8.279500000,-0.017413015
8.279562500,-0.017144866
8.279625000,-0.017110988
8.279687500,-0.017282579
8.279750000,-0.017601265
8.279812500,-0.017980589
8.279875000,-0.018383717
8.279937500,-0.018770536
8.280000000,-0.019107254
8.280062500,-0.019336689
8.280125000,-0.019444782
8.280187500,-0.019403350
8.280250000,-0.019201379
8.280312500,-0.018836737
8.280375000,-0.018377114
8.280437500,-0.017884189
8.280500000,-0.017413015
8.280562500,-0.016976466
8.280625000,-0.016592735
8.280687500,-0.016223123
8.280750000,-0.015812902
8.280812500,-0.015301578
8.280875000,-0.014708943
8.280937500,-0.014070446
8.281000000,-0.013459790
8.281062500,-0.012952375
8.281125000,-0.012660789
8.281187500,-0.012620294
8.281250000,-0.012800919
8.281312500,-0.013098949
8.281375000,-0.013425353
8.281437500,-0.013663791
8.281500000,-0.013742164
8.281562500,-0.013643288
8.281625000,-0.013453595
8.281687500,-0.013248908
8.281750000,-0.013083293
8.281812500,-0.012956587
8.281875000,-0.012855355
8.281937500,-0.012720354
8.282000000,-0.012518546
8.282062500,-0.012277520
8.282125000,-0.012098229
8.282187500,-0.012070284
8.282250000,-0.012236172
8.282312500,-0.012557269
8.282375000,-0.012912467
8.282437500,-0.013111172
8.282500000,-0.012989169
8.282562500,-0.012493820
8.282625000,-0.011688260
8.282687500,-0.010703349
8.282750000,-0.009694814
8.282812500,-0.008804540
8.282875000,-0.008082094
8.282937500,-0.007489334
8.283000000,-0.006965206
8.283062500,-0.006509309
8.283125000,-0.006146845
8.283187500,-0.005916045
8.283250000,-0.005835713
8.283312500,-0.005903131
8.283375000,-0.006000830
8.283437500,-0.005961485
8.283500000,-0.005647464
8.283562500,-0.005066706
8.283625000,-0.004287362
8.283687500,-0.003455940
8.283750000,-0.002729608
8.283812500,-0.002251494
8.283875000,-0.001990608
8.283937500,-0.001805563
8.284000000,-0.001505991
8.284062500,-0.000986004
8.284125000,-0.000161791
8.284187500,0.000951240
8.284250000,0.002258986
8.284312500,0.003579037
8.284375000,0.004825946
8.284437500,0.005974637
8.284500000,0.007059331
8.284562500,0.008087919
8.284625000,0.009158863
8.284687500,0.010362358
8.284750000,0.011765551
8.284812500,0.013338020
8.284875000,0.015094080
8.284937500,0.017008312
8.285000000,0.019013131
8.285062500,0.020939512
8.285125000,0.022681620
8.285187500,0.024153087
8.285250000,0.025319466
8.285312500,0.026154220
8.285375000,0.026791807
8.285437500,0.027419584
8.285500000,0.028237322
8.285562500,0.029335579
8.285625000,0.030805307
8.285687500,0.032617770
8.285750000,0.034637783
8.285812500,0.036593173
8.285875000,0.038294997
8.285937500,0.039601654
8.286000000,0.040473495
8.286062500,0.040919632
8.286125000,0.041123480
8.286187500,0.041292656
8.286250000,0.041602992
8.286312500,0.042082440
8.286375000,0.042757858
8.286437500,0.043569177
8.286500000,0.044426721
8.286562500,0.045190390
8.286625000,0.045867197
8.286687500,0.046499956
8.286750000,0.047156330
8.286812500,0.047823671
8.286875000,0.048544269
8.286937500,0.049286716
8.287000000,0.049980059
8.287062500,0.050479323
8.287125000,0.050772376
8.287187500,0.050869294
8.287250000,0.050827179
8.287312500,0.050660294
8.287375000,0.050495099
8.287437500,0.050390650
8.287500000,0.050356556
8.287562500,0.050285514
8.287625000,0.050189503
8.287687500,0.050050542
8.287750000,0.049885936
8.287812500,0.049671084
8.287875000,0.049548753
8.287937500,0.049586236
8.288000000,0.049791813
8.288062500,0.050015796
8.288125000,0.050213542
8.288187500,0.050262913
8.288250000,0.050074182
8.288312500,0.049543317
8.288375000,0.048841625
8.288437500,0.048140671
8.288500000,0.047626950
8.288562500,0.047342673
8.288625000,0.047435664
8.288687500,0.047860559
8.288750000,0.048474070
8.288812500,0.048985027
8.288875000,0.049318250
8.288937500,0.049374811
8.289000000,0.049132939
8.289062500,0.048542153
8.289125000,0.047809668
8.289187500,0.047063828
8.289250000,0.046403330
8.289312500,0.045775510
8.289375000,0.045309946
8.289437500,0.045017883
8.289500000,0.044897340
8.289562500,0.044836417
8.289625000,0.044954997
8.289687500,0.045264460
8.289750000,0.045744464
8.289812500,0.046225943
8.289875000,0.046752326
8.289937500,0.047264624
8.290000000,0.047721073
8.290062500,0.048008043
8.290125000,0.048284676
8.290187500,0.048635595
8.290250000,0.049132939
8.290312500,0.049701702
8.290375000,0.050443046
8.290437500,0.051313687
8.290500000,0.052239046
8.290562500,0.053040188
8.290625000,0.053792581
8.290687500,0.054515254
8.290750000,0.055251025
8.290812500,0.055937152
8.290875000,0.056705631
8.290937500,0.057538733
8.291000000,0.058357134
8.291062500,0.058946226
8.291125000,0.059315965
8.291187500,0.059444204
8.291250000,0.059392504
8.291312500,0.059204213
8.291375000,0.059165820
8.291437500,0.059432957
8.291500000,0.060051370
8.291562500,0.060835693
8.291625000,0.061713234
8.291687500,0.062496915
8.291750000,0.063063353
8.291812500,0.063315473
8.291875000,0.063485913
8.291937500,0.063766062
8.292000000,0.064286970
8.292062500,0.064941093
8.292125000,0.065681674
8.292187500,0.066285908
8.292250000,0.066545956
8.292312500,0.066269897
8.292375000,0.065639488
8.292437500,0.064869314
8.292500000,0.064192846
8.292562500,0.063658297
8.292625000,0.063384578
8.292687500,0.063270442
8.292750000,0.063157476
8.292812500,0.062827066
8.292875000,0.062376752
8.292937500,0.061909061
8.293000000,0.061557360
8.293062500,0.061305065
8.293125000,0.061245587
8.293187500,0.061263617
8.293250000,0.061180864
8.293312500,0.060736850
8.293375000,0.059992876
8.293437500,0.059022758
8.293500000,0.057980634
8.293562500,0.056934908
8.293625000,0.056146663
8.293687500,0.055686329
8.293750000,0.055533402
8.293812500,0.055502445
8.293875000,0.055625699
8.293937500,0.055838786
8.294000000,0.056098148
8.294062500,0.056279745
8.294125000,0.056512468
8.294187500,0.056822471
8.294250000,0.057227641
8.294312500,0.057629857
8.294375000,0.058140565
8.294437500,0.058723114
8.294500000,0.059298374
8.294562500,0.059663009
8.294625000,0.059851661
8.294687500,0.059821006
8.294750000,0.059580751
8.294812500,0.059100255
8.294875000,0.058614124
8.294937500,0.058226772
8.295000000,0.057980634
8.295062500,0.057746455
8.295125000,0.057565391
8.295187500,0.057349227
8.295250000,0.057039391
8.295312500,0.056557264
8.295375000,0.056117032
8.295437500,0.055861656
8.295500000,0.055909898
8.295562500,0.056219399
8.295625000,0.056851633
8.295687500,0.057663165
8.295750000,0.058451258
8.295812500,0.058942948
8.295875000,0.059138063
8.295937500,0.059036829
8.296000000,0.058733631
8.296062500,0.058302045
8.296125000,0.057997432
8.296187500,0.057901509
8.296250000,0.057980634
8.296312500,0.058030218
8.296375000,0.057972219
8.296437500,0.057660889
8.296500000,0.057039391
8.296562500,0.056104839
8.296625000,0.055118855
8.296687500,0.054264706
8.296750000,0.053650912
8.296812500,0.053199835
8.296875000,0.052886847
8.296937500,0.052545156
8.297000000,0.052050799
8.297062500,0.051340394
8.297125000,0.050634220
8.297187500,0.050109379
8.297250000,0.049885936
8.297312500,0.049892522
8.297375000,0.050061442
8.297437500,0.050137803
8.297500000,0.049885936
8.297562500,0.049151860
8.297625000,0.048101261
8.297687500,0.046928987
8.297750000,0.045838587
8.297812500,0.044893268
8.297875000,0.044156332
8.297937500,0.043489370
8.298000000,0.042732481
8.298062500,0.041767661
8.298125000,0.040737696
8.298187500,0.039789230
8.298250000,0.039061632
8.298312500,0.038556453
8.298375000,0.038256887
8.298437500,0.037941061
8.298500000,0.037367389
8.298562500,0.036361564
8.298625000,0.035043802
8.298687500,0.033600770
8.298750000,0.032284670
8.298812500,0.031272598
8.298875000,0.030716859
8.298937500,0.030508094
8.299000000,0.030402184
8.299062500,0.030097138
8.299125000,0.029470619
8.299187500,0.028450876
8.299250000,0.027107829
8.299312500,0.025594795
8.299375000,0.024192406
8.299437500,0.023050504
8.299500000,0.022213360
8.299562500,0.021598520
8.299625000,0.021146640
8.299687500,0.020702010
8.299750000,0.020142624
8.299812500,0.019406049
8.299875000,0.018601177
8.299937500,0.017814500
8.300000000,0.017130643
8.300062500,0.016576888
8.300125000,0.016188616
8.300187500,0.015857780
8.300250000,0.015436403
8.300312500,0.014787957
8.300375000,0.013907730
8.300437500,0.012809721
8.300500000,0.011577302
8.300562500,0.010332941
8.300625000,0.009238025
8.300687500,0.008342344
8.300750000,0.007624077
8.300812500,0.007014182
8.300875000,0.006460051
8.300937500,0.005867580
8.301000000,0.005176842
8.301062500,0.004387429
8.301125000,0.003567538
8.301187500,0.002753916
8.301250000,0.001976613
8.301312500,0.001263012
8.301375000,0.000640358
8.301437500,0.000076221
8.301500000,-0.000470622
8.301562500,-0.001011736
8.301625000,-0.001522312
8.301687500,-0.001983590
8.301750000,-0.002353110
8.301812500,-0.002556359
8.301875000,-0.002549844
8.301937500,-0.002379876
8.302000000,-0.002164861
8.302062500,-0.002039452
8.302125000,-0.002158309
8.302187500,-0.002636992
8.302250000,-0.003482603
8.302312500,-0.004550548
8.302375000,-0.005644921
8.302437500,-0.006599235
8.302500000,-0.007341704
8.302562500,-0.007902411
8.302625000,-0.008447744
8.302687500,-0.009188166
8.302750000,-0.010259560
8.302812500,-0.011616603
8.302875000,-0.013091746
8.302937500,-0.014457832
8.303000000,-0.015530528
8.303062500,-0.016227819
8.303125000,-0.016661324
8.303187500,-0.017050590
8.303250000,-0.017601265
8.303312500,-0.018362621
8.303375000,-0.019252982
8.303437500,-0.020072483
8.303500000,-0.020613244
8.303562500,-0.020745657
8.303625000,-0.020550946
8.303687500,-0.020257283
8.303750000,-0.020142624
8.303812500,-0.020386228
8.303875000,-0.021056836
8.303937500,-0.022067739
8.304000000,-0.023248728
8.304062500,-0.024413601
8.304125000,-0.025493085
8.304187500,-0.026498806
8.304250000,-0.027484328
8.304312500,-0.028451107
8.304375000,-0.029374963
8.304437500,-0.030157529
8.304500000,-0.030684557
8.304562500,-0.030859763
8.304625000,-0.030717889
8.304687500,-0.030362938
8.304750000,-0.029931562
8.304812500,-0.029506408
8.304875000,-0.029154116
8.304937500,-0.028868195
8.305000000,-0.028613821
8.305062500,-0.028338050
8.305125000,-0.028077500
8.305187500,-0.027875755
8.305250000,-0.027766701
8.305312500,-0.027711203
8.305375000,-0.027672080
8.305437500,-0.027559318
8.305500000,-0.027296079
8.305562500,-0.026830764
8.305625000,-0.026247459
8.305687500,-0.025648164
8.305750000,-0.025131216
8.305812500,-0.024712069
8.305875000,-0.024398174
8.305937500,-0.024102749
8.306000000,-0.023719350
8.306062500,-0.023141639
8.306125000,-0.022402631
8.306187500,-0.021561230
8.306250000,-0.020707369
8.306312500,-0.019894831
8.306375000,-0.019217955
8.306437500,-0.018702174
8.306500000,-0.018354259
8.306562500,-0.018149167
8.306625000,-0.018146317
8.306687500,-0.018351868
8.306750000,-0.018730756
8.306812500,-0.019160748
8.306875000,-0.019563831
8.306937500,-0.019818997
8.307000000,-0.019860249
8.307062500,-0.019678431
8.307125000,-0.019438041
8.307187500,-0.019279886
8.307250000,-0.019295502
8.307312500,-0.019441640
8.307375000,-0.019658392
8.307437500,-0.019781474
8.307500000,-0.019672001
8.307562500,-0.019256774
8.307625000,-0.018668374
8.307687500,-0.018066596
8.307750000,-0.017601265
8.307812500,-0.017308179
8.307875000,-0.017193720
8.307937500,-0.017142266
8.308000000,-0.017036518
8.308062500,-0.016802944
8.308125000,-0.016543604
8.308187500,-0.016372187
8.308250000,-0.016377648
8.308312500,-0.016534150
8.308375000,-0.016771687
8.308437500,-0.016921664
8.308500000,-0.016848268
8.308562500,-0.016510917
8.308625000,-0.016068676
8.308687500,-0.015718818
8.308750000,-0.015624652
8.308812500,-0.015803875
8.308875000,-0.016167333
8.308937500,-0.016491612
8.309000000,-0.016565897
8.309062500,-0.016291665
8.309125000,-0.015781535
8.309187500,-0.015238762
8.309250000,-0.014871657
8.309312500,-0.014773039
8.309375000,-0.014917810
8.309437500,-0.015136842
8.309500000,-0.015248154
8.309562500,-0.015159630
8.309625000,-0.014945180
8.309687500,-0.014743153
8.309750000,-0.014683408
8.309812500,-0.014798158
8.309875000,-0.015004043
8.309937500,-0.015112968
8.310000000,-0.014965781
8.310062500,-0.014548389
8.310125000,-0.013991789
8.310187500,-0.013485188
8.310250000,-0.013177417
8.310312500,-0.013107962
8.310375000,-0.013117239
8.310437500,-0.012934003
8.310500000,-0.012330297
8.310562500,-0.011297931
8.310625000,-0.009998635
8.310687500,-0.008733906
8.310750000,-0.007812326
8.310812500,-0.007457269
8.310875000,-0.007600049
8.310937500,-0.007962889
8.311000000,-0.008188824
8.311062500,-0.008064948
8.311125000,-0.007484756
8.311187500,-0.006540712
8.311250000,-0.005459215
8.311312500,-0.004558622
8.311375000,-0.003959503
8.311437500,-0.003625337
8.311500000,-0.003388479
8.311562500,-0.003122660
8.311625000,-0.002625061
8.311687500,-0.001796699
8.311750000,-0.000658871
8.311812500,0.000573291
8.311875000,0.001798401
8.311937500,0.002951287
8.312000000,0.004047350
8.312062500,0.005069932
8.312125000,0.006206180
8.312187500,0.007640315
8.312250000,0.009506566
8.312312500,0.011723710
8.312375000,0.014285385
8.312437500,0.017101627
8.312500000,0.020048497
8.312562500,0.022871684
8.312625000,0.025542272
8.312687500,0.028068850
8.312750000,0.030496309
8.312812500,0.032730162
8.312875000,0.034867004
8.312937500,0.036964595
8.313000000,0.039061632
8.313062500,0.041029625
8.313125000,0.042951085
8.313187500,0.044884428
8.313250000,0.046873957
8.313312500,0.048771564
8.313375000,0.050635017
8.313437500,0.052476306
8.313500000,0.054309785
8.313562500,0.055996824
8.313625000,0.057678845
8.313687500,0.059489779
8.313750000,0.061557360
8.313812500,0.063784018
8.313875000,0.066255644
8.313937500,0.068937272
8.314000000,0.071722798
8.314062500,0.074287452
8.314125000,0.076587752
8.314187500,0.078600235
8.314250000,0.080382243
8.314312500,0.081877746
8.314375000,0.083339483
8.314437500,0.084962405
8.314500000,0.086876824
8.314562500,0.088929504
8.314625000,0.091157079
8.314687500,0.093483955
8.314750000,0.095818654
8.314812500,0.097902276
8.314875000,0.099827662
8.314937500,0.101674467
8.315000000,0.103536852
8.315062500,0.105282053
8.315125000,0.107039481
8.315187500,0.108798303
8.315250000,0.110502049
8.315312500,0.111886978
8.315375000,0.113058865
8.315437500,0.114091985
8.315500000,0.115114152
8.315562500,0.116079181
8.315625000,0.117260255
8.315687500,0.118758522
8.315750000,0.120573364
8.315812500,0.122411095
8.315875000,0.124258935
8.315937500,0.125974312
8.316000000,0.127444446
8.316062500,0.128432810
8.316125000,0.129132599
8.316187500,0.129669026
8.316250000,0.130174056
8.316312500,0.130553946
8.316375000,0.131009325
8.316437500,0.131533235
8.316500000,0.132056549
8.316562500,0.132300153
8.316625000,0.132384241
8.316687500,0.132337838
8.316750000,0.132244796
8.316812500,0.132040158
8.316875000,0.132039696
8.316937500,0.132352591
8.317000000,0.132997781
8.317062500,0.133719131
8.317125000,0.134571329
8.317187500,0.135411665
8.317250000,0.136103898
8.317312500,0.136382356
8.317375000,0.136426955
8.317437500,0.136285052
8.317500000,0.136009768
8.317562500,0.135462433
8.317625000,0.134863019
8.317687500,0.134208933
8.317750000,0.133468404
8.317812500,0.132439181
8.317875000,0.131335616
8.317937500,0.130193561
8.318000000,0.129044563
8.318062500,0.127742380
8.318125000,0.126513198
8.318187500,0.125356019
8.318250000,0.124244221
8.318312500,0.122992702
8.318375000,0.121821970
8.318437500,0.120758489
8.318500000,0.119820371
8.318562500,0.118859649
8.318625000,0.118087567
8.318687500,0.117462821
8.318750000,0.116902515
8.318812500,0.116171911
8.318875000,0.115421206
8.318937500,0.114607126
8.319000000,0.113702290
8.319062500,0.112572134
8.319125000,0.111448273
8.319187500,0.110331595
8.319250000,0.109184317
8.319312500,0.107825920
8.319375000,0.106412828
8.319437500,0.104898058
8.319500000,0.103254475
8.319562500,0.101390265
8.319625000,0.099587485
8.319687500,0.097930960
8.319750000,0.096477516
8.319812500,0.095139034
8.319875000,0.094098710
8.319937500,0.093270577
8.320000000,0.092524290
8.320062500,0.091634572
8.320125000,0.090717077
8.320187500,0.089709662
8.320250000,0.088571072
8.320312500,0.087200344
8.320375000,0.085798137
8.320437500,0.084352210
8.320500000,0.082829475
8.320562500,0.081124857
8.320625000,0.079409868
8.320687500,0.077665120
8.320750000,0.075864278
8.320812500,0.073923558
8.320875000,0.072002888
8.320937500,0.070064455
8.321000000,0.068051949
8.321062500,0.065863140
8.321125000,0.063638620
8.321187500,0.061358985
8.321250000,0.059016004
8.321312500,0.056583226
8.321375000,0.054255746
8.321437500,0.052054875
8.321500000,0.049980059
8.321562500,0.047984738
8.321625000,0.046191156
8.321687500,0.044533249
8.321750000,0.042920731
8.321812500,0.041246604
8.321875000,0.039596319
8.321937500,0.037930667
8.322000000,0.036237895
8.322062500,0.034526397
8.322125000,0.032962218
8.322187500,0.031542871
8.322250000,0.030213933
8.322312500,0.028878285
8.322375000,0.027538164
8.322437500,0.026068265
8.322500000,0.024378221
8.322562500,0.022415284
8.322625000,0.020381842
8.322687500,0.018377727
8.322750000,0.016471772
8.322812500,0.014621598
8.322875000,0.012893937
8.322937500,0.011185332
8.323000000,0.009412440
8.323062500,0.007527768
8.323125000,0.005741530
8.323187500,0.004160873
8.323250000,0.002823732
8.323312500,0.001605268
8.323375000,0.000442070
8.323437500,-0.000868479
8.323500000,-0.002447235
8.323562500,-0.004300890
8.323625000,-0.006142465
8.323687500,-0.007774016
8.323750000,-0.009130068
8.323812500,-0.010388284
8.323875000,-0.011720866
8.323937500,-0.013363495
8.324000000,-0.015342278
8.324062500,-0.017435025
8.324125000,-0.019110553
8.324187500,-0.020007893
8.324250000,-0.020142624
8.324312500,-0.020054081
8.324375000,-0.020484056
8.324437500,-0.022151940
8.324500000,-0.025225341
8.324562500,-0.029084152
8.324625000,-0.032301512
8.324687500,-0.033298865
8.324750000,-0.030966930
8.324812500,-0.025231477
8.324875000,-0.017080715
8.324937500,-0.008341800
8.325000000,-0.000941244
8.325062500,0.003792196
8.325125000,0.005645941
8.325187500,0.005365679
8.325250000,0.004235599
8.325312500,0.003439459
8.325375000,0.003654047
8.325437500,0.004824307
8.325500000,0.006400459
8.325562500,0.007724609
8.325625000,0.008453424
8.325687500,0.008643772
8.325750000,0.008659446
8.325812500,0.008896673
8.325875000,0.009586575
8.325937500,0.010664697
8.326000000,0.011859675
8.326062500,0.012863021
8.326125000,0.013523684
8.326187500,0.013885519
8.326250000,0.014118661
8.326312500,0.014381426
8.326375000,0.014724931
8.326437500,0.015085955
8.326500000,0.015342278
8.326562500,0.015404438
8.326625000,0.015264287
8.326687500,0.015018326
8.326750000,0.014777532
8.326812500,0.014588402
8.326875000,0.014374484
8.326937500,0.014027202
8.327000000,0.013459790
8.327062500,0.012682704
8.327125000,0.011789195
8.327187500,0.010981543
8.327250000,0.010447809
8.327312500,0.010280627
8.327375000,0.010389282
8.327437500,0.010626183
8.327500000,0.010824307
8.327562500,0.010866581
8.327625000,0.010742480
8.327687500,0.010531972
8.327750000,0.010353684
8.327812500,0.010288877
8.327875000,0.010368762
8.327937500,0.010544162
8.328000000,0.010730183
8.328062500,0.010846414
8.328125000,0.010881413
8.328187500,0.010859826
8.328250000,0.010824307
8.328312500,0.010793683
8.328375000,0.010759706
8.328437500,0.010665004
8.328500000,0.010447809
8.328562500,0.010078258
8.328625000,0.009595929
8.328687500,0.009066520
8.328750000,0.008565322
8.328812500,0.008143556
8.328875000,0.007816284
8.328937500,0.007537196
8.329000000,0.007247579
8.329062500,0.006923539
8.329125000,0.006592422
8.329187500,0.006303558
8.329250000,0.006118086
8.329312500,0.006086445
8.329375000,0.006208794
8.329437500,0.006412423
8.329500000,0.006588709
8.329562500,0.006648370
8.329625000,0.006528761
8.329687500,0.006211893
8.329750000,0.005741589
8.329812500,0.005233720
8.329875000,0.004803698
8.329937500,0.004546709
8.330000000,0.004517972
8.330062500,0.004742410
8.330125000,0.005156409
8.330187500,0.005635092
8.330250000,0.006023962
8.330312500,0.006202773
8.330375000,0.006055522
8.330437500,0.005521066
8.330500000,0.004612096
8.330562500,0.003444897
8.330625000,0.002149890
8.330687500,0.000867331
8.330750000,-0.000282373
8.330812500,-0.001193610
8.330875000,-0.001871047
8.330937500,-0.002399329
8.331000000,-0.002917857
8.331062500,-0.003543593
8.331125000,-0.004403856
8.331187500,-0.005557029
8.331250000,-0.006965206
8.331312500,-0.008461795
8.331375000,-0.009880344
8.331437500,-0.011070403
8.331500000,-0.011953799
8.331562500,-0.012513101
8.331625000,-0.012879702
8.331687500,-0.013234413
8.331750000,-0.013742164
8.331812500,-0.014448817
8.331875000,-0.015357578
8.331937500,-0.016385363
8.332000000,-0.017413015
8.332062500,-0.018298132
8.332125000,-0.019013388
8.332187500,-0.019599419
8.332250000,-0.020142624
8.332312500,-0.020690106
8.332375000,-0.021310145
8.332437500,-0.022016577
8.332500000,-0.022778107
8.332562500,-0.023499280
8.332625000,-0.024148403
8.332687500,-0.024716590
8.332750000,-0.025225341
8.332812500,-0.025673244
8.332875000,-0.026114462
8.332937500,-0.026587309
8.333000000,-0.027107829
8.333062500,-0.027622672
8.333125000,-0.028130336
8.333187500,-0.028620353
8.333250000,-0.029084442
8.333312500,-0.029464385
8.333375000,-0.029784625
8.333437500,-0.030059824
8.333500000,-0.030308058
8.333562500,-0.030490372
8.333625000,-0.030666294
8.333687500,-0.030876741
8.333750000,-0.031155180
8.333812500,-0.031452462
8.333875000,-0.031809192
8.333937500,-0.032219898
8.334000000,-0.032661170
8.334062500,-0.033022348
8.334125000,-0.033314366
8.334187500,-0.033513922
8.334250000,-0.033602413
8.334312500,-0.033492427
8.334375000,-0.033256654
8.334437500,-0.032953873
8.334500000,-0.032661170
8.334562500,-0.032369845
8.334625000,-0.032202326
8.334687500,-0.032186277
8.334750000,-0.032284670
8.334812500,-0.032313667
8.334875000,-0.032243982
8.334937500,-0.032034013
8.335000000,-0.031719927
8.335062500,-0.031323206
8.335125000,-0.031100310
8.335187500,-0.031234359
8.335250000,-0.031814050
8.335312500,-0.032685157
8.335375000,-0.033762433
8.335437500,-0.034844927
8.335500000,-0.035767276
8.335562500,-0.036367424
8.335625000,-0.036814883
8.335687500,-0.037304018
8.335750000,-0.038026262
8.335812500,-0.038969450
8.335875000,-0.040192682
8.335937500,-0.041569166
8.336000000,-0.042920731
8.336062500,-0.043990511
8.336125000,-0.044829596
8.336187500,-0.045523528
8.336250000,-0.046215083
8.336312500,-0.046919756
8.336375000,-0.047804497
8.336437500,-0.048877172
8.336500000,-0.050074182
8.336562500,-0.051184721
8.336625000,-0.052241039
8.336687500,-0.053241387
8.336750000,-0.054215658
8.336812500,-0.055081341
8.336875000,-0.055967767
8.336937500,-0.056901988
8.337000000,-0.057886511
8.337062500,-0.058798332
8.337125000,-0.059738323
8.337187500,-0.060741998
8.337250000,-0.061839733
8.337312500,-0.062929563
8.337375000,-0.064080186
8.337437500,-0.065248124
8.337500000,-0.066357709
8.337562500,-0.067222632
8.337625000,-0.067874469
8.337687500,-0.068320230
8.337750000,-0.068616696
8.337812500,-0.068763331
8.337875000,-0.068957388
8.337937500,-0.069302283
8.338000000,-0.069840305
8.338062500,-0.070445530
8.338125000,-0.071118735
8.338187500,-0.071761034
8.338250000,-0.072287545
8.338312500,-0.072576113
8.338375000,-0.072748758
8.338437500,-0.072900467
8.338500000,-0.073134668
8.338562500,-0.073442943
8.338625000,-0.073935583
8.338687500,-0.074580662
8.338750000,-0.075299524
8.338812500,-0.075928189
8.338875000,-0.076485470
8.338937500,-0.076938085
8.339000000,-0.077276133
8.339062500,-0.077437297
8.339125000,-0.077508464
8.339187500,-0.077469550
8.339250000,-0.077276133
8.339312500,-0.076817647
8.339375000,-0.076157242
8.339437500,-0.075296305
8.339500000,-0.074264154
8.339562500,-0.073053643
8.339625000,-0.071825668
8.339687500,-0.070626594
8.339750000,-0.069463812
8.339812500,-0.068251051
8.339875000,-0.067051172
8.339937500,-0.065829098
8.340000000,-0.064569339
8.340062500,-0.063233994
8.340125000,-0.061985802
8.340187500,-0.060884438
8.340250000,-0.059957247
8.340312500,-0.059127197
8.340375000,-0.058429468
8.340437500,-0.057746876
8.340500000,-0.056945268
8.340562500,-0.055868756
8.340625000,-0.054581739
8.340687500,-0.053101558
8.340750000,-0.051486049
8.340812500,-0.049763083
8.340875000,-0.048097752
8.340937500,-0.046494298
8.341000000,-0.044897340
8.341062500,-0.043176387
8.341125000,-0.041357778
8.341187500,-0.039389953
8.341250000,-0.037273265
8.341312500,-0.035031062
8.341375000,-0.032889992
8.341437500,-0.030972334
8.341500000,-0.029366815
8.341562500,-0.028069852
8.341625000,-0.027168630
8.341687500,-0.026575947
8.341750000,-0.026166586
8.341812500,-0.025780046
8.341875000,-0.025444044
8.341937500,-0.025109492
8.342000000,-0.024754720
8.342062500,-0.024341263
8.342125000,-0.023974456
8.342187500,-0.023628172
8.342250000,-0.023248728
8.342312500,-0.022745293
8.342375000,-0.022170268
8.342437500,-0.021493999
8.342500000,-0.020707369
8.342562500,-0.019797336
8.342625000,-0.018887412
8.342687500,-0.017999170
8.342750000,-0.017130643
8.342812500,-0.016232740
8.342875000,-0.015355079
8.342937500,-0.014447711
8.343000000,-0.013459790
8.343062500,-0.012335624
8.343125000,-0.011171312
8.343187500,-0.010015911
8.343250000,-0.008941819
8.343312500,-0.008002835
8.343375000,-0.007328856
8.343437500,-0.006915124
8.343500000,-0.006682833
8.343562500,-0.006478185
8.343625000,-0.006222341
8.343687500,-0.005802421
8.343750000,-0.005176842
8.343812500,-0.004380357
8.343875000,-0.003596266
8.343937500,-0.002977104
8.344000000,-0.002635483
8.344062500,-0.002585613
8.344125000,-0.002794453
8.344187500,-0.003098165
8.344250000,-0.003294354
8.344312500,-0.003199901
8.344375000,-0.002770430
8.344437500,-0.002036811
8.344500000,-0.001129493
8.344562500,-0.000222912
8.344625000,0.000472753
8.344687500,0.000857963
8.344750000,0.000941244
8.344812500,0.000837999
8.344875000,0.000664098
8.344937500,0.000552708
8.345000000,0.000564746
8.345062500,0.000675177
8.345125000,0.000740310
8.345187500,0.000633126
8.345250000,0.000282373
8.345312500,-0.000273428
8.345375000,-0.000935431
8.345437500,-0.001525304
8.345500000,-0.001882488
8.345562500,-0.001922580
8.345625000,-0.001704831
8.345687500,-0.001357342
8.345750000,-0.001035369
8.345812500,-0.000847591
8.345875000,-0.000835222
8.345937500,-0.000935840
8.346000000,-0.001035369
8.346062500,-0.001027853
8.346125000,-0.000873163
8.346187500,-0.000597282
8.346250000,-0.000282373
8.346312500,-0.000024941
8.346375000,0.000102820
8.346437500,0.000094166
8.346500000,0.000000000
8.346562500,-0.000101371
8.346625000,-0.000135981
8.346687500,-0.000065798
8.346750000,0.000094124
8.346812500,0.000277232
8.346875000,0.000404245
8.346937500,0.000413247
8.347000000,0.000282373
8.347062500,0.000023146
8.347125000,-0.000296029
8.347187500,-0.000601994
8.347250000,-0.000847120
8.347312500,-0.001049514
8.347375000,-0.001233355
8.347437500,-0.001441370
8.347500000,-0.001694239
8.347562500,-0.001994141
8.347625000,-0.002264468
8.347687500,-0.002428885
8.347750000,-0.002447235
8.347812500,-0.002370542
8.347875000,-0.002257567
8.347937500,-0.002181171
8.348000000,-0.002164861
8.348062500,-0.002178666
8.348125000,-0.002080308
8.348187500,-0.001723630
8.348250000,-0.001035369
8.348312500,-0.000107871
8.348375000,0.000894887
8.348437500,0.001744842
8.348500000,0.002258986
8.348562500,0.002341179
8.348625000,0.002120151
8.348687500,0.001825151
8.348750000,0.001694239
8.348812500,0.001820851
8.348875000,0.002235188
8.348937500,0.002836230
8.349000000,0.003482603
8.349062500,0.004024851
8.349125000,0.004507871
8.349187500,0.005059089
8.349250000,0.005835713
8.349312500,0.006874901
8.349375000,0.008198041
8.349437500,0.009696821
8.349500000,0.011200804
8.349562500,0.012484043
8.349625000,0.013510169
8.349687500,0.014328189
8.349750000,0.015059905
8.349812500,0.015760399
8.349875000,0.016554222
8.349937500,0.017467430
8.350000000,0.018448384
8.350062500,0.019319158
8.350125000,0.020026235
8.350187500,0.020541366
8.350250000,0.020895619
8.350312500,0.021089381
8.350375000,0.021272482
8.350437500,0.021579444
8.350500000,0.022119237
8.350562500,0.022872843
8.350625000,0.023891456
8.350687500,0.025162296
8.350750000,0.026637208
8.350812500,0.028163061
8.350875000,0.029711345
8.350937500,0.031247428
8.351000000,0.032755297
8.351062500,0.034142621
8.351125000,0.035465360
8.351187500,0.036753207
8.351250000,0.038026262
8.351312500,0.039197881
8.351375000,0.040313497
8.351437500,0.041390810
8.351500000,0.042450108
8.351562500,0.043425247
8.351625000,0.044392757
8.351687500,0.045402367
8.351750000,0.046497457
8.351812500,0.047619455
8.351875000,0.048833001
8.351937500,0.050154597
8.352000000,0.051580172
8.352062500,0.052998010
8.352125000,0.054414079
8.352187500,0.055780467
8.352250000,0.057039391
8.352312500,0.058048494
8.352375000,0.058831196
8.352437500,0.059394103
8.352500000,0.059769001
8.352562500,0.059918914
8.352625000,0.059969604
8.352687500,0.059994981
8.352750000,0.060051370
8.352812500,0.060086239
8.352875000,0.060175136
8.352937500,0.060323052
8.353000000,0.060521994
8.353062500,0.060684707
8.353125000,0.060889557
8.353187500,0.061188791
8.353250000,0.061651487
8.353312500,0.062265594
8.353375000,0.063123137
8.353437500,0.064185217
8.353500000,0.065322340
8.353562500,0.066262074
8.353625000,0.066877097
8.353687500,0.067038313
8.353750000,0.066734202
8.353812500,0.066008769
8.353875000,0.065160498
8.353937500,0.064417332
8.354000000,0.063910469
8.354062500,0.063539289
8.354125000,0.063236803
8.354187500,0.062790766
8.354250000,0.062027987
8.354312500,0.060827222
8.354375000,0.059424277
8.354437500,0.058095392
8.354500000,0.057133518
8.354562500,0.056646086
8.354625000,0.056755539
8.354687500,0.057299063
8.354750000,0.057980634
8.354812500,0.058397014
8.354875000,0.058438379
8.354937500,0.058048703
8.355000000,0.057321765
8.355062500,0.056359250
8.355125000,0.055474479
8.355187500,0.054793943
8.355250000,0.054309785
8.355312500,0.053808857
8.355375000,0.053218070
8.355437500,0.052375942
8.355500000,0.051203676
8.355562500,0.049664639
8.355625000,0.048034873
8.355687500,0.046538565
8.355750000,0.045367967
8.355812500,0.044539120
8.355875000,0.044147130
8.355937500,0.044073984
8.356000000,0.044144347
8.356062500,0.044119336
8.356125000,0.044032950
8.356187500,0.043893710
8.356250000,0.043767847
8.356312500,0.043664265
8.356375000,0.043760683
8.356437500,0.044065051
8.356500000,0.044520844
8.356562500,0.044968959
8.356625000,0.045428053
8.356687500,0.045828525
8.356750000,0.046120960
8.356812500,0.046219010
8.356875000,0.046218995
8.356937500,0.046122763
8.357000000,0.045932710
8.357062500,0.045610629
8.357125000,0.045278661
8.357187500,0.044971060
8.357250000,0.044709094
8.357312500,0.044448785
8.357375000,0.044258289
8.357437500,0.044086304
8.357500000,0.043861974
8.357562500,0.043481655
8.357625000,0.043000966
8.357687500,0.042424552
8.357750000,0.041791238
8.357812500,0.041134309
8.357875000,0.040610015
8.357937500,0.040265754
8.358000000,0.040096994
8.358062500,0.040020522
8.358125000,0.040011488
8.358187500,0.039948631
8.358250000,0.039720498
8.358312500,0.039242353
8.358375000,0.038570251
8.358437500,0.037739340
8.358500000,0.036802646
8.358562500,0.035796836
8.358625000,0.034801904
8.358687500,0.033801332
8.358750000,0.032755297
8.358812500,0.031623293
8.358875000,0.030443732
8.358937500,0.029216660
8.359000000,0.027954949
8.359062500,0.026677184
8.359125000,0.025446801
8.359187500,0.024250474
8.359250000,0.023060480
8.359312500,0.021852305
8.359375000,0.020662377
8.359437500,0.019471072
8.359500000,0.018260136
8.359562500,0.017025275
8.359625000,0.015813155
8.359687500,0.014620759
8.359750000,0.013459790
8.359812500,0.012372431
8.359875000,0.011440603
8.359937500,0.010660790
8.360000000,0.009977187
8.360062500,0.009303902
8.360125000,0.008554148
8.360187500,0.007604973
8.360250000,0.006400459
8.360312500,0.005010252
8.360375000,0.003600013
8.360437500,0.002308370
8.360500000,0.001223617
8.360562500,0.000369764
8.360625000,-0.000329927
8.360687500,-0.001056983
8.360750000,-0.001976613
8.360812500,-0.003130495
8.360875000,-0.004454636
8.360937500,-0.005858319
8.361000000,-0.007247579
8.361062500,-0.008538273
8.361125000,-0.009733433
8.361187500,-0.010915175
8.361250000,-0.012142048
8.361312500,-0.013344784
8.361375000,-0.014402766
8.361437500,-0.015207938
8.361500000,-0.015718777
8.361562500,-0.015959226
8.361625000,-0.016126452
8.361687500,-0.016484732
8.361750000,-0.017224766
8.361812500,-0.018298846
8.361875000,-0.019549130
8.361937500,-0.020733738
8.362000000,-0.021648614
8.362062500,-0.022166388
8.362125000,-0.022444235
8.362187500,-0.022773435
8.362250000,-0.023436978
8.362312500,-0.024488814
8.362375000,-0.025887325
8.362437500,-0.027433576
8.362500000,-0.028896192
8.362562500,-0.030050505
8.362625000,-0.030946540
8.362687500,-0.031753398
8.362750000,-0.032661170
8.362812500,-0.033679537
8.362875000,-0.034788121
8.362937500,-0.035846032
8.363000000,-0.036708519
8.363062500,-0.037246246
8.363125000,-0.037597336
8.363187500,-0.037978042
8.363250000,-0.038591005
8.363312500,-0.039430674
8.363375000,-0.040455278
8.363437500,-0.041487787
8.363500000,-0.042355984
8.363562500,-0.042917266
8.363625000,-0.043341428
8.363687500,-0.043885496
8.363750000,-0.044803217
8.363812500,-0.046124473
8.363875000,-0.047840316
8.363937500,-0.049744003
8.364000000,-0.051580172
8.364062500,-0.053073067
8.364125000,-0.054268476
8.364187500,-0.055307083
8.364250000,-0.056380518
8.364312500,-0.057523098
8.364375000,-0.058816258
8.364437500,-0.060175061
8.364500000,-0.061463237
8.364562500,-0.062478226
8.364625000,-0.063280232
8.364687500,-0.063948043
8.364750000,-0.064569339
8.364812500,-0.065074205
8.364875000,-0.065480046
8.364937500,-0.065687381
8.365000000,-0.065604717
8.365062500,-0.065117583
8.365125000,-0.064401716
8.365187500,-0.063632615
8.365250000,-0.062969230
8.365312500,-0.062379848
8.365375000,-0.061921544
8.365437500,-0.061513931
8.365500000,-0.061086740
8.365562500,-0.060548034
8.365625000,-0.060104091
8.365687500,-0.059929069
8.365750000,-0.060145497
8.365812500,-0.060646791
8.365875000,-0.061380561
8.365937500,-0.062128317
8.366000000,-0.062686861
8.366062500,-0.062870517
8.366125000,-0.062854923
8.366187500,-0.062847264
8.366250000,-0.063063353
8.366312500,-0.063522719
8.366375000,-0.064294048
8.366437500,-0.065219007
8.366500000,-0.066075332
8.366562500,-0.066581495
8.366625000,-0.066778645
8.366687500,-0.066726960
8.366750000,-0.066545956
8.366812500,-0.066243164
8.366875000,-0.065978169
8.366937500,-0.065727122
8.367000000,-0.065416463
8.367062500,-0.064883813
8.367125000,-0.064262465
8.367187500,-0.063645251
8.367250000,-0.063157476
8.367312500,-0.062803254
8.367375000,-0.062761635
8.367437500,-0.063008666
8.367500000,-0.063439853
8.367562500,-0.063967250
8.367625000,-0.064412721
8.367687500,-0.064556323
8.367750000,-0.064286970
8.367812500,-0.063759580
8.367875000,-0.063203335
8.367937500,-0.062800050
8.368000000,-0.062592737
8.368062500,-0.062511913
8.368125000,-0.062251363
8.368187500,-0.061482366
8.368250000,-0.060145497
8.368312500,-0.058676768
8.368375000,-0.057682291
8.368437500,-0.057614353
8.368500000,-0.058451258
8.368562500,-0.059669714
8.368625000,-0.060295414
8.368687500,-0.059480693
8.368750000,-0.057133518
8.368812500,-0.054238774
8.368875000,-0.052282084
8.368937500,-0.052419730
8.369000000,-0.054686282
8.369062500,-0.057820346
8.369125000,-0.059644226
8.369187500,-0.058331400
8.369250000,-0.053745035
8.369312500,-0.048052851
8.369375000,-0.044757601
8.369437500,-0.046861764
8.369500000,-0.054874528
8.369562500,-0.065816797
8.369625000,-0.073631577
8.369687500,-0.071505733
8.369750000,-0.054968655
8.369812500,-0.024352785
8.369875000,0.014983910
8.369937500,0.054449841
8.370000000,0.085464962
8.370062500,0.102631003
8.370125000,0.105718389
8.370187500,0.099191621
8.370250000,0.089794680
8.370312500,0.083390698
8.370375000,0.082874425
8.370437500,0.087584756
8.370500000,0.094406784
8.370562500,0.099731326
8.370625000,0.101493999
8.370687500,0.099903598
8.370750000,0.096854016
8.370812500,0.094495654
8.370875000,0.094173156
8.370937500,0.095845081
8.371000000,0.098360009
8.371062500,0.100212336
8.371125000,0.100590661
8.371187500,0.099698946
8.371250000,0.098454133
8.371312500,0.097754128
8.371375000,0.098107494
8.371437500,0.099388853
8.371500000,0.100995496
8.371562500,0.102165341
8.371625000,0.102554746
8.371687500,0.102324344
8.371750000,0.101936735
8.371812500,0.101744622
8.371875000,0.101944946
8.371937500,0.102472417
8.372000000,0.103066221
8.372062500,0.103347115
8.372125000,0.103169613
8.372187500,0.102626160
8.372250000,0.101936735
8.372312500,0.101223715
8.372375000,0.100626476
8.372437500,0.100233234
8.372500000,0.100054242
8.372562500,0.099864297
8.372625000,0.099763811
8.372687500,0.099687099
8.372750000,0.099583626
8.372812500,0.099268317
8.372875000,0.098963134
8.372937500,0.098738015
8.373000000,0.098642379
8.373062500,0.098518938
8.373125000,0.098541237
8.373187500,0.098668888
8.373250000,0.098830633
8.373312500,0.098785721
8.373375000,0.098691083
8.373437500,0.098548025
8.373500000,0.098360009
8.373562500,0.097956523
8.373625000,0.097537138
8.373687500,0.097109206
8.373750000,0.096665770
8.373812500,0.096034609
8.373875000,0.095443241
8.373937500,0.094949216
8.374000000,0.094595030
8.374062500,0.094225734
8.374125000,0.094048530
8.374187500,0.094057709
8.374250000,0.094218530
8.374312500,0.094311714
8.374375000,0.094513059
8.374437500,0.094808236
8.374500000,0.095159777
8.374562500,0.095335647
8.374625000,0.095489763
8.374687500,0.095593527
8.374750000,0.095630392
8.374812500,0.095439047
8.374875000,0.095275134
8.374937500,0.095206074
8.375000000,0.095253900
8.375062500,0.095210858
8.375125000,0.095204100
8.375187500,0.095151290
8.375250000,0.094971523
8.375312500,0.094457768
8.375375000,0.093845710
8.375437500,0.093232684
8.375500000,0.092712536
8.375562500,0.092174940
8.375625000,0.091839723
8.375687500,0.091692857
8.375750000,0.091677174
8.375812500,0.091558732
8.375875000,0.091508657
8.375937500,0.091542296
8.376000000,0.091677174
8.376062500,0.091750771
8.376125000,0.091960125
8.376187500,0.092294522
8.376250000,0.092712536
8.376312500,0.092995398
8.376375000,0.093310975
8.376437500,0.093658976
8.376500000,0.094030283
8.376562500,0.094232157
8.376625000,0.094438545
8.376687500,0.094633378
8.376750000,0.094783276
8.376812500,0.094685681
8.376875000,0.094533347
8.376937500,0.094364129
8.377000000,0.094218530
8.377062500,0.093960002
8.377125000,0.093812846
8.377187500,0.093788028
8.377250000,0.093842037
8.377312500,0.093721353
8.377375000,0.093543969
8.377437500,0.093271464
8.377500000,0.092900790
8.377562500,0.092306785
8.377625000,0.091786183
8.377687500,0.091459773
8.377750000,0.091394804
8.377812500,0.091410063
8.377875000,0.091634691
8.377937500,0.091977604
8.378000000,0.092336044
8.378062500,0.092468202
8.378125000,0.092554800
8.378187500,0.092630759
8.378250000,0.092712536
8.378312500,0.092614301
8.378375000,0.092482619
8.378437500,0.092293292
8.378500000,0.092053667
8.378562500,0.091673881
8.378625000,0.091477484
8.378687500,0.091614835
8.378750000,0.092147797
8.378812500,0.092850029
8.378875000,0.093721054
8.378937500,0.094528787
8.379000000,0.095065653
8.379062500,0.095088780
8.379125000,0.094848841
8.379187500,0.094528995
8.379250000,0.094312660
8.379312500,0.094152987
8.379375000,0.094220109
8.379437500,0.094413392
8.379500000,0.094595030
8.379562500,0.094533451
8.379625000,0.094429903
8.379687500,0.094387680
8.379750000,0.094500907
8.379812500,0.094648384
8.379875000,0.094948538
8.379937500,0.095285393
8.380000000,0.095536269
8.380062500,0.095504947
8.380125000,0.095415764
8.380187500,0.095374107
8.380250000,0.095442146
8.380312500,0.095444404
8.380375000,0.095416375
8.380437500,0.095180124
8.380500000,0.094595030
8.380562500,0.093517952
8.380625000,0.092267811
8.380687500,0.091085345
8.380750000,0.090171181
8.380812500,0.089463159
8.380875000,0.089031905
8.380937500,0.088659361
8.381000000,0.088100448
8.381062500,0.087086551
8.381125000,0.085804306
8.381187500,0.084414750
8.381250000,0.083111852
8.381312500,0.081910945
8.381375000,0.080990478
8.381437500,0.080251358
8.381500000,0.079535127
8.381562500,0.078614183
8.381625000,0.077643141
8.381687500,0.076715425
8.381750000,0.075958401
8.381812500,0.075362399
8.381875000,0.075104587
8.381937500,0.075103693
8.382000000,0.075205401
8.382062500,0.075154632
8.382125000,0.075017899
8.382187500,0.074775822
8.382250000,0.074452408
8.382312500,0.073989294
8.382375000,0.073563181
8.382437500,0.073146880
8.382500000,0.072664037
8.382562500,0.071938671
8.382625000,0.071077883
8.382687500,0.070082076
8.382750000,0.068993188
8.382812500,0.067799471
8.382875000,0.066731900
8.382937500,0.065824635
8.383000000,0.065039963
8.383062500,0.064204961
8.383125000,0.063364208
8.383187500,0.062431198
8.383250000,0.061369114
8.383312500,0.060139369
8.383375000,0.058977753
8.383437500,0.057970557
8.383500000,0.057133518
8.383562500,0.056324657
8.383625000,0.055534150
8.383687500,0.054590601
8.383750000,0.053368539
8.383812500,0.051797427
8.383875000,0.050127994
8.383937500,0.048554420
8.384000000,0.047250453
8.384062500,0.046239410
8.384125000,0.045596596
8.384187500,0.045158103
8.384250000,0.044709094
8.384312500,0.044026569
8.384375000,0.043165006
8.384437500,0.042167336
8.384500000,0.041132364
8.384562500,0.040106092
8.384625000,0.039248195
8.384687500,0.038524237
8.384750000,0.037838012
8.384812500,0.037038449
8.384875000,0.036170006
8.384937500,0.035209741
8.385000000,0.034167159
8.385062500,0.033028442
8.385125000,0.031933069
8.385187500,0.030898748
8.385250000,0.029931562
8.385312500,0.029004471
8.385375000,0.028235156
8.385437500,0.027619157
8.385500000,0.027107829
8.385562500,0.026573636
8.385625000,0.025987525
8.385687500,0.025222113
8.385750000,0.024189973
8.385812500,0.022857977
8.385875000,0.021405190
8.385937500,0.019979283
8.386000000,0.018730756
8.386062500,0.017738912
8.386125000,0.017108222
8.386187500,0.016765185
8.386250000,0.016565897
8.386312500,0.016329395
8.386375000,0.016011102
8.386437500,0.015553262
8.386500000,0.014965781
8.386562500,0.014295265
8.386625000,0.013694334
8.386687500,0.013224530
8.386750000,0.012895043
8.386812500,0.012644391
8.386875000,0.012453344
8.386937500,0.012221464
8.387000000,0.011859675
8.387062500,0.011303245
8.387125000,0.010615126
8.387187500,0.009838934
8.387250000,0.009035943
8.387312500,0.008249218
8.387375000,0.007570055
8.387437500,0.006997555
8.387500000,0.006494584
8.387562500,0.005989893
8.387625000,0.005489266
8.387687500,0.004967663
8.387750000,0.004423847
8.387812500,0.003859697
8.387875000,0.003350612
8.387937500,0.002914149
8.388000000,0.002541359
8.388062500,0.002181682
8.388125000,0.001833988
8.388187500,0.001459114
8.388250000,0.001035369
8.388312500,0.000553510
8.388375000,0.000083999
8.388437500,-0.000330525
8.388500000,-0.000658871
8.388562500,-0.000906516
8.388625000,-0.001065979
8.388687500,-0.001183916
8.388750000,-0.001317742
8.388812500,-0.001523643
8.388875000,-0.001787763
8.388937500,-0.002083226
8.389000000,-0.002353110
8.389062500,-0.002539975
8.389125000,-0.002568797
8.389187500,-0.002429546
8.389250000,-0.002164861
8.389312500,-0.001864624
8.389375000,-0.001602942
8.389437500,-0.001447743
8.389500000,-0.001411866
8.389562500,-0.001446104
8.389625000,-0.001431353
8.389687500,-0.001256469
8.389750000,-0.000847120
8.389812500,-0.000198210
8.389875000,0.000633932
8.389937500,0.001528205
8.390000000,0.002353110
8.390062500,0.003013212
8.390125000,0.003479353
8.390187500,0.003773646
8.390250000,0.003953225
8.390312500,0.004085100
8.390375000,0.004200869
8.390437500,0.004292713
8.390500000,0.004329723
8.390562500,0.004296167
8.390625000,0.004178696
8.390687500,0.003990923
8.390750000,0.003764976
8.390812500,0.003555181
8.390875000,0.003375362
8.390937500,0.003227583
8.391000000,0.003106105
8.391062500,0.003028079
8.391125000,0.002988097
8.391187500,0.002986822
8.391250000,0.003011981
8.391312500,0.003051682
8.391375000,0.003038023
8.391437500,0.002910556
8.391500000,0.002635483
8.391562500,0.002250805
8.391625000,0.001789319
8.391687500,0.001308305
8.391750000,0.000847120
8.391812500,0.000435796
8.391875000,0.000023903
8.391937500,-0.000432153
8.392000000,-0.000941244
8.392062500,-0.001426172
8.392125000,-0.001823142
8.392187500,-0.002069035
8.392250000,-0.002164861
8.392312500,-0.002169983
8.392375000,-0.002267484
8.392437500,-0.002638147
8.392500000,-0.003388479
8.392562500,-0.004462226
8.392625000,-0.005728567
8.392687500,-0.006992726
8.392750000,-0.008094699
8.392812500,-0.008947685
8.392875000,-0.009643313
8.392937500,-0.010346007
8.393000000,-0.011200804
8.393062500,-0.012209676
8.393125000,-0.013275418
8.393187500,-0.014198307
8.393250000,-0.014777532
8.393312500,-0.014882003
8.393375000,-0.014595263
8.393437500,-0.014148190
8.393500000,-0.013836288
8.393562500,-0.013867307
8.393625000,-0.014358759
8.393687500,-0.015255775
8.393750000,-0.016377648
8.393812500,-0.017463583
8.393875000,-0.018354366
8.393937500,-0.018984448
8.394000000,-0.019389628
8.394062500,-0.019629762
8.394125000,-0.019836724
8.394187500,-0.020112943
8.394250000,-0.020519121
8.394312500,-0.021030344
8.394375000,-0.021643419
8.394437500,-0.022312803
8.394500000,-0.022966355
8.394562500,-0.023478869
8.394625000,-0.023808189
8.394687500,-0.023955924
8.394750000,-0.024001725
8.394812500,-0.024049576
8.394875000,-0.024289140
8.394937500,-0.024839690
8.395000000,-0.025695963
8.395062500,-0.026662158
8.395125000,-0.027508965
8.395187500,-0.027987314
8.395250000,-0.027954949
8.395312500,-0.027403556
8.395375000,-0.026576653
8.395437500,-0.025788272
8.395500000,-0.025319466
8.395562500,-0.025265649
8.395625000,-0.025613327
8.395687500,-0.026177838
8.395750000,-0.026731333
8.395812500,-0.027074797
8.395875000,-0.027219726
8.395937500,-0.027272146
8.396000000,-0.027390203
8.396062500,-0.027659612
8.396125000,-0.028129807
8.396187500,-0.028715100
8.396250000,-0.029272690
8.396312500,-0.029653233
8.396375000,-0.029839288
8.396437500,-0.029870544
8.396500000,-0.029837437
8.396562500,-0.029810168
8.396625000,-0.029854918
8.396687500,-0.029946636
8.396750000,-0.030025685
8.396812500,-0.030035008
8.396875000,-0.029996179
8.396937500,-0.029944221
8.397000000,-0.029931562
8.397062500,-0.029995224
8.397125000,-0.030152397
8.397187500,-0.030345095
8.397250000,-0.030496309
8.397312500,-0.030561389
8.397375000,-0.030541953
8.397437500,-0.030448359
8.397500000,-0.030308058
8.397562500,-0.030162409
8.397625000,-0.030023908
8.397687500,-0.029843412
8.397750000,-0.029555064
8.397812500,-0.029133989
8.397875000,-0.028570279
8.397937500,-0.027856784
8.398000000,-0.027013704
8.398062500,-0.026119702
8.398125000,-0.025223795
8.398187500,-0.024334682
8.398250000,-0.023436978
8.398312500,-0.022542931
8.398375000,-0.021606609
8.398437500,-0.020548865
8.398500000,-0.019295502
8.398562500,-0.017850446
8.398625000,-0.016202765
8.398687500,-0.014352277
8.398750000,-0.012330297
8.398812500,-0.010256157
8.398875000,-0.008211027
8.398937500,-0.006252196
8.399000000,-0.004423847
8.399062500,-0.002809010
8.399125000,-0.001389952
8.399187500,-0.000066062
8.399250000,0.001317742
8.399312500,0.002873909
8.399375000,0.004741334
8.399437500,0.006998728
8.399500000,0.009600690
8.399562500,0.012314321
8.399625000,0.014888301
8.399687500,0.017119374
8.399750000,0.018919006
8.399812500,0.020301154
8.399875000,0.021462079
8.399937500,0.022682548
8.400000000,0.024189973
8.400062500,0.026016856
8.400125000,0.028063392
8.400187500,0.030150644
8.400250000,0.032096423
8.400312500,0.033767089
8.400375000,0.035186082
8.400437500,0.036513370
8.400500000,0.037932139
8.400562500,0.039514415
8.400625000,0.041223999
8.400687500,0.042943481
8.400750000,0.044520844
8.400812500,0.045820937
8.400875000,0.046836477
8.400937500,0.047692910
8.401000000,0.048568193
8.401062500,0.049578540
8.401125000,0.050754532
8.401187500,0.052032486
8.401250000,0.053274415
8.401312500,0.054310560
8.401375000,0.055039413
8.401437500,0.055455331
8.401500000,0.055627525
8.401562500,0.055639714
8.401625000,0.055576883
8.401687500,0.055480573
8.401750000,0.055345152
8.401812500,0.055124771
8.401875000,0.054783158
8.401937500,0.054293551
8.402000000,0.053650912
8.402062500,0.052860606
8.402125000,0.051957000
8.402187500,0.050959948
8.402250000,0.049885936
8.402312500,0.048739560
8.402375000,0.047549706
8.402437500,0.046306670
8.402500000,0.044991467
8.402562500,0.043583620
8.402625000,0.042108670
8.402687500,0.040584650
8.402750000,0.039061632
8.402812500,0.037616469
8.402875000,0.036365759
8.402937500,0.035348918
8.403000000,0.034543656
8.403062500,0.033861250
8.403125000,0.033212762
8.403187500,0.032445215
8.403250000,0.031437553
8.403312500,0.030139815
8.403375000,0.028633878
8.403437500,0.026996477
8.403500000,0.025319466
8.403562500,0.023678606
8.403625000,0.022157496
8.403687500,0.020720802
8.403750000,0.019295502
8.403812500,0.017812202
8.403875000,0.016281093
8.403937500,0.014673609
8.404000000,0.012989169
8.404062500,0.011256993
8.404125000,0.009573163
8.404187500,0.007953117
8.404250000,0.006400459
8.404312500,0.004926859
8.404375000,0.003605440
8.404437500,0.002436694
8.404500000,0.001411866
8.404562500,0.000518452
8.404625000,-0.000230286
8.404687500,-0.000927089
8.404750000,-0.001694239
8.404812500,-0.002638821
8.404875000,-0.003784615
8.404937500,-0.005152527
8.405000000,-0.006682833
8.405062500,-0.008225612
8.405125000,-0.009563932
8.405187500,-0.010569040
8.405250000,-0.011200804
8.405312500,-0.011511728
8.405375000,-0.011620374
8.405437500,-0.011737096
8.405500000,-0.012047924
8.405562500,-0.012637247
8.405625000,-0.013458924
8.405687500,-0.014428460
8.405750000,-0.015436403
8.405812500,-0.016388444
8.405875000,-0.017232727
8.405937500,-0.018018924
8.406000000,-0.018824881
8.406062500,-0.019691201
8.406125000,-0.020587208
8.406187500,-0.021455746
8.406250000,-0.022213360
8.406312500,-0.022776917
8.406375000,-0.023110712
8.406437500,-0.023266241
8.406500000,-0.023342853
8.406562500,-0.023433249
8.406625000,-0.023599129
8.406687500,-0.023861600
8.406750000,-0.024189973
8.406812500,-0.024513651
8.406875000,-0.024763467
8.406937500,-0.024904247
8.407000000,-0.024942968
8.407062500,-0.024918547
8.407125000,-0.024893047
8.407187500,-0.024922941
8.407250000,-0.025037091
8.407312500,-0.025222503
8.407375000,-0.025429880
8.407437500,-0.025582282
8.407500000,-0.025601838
8.407562500,-0.025435960
8.407625000,-0.025075672
8.407687500,-0.024546547
8.407750000,-0.023907598
8.407812500,-0.023237139
8.407875000,-0.022607323
8.407937500,-0.022047909
8.408000000,-0.021554491
8.408062500,-0.021106439
8.408125000,-0.020670230
8.408187500,-0.020201422
8.408250000,-0.019672001
8.408312500,-0.019090639
8.408375000,-0.018494416
8.408437500,-0.017920807
8.408500000,-0.017413015
8.408562500,-0.017016472
8.408625000,-0.016751410
8.408687500,-0.016570183
8.408750000,-0.016377648
8.408812500,-0.016063320
8.408875000,-0.015523035
8.408937500,-0.014663351
8.409000000,-0.013459790
8.409062500,-0.011988719
8.409125000,-0.010399250
8.409187500,-0.008839911
8.409250000,-0.007435828
8.409312500,-0.006269402
8.409375000,-0.005348252
8.409437500,-0.004584761
8.409500000,-0.003859101
8.409562500,-0.003082610
8.409625000,-0.002216576
8.409687500,-0.001244651
8.409750000,-0.000188249
8.409812500,0.000898398
8.409875000,0.001963057
8.409937500,0.003005851
8.410000000,0.004047350
8.410062500,0.005093304
8.410125000,0.006133311
8.410187500,0.007169558
8.410250000,0.008188824
8.410312500,0.009150080
8.410375000,0.010006511
8.410437500,0.010750133
8.410500000,0.011389053
8.410562500,0.011927854
8.410625000,0.012376318
8.410687500,0.012777063
8.410750000,0.013177417
8.410812500,0.013608718
8.410875000,0.014084750
8.410937500,0.014628842
8.411000000,0.015248154
8.411062500,0.015921021
8.411125000,0.016603261
8.411187500,0.017265806
8.411250000,0.017883638
8.411312500,0.018436313
8.411375000,0.018903784
8.411437500,0.019304609
8.411500000,0.019672001
8.411562500,0.020039743
8.411625000,0.020409042
8.411687500,0.020770727
8.411750000,0.021083867
8.411812500,0.021287763
8.411875000,0.021311119
8.411937500,0.021133464
8.412000000,0.020801496
8.412062500,0.020432860
8.412125000,0.020164832
8.412187500,0.020117257
8.412250000,0.020330872
8.412312500,0.020743279
8.412375000,0.021198295
8.412437500,0.021513324
8.412500000,0.021554491
8.412562500,0.021236483
8.412625000,0.020708365
8.412687500,0.020165022
8.412750000,0.019766126
8.412812500,0.019480826
8.412875000,0.019241450
8.412937500,0.018876988
8.413000000,0.018260136
8.413062500,0.017345425
8.413125000,0.016345464
8.413187500,0.015501772
8.413250000,0.014965781
8.413312500,0.014631231
8.413375000,0.014305665
8.413437500,0.013711460
8.413500000,0.012706795
8.413562500,0.011353461
8.413625000,0.010019900
8.413687500,0.009052487
8.413750000,0.008565322
8.413812500,0.008268450
8.413875000,0.007711450
8.413937500,0.006452274
8.414000000,0.004423847
8.414062500,0.002035255
8.414125000,0.000130893
8.414187500,-0.000586537
8.414250000,0.000000000
8.414312500,0.001172218
8.414375000,0.001751892
8.414437500,0.000629815
8.414500000,-0.002447235
8.414562500,-0.006483692
8.414625000,-0.009311635
8.414687500,-0.008524900
8.414750000,-0.002541359
8.414812500,0.008503572
8.414875000,0.022690434
8.414937500,0.036836587
8.415000000,0.047721073
8.415062500,0.053262662
8.415125000,0.053332042
8.415187500,0.049515922
8.415250000,0.044332597
8.415312500,0.040089730
8.415375000,0.038121782
8.415437500,0.038382016
8.415500000,0.039814625
8.415562500,0.041030075
8.415625000,0.041114375
8.415687500,0.039865892
8.415750000,0.037743889
8.415812500,0.035445344
8.415875000,0.033599932
8.415937500,0.032414075
8.416000000,0.031719927
8.416062500,0.031138511
8.416125000,0.030451251
8.416187500,0.029605428
8.416250000,0.028707944
8.416312500,0.027845539
8.416375000,0.027105594
8.416437500,0.026429353
8.416500000,0.025695963
8.416562500,0.024767779
8.416625000,0.023705455
8.416687500,0.022645585
8.416750000,0.021742739
8.416812500,0.021023717
8.416875000,0.020496659
8.416937500,0.020076390
8.417000000,0.019672001
8.417062500,0.019195588
8.417125000,0.018735198
8.417187500,0.018418893
8.417250000,0.018354259
8.417312500,0.018503480
8.417375000,0.018819572
8.417437500,0.019183695
8.417500000,0.019483753
8.417562500,0.019578956
8.417625000,0.019595729
8.417687500,0.019626737
8.417750000,0.019766126
8.417812500,0.019979438
8.417875000,0.020359807
8.417937500,0.020869911
8.418000000,0.021460366
8.418062500,0.022032997
8.418125000,0.022710038
8.418187500,0.023567127
8.418250000,0.024660595
8.418312500,0.025910588
8.418375000,0.027328614
8.418437500,0.028802630
8.418500000,0.030213933
8.418562500,0.031423815
8.418625000,0.032509211
8.418687500,0.033548716
8.418750000,0.034637783
8.418812500,0.035779350
8.418875000,0.037038192
8.418937500,0.038354959
8.419000000,0.039626375
8.419062500,0.040697508
8.419125000,0.041570865
8.419187500,0.042260181
8.419250000,0.042826608
8.419312500,0.043303855
8.419375000,0.043794867
8.419437500,0.044309933
8.419500000,0.044803217
8.419562500,0.045167301
8.419625000,0.045382883
8.419687500,0.045453921
8.419750000,0.045462091
8.419812500,0.045527022
8.419875000,0.045830239
8.419937500,0.046452262
8.420000000,0.047344577
8.420062500,0.048306014
8.420125000,0.049094576
8.420187500,0.049449440
8.420250000,0.049227066
8.420312500,0.048461407
8.420375000,0.047391158
8.420437500,0.046308886
8.420500000,0.045462091
8.420562500,0.044945490
8.420625000,0.044690147
8.420687500,0.044452496
8.420750000,0.043956097
8.420812500,0.043021783
8.420875000,0.041667152
8.420937500,0.040045600
8.421000000,0.038402759
8.421062500,0.036972698
8.421125000,0.035911523
8.421187500,0.035185557
8.421250000,0.034637783
8.421312500,0.034068082
8.421375000,0.033339348
8.421437500,0.032344762
8.421500000,0.031061055
8.421562500,0.029533127
8.421625000,0.027868891
8.421687500,0.026112499
8.421750000,0.024284096
8.421812500,0.022400590
8.421875000,0.020522423
8.421937500,0.018664194
8.422000000,0.016848268
8.422062500,0.015109120
8.422125000,0.013505540
8.422187500,0.012005679
8.422250000,0.010541934
8.422312500,0.009043435
8.422375000,0.007485805
8.422437500,0.005819821
8.422500000,0.004047350
8.422562500,0.002241568
8.422625000,0.000547425
8.422687500,-0.000960479
8.422750000,-0.002258986
8.422812500,-0.003377360
8.422875000,-0.004359453
8.422937500,-0.005333659
8.423000000,-0.006400459
8.423062500,-0.007571118
8.423125000,-0.008741639
8.423187500,-0.009820988
8.423250000,-0.010730183
8.423312500,-0.011429664
8.423375000,-0.011925252
8.423437500,-0.012337927
8.423500000,-0.012800919
8.423562500,-0.013381162
8.423625000,-0.014048471
8.423687500,-0.014756072
8.423750000,-0.015436403
8.423812500,-0.016027546
8.423875000,-0.016502334
8.423937500,-0.016931746
8.424000000,-0.017413015
8.424062500,-0.018003859
8.424125000,-0.018695526
8.424187500,-0.019460239
8.424250000,-0.020236747
8.424312500,-0.020939087
8.424375000,-0.021514237
8.424437500,-0.021982346
8.424500000,-0.022401609
8.424562500,-0.022810303
8.424625000,-0.023250664
8.424687500,-0.023746068
8.424750000,-0.024284096
8.424812500,-0.024789909
8.424875000,-0.025222003
8.424937500,-0.025556168
8.425000000,-0.025790086
8.425062500,-0.025898850
8.425125000,-0.025925895
8.425187500,-0.025910597
8.425250000,-0.025884213
8.425312500,-0.025818964
8.425375000,-0.025750838
8.425437500,-0.025701012
8.425500000,-0.025695963
8.425562500,-0.025716163
8.425625000,-0.025816532
8.425687500,-0.026007453
8.425750000,-0.026260709
8.425812500,-0.026455168
8.425875000,-0.026534814
8.425937500,-0.026420817
8.426000000,-0.026072461
8.426062500,-0.025458267
8.426125000,-0.024706874
8.426187500,-0.023956353
8.426250000,-0.023342853
8.426312500,-0.022901272
8.426375000,-0.022711763
8.426437500,-0.022754470
8.426500000,-0.022966355
8.426562500,-0.023211634
8.426625000,-0.023493554
8.426687500,-0.023810726
8.426750000,-0.024189973
8.426812500,-0.024603242
8.426875000,-0.025132665
8.426937500,-0.025787598
8.427000000,-0.026543085
8.427062500,-0.027288109
8.427125000,-0.028025577
8.427187500,-0.028722825
8.427250000,-0.029366815
8.427312500,-0.029909138
8.427375000,-0.030424608
8.427437500,-0.030934090
8.427500000,-0.031437553
8.427562500,-0.031861160
8.427625000,-0.032230753
8.427687500,-0.032528616
8.427750000,-0.032755297
8.427812500,-0.032885272
8.427875000,-0.033016760
8.427937500,-0.033190738
8.428000000,-0.033414163
8.428062500,-0.033605326
8.428125000,-0.033758402
8.428187500,-0.033823848
8.428250000,-0.033790659
8.428312500,-0.033666737
8.428375000,-0.033617552
8.428437500,-0.033781461
8.428500000,-0.034261286
8.428562500,-0.035040133
8.428625000,-0.036094297
8.428687500,-0.037275020
8.428750000,-0.038402759
8.428812500,-0.039293934
8.428875000,-0.039920025
8.428937500,-0.040292051
8.429000000,-0.040473495
8.429062500,-0.040505927
8.429125000,-0.040478170
8.429187500,-0.040388905
8.429250000,-0.040191121
8.429312500,-0.039786972
8.429375000,-0.039170738
8.429437500,-0.038326569
8.429500000,-0.037273265
8.429562500,-0.036025289
8.429625000,-0.034704339
8.429687500,-0.033397201
8.429750000,-0.032190546
8.429812500,-0.031125316
8.429875000,-0.030312736
8.429937500,-0.029771274
8.430000000,-0.029460939
8.430062500,-0.029250508
8.430125000,-0.029074898
8.430187500,-0.028822884
8.430250000,-0.028425572
8.430312500,-0.027843798
8.430375000,-0.027192086
8.430437500,-0.026552046
8.430500000,-0.025978338
8.430562500,-0.025432682
8.430625000,-0.024914915
8.430687500,-0.024337802
8.430750000,-0.023625227
8.430812500,-0.022719759
8.430875000,-0.021726981
8.430937500,-0.020742314
8.431000000,-0.019860249
8.431062500,-0.019098498
8.431125000,-0.018510053
8.431187500,-0.018037578
8.431250000,-0.017601265
8.431312500,-0.017105630
8.431375000,-0.016609276
8.431437500,-0.016156700
8.431500000,-0.015812902
8.431562500,-0.015588426
8.431625000,-0.015571762
8.431687500,-0.015733477
8.431750000,-0.016001150
8.431812500,-0.016245015
8.431875000,-0.016475387
8.431937500,-0.016672250
8.432000000,-0.016848268
8.432062500,-0.016992586
8.432125000,-0.017194996
8.432187500,-0.017447850
8.432250000,-0.017695390
8.432312500,-0.017817091
8.432375000,-0.017783174
8.432437500,-0.017548593
8.432500000,-0.017130643
8.432562500,-0.016580552
8.432625000,-0.016079016
8.432687500,-0.015744062
8.432750000,-0.015624652
8.432812500,-0.015636183
8.432875000,-0.015719866
8.432937500,-0.015745677
8.433000000,-0.015624652
8.433062500,-0.015315277
8.433125000,-0.014957401
8.433187500,-0.014683138
8.433250000,-0.014589284
8.433312500,-0.014648987
8.433375000,-0.014819141
8.433437500,-0.014962628
8.433500000,-0.014965781
8.433562500,-0.014777477
8.433625000,-0.014542945
8.433687500,-0.014451045
8.433750000,-0.014683408
8.433812500,-0.015293805
8.433875000,-0.016274551
8.433937500,-0.017462328
8.434000000,-0.018636633
8.434062500,-0.019571055
8.434125000,-0.020193493
8.434187500,-0.020494619
8.434250000,-0.020519121
8.434312500,-0.020279035
8.434375000,-0.019820472
8.434437500,-0.019123113
8.434500000,-0.018166009
8.434562500,-0.016943777
8.434625000,-0.015611349
8.434687500,-0.014371371
8.434750000,-0.013459790
8.434812500,-0.013044938
8.434875000,-0.013277897
8.434937500,-0.014150288
8.435000000,-0.015530528
8.435062500,-0.017172197
8.435125000,-0.018856419
8.435187500,-0.020347539
8.435250000,-0.021460366
8.435312500,-0.022062931
8.435375000,-0.022149360
8.435437500,-0.021759020
8.435500000,-0.020989744
8.435562500,-0.019965138
8.435625000,-0.018883118
8.435687500,-0.017918892
8.435750000,-0.017224766
8.435812500,-0.016885586
8.435875000,-0.016968668
8.435937500,-0.017435048
8.436000000,-0.018166009
8.436062500,-0.018967090
8.436125000,-0.019673279
8.436187500,-0.020125136
8.436250000,-0.020236747
8.436312500,-0.020000556
8.436375000,-0.019549137
8.436437500,-0.019042354
8.436500000,-0.018636633
8.436562500,-0.018413885
8.436625000,-0.018435899
8.436687500,-0.018662388
8.436750000,-0.019013131
8.436812500,-0.019377192
8.436875000,-0.019746698
8.436937500,-0.020102551
8.437000000,-0.020424996
8.437062500,-0.020640871
8.437125000,-0.020700622
8.437187500,-0.020501165
8.437250000,-0.019954374
8.437312500,-0.019011399
8.437375000,-0.017735125
8.437437500,-0.016222226
8.437500000,-0.014589284
8.437562500,-0.012926547
8.437625000,-0.011344069
8.437687500,-0.009920922
8.437750000,-0.008753570
8.437812500,-0.007949161
8.437875000,-0.007648333
8.437937500,-0.007885887
8.438000000,-0.008565322
8.438062500,-0.009446375
8.438125000,-0.010237558
8.438187500,-0.010648881
8.438250000,-0.010541934
8.438312500,-0.010020837
8.438375000,-0.009347780
8.438437500,-0.008824652
8.438500000,-0.008659446
8.438562500,-0.008914225
8.438625000,-0.009393329
8.438687500,-0.009793766
8.438750000,-0.009883063
8.438812500,-0.009678666
8.438875000,-0.009419519
8.438937500,-0.009473538
8.439000000,-0.010165436
8.439062500,-0.011619313
8.439125000,-0.013619300
8.439187500,-0.015657917
8.439250000,-0.017130643
8.439312500,-0.017578064
8.439375000,-0.016855069
8.439437500,-0.015146388
8.439500000,-0.012895043
8.439562500,-0.010641011
8.439625000,-0.008807592
8.439687500,-0.007569931
8.439750000,-0.006871082
8.439812500,-0.006543079
8.439875000,-0.006333737
8.439937500,-0.006017696
8.440000000,-0.005459215
8.440062500,-0.004668390
8.440125000,-0.003680298
8.440187500,-0.002568259
8.440250000,-0.001411866
8.440312500,-0.000285638
8.440375000,0.000889063
8.440437500,0.002355815
8.440500000,0.004517972
8.440562500,0.007794383
8.440625000,0.012539666
8.440687500,0.018763198
8.440750000,0.025978338
8.440812500,0.033142783
8.440875000,0.039101560
8.440937500,0.042840298
8.441000000,0.043861974
8.441062500,0.042278290
8.441125000,0.038995333
8.441187500,0.035216980
8.441250000,0.032002300
8.441312500,0.029792560
8.441375000,0.028479075
8.441437500,0.027448833
8.441500000,0.025978338
8.441562500,0.023578858
8.441625000,0.020392511
8.441687500,0.017086757
8.441750000,0.014589284
8.441812500,0.013655434
8.441875000,0.014678845
8.441937500,0.017529240
8.442000000,0.021648614
8.442062500,0.026220703
8.442125000,0.030595394
8.442187500,0.034345180
8.442250000,0.037273265
8.442312500,0.039235666
8.442375000,0.040231686
8.442437500,0.040236019
8.442500000,0.039249878
8.442562500,0.037291136
8.442625000,0.034719642
8.442687500,0.032078195
8.442750000,0.030025685
8.442812500,0.029098473
8.442875000,0.029826196
8.442937500,0.032482583
8.443000000,0.037085015
8.443062500,0.043310937
8.443125000,0.050759822
8.443187500,0.058800351
8.443250000,0.066640079
8.443312500,0.073319703
8.443375000,0.078124106
8.443437500,0.080542617
8.443500000,0.080476373
8.443562500,0.078179292
8.443625000,0.074427299
8.443687500,0.070000701
8.443750000,0.065510593
8.443812500,0.061157539
8.443875000,0.057053924
8.443937500,0.053146500
8.444000000,0.049509440
8.444062500,0.046378445
8.444125000,0.044379424
8.444187500,0.044041980
8.444250000,0.045556214
8.444312500,0.048503451
8.444375000,0.052129816
8.444437500,0.055467512
8.444500000,0.057792384
8.444562500,0.058880016
8.444625000,0.059275109
8.444687500,0.059861917
8.444750000,0.061463237
8.444812500,0.064344019
8.444875000,0.068230756
8.444937500,0.072231524
8.445000000,0.075299524
8.445062500,0.076623611
8.445125000,0.076156937
8.445187500,0.074381679
8.445250000,0.072099291
8.445312500,0.069974154
8.445375000,0.068420768
8.445437500,0.067326866
8.445500000,0.066263586
8.445562500,0.064718321
8.445625000,0.062545955
8.445687500,0.059881557
8.445750000,0.057133518
8.445812500,0.054732963
8.445875000,0.053192511
8.445937500,0.052709822
8.446000000,0.053274415
8.446062500,0.054663334
8.446125000,0.056790099
8.446187500,0.059370600
8.446250000,0.062027987
8.446312500,0.064231783
8.446375000,0.065624692
8.446437500,0.065844029
8.446500000,0.064757593
8.446562500,0.062490985
8.446625000,0.059556872
8.446687500,0.056476496
8.446750000,0.053650912
8.446812500,0.051184792
8.446875000,0.049018852
8.446937500,0.046873968
8.447000000,0.044520844
8.447062500,0.041916944
8.447125000,0.039417520
8.447187500,0.037455950
8.447250000,0.036426149
8.447312500,0.036446154
8.447375000,0.037421983
8.447437500,0.038854375
8.447500000,0.040096994
8.447562500,0.040539328
8.447625000,0.040002882
8.447687500,0.038528435
8.447750000,0.036426149
8.447812500,0.034084097
8.447875000,0.031998392
8.447937500,0.030370159
8.448000000,0.029178567
8.448062500,0.028218873
8.448125000,0.027401224
8.448187500,0.026633108
8.448250000,0.025978338
8.448312500,0.025610257
8.448375000,0.025847076
8.448437500,0.026799330
8.448500000,0.028331446
8.448562500,0.030015390
8.448625000,0.031344328
8.448687500,0.031728994
8.448750000,0.030778680
8.448812500,0.028424948
8.448875000,0.025087109
8.448937500,0.021339312
8.449000000,0.017789513
8.449062500,0.014852110
8.449125000,0.012768513
8.449187500,0.011400887
8.449250000,0.010447809
8.449312500,0.009601749
8.449375000,0.008792789
8.449437500,0.008035569
8.449500000,0.007435828
8.449562500,0.007072803
8.449625000,0.007026164
8.449687500,0.007217510
8.449750000,0.007529953
8.449812500,0.007863089
8.449875000,0.008280210
8.449937500,0.008828027
8.450000000,0.009506566
8.450062500,0.010167663
8.450125000,0.010645973
8.450187500,0.010673959
8.450250000,0.010071312
8.450312500,0.008821974
8.450375000,0.007219089
8.450437500,0.005617056
8.450500000,0.004329723
8.450562500,0.003452032
8.450625000,0.002966998
8.450687500,0.002650684
8.450750000,0.002258986
8.450812500,0.001615624
8.450875000,0.000832017
8.450937500,0.000101669
8.451000000,-0.000376498
8.451062500,-0.000570511
8.451125000,-0.000516457
8.451187500,-0.000435017
8.451250000,-0.000564746
8.451312500,-0.001082679
8.451375000,-0.001872781
8.451437500,-0.002724944
8.451500000,-0.003388479
8.451562500,-0.003737885
8.451625000,-0.003706083
8.451687500,-0.003406070
8.451750000,-0.003011981
8.451812500,-0.002687285
8.451875000,-0.002376874
8.451937500,-0.001906723
8.452000000,-0.001035369
8.452062500,0.000384922
8.452125000,0.002405606
8.452187500,0.004844286
8.452250000,0.007341704
8.452312500,0.009435005
8.452375000,0.010813489
8.452437500,0.011354392
8.452500000,0.011200804
8.452562500,0.010694094
8.452625000,0.010370417
8.452687500,0.010717436
8.452750000,0.012047924
8.452812500,0.014375146
8.452875000,0.017477937
8.452937500,0.020898316
8.453000000,0.024095848
8.453062500,0.026585922
8.453125000,0.028103543
8.453187500,0.028620614
8.453250000,0.028331446
8.453312500,0.027557967
8.453375000,0.026662776
8.453437500,0.025928475
8.453500000,0.025507715
8.453562500,0.025417006
8.453625000,0.025589928
8.453687500,0.025928743
8.453750000,0.026354834
8.453812500,0.026827717
8.453875000,0.027339906
8.453937500,0.027884668
8.454000000,0.028425572
8.454062500,0.028888015
8.454125000,0.029159302
8.454187500,0.029143643
8.454250000,0.028802069
8.454312500,0.028189465
8.454375000,0.027429746
8.454437500,0.026700281
8.454500000,0.026166586
8.454562500,0.025928454
8.454625000,0.025969381
8.454687500,0.026172221
8.454750000,0.026354834
8.454812500,0.026326945
8.454875000,0.025948437
8.454937500,0.025142368
8.455000000,0.023907598
8.455062500,0.022297632
8.455125000,0.020420695
8.455187500,0.018381039
8.455250000,0.016283523
8.455312500,0.014219011
8.455375000,0.012306161
8.455437500,0.010625932
8.455500000,0.009224192
8.455562500,0.008079799
8.455625000,0.007184938
8.455687500,0.006463521
8.455750000,0.005835713
8.455812500,0.005223596
8.455875000,0.004653745
8.455937500,0.004133495
8.456000000,0.003670852
8.456062500,0.003230370
8.456125000,0.002814847
8.456187500,0.002358898
8.456250000,0.001788364
8.456312500,0.001018960
8.456375000,0.000094576
8.456437500,-0.000933597
8.456500000,-0.001976613
8.456562500,-0.002967109
8.456625000,-0.003756316
8.456687500,-0.004278729
8.456750000,-0.004517972
8.456812500,-0.004543968
8.456875000,-0.004368532
8.456937500,-0.004077505
8.457000000,-0.003764976
8.457062500,-0.003546906
8.457125000,-0.003406729
8.457187500,-0.003318098
8.457250000,-0.003200230
8.457312500,-0.002979125
8.457375000,-0.002476034
8.457437500,-0.001606632
8.457500000,-0.000376498
8.457562500,0.001057068
8.457625000,0.002568472
8.457687500,0.003962942
8.457750000,0.005082718
8.457812500,0.005804324
8.457875000,0.006204180
8.457937500,0.006392745
8.458000000,0.006494584
8.458062500,0.006554280
8.458125000,0.006644470
8.458187500,0.006777107
8.458250000,0.006965206
8.458312500,0.007216737
8.458375000,0.007646638
8.458437500,0.008359238
8.458500000,0.009412440
8.458562500,0.010737964
8.458625000,0.012233113
8.458687500,0.013726764
8.458750000,0.015059905
8.458812500,0.016107939
8.458875000,0.016901096
8.458937500,0.017525066
8.459000000,0.018071886
8.459062500,0.018546576
8.459125000,0.018939542
8.459187500,0.019198431
8.459250000,0.019295502
8.459312500,0.019247252
8.459375000,0.019202350
8.459437500,0.019353142
8.459500000,0.019860249
8.459562500,0.020754216
8.459625000,0.021971911
8.459687500,0.023359777
8.459750000,0.024754720
8.459812500,0.026039580
8.459875000,0.027219586
8.459937500,0.028368004
8.460000000,0.029555064
8.460062500,0.030758057
8.460125000,0.031873427
8.460187500,0.032722108
8.460250000,0.033131793
8.460312500,0.033000268
8.460375000,0.032387983
8.460437500,0.031454593
8.460500000,0.030402184
8.460562500,0.029378807
8.460625000,0.028480086
8.460687500,0.027704706
8.460750000,0.027013704
8.460812500,0.026375493
8.460875000,0.025841445
8.460937500,0.025494080
8.461000000,0.025413590
8.461062500,0.025613222
8.461125000,0.026051242
8.461187500,0.026599655
8.461250000,0.027107829
8.461312500,0.027446173
8.461375000,0.027590962
8.461437500,0.027558057
8.461500000,0.027390203
8.461562500,0.027096303
8.461625000,0.026691658
8.461687500,0.026121423
8.461750000,0.025319466
8.461812500,0.024228007
8.461875000,0.022907775
8.461937500,0.021444973
8.462000000,0.019954374
8.462062500,0.018514359
8.462125000,0.017229930
8.462187500,0.016118627
8.462250000,0.015154029
8.462312500,0.014259080
8.462375000,0.013452718
8.462437500,0.012738327
8.462500000,0.012142048
8.462562500,0.011657234
8.462625000,0.011357089
8.462687500,0.011225894
8.462750000,0.011200804
8.462812500,0.011133887
8.462875000,0.010994214
8.462937500,0.010713077
8.463000000,0.010259560
8.463062500,0.009589565
8.463125000,0.008827461
8.463187500,0.008055553
8.463250000,0.007341704
8.463312500,0.006655964
8.463375000,0.006072506
8.463437500,0.005585419
8.463500000,0.005176842
8.463562500,0.004759416
8.463625000,0.004429945
8.463687500,0.004259632
8.463750000,0.004329723
8.463812500,0.004612593
8.463875000,0.005207695
8.463937500,0.006087115
8.464000000,0.007153455
8.464062500,0.008164792
8.464125000,0.009083425
8.464187500,0.009864667
8.464250000,0.010541934
8.464312500,0.011102963
8.464375000,0.011764859
8.464437500,0.012640231
8.464500000,0.013742164
8.464562500,0.014854159
8.464625000,0.015886083
8.464687500,0.016695224
8.464750000,0.017224766
8.464812500,0.017443344
8.464875000,0.017645866
8.464937500,0.018143358
8.465000000,0.019201379
8.465062500,0.020819651
8.465125000,0.022997268
8.465187500,0.025512021
8.465250000,0.028049074
8.465312500,0.030196488
8.465375000,0.031868618
8.465437500,0.033119142
8.465500000,0.034167159
8.465562500,0.035196248
8.465625000,0.036559775
8.465687500,0.038442884
8.465750000,0.040849991
8.465812500,0.043500867
8.465875000,0.046197839
8.465937500,0.048713122
8.466000000,0.050921306
8.466062500,0.052740697
8.466125000,0.054386336
8.466187500,0.056098159
8.466250000,0.058074761
8.466312500,0.060296681
8.466375000,0.062752627
8.466437500,0.065299489
8.466500000,0.067769580
8.466562500,0.069946297
8.466625000,0.071849473
8.466687500,0.073524654
8.466750000,0.075017147
8.466812500,0.076223612
8.466875000,0.077130690
8.466937500,0.077671640
8.467000000,0.077840880
8.467062500,0.077667400
8.467125000,0.077441089
8.467187500,0.077456117
8.467250000,0.077935010
8.467312500,0.078856617
8.467375000,0.080129877
8.467437500,0.081485592
8.467500000,0.082641229
8.467562500,0.083360352
8.467625000,0.083697282
8.467687500,0.083802916
8.467750000,0.083864845
8.467812500,0.083935216
8.467875000,0.084052570
8.467937500,0.084084466
8.468000000,0.083864845
8.468062500,0.083238557
8.468125000,0.082289875
8.468187500,0.081136443
8.468250000,0.079911619
8.468312500,0.078637876
8.468375000,0.077360384
8.468437500,0.075990118
8.468500000,0.074452408
8.468562500,0.072724007
8.468625000,0.071035512
8.468687500,0.069605455
8.468750000,0.068616696
8.468812500,0.068078712
8.468875000,0.067965545
8.468937500,0.068023592
8.469000000,0.067957826
8.469062500,0.067502744
8.469125000,0.066676721
8.469187500,0.065514639
8.469250000,0.064098723
8.469312500,0.062447727
8.469375000,0.060658365
8.469437500,0.058658611
8.469500000,0.056380518
8.469562500,0.053803813
8.469625000,0.051163707
8.469687500,0.048643958
8.469750000,0.046403330
8.469812500,0.044471364
8.469875000,0.042893663
8.469937500,0.041500218
8.470000000,0.040096994
8.470062500,0.038525436
8.470125000,0.036891345
8.470187500,0.035258994
8.470250000,0.033696536
8.470312500,0.032184344
8.470375000,0.030765703
8.470437500,0.029303597
8.470500000,0.027672576
8.470562500,0.025814557
8.470625000,0.023928011
8.470687500,0.022155311
8.470750000,0.020613244
8.470812500,0.019305080
8.470875000,0.018255431
8.470937500,0.017300412
8.471000000,0.016283523
8.471062500,0.015121207
8.471125000,0.013974325
8.471187500,0.012956697
8.471250000,0.012142048
8.471312500,0.011469747
8.471375000,0.010869041
8.471437500,0.010096565
8.471500000,0.008941819
8.471562500,0.007313447
8.471625000,0.005427671
8.471687500,0.003531150
8.471750000,0.001882488
8.471812500,0.000617686
8.471875000,-0.000168370
8.471937500,-0.000619282
8.472000000,-0.000941244
8.472062500,-0.001313401
8.472125000,-0.001698324
8.472187500,-0.002040852
8.472250000,-0.002258986
8.472312500,-0.002338989
8.472375000,-0.002283239
8.472437500,-0.002254817
8.472500000,-0.002447235
8.472562500,-0.003008694
8.472625000,-0.003898571
8.472687500,-0.005019384
8.472750000,-0.006212211
8.472812500,-0.007340484
8.472875000,-0.008255241
8.472937500,-0.008934440
8.473000000,-0.009412440
8.473062500,-0.009751200
8.473125000,-0.009930770
8.473187500,-0.009946655
8.473250000,-0.009788939
8.473312500,-0.009479499
8.473375000,-0.009028591
8.473437500,-0.008508856
8.473500000,-0.008000575
8.473562500,-0.007564781
8.473625000,-0.007184227
8.473687500,-0.006818138
8.473750000,-0.006400459
8.473812500,-0.005874092
8.473875000,-0.005204815
8.473937500,-0.004436639
8.474000000,-0.003670852
8.474062500,-0.003034308
8.474125000,-0.002620997
8.474187500,-0.002472027
8.474250000,-0.002541359
8.474312500,-0.002704560
8.474375000,-0.002812640
8.474437500,-0.002760614
8.474500000,-0.002541359
8.474562500,-0.002245960
8.474625000,-0.002051150
8.474687500,-0.002106654
8.474750000,-0.002447235
8.474812500,-0.002934666
8.474875000,-0.003317372
8.474937500,-0.003309670
8.475000000,-0.002729608
8.475062500,-0.001588281
8.475125000,-0.000117947
8.475187500,0.001334321
8.475250000,0.002447235
8.475312500,0.003063671
8.475375000,0.003220239
8.475437500,0.003123041
8.475500000,0.003011981
8.475562500,0.003036316
8.475625000,0.003156681
8.475687500,0.003212498
8.475750000,0.003011981
8.475812500,0.002456151
8.475875000,0.001571088
8.475937500,0.000526082
8.476000000,-0.000470622
8.476062500,-0.001267205
8.476125000,-0.001848503
8.476187500,-0.002278754
8.476250000,-0.002635483
8.476312500,-0.002927972
8.476375000,-0.003097432
8.476437500,-0.003043304
8.476500000,-0.002729608
8.476562500,-0.002261864
8.476625000,-0.001898868
8.476687500,-0.001949785
8.476750000,-0.002635483
8.476812500,-0.003962982
8.476875000,-0.005692454
8.476937500,-0.007404209
8.477000000,-0.008659446
8.477062500,-0.009164792
8.477125000,-0.008882328
8.477187500,-0.008008310
8.477250000,-0.006871082
8.477312500,-0.005782790
8.477375000,-0.004936798
8.477437500,-0.004358432
8.477500000,-0.003953225
8.477562500,-0.003591802
8.477625000,-0.003204354
8.477687500,-0.002799568
8.477750000,-0.002447235
8.477812500,-0.002222941
8.477875000,-0.002158457
8.477937500,-0.002225914
8.478000000,-0.002353110
8.478062500,-0.002462950
8.478125000,-0.002507770
8.478187500,-0.002490435
8.478250000,-0.002447235
8.478312500,-0.002418161
8.478375000,-0.002419208
8.478437500,-0.002439724
8.478500000,-0.002447235
8.478562500,-0.002401662
8.478625000,-0.002279544
8.478687500,-0.002073161
8.478750000,-0.001788364
8.478812500,-0.001432775
8.478875000,-0.001028703
8.478937500,-0.000601092
8.479000000,-0.000188249
8.479062500,0.000161473
8.479125000,0.000383173
8.479187500,0.000428881
8.479250000,0.000282373
8.479312500,-0.000022670
8.479375000,-0.000429342
8.479437500,-0.000855300
8.479500000,-0.001223617
8.479562500,-0.001473109
8.479625000,-0.001611754
8.479687500,-0.001668970
8.479750000,-0.001694239
8.479812500,-0.001724515
8.479875000,-0.001802877
8.479937500,-0.001928624
8.480000000,-0.002070737
8.480062500,-0.002168308
8.480125000,-0.002191851
8.480187500,-0.002124206
8.480250000,-0.001976613
8.480312500,-0.001769551
8.480375000,-0.001562469
8.480437500,-0.001402571
8.480500000,-0.001317742
8.480562500,-0.001295679
8.480625000,-0.001331342
8.480687500,-0.001405801
8.480750000,-0.001505991
8.480812500,-0.001617517
8.480875000,-0.001759346
8.480937500,-0.001942694
8.481000000,-0.002164861
8.481062500,-0.002389725
8.481125000,-0.002584356
8.481187500,-0.002706137
8.481250000,-0.002729608
8.481312500,-0.002655488
8.481375000,-0.002541385
8.481437500,-0.002472371
8.481500000,-0.002541359
8.481562500,-0.002812372
8.481625000,-0.003304842
8.481687500,-0.003971110
8.481750000,-0.004706220
8.481812500,-0.005374914
8.481875000,-0.005860162
8.481937500,-0.006101119
8.482000000,-0.006118086
8.482062500,-0.006010247
8.482125000,-0.005921335
8.482187500,-0.005990607
8.482250000,-0.006306335
8.482312500,-0.006881896
8.482375000,-0.007644115
8.482437500,-0.008468111
8.482500000,-0.009224192
8.482562500,-0.009825054
8.482625000,-0.010240880
8.482687500,-0.010494657
8.482750000,-0.010636058
8.482812500,-0.010711639
8.482875000,-0.010735306
8.482937500,-0.010688750
8.483000000,-0.010541934
8.483062500,-0.010281555
8.483125000,-0.009926160
8.483187500,-0.009523295
8.483250000,-0.009130068
8.483312500,-0.008783414
8.483375000,-0.008490071
8.483437500,-0.008216118
8.483500000,-0.007906451
8.483562500,-0.007503941
8.483625000,-0.006993707
8.483687500,-0.006391859
8.483750000,-0.005741589
8.483812500,-0.005079933
8.483875000,-0.004465454
8.483937500,-0.003930232
8.484000000,-0.003482603
8.484062500,-0.003086996
8.484125000,-0.002722270
8.484187500,-0.002340821
8.484250000,-0.001882488
8.484312500,-0.001257586
8.484375000,-0.000450678
8.484437500,0.000524518
8.484500000,0.001600115
8.484562500,0.002698248
8.484625000,0.003648716
8.484687500,0.004313779
8.484750000,0.004612096
8.484812500,0.004587358
8.484875000,0.004297858
8.484937500,0.003879646
8.485000000,0.003482603
8.485062500,0.003269047
8.485125000,0.003236575
8.485187500,0.003319794
8.485250000,0.003388479
8.485312500,0.003351762
8.485375000,0.003055445
8.485437500,0.002454493
8.485500000,0.001600115
8.485562500,0.000683356
8.485625000,-0.000199835
8.485687500,-0.000962670
8.485750000,-0.001600115
8.485812500,-0.002126870
8.485875000,-0.002736629
8.485937500,-0.003594491
8.486000000,-0.004800345
8.486062500,-0.006273913
8.486125000,-0.007937349
8.486187500,-0.009610425
8.486250000,-0.011106680
8.486312500,-0.012238318
8.486375000,-0.013050500
8.486437500,-0.013692851
8.486500000,-0.014401034
8.486562500,-0.015353126
8.486625000,-0.016738353
8.486687500,-0.018573536
8.486750000,-0.020707369
8.486812500,-0.022812298
8.486875000,-0.024613738
8.486937500,-0.025903329
8.487000000,-0.026637208
8.487062500,-0.026918456
8.487125000,-0.027036395
8.487187500,-0.027304519
8.487250000,-0.027954949
8.487312500,-0.029037293
8.487375000,-0.030458720
8.487437500,-0.032018162
8.487500000,-0.033508290
8.487562500,-0.034799386
8.487625000,-0.035911400
8.487687500,-0.036986813
8.487750000,-0.038214508
8.487812500,-0.039729539
8.487875000,-0.041536599
8.487937500,-0.043496724
8.488000000,-0.045367967
8.488062500,-0.046898797
8.488125000,-0.047907081
8.488187500,-0.048360076
8.488250000,-0.048379947
8.488312500,-0.048211854
8.488375000,-0.048079658
8.488437500,-0.048130795
8.488500000,-0.048379947
8.488562500,-0.048743777
8.488625000,-0.049008686
8.488687500,-0.048962802
8.488750000,-0.048474070
8.488812500,-0.047577739
8.488875000,-0.046368346
8.488937500,-0.044992719
8.489000000,-0.043579601
8.489062500,-0.042227220
8.489125000,-0.040874243
8.489187500,-0.039371945
8.489250000,-0.037555639
8.489312500,-0.035368070
8.489375000,-0.032816004
8.489437500,-0.030003650
8.489500000,-0.027107829
8.489562500,-0.024359861
8.489625000,-0.021882286
8.489687500,-0.019665752
8.489750000,-0.017601265
8.489812500,-0.015590516
8.489875000,-0.013514641
8.489937500,-0.011314180
8.490000000,-0.009035943
8.490062500,-0.006864442
8.490125000,-0.004967203
8.490187500,-0.003417165
8.490250000,-0.002164861
8.490312500,-0.001081708
8.490375000,0.000082184
8.490437500,0.001626021
8.490500000,0.003764976
8.490562500,0.006507850
8.490625000,0.009706404
8.490687500,0.013141941
8.490750000,0.016565897
8.490812500,0.019739535
8.490875000,0.022548188
8.490937500,0.025053300
8.491000000,0.027390203
8.491062500,0.029642409
8.491125000,0.031826682
8.491187500,0.033926204
8.491250000,0.035861399
8.491312500,0.037494343
8.491375000,0.038720462
8.491437500,0.039558835
8.491500000,0.040096994
8.491562500,0.040417891
8.491625000,0.040620945
8.491687500,0.040847823
8.491750000,0.041226488
8.491812500,0.041814011
8.491875000,0.042641208
8.491937500,0.043720309
8.492000000,0.044991467
8.492062500,0.046273384
8.492125000,0.047385823
8.492187500,0.048197657
8.492250000,0.048662320
8.492312500,0.048792198
8.492375000,0.048741668
8.492437500,0.048709329
8.492500000,0.048850566
8.492562500,0.049166851
8.492625000,0.049599044
8.492687500,0.050010692
8.492750000,0.050262433
8.492812500,0.050235383
8.492875000,0.049978592
8.492937500,0.049620781
8.493000000,0.049321190
8.493062500,0.049151577
8.493125000,0.049157202
8.493187500,0.049261924
8.493250000,0.049321190
8.493312500,0.049142368
8.493375000,0.048678104
8.493437500,0.047946606
8.493500000,0.047062203
8.493562500,0.046149507
8.493625000,0.045422878
8.493687500,0.044977270
8.493750000,0.044803217
8.493812500,0.044753686
8.493875000,0.044739440
8.493937500,0.044622738
8.494000000,0.044332597
8.494062500,0.043855630
8.494125000,0.043371756
8.494187500,0.043025393
8.494250000,0.042920731
8.494312500,0.043035865
8.494375000,0.043348342
8.494437500,0.043688558
8.494500000,0.043861974
8.494562500,0.043685079
8.494625000,0.043169852
8.494687500,0.042350482
8.494750000,0.041320615
8.494812500,0.040157914
8.494875000,0.039026394
8.494937500,0.037970047
8.495000000,0.036990892
8.495062500,0.036043476
8.495125000,0.035190105
8.495187500,0.034417387
8.495250000,0.033696536
8.495312500,0.032946948
8.495375000,0.032176979
8.495437500,0.031314325
8.495500000,0.030308058
8.495562500,0.029128265
8.495625000,0.027909042
8.495687500,0.026739629
8.495750000,0.025695963
8.495812500,0.024776476
8.495875000,0.024027461
8.495937500,0.023365574
8.496000000,0.022683984
8.496062500,0.021867720
8.496125000,0.020961516
8.496187500,0.019991469
8.496250000,0.019013131
8.496312500,0.018049918
8.496375000,0.017207865
8.496437500,0.016479203
8.496500000,0.015812902
8.496562500,0.015100526
8.496625000,0.014358271
8.496687500,0.013558943
8.496750000,0.012706795
8.496812500,0.011793635
8.496875000,0.010944912
8.496937500,0.010207986
8.497000000,0.009600690
8.497062500,0.009061000
8.497125000,0.008629052
8.497187500,0.008259378
8.497250000,0.007906451
8.497312500,0.007492329
8.497375000,0.007090655
8.497437500,0.006720667
8.497500000,0.006400459
8.497562500,0.006087060
8.497625000,0.005856196
8.497687500,0.005710686
8.497750000,0.005647464
8.497812500,0.005610619
8.497875000,0.005674568
8.497937500,0.005847644
8.498000000,0.006118086
8.498062500,0.006392402
8.498125000,0.006685833
8.498187500,0.006951567
8.498250000,0.007153455
8.498312500,0.007229102
8.498375000,0.007276685
8.498437500,0.007377953
8.498500000,0.007624077
8.498562500,0.008031802
8.498625000,0.008689872
8.498687500,0.009582671
8.498750000,0.010636058
8.498812500,0.011685290
8.498875000,0.012675961
8.498937500,0.013550314
8.499000000,0.014306910
8.499062500,0.014942596
8.499125000,0.015592084
8.499187500,0.016341839
8.499250000,0.017224766
8.499312500,0.018147670
8.499375000,0.019067790
8.499437500,0.019903231
8.499500000,0.020613244
8.499562500,0.021175165
8.499625000,0.021723801
8.499687500,0.022386789
8.499750000,0.023248728
8.499812500,0.024254205
8.499875000,0.025346272
8.499937500,0.026396658
8.500000000,0.027296079
8.500062500,0.027961306
8.500125000,0.028487356
8.500187500,0.029008146
8.500250000,0.029649187
8.500312500,0.030410316
8.500375000,0.031276096
8.500437500,0.032132830
8.500500000,0.032849420
8.500562500,0.033291955
8.500625000,0.033497732
8.500687500,0.033560451
8.500750000,0.033602413
8.500812500,0.033665039
8.500875000,0.033805441
8.500937500,0.033992723
8.501000000,0.034167159
8.501062500,0.034243491
8.501125000,0.034272209
8.501187500,0.034337483
8.501250000,0.034543656
8.501312500,0.034919307
8.501375000,0.035498414
8.501437500,0.036203947
8.501500000,0.036896769
8.501562500,0.037383515
8.501625000,0.037593152
8.501687500,0.037503920
8.501750000,0.037179142
8.501812500,0.036698956
8.501875000,0.036244150
8.501937500,0.035922613
8.502000000,0.035767276
8.502062500,0.035685398
8.502125000,0.035630818
8.502187500,0.035515524
8.502250000,0.035296652
8.502312500,0.034953993
8.502375000,0.034637157
8.502437500,0.034471732
8.502500000,0.034543656
8.502562500,0.034801695
8.502625000,0.035217717
8.502687500,0.035650995
8.502750000,0.035955522
8.502812500,0.035981622
8.502875000,0.035792079
8.502937500,0.035466649
8.503000000,0.035108406
8.503062500,0.034730703
8.503125000,0.034416460
8.503187500,0.034126539
8.503250000,0.033790659
8.503312500,0.033290286
8.503375000,0.032688495
8.503437500,0.032024585
8.503500000,0.031343430
8.503562500,0.030600520
8.503625000,0.029852889
8.503687500,0.029071415
8.503750000,0.028237322
8.503812500,0.027316442
8.503875000,0.026464893
8.503937500,0.025800541
8.504000000,0.025413590
8.504062500,0.025266860
8.504125000,0.025378890
8.504187500,0.025650244
8.504250000,0.025978338
8.504312500,0.026253043
8.504375000,0.026552230
8.504437500,0.026922055
8.504500000,0.027390203
8.504562500,0.027883451
8.504625000,0.028387170
8.504687500,0.028806653
8.504750000,0.029084442
8.504812500,0.029210079
8.504875000,0.029354099
8.504937500,0.029658258
8.505000000,0.030213933
8.505062500,0.030977329
8.505125000,0.031867713
8.505187500,0.032679893
8.505250000,0.033225916
8.505312500,0.033405978
8.505375000,0.033332359
8.505437500,0.033174891
8.505500000,0.033131793
8.505562500,0.033333573
8.505625000,0.033839449
8.505687500,0.034528874
8.505750000,0.035202529
8.505812500,0.035671815
8.505875000,0.035858788
8.505937500,0.035743661
8.506000000,0.035390779
8.506062500,0.034918886
8.506125000,0.034443125
8.506187500,0.033985093
8.506250000,0.033508290
8.506312500,0.032970261
8.506375000,0.032337394
8.506437500,0.031574607
8.506500000,0.030684557
8.506562500,0.029727647
8.506625000,0.028761821
8.506687500,0.027800238
8.506750000,0.026825456
8.506812500,0.025825307
8.506875000,0.024754532
8.506937500,0.023538716
8.507000000,0.022119237
8.507062500,0.020507269
8.507125000,0.018734019
8.507187500,0.016836420
8.507250000,0.014871657
8.507312500,0.012943067
8.507375000,0.011105818
8.507437500,0.009349143
8.507500000,0.007624077
8.507562500,0.005907706
8.507625000,0.004153771
8.507687500,0.002313268
8.507750000,0.000376498
8.507812500,-0.001584863
8.507875000,-0.003501726
8.507937500,-0.005352763
8.508000000,-0.007153455
8.508062500,-0.008917546
8.508125000,-0.010696795
8.508187500,-0.012572831
8.508250000,-0.014589284
8.508312500,-0.016690932
8.508375000,-0.018758101
8.508437500,-0.020669697
8.508500000,-0.022307485
8.508562500,-0.023571828
8.508625000,-0.024432488
8.508687500,-0.024989886
8.508750000,-0.025413590
8.508812500,-0.025874984
8.508875000,-0.026483741
8.508937500,-0.027310247
8.509000000,-0.028331446
8.509062500,-0.029439325
8.509125000,-0.030468030
8.509187500,-0.031325374
8.509250000,-0.032002300
8.509312500,-0.032582719
8.509375000,-0.033179343
8.509437500,-0.033952951
8.509500000,-0.035014279
8.509562500,-0.036377095
8.509625000,-0.037910908
8.509687500,-0.039436527
8.509750000,-0.040755868
8.509812500,-0.041714698
8.509875000,-0.042228535
8.509937500,-0.042338345
8.510000000,-0.042167734
8.510062500,-0.041868847
8.510125000,-0.041556794
8.510187500,-0.041287545
8.510250000,-0.041038241
8.510312500,-0.040725295
8.510375000,-0.040255912
8.510437500,-0.039572872
8.510500000,-0.038685132
8.510562500,-0.037657622
8.510625000,-0.036601961
8.510687500,-0.035593387
8.510750000,-0.034637783
8.510812500,-0.033648904
8.510875000,-0.032516412
8.510937500,-0.031110141
8.511000000,-0.029366815
8.511062500,-0.027316358
8.511125000,-0.025135921
8.511187500,-0.023009859
8.511250000,-0.021083867
8.511312500,-0.019388748
8.511375000,-0.017890582
8.511437500,-0.016436864
8.511500000,-0.014871657
8.511562500,-0.013102533
8.511625000,-0.011216403
8.511687500,-0.009360428
8.511750000,-0.007718201
8.511812500,-0.006418072
8.511875000,-0.005552137
8.511937500,-0.005057494
8.512000000,-0.004800345
8.512062500,-0.004626764
8.512125000,-0.004485835
8.512187500,-0.004328961
8.512250000,-0.004141474
8.512312500,-0.003903335
8.512375000,-0.003652710
8.512437500,-0.003360625
8.512500000,-0.003011981
8.512562500,-0.002619786
8.512625000,-0.002308682
8.512687500,-0.002148106
8.512750000,-0.002164861
8.512812500,-0.002308556
8.512875000,-0.002522651
8.512937500,-0.002666631
8.513000000,-0.002635483
8.513062500,-0.002413923
8.513125000,-0.002133321
8.513187500,-0.001921890
8.513250000,-0.001882488
8.513312500,-0.002040208
8.513375000,-0.002353056
8.513437500,-0.002665196
8.513500000,-0.002823732
8.513562500,-0.002759903
8.513625000,-0.002541550
8.513687500,-0.002274690
8.513750000,-0.002070737
8.513812500,-0.001987994
8.513875000,-0.002008789
8.513937500,-0.002016458
8.514000000,-0.001882488
8.514062500,-0.001541808
8.514125000,-0.001027530
8.514187500,-0.000420921
8.514250000,0.000188249
8.514312500,0.000752444
8.514375000,0.001281503
8.514437500,0.001832981
8.514500000,0.002447235
8.514562500,0.003102305
8.514625000,0.003691423
8.514687500,0.004092024
8.514750000,0.004235599
8.514812500,0.004183362
8.514875000,0.004079026
8.514937500,0.004132791
8.515000000,0.004517972
8.515062500,0.005318961
8.515125000,0.006423964
8.515187500,0.007635154
8.515250000,0.008753570
8.515312500,0.009712714
8.515375000,0.010508105
8.515437500,0.011246072
8.515500000,0.012047924
8.515562500,0.013011537
8.515625000,0.014030209
8.515687500,0.014910547
8.515750000,0.015436403
8.515812500,0.015525085
8.515875000,0.015141586
8.515937500,0.014412622
8.516000000,0.013553915
8.516062500,0.012842873
8.516125000,0.012371510
8.516187500,0.012120469
8.516250000,0.011953799
8.516312500,0.011742408
8.516375000,0.011281507
8.516437500,0.010469729
8.516500000,0.009318316
8.516562500,0.007990548
8.516625000,0.006607344
8.516687500,0.005281448
8.516750000,0.004047350
8.516812500,0.002892478
8.516875000,0.001655017
8.516937500,0.000166401
8.517000000,-0.001694239
8.517062500,-0.003910867
8.517125000,-0.006420171
8.517187500,-0.009085463
8.517250000,-0.011765551
8.517312500,-0.014339485
8.517375000,-0.016798792
8.517437500,-0.019187231
8.517500000,-0.021554491
8.517562500,-0.023888694
8.517625000,-0.026141817
8.517687500,-0.028236745
8.517750000,-0.030119810
8.517812500,-0.031799983
8.517875000,-0.033353560
8.517937500,-0.034899138
8.518000000,-0.036520272
8.518062500,-0.038216796
8.518125000,-0.039865658
8.518187500,-0.041315511
8.518250000,-0.042450108
8.518312500,-0.043277293
8.518375000,-0.043847166
8.518437500,-0.044290911
8.518500000,-0.044709094
8.518562500,-0.045140684
8.518625000,-0.045423359
8.518687500,-0.045362163
8.518750000,-0.044803217
8.518812500,-0.043775395
8.518875000,-0.042375166
8.518937500,-0.040844101
8.519000000,-0.039438128
8.519062500,-0.038372885
8.519125000,-0.037599292
8.519187500,-0.036939923
8.519250000,-0.036143772
8.519312500,-0.035059568
8.519375000,-0.033560429
8.519437500,-0.031698503
8.519500000,-0.029649187
8.519562500,-0.027691886
8.519625000,-0.025944965
8.519687500,-0.024412939
8.519750000,-0.022966355
8.519812500,-0.021462323
8.519875000,-0.019681197
8.519937500,-0.017503800
8.520000000,-0.014965781
8.520062500,-0.012311735
8.520125000,-0.009795387
8.520187500,-0.007617163
8.520250000,-0.005835713
8.520312500,-0.004378434
8.520375000,-0.002965330
8.520437500,-0.001228158
8.520500000,0.001129493
8.520562500,0.004165625
8.520625000,0.007747929
8.520687500,0.011611483
8.520750000,0.015436403
8.520812500,0.018915789
8.520875000,0.021907805
8.520937500,0.024465753
8.521000000,0.026731333
8.521062500,0.028790507
8.521125000,0.030680159
8.521187500,0.032414064
8.521250000,0.033978913
8.521312500,0.035335191
8.521375000,0.036524910
8.521437500,0.037689038
8.521500000,0.038967505
8.521562500,0.040373322
8.521625000,0.041864220
8.521687500,0.043367919
8.521750000,0.044803217
8.521812500,0.046070691
8.521875000,0.047185425
8.521937500,0.048241656
8.522000000,0.049321190
8.522062500,0.050364375
8.522125000,0.051285513
8.522187500,0.051972203
8.522250000,0.052333172
8.522312500,0.052287821
8.522375000,0.051938277
8.522437500,0.051478405
8.522500000,0.051109552
8.522562500,0.050883919
8.522625000,0.050832257
8.522687500,0.050883804
8.522750000,0.050921306
8.522812500,0.050769992
8.522875000,0.050443865
8.522937500,0.050036121
8.523000000,0.049697686
8.523062500,0.049494173
8.523125000,0.049540378
8.523187500,0.049829401
8.523250000,0.050262433
8.523312500,0.050614756
8.523375000,0.050815649
8.523437500,0.050831579
8.523500000,0.050733056
8.523562500,0.050600704
8.523625000,0.050684296
8.523687500,0.051126849
8.523750000,0.051956676
8.523812500,0.053001940
8.523875000,0.054130975
8.523937500,0.055122722
8.524000000,0.055815775
8.524062500,0.056116670
8.524125000,0.056192875
8.524187500,0.056223545
8.524250000,0.056380518
8.524312500,0.056706298
8.524375000,0.057242334
8.524437500,0.057851657
8.524500000,0.058357134
8.524562500,0.058594160
8.524625000,0.058610663
8.524687500,0.058485240
8.524750000,0.058357134
8.524812500,0.058333907
8.524875000,0.058557898
8.524937500,0.058987722
8.525000000,0.059486628
8.525062500,0.059858091
8.525125000,0.060017172
8.525187500,0.059867870
8.525250000,0.059392504
8.525312500,0.058631942
8.525375000,0.057741690
8.525437500,0.056793675
8.525500000,0.055815775
8.525562500,0.054782983
8.525625000,0.053710211
8.525687500,0.052533519
8.525750000,0.051203676
8.525812500,0.049701434
8.525875000,0.048109289
8.525937500,0.046446119
8.526000000,0.044709094
8.526062500,0.042860456
8.526125000,0.040912990
8.526187500,0.038809102
8.526250000,0.036520272
8.526312500,0.034065638
8.526375000,0.031586535
8.526437500,0.029160490
8.526500000,0.026825456
8.526562500,0.024543874
8.526625000,0.022303874
8.526687500,0.019987963
8.526750000,0.017507140
8.526812500,0.014845560
8.526875000,0.012175904
8.526937500,0.009655068
8.527000000,0.007435828
8.527062500,0.005593492
8.527125000,0.004185214
8.527187500,0.003077277
8.527250000,0.002070737
8.527312500,0.000967714
8.527375000,-0.000272647
8.527437500,-0.001678956
8.527500000,-0.003200230
8.527562500,-0.004745232
8.527625000,-0.006142627
8.527687500,-0.007348145
8.527750000,-0.008377072
8.527812500,-0.009288861
8.527875000,-0.010066452
8.527937500,-0.010759310
8.528000000,-0.011389053
8.528062500,-0.011952133
8.528125000,-0.012345631
8.528187500,-0.012557570
8.528250000,-0.012612671
8.528312500,-0.012582916
8.528375000,-0.012475893
8.528437500,-0.012372333
8.528500000,-0.012330297
8.528562500,-0.012375289
8.528625000,-0.012403133
8.528687500,-0.012345827
8.528750000,-0.012142048
8.528812500,-0.011777849
8.528875000,-0.011228882
8.528937500,-0.010584507
8.529000000,-0.009977187
8.529062500,-0.009548166
8.529125000,-0.009352345
8.529187500,-0.009415892
8.529250000,-0.009694814
8.529312500,-0.010094158
8.529375000,-0.010483160
8.529437500,-0.010790521
8.529500000,-0.011012556
8.529562500,-0.011209357
8.529625000,-0.011473414
8.529687500,-0.011897252
8.529750000,-0.012518546
8.529812500,-0.013289533
8.529875000,-0.014094586
8.529937500,-0.014788317
8.530000000,-0.015248154
8.530062500,-0.015410291
8.530125000,-0.015301922
8.530187500,-0.014999557
8.530250000,-0.014589284
8.530312500,-0.014113033
8.530375000,-0.013573464
8.530437500,-0.012909465
8.530500000,-0.012047924
8.530562500,-0.010943301
8.530625000,-0.009642618
8.530687500,-0.008241502
8.530750000,-0.006871082
8.530812500,-0.005651414
8.530875000,-0.004670263
8.530937500,-0.003932007
8.531000000,-0.003388479
8.531062500,-0.002979426
8.531125000,-0.002663981
8.531187500,-0.002420048
8.531250000,-0.002258986
8.531312500,-0.002223084
8.531375000,-0.002344724
8.531437500,-0.002619167
8.531500000,-0.003011981
8.531562500,-0.003487579
8.531625000,-0.003977579
8.531687500,-0.004405342
8.531750000,-0.004706220
8.531812500,-0.004864970
8.531875000,-0.004871244
8.531937500,-0.004740856
8.532000000,-0.004517972
8.532062500,-0.004290970
8.532125000,-0.004114272
8.532187500,-0.004007699
8.532250000,-0.003953225
8.532312500,-0.003929495
8.532375000,-0.003875430
8.532437500,-0.003733394
8.532500000,-0.003482603
8.532562500,-0.003178794
8.532625000,-0.002887475
8.532687500,-0.002665758
8.532750000,-0.002541359
8.532812500,-0.002519548
8.532875000,-0.002515993
8.532937500,-0.002386816
8.533000000,-0.001976613
8.533062500,-0.001199595
8.533125000,-0.000015347
8.533187500,0.001527742
8.533250000,0.003294354
8.533312500,0.005066428
8.533375000,0.006676322
8.533437500,0.008027546
8.533500000,0.009130068
8.533562500,0.010065774
8.533625000,0.011008290
8.533687500,0.012114122
8.533750000,0.013459790
8.533812500,0.014981989
8.533875000,0.016554452
8.533937500,0.018006649
8.534000000,0.019201379
8.534062500,0.020071216
8.534125000,0.020678576
8.534187500,0.021157036
8.534250000,0.021648614
8.534312500,0.022223424
8.534375000,0.022879977
8.534437500,0.023540415
8.534500000,0.024095848
8.534562500,0.024452664
8.534625000,0.024604369
8.534687500,0.024629910
8.534750000,0.024660595
8.534812500,0.024808928
8.534875000,0.025148122
8.534937500,0.025664261
8.535000000,0.026260709
8.535062500,0.026781186
8.535125000,0.027109267
8.535187500,0.027201045
8.535250000,0.027107829
8.535312500,0.026936829
8.535375000,0.026836619
8.535437500,0.026899418
8.535500000,0.027107829
8.535562500,0.027308604
8.535625000,0.027303899
8.535687500,0.026914673
8.535750000,0.026072461
8.535812500,0.024843512
8.535875000,0.023464592
8.535937500,0.022207242
8.536000000,0.021272115
8.536062500,0.020673253
8.536125000,0.020308552
8.536187500,0.019952202
8.536250000,0.019389628
8.536312500,0.018491887
8.536375000,0.017356589
8.536437500,0.016174573
8.536500000,0.015154029
8.536562500,0.014377514
8.536625000,0.013866874
8.536687500,0.013490256
8.536750000,0.013083293
8.536812500,0.012509731
8.536875000,0.011850265
8.536937500,0.011257894
8.537000000,0.010918431
8.537062500,0.010907386
8.537125000,0.011278318
8.537187500,0.011911056
8.537250000,0.012612671
8.537312500,0.013155096
8.537375000,0.013499685
8.537437500,0.013665517
8.537500000,0.013742164
8.537562500,0.013779571
8.537625000,0.013889153
8.537687500,0.014058591
8.537750000,0.014212786
8.537812500,0.014211821
8.537875000,0.014065796
8.537937500,0.013810052
8.538000000,0.013553915
8.538062500,0.013399354
8.538125000,0.013539817
8.538187500,0.014044498
8.538250000,0.014871657
8.538312500,0.015833599
8.538375000,0.016787840
8.538437500,0.017563200
8.538500000,0.018071886
8.538562500,0.018309467
8.538625000,0.018445555
8.538687500,0.018642768
8.538750000,0.019013131
8.538812500,0.019539705
8.538875000,0.020164063
8.538937500,0.020745708
8.539000000,0.021177992
8.539062500,0.021438394
8.539125000,0.021673003
8.539187500,0.022067681
8.539250000,0.022778107
8.539312500,0.023824733
8.539375000,0.025116811
8.539437500,0.026422717
8.539500000,0.027484328
8.539562500,0.028105792
8.539625000,0.028281497
8.539687500,0.028132774
8.539750000,0.027860826
8.539812500,0.027631946
8.539875000,0.027574355
8.539937500,0.027680920
8.540000000,0.027860826
8.540062500,0.027971314
8.540125000,0.027973019
8.540187500,0.027860720
8.540250000,0.027672576
8.540312500,0.027412174
8.540375000,0.027136045
8.540437500,0.026830021
8.540500000,0.026448958
8.540562500,0.025894998
8.540625000,0.025176780
8.540687500,0.024292592
8.540750000,0.023248728
8.540812500,0.021997444
8.540875000,0.020584809
8.540937500,0.019037209
8.541000000,0.017413015
8.541062500,0.015761198
8.541125000,0.014249877
8.541187500,0.012993969
8.541250000,0.012047924
8.541312500,0.011342754
8.541375000,0.010820648
8.541437500,0.010362464
8.541500000,0.009883063
8.541562500,0.009345152
8.541625000,0.008860342
8.541687500,0.008540597
8.541750000,0.008471197
8.541812500,0.008643410
8.541875000,0.009016929
8.541937500,0.009466253
8.542000000,0.009883063
8.542062500,0.010228363
8.542125000,0.010612611
8.542187500,0.011173611
8.542250000,0.012047924
8.542312500,0.013302418
8.542375000,0.014932876
8.542437500,0.016801657
8.542500000,0.018730756
8.542562500,0.020580247
8.542625000,0.022307456
8.542687500,0.023907790
8.542750000,0.025413590
8.542812500,0.026864309
8.542875000,0.028264161
8.542937500,0.029537274
8.543000000,0.030590432
8.543062500,0.031380761
8.543125000,0.031906348
8.543187500,0.032172456
8.543250000,0.032190546
8.543312500,0.031985413
8.543375000,0.031523939
8.543437500,0.030732023
8.543500000,0.029555064
8.543562500,0.028044980
8.543625000,0.026269348
8.543687500,0.024325505
8.543750000,0.022307485
8.543812500,0.020328583
8.543875000,0.018364828
8.543937500,0.016348569
8.544000000,0.014212786
8.544062500,0.012010348
8.544125000,0.009756071
8.544187500,0.007516134
8.544250000,0.005365091
8.544312500,0.003425276
8.544375000,0.001658363
8.544437500,-0.000015566
8.544500000,-0.001694239
8.544562500,-0.003373960
8.544625000,-0.005105076
8.544687500,-0.006880185
8.544750000,-0.008659446
8.544812500,-0.010326589
8.544875000,-0.011884966
8.544937500,-0.013375909
8.545000000,-0.014871657
8.545062500,-0.016383251
8.545125000,-0.017966285
8.545187500,-0.019638326
8.545250000,-0.021366240
8.545312500,-0.023025671
8.545375000,-0.024546152
8.545437500,-0.025919471
8.545500000,-0.027201954
8.545562500,-0.028454743
8.545625000,-0.029794255
8.545687500,-0.031337865
8.545750000,-0.033131793
8.545812500,-0.035085000
8.545875000,-0.037074279
8.545937500,-0.039006632
8.546000000,-0.040849991
8.546062500,-0.042612895
8.546125000,-0.044410046
8.546187500,-0.046397027
8.546250000,-0.048662320
8.546312500,-0.051114723
8.546375000,-0.053567298
8.546437500,-0.055774022
8.546500000,-0.057510015
8.546562500,-0.058611963
8.546625000,-0.059126087
8.546687500,-0.059241384
8.546750000,-0.059204251
8.546812500,-0.059170857
8.546875000,-0.059235748
8.546937500,-0.059354577
8.547000000,-0.059392504
8.547062500,-0.059154719
8.547125000,-0.058577519
8.547187500,-0.057680544
8.547250000,-0.056568768
8.547312500,-0.055337071
8.547375000,-0.054144748
8.547437500,-0.053073876
8.547500000,-0.052144922
8.547562500,-0.051314831
8.547625000,-0.050544873
8.547687500,-0.049769685
8.547750000,-0.048944689
8.547812500,-0.048049819
8.547875000,-0.047156267
8.547937500,-0.046332370
8.548000000,-0.045650337
8.548062500,-0.045142382
8.548125000,-0.044853304
8.548187500,-0.044736322
8.548250000,-0.044709094
8.548312500,-0.044662170
8.548375000,-0.044572059
8.548437500,-0.044382978
8.548500000,-0.044050224
8.548562500,-0.043516729
8.548625000,-0.042836167
8.548687500,-0.042043433
8.548750000,-0.041226488
8.548812500,-0.040479608
8.548875000,-0.039965793
8.548937500,-0.039654180
8.549000000,-0.039344002
8.549062500,-0.038683914
8.549125000,-0.037466530
8.549187500,-0.035617307
8.549250000,-0.033414163
8.549312500,-0.031435855
8.549375000,-0.030477457
8.549437500,-0.030974016
8.549500000,-0.032755297
8.549562500,-0.034917992
8.549625000,-0.036196604
8.549687500,-0.035254013
8.549750000,-0.031343430
8.549812500,-0.024677143
8.549875000,-0.016557110
8.549937500,-0.008754243
8.550000000,-0.002917857
8.550062500,0.000062739
8.550125000,0.000227324
8.550187500,-0.001419115
8.550250000,-0.003482603
8.550312500,-0.004768224
8.550375000,-0.004842682
8.550437500,-0.003932903
8.550500000,-0.002729608
8.550562500,-0.001921566
8.550625000,-0.001966825
8.550687500,-0.002766943
8.550750000,-0.003859101
8.550812500,-0.004665331
8.550875000,-0.004934308
8.550937500,-0.004671444
8.551000000,-0.004141474
8.551062500,-0.003637396
8.551125000,-0.003453270
8.551187500,-0.003590025
8.551250000,-0.003859101
8.551312500,-0.003970499
8.551375000,-0.003833765
8.551437500,-0.003441920
8.551500000,-0.002917857
8.551562500,-0.002394212
8.551625000,-0.002072928
8.551687500,-0.001989112
8.551750000,-0.002070737
8.551812500,-0.002150996
8.551875000,-0.002158704
8.551937500,-0.002012783
8.552000000,-0.001694239
8.552062500,-0.001215695
8.552125000,-0.000712675
8.552187500,-0.000280646
8.552250000,0.000000000
8.552312500,0.000100448
8.552375000,-0.000034221
8.552437500,-0.000369716
8.552500000,-0.000847120
8.552562500,-0.001415471
8.552625000,-0.002073216
8.552687500,-0.002862842
8.552750000,-0.003859101
8.552812500,-0.005136034
8.552875000,-0.006720876
8.552937500,-0.008564081
8.553000000,-0.010541934
8.553062500,-0.012494595
8.553125000,-0.014242977
8.553187500,-0.015650813
8.553250000,-0.016660020
8.553312500,-0.017317314
8.553375000,-0.017712999
8.553437500,-0.017963039
8.553500000,-0.018166009
8.553562500,-0.018391067
8.553625000,-0.018621694
8.553687500,-0.018793182
8.553750000,-0.018824881
8.553812500,-0.018676296
8.553875000,-0.018331124
8.553937500,-0.017824370
8.554000000,-0.017224766
8.554062500,-0.016614800
8.554125000,-0.016029162
8.554187500,-0.015443902
8.554250000,-0.014777532
8.554312500,-0.013922353
8.554375000,-0.012790856
8.554437500,-0.011359142
8.554500000,-0.009694814
8.554562500,-0.007938737
8.554625000,-0.006294710
8.554687500,-0.004937484
8.554750000,-0.003953225
8.554812500,-0.003277041
8.554875000,-0.002783279
8.554937500,-0.002282948
8.555000000,-0.001600115
8.555062500,-0.000580947
8.555125000,0.000743371
8.555187500,0.002269311
8.555250000,0.003859101
8.555312500,0.005470313
8.555375000,0.007002823
8.555437500,0.008437905
8.555500000,0.009788939
8.555562500,0.011156880
8.555625000,0.012453452
8.555687500,0.013595069
8.555750000,0.014495159
8.555812500,0.015209327
8.555875000,0.015662657
8.555937500,0.015879413
8.556000000,0.015907025
8.556062500,0.015895842
8.556125000,0.015755938
8.556187500,0.015411749
8.556250000,0.014777532
8.556312500,0.013916236
8.556375000,0.012733258
8.556437500,0.011244820
8.556500000,0.009506566
8.556562500,0.007710987
8.556625000,0.005820254
8.556687500,0.003824252
8.556750000,0.001694239
8.556812500,-0.000478127
8.556875000,-0.002807907
8.556937500,-0.005357521
8.557000000,-0.008188824
8.557062500,-0.011239519
8.557125000,-0.014620635
8.557187500,-0.018356260
8.557250000,-0.022401609
8.557312500,-0.026530128
8.557375000,-0.030635808
8.557437500,-0.034586247
8.557500000,-0.038308635
8.557562500,-0.041722070
8.557625000,-0.044974800
8.557687500,-0.048221424
8.557750000,-0.051580172
8.557812500,-0.054990511
8.557875000,-0.058410190
8.557937500,-0.061710697
8.558000000,-0.064757593
8.558062500,-0.067398205
8.558125000,-0.069658086
8.558187500,-0.071627408
8.558250000,-0.073417038
8.558312500,-0.075048484
8.558375000,-0.076544695
8.558437500,-0.077889383
8.558500000,-0.079064503
8.558562500,-0.080052413
8.558625000,-0.080921873
8.558687500,-0.081784785
8.558750000,-0.082735352
8.558812500,-0.083776452
8.558875000,-0.084833562
8.558937500,-0.085784025
8.559000000,-0.086500332
8.559062500,-0.086894594
8.559125000,-0.086959973
8.559187500,-0.086766571
8.559250000,-0.086406209
8.559312500,-0.085932843
8.559375000,-0.085335575
8.559437500,-0.084547572
8.559500000,-0.083488353
8.559562500,-0.082114421
8.559625000,-0.080460832
8.559687500,-0.078618437
8.559750000,-0.076711394
8.559812500,-0.074851118
8.559875000,-0.073118135
8.559937500,-0.071498767
8.560000000,-0.069934435
8.560062500,-0.068354703
8.560125000,-0.066753887
8.560187500,-0.065093987
8.560250000,-0.063345730
8.560312500,-0.061471038
8.560375000,-0.059489414
8.560437500,-0.057339489
8.560500000,-0.054968655
8.560562500,-0.052347846
8.560625000,-0.049584150
8.560687500,-0.046714436
8.560750000,-0.043767847
8.560812500,-0.040734537
8.560875000,-0.037701625
8.560937500,-0.034640115
8.561000000,-0.031531677
8.561062500,-0.028371148
8.561125000,-0.025325727
8.561187500,-0.022451295
8.561250000,-0.019766126
8.561312500,-0.017203549
8.561375000,-0.014815309
8.561437500,-0.012519528
8.561500000,-0.010259560
8.561562500,-0.007995983
8.561625000,-0.005919217
8.561687500,-0.004096825
8.561750000,-0.002541359
8.561812500,-0.001127998
8.561875000,0.000146201
8.561937500,0.001448817
8.562000000,0.002917857
8.562062500,0.004662763
8.562125000,0.006459035
8.562187500,0.008132161
8.562250000,0.009506566
8.562312500,0.010560175
8.562375000,0.011162014
8.562437500,0.011432355
8.562500000,0.011577302
8.562562500,0.011895997
8.562625000,0.012376133
8.562687500,0.013002086
8.562750000,0.013648040
8.562812500,0.014224062
8.562875000,0.014424738
8.562937500,0.014153471
8.563000000,0.013459790
8.563062500,0.012616419
8.563125000,0.011736327
8.563187500,0.010993914
8.563250000,0.010447809
8.563312500,0.010095499
8.563375000,0.009630637
8.563437500,0.008818283
8.563500000,0.007529953
8.563562500,0.005891202
8.563625000,0.004030332
8.563687500,0.002214130
8.563750000,0.000658871
8.563812500,-0.000511220
8.563875000,-0.001487576
8.563937500,-0.002543802
8.564000000,-0.003953225
8.564062500,-0.005815895
8.564125000,-0.008147099
8.564187500,-0.010792112
8.564250000,-0.013553915
8.564312500,-0.016266206
8.564375000,-0.018947367
8.564437500,-0.021705030
8.564500000,-0.024660595
8.564562500,-0.027828127
8.564625000,-0.031117741
8.564687500,-0.034334764
8.564750000,-0.037273265
8.564812500,-0.039808910
8.564875000,-0.041953400
8.564937500,-0.043844845
8.565000000,-0.045650337
8.565062500,-0.047465973
8.565125000,-0.049241967
8.565187500,-0.050831098
8.565250000,-0.052050799
8.565312500,-0.052782957
8.565375000,-0.053009074
8.565437500,-0.052856710
8.565500000,-0.052521419
8.565562500,-0.052189719
8.565625000,-0.051922537
8.565687500,-0.051691588
8.565750000,-0.051391926
8.565812500,-0.050918624
8.565875000,-0.050173435
8.565937500,-0.049150310
8.566000000,-0.047909327
8.566062500,-0.046558656
8.566125000,-0.045146335
8.566187500,-0.043691199
8.566250000,-0.042167734
8.566312500,-0.040544108
8.566375000,-0.038768459
8.566437500,-0.036824036
8.566500000,-0.034731906
8.566562500,-0.032555457
8.566625000,-0.030349184
8.566687500,-0.028152559
8.566750000,-0.025978338
8.566812500,-0.023817083
8.566875000,-0.021640683
8.566937500,-0.019394850
8.567000000,-0.017036518
8.567062500,-0.014560373
8.567125000,-0.012042588
8.567187500,-0.009586499
8.567250000,-0.007341704
8.567312500,-0.005462968
8.567375000,-0.004115078
8.567437500,-0.003307840
8.567500000,-0.002917857
8.567562500,-0.002698353
8.567625000,-0.002432523
8.567687500,-0.001883727
8.567750000,-0.000941244
8.567812500,0.000359557
8.567875000,0.001764022
8.567937500,0.003065280
8.568000000,0.004141474
8.568062500,0.005036803
8.568125000,0.005840815
8.568187500,0.006775542
8.568250000,0.008000575
8.568312500,0.009528066
8.568375000,0.011099922
8.568437500,0.012431196
8.568500000,0.013271542
8.568562500,0.013537277
8.568625000,0.013259142
8.568687500,0.012694240
8.568750000,0.012142048
8.568812500,0.011825255
8.568875000,0.011722822
8.568937500,0.011726403
8.569000000,0.011671427
8.569062500,0.011453712
8.569125000,0.011026012
8.569187500,0.010508659
8.569250000,0.010071312
8.569312500,0.009840414
8.569375000,0.009789417
8.569437500,0.009820233
8.569500000,0.009788939
8.569562500,0.009582835
8.569625000,0.009158929
8.569687500,0.008591065
8.569750000,0.008000575
8.569812500,0.007476892
8.569875000,0.007040650
8.569937500,0.006645671
8.570000000,0.006212211
8.570062500,0.005671163
8.570125000,0.005035552
8.570187500,0.004390556
8.570250000,0.003859101
8.570312500,0.003530578
8.570375000,0.003461936
8.570437500,0.003630884
8.570500000,0.003953225
8.570562500,0.004290538
8.570625000,0.004560832
8.570687500,0.004705390
8.570750000,0.004706220
8.570812500,0.004541048
8.570875000,0.004269428
8.570937500,0.003934940
8.571000000,0.003576728
8.571062500,0.003181423
8.571125000,0.002820758
8.571187500,0.002533813
8.571250000,0.002353110
8.571312500,0.002247822
8.571375000,0.002272404
8.571437500,0.002435913
8.571500000,0.002729608
8.571562500,0.003066983
8.571625000,0.003468364
8.571687500,0.003923143
8.571750000,0.004423847
8.571812500,0.004896744
8.571875000,0.005390759
8.571937500,0.005921439
8.572000000,0.006494584
8.572062500,0.007021512
8.572125000,0.007541784
8.572187500,0.008056470
8.572250000,0.008565322
8.572312500,0.008984571
8.572375000,0.009385558
8.572437500,0.009821351
8.572500000,0.010353684
8.572562500,0.010948389
8.572625000,0.011700449
8.572687500,0.012637846
8.572750000,0.013742164
8.572812500,0.014863122
8.572875000,0.015981155
8.572937500,0.017072944
8.573000000,0.018166009
8.573062500,0.019247394
8.573125000,0.020469269
8.573187500,0.021924850
8.573250000,0.023625227
8.573312500,0.025386326
8.573375000,0.027107865
8.573437500,0.028667323
8.573500000,0.030025685
8.573562500,0.031172495
8.573625000,0.032336898
8.573687500,0.033733271
8.573750000,0.035484903
8.573812500,0.037466049
8.573875000,0.039538007
8.573937500,0.041474331
8.574000000,0.043108981
8.574062500,0.044341363
8.574125000,0.045390755
8.574187500,0.046554144
8.574250000,0.048097573
8.574312500,0.050031509
8.574375000,0.052306306
8.574437500,0.054676645
8.574500000,0.056851145
8.574562500,0.058526013
8.574625000,0.059731100
8.574687500,0.060630042
8.574750000,0.061463237
8.574812500,0.062321603
8.574875000,0.063320868
8.574937500,0.064381495
8.575000000,0.065322340
8.575062500,0.065856442
8.575125000,0.065963440
8.575187500,0.065721452
8.575250000,0.065322340
8.575312500,0.064887561
8.575375000,0.064683661
8.575437500,0.064829767
8.575500000,0.065322340
8.575562500,0.065938868
8.575625000,0.066596724
8.575687500,0.067151479
8.575750000,0.067487195
8.575812500,0.067420080
8.575875000,0.067036867
8.575937500,0.066421159
8.576000000,0.065698840
8.576062500,0.064893879
8.576125000,0.064239778
8.576187500,0.063860066
8.576250000,0.063816346
8.576312500,0.063979715
8.576375000,0.064402841
8.576437500,0.065029144
8.576500000,0.065792963
8.576562500,0.066509716
8.576625000,0.067255244
8.576687500,0.068023756
8.576750000,0.068804942
8.576812500,0.069450259
8.576875000,0.070045240
8.576937500,0.070563480
8.577000000,0.070969805
8.577062500,0.071112677
8.577125000,0.071127877
8.577187500,0.071079507
8.577250000,0.071063928
8.577312500,0.071069591
8.577375000,0.071338207
8.577437500,0.071939439
8.577500000,0.072852299
8.577562500,0.073838979
8.577625000,0.074882880
8.577687500,0.075841598
8.577750000,0.076617271
8.577812500,0.077059135
8.577875000,0.077375077
8.577937500,0.077675447
8.578000000,0.078029141
8.578062500,0.078288801
8.578125000,0.078523830
8.578187500,0.078646392
8.578250000,0.078593880
8.578312500,0.078238450
8.578375000,0.077849038
8.578437500,0.077607341
8.578500000,0.077652633
8.578562500,0.077863902
8.578625000,0.078309819
8.578687500,0.078834407
8.578750000,0.079252750
8.578812500,0.079273529
8.578875000,0.079028271
8.578937500,0.078606948
8.579000000,0.078123264
8.579062500,0.077483281
8.579125000,0.076864347
8.579187500,0.076246381
8.579250000,0.075581901
8.579312500,0.074672960
8.579375000,0.073738918
8.579437500,0.072904877
8.579500000,0.072287545
8.579562500,0.071765244
8.579625000,0.071502551
8.579687500,0.071452036
8.579750000,0.071534552
8.579812500,0.071512230
8.579875000,0.071570098
8.579937500,0.071798198
8.580000000,0.072287545
8.580062500,0.072905339
8.580125000,0.073798895
8.580187500,0.074890852
8.580250000,0.076052524
8.580312500,0.076989338
8.580375000,0.077823207
8.580437500,0.078604907
8.580500000,0.079440996
8.580562500,0.080290608
8.580625000,0.081424028
8.580687500,0.082884848
8.580750000,0.084617838
8.580812500,0.086337447
8.580875000,0.088059969
8.580937500,0.089672163
8.581000000,0.091112427
8.581062500,0.092254058
8.581125000,0.093346000
8.581187500,0.094526522
8.581250000,0.095912777
8.581312500,0.097437143
8.581375000,0.099231958
8.581437500,0.101196945
8.581500000,0.103160344
8.581562500,0.104827039
8.581625000,0.106200643
8.581687500,0.107231773
8.581750000,0.107960694
8.581812500,0.108409733
8.581875000,0.108848363
8.581937500,0.109364770
8.582000000,0.109937310
8.582062500,0.110360973
8.582125000,0.110569790
8.582187500,0.110393204
8.582250000,0.109749056
8.582312500,0.108632140
8.582375000,0.107330658
8.582437500,0.106054984
8.582500000,0.104948714
8.582562500,0.103979528
8.582625000,0.103133835
8.582687500,0.102204263
8.582750000,0.100995496
8.582812500,0.099384062
8.582875000,0.097537689
8.582937500,0.095607847
8.583000000,0.093747914
8.583062500,0.091995254
8.583125000,0.090405487
8.583187500,0.088802986
8.583250000,0.086970955
8.583312500,0.084722720
8.583375000,0.082142808
8.583437500,0.079305269
8.583500000,0.076334894
8.583562500,0.073310427
8.583625000,0.070391037
8.583687500,0.067515470
8.583750000,0.064569339
8.583812500,0.061431557
8.583875000,0.058214433
8.583937500,0.054965828
8.584000000,0.051768426
8.584062500,0.048666429
8.584125000,0.045827668
8.584187500,0.043197643
8.584250000,0.040661745
8.584312500,0.038065024
8.584375000,0.035470303
8.584437500,0.032828126
8.584500000,0.030119810
8.584562500,0.027314652
8.584625000,0.024573760
8.584687500,0.021881692
8.584750000,0.019201379
8.584812500,0.016469605
8.584875000,0.013828135
8.584937500,0.011281848
8.585000000,0.008847695
8.585062500,0.006532995
8.585125000,0.004519366
8.585187500,0.002820145
8.585250000,0.001411866
8.585312500,0.000219411
8.585375000,-0.000698054
8.585437500,-0.001450346
8.585500000,-0.002164861
8.585562500,-0.002974330
8.585625000,-0.003830576
8.585687500,-0.004780182
8.585750000,-0.005835713
8.585812500,-0.006989193
8.585875000,-0.008065801
8.585937500,-0.009010561
8.586000000,-0.009788939
8.586062500,-0.010405499
8.586125000,-0.010772754
8.586187500,-0.010946112
8.586250000,-0.011012556
8.586312500,-0.011077581
8.586375000,-0.011123676
8.586437500,-0.011193292
8.586500000,-0.011294928
8.586562500,-0.011409462
8.586625000,-0.011424932
8.586687500,-0.011317549
8.586750000,-0.011106680
8.586812500,-0.010859015
8.586875000,-0.010622470
8.586937500,-0.010514355
8.587000000,-0.010636058
8.587062500,-0.011036252
8.587125000,-0.011661578
8.587187500,-0.012440904
8.587250000,-0.013271542
8.587312500,-0.014042638
8.587375000,-0.014660742
8.587437500,-0.015111333
8.587500000,-0.015436403
8.587562500,-0.015700428
8.587625000,-0.015964489
8.587687500,-0.016260847
8.587750000,-0.016565897
8.587812500,-0.016794281
8.587875000,-0.016856469
8.587937500,-0.016687235
8.588000000,-0.016283523
8.588062500,-0.015702847
8.588125000,-0.015073491
8.588187500,-0.014520415
8.588250000,-0.014118661
8.588312500,-0.013845377
8.588375000,-0.013628591
8.588437500,-0.013345663
8.588500000,-0.012895043
8.588562500,-0.012230244
8.588625000,-0.011446590
8.588687500,-0.010699276
8.588750000,-0.010165436
8.588812500,-0.009954920
8.588875000,-0.010124600
8.588937500,-0.010595691
8.589000000,-0.011200804
8.589062500,-0.011720964
8.589125000,-0.012027801
8.589187500,-0.012060628
8.589250000,-0.011859675
8.589312500,-0.011517751
8.589375000,-0.011200716
8.589437500,-0.011019994
8.589500000,-0.011012556
8.589562500,-0.011109840
8.589625000,-0.011231054
8.589687500,-0.011258954
8.589750000,-0.011106680
8.589812500,-0.010730375
8.589875000,-0.010205007
8.589937500,-0.009633315
8.590000000,-0.009130068
8.590062500,-0.008763202
8.590125000,-0.008583842
8.590187500,-0.008548778
8.590250000,-0.008565322
8.590312500,-0.008520099
8.590375000,-0.008377935
8.590437500,-0.008146676
8.590500000,-0.007906451
8.590562500,-0.007772606
8.590625000,-0.007892260
8.590687500,-0.008325936
8.590750000,-0.009035943
8.590812500,-0.009882259
8.590875000,-0.010702891
8.590937500,-0.011329254
8.591000000,-0.011671427
8.591062500,-0.011749720
8.591125000,-0.011704263
8.591187500,-0.011697984
8.591250000,-0.011859675
8.591312500,-0.012227004
8.591375000,-0.012744424
8.591437500,-0.013268660
8.591500000,-0.013648040
8.591562500,-0.013789348
8.591625000,-0.013710641
8.591687500,-0.013498261
8.591750000,-0.013271542
8.591812500,-0.013117971
8.591875000,-0.013071195
8.591937500,-0.013066546
8.592000000,-0.012989169
8.592062500,-0.012722519
8.592125000,-0.012224592
8.592187500,-0.011506832
8.592250000,-0.010636058
8.592312500,-0.009692336
8.592375000,-0.008765275
8.592437500,-0.007888815
8.592500000,-0.007059331
8.592562500,-0.006249384
8.592625000,-0.005464045
8.592687500,-0.004717917
8.592750000,-0.004047350
8.592812500,-0.003482994
8.592875000,-0.003070212
8.592937500,-0.002804037
8.593000000,-0.002635483
8.593062500,-0.002464349
8.593125000,-0.002214483
8.593187500,-0.001811777
8.593250000,-0.001223617
8.593312500,-0.000450909
8.593375000,0.000410284
8.593437500,0.001253385
8.593500000,0.001976613
8.593562500,0.002541998
8.593625000,0.002899732
8.593687500,0.003070669
8.593750000,0.003106105
8.593812500,0.003097307
8.593875000,0.003048565
8.593937500,0.002963011
8.594000000,0.002823732
8.594062500,0.002646117
8.594125000,0.002373734
8.594187500,0.001992699
8.594250000,0.001505991
8.594312500,0.000971210
8.594375000,0.000378483
8.594437500,-0.000242105
8.594500000,-0.000847120
8.594562500,-0.001345541
8.594625000,-0.001723547
8.594687500,-0.001960126
8.594750000,-0.002070737
8.594812500,-0.002083827
8.594875000,-0.002125295
8.594937500,-0.002309952
8.595000000,-0.002729608
8.595062500,-0.003399451
8.595125000,-0.004311916
8.595187500,-0.005383036
8.595250000,-0.006494584
8.595312500,-0.007521373
8.595375000,-0.008395660
8.595437500,-0.009103151
8.595500000,-0.009694814
8.595562500,-0.010268464
8.595625000,-0.010941622
8.595687500,-0.011804750
8.595750000,-0.012895043
8.595812500,-0.014195021
8.595875000,-0.015613601
8.595937500,-0.017034473
8.596000000,-0.018354259
8.596062500,-0.019542526
8.596125000,-0.020568775
8.596187500,-0.021449411
8.596250000,-0.022213360
8.596312500,-0.022925152
8.596375000,-0.023554014
8.596437500,-0.024074594
8.596500000,-0.024472345
8.596562500,-0.024814082
8.596625000,-0.025090395
8.596687500,-0.025301341
8.596750000,-0.025413590
8.596812500,-0.025416840
8.596875000,-0.025180908
8.596937500,-0.024618905
8.597000000,-0.023719350
8.597062500,-0.022639807
8.597125000,-0.021497145
8.597187500,-0.020425601
8.597250000,-0.019483753
8.597312500,-0.018683538
8.597375000,-0.017813139
8.597437500,-0.016633563
8.597500000,-0.014965781
8.597562500,-0.012852672
8.597625000,-0.010406219
8.597687500,-0.007880405
8.597750000,-0.005553340
8.597812500,-0.003680753
8.597875000,-0.002254796
8.597937500,-0.001095564
8.598000000,0.000094124
8.598062500,0.001562613
8.598125000,0.003537361
8.598187500,0.006088674
8.598250000,0.009130068
8.598312500,0.012422259
8.598375000,0.015754847
8.598437500,0.018975426
8.598500000,0.022025112
8.598562500,0.024893440
8.598625000,0.027647879
8.598687500,0.030358791
8.598750000,0.033037666
8.598812500,0.035589274
8.598875000,0.037887633
8.598937500,0.039837968
8.599000000,0.041414738
8.599062500,0.042669687
8.599125000,0.043749653
8.599187500,0.044870593
8.599250000,0.046215083
8.599312500,0.047838490
8.599375000,0.049660075
8.599437500,0.051513191
8.599500000,0.053180292
8.599562500,0.054447066
8.599625000,0.055194475
8.599687500,0.055450588
8.599750000,0.055345152
8.599812500,0.055027377
8.599875000,0.054637354
8.599937500,0.054268919
8.600000000,0.053933285
8.600062500,0.053545304
8.600125000,0.053005852
8.600187500,0.052238025
8.600250000,0.051203676
8.600312500,0.049878202
8.600375000,0.048317768
8.600437500,0.046599500
8.600500000,0.044803217
8.600562500,0.042959802
8.600625000,0.041145030
8.600687500,0.039418492
8.600750000,0.037838012
8.600812500,0.036409963
8.600875000,0.035202254
8.600937500,0.034220226
8.601000000,0.033414163
8.601062500,0.032626200
8.601125000,0.031778809
8.601187500,0.030768257
8.601250000,0.029555064
8.601312500,0.028132264
8.601375000,0.026709100
8.601437500,0.025470091
8.601500000,0.024566470
8.601562500,0.023996541
8.601625000,0.023799289
8.601687500,0.023853138
8.601750000,0.024001725
8.601812500,0.024050100
8.601875000,0.024033196
8.601937500,0.023970271
8.602000000,0.023907598
8.602062500,0.023805436
8.602125000,0.023762444
8.602187500,0.023748240
8.602250000,0.023719350
8.602312500,0.023585513
8.602375000,0.023480101
8.602437500,0.023472721
8.602500000,0.023625227
8.602562500,0.023889007
8.602625000,0.024337642
8.602687500,0.024905540
8.602750000,0.025507715
8.602812500,0.026014008
8.602875000,0.026505271
8.602937500,0.027013438
8.603000000,0.027578451
8.603062500,0.028161529
8.603125000,0.028831346
8.603187500,0.029539539
8.603250000,0.030213933
8.603312500,0.030739199
8.603375000,0.031163460
8.603437500,0.031507768
8.603500000,0.031814050
8.603562500,0.032074742
8.603625000,0.032375760
8.603687500,0.032709815
8.603750000,0.033037666
8.603812500,0.033264831
8.603875000,0.033421572
8.603937500,0.033519354
8.604000000,0.033602413
8.604062500,0.033687998
8.604125000,0.033892427
8.604187500,0.034249283
8.604250000,0.034731906
8.604312500,0.035202667
8.604375000,0.035603844
8.604437500,0.035839844
8.604500000,0.035861399
8.604562500,0.035631254
8.604625000,0.035298504
8.604687500,0.034994435
8.604750000,0.034826029
8.604812500,0.034769960
8.604875000,0.034841444
8.604937500,0.034936402
8.605000000,0.034920152
8.605062500,0.034618296
8.605125000,0.034043670
8.605187500,0.033235028
8.605250000,0.032284670
8.605312500,0.031244704
8.605375000,0.030268205
8.605437500,0.029417248
8.605500000,0.028707944
8.605562500,0.028068973
8.605625000,0.027530048
8.605687500,0.027063329
8.605750000,0.026637208
8.605812500,0.026167400
8.605875000,0.025692876
8.605937500,0.025213689
8.606000000,0.024754720
8.606062500,0.024324672
8.606125000,0.024059711
8.606187500,0.024033746
8.606250000,0.024284096
8.606312500,0.024755852
8.606375000,0.025451314
8.606437500,0.026291596
8.606500000,0.027201954
8.606562500,0.028106980
8.606625000,0.029057560
8.606687500,0.030070627
8.606750000,0.031155180
8.606812500,0.032268256
8.606875000,0.033411995
8.606937500,0.034510255
8.607000000,0.035484903
8.607062500,0.036267772
8.607125000,0.036895849
8.607187500,0.037381679
8.607250000,0.037743889
8.607312500,0.037973985
8.607375000,0.038095508
8.607437500,0.038046096
8.607500000,0.037743889
8.607562500,0.037118506
8.607625000,0.036201164
8.607687500,0.035048686
8.607750000,0.033790659
8.607812500,0.032603987
8.607875000,0.031684563
8.607937500,0.031098336
8.608000000,0.030778680
8.608062500,0.030546531
8.608125000,0.030183889
8.608187500,0.029474173
8.608250000,0.028331446
8.608312500,0.026860369
8.608375000,0.025312725
8.608437500,0.023934871
8.608500000,0.022872232
8.608562500,0.022102403
8.608625000,0.021446792
8.608687500,0.020618428
8.608750000,0.019389628
8.608812500,0.017709868
8.608875000,0.015747864
8.608937500,0.013754275
8.609000000,0.011953799
8.609062500,0.010422495
8.609125000,0.009096912
8.609187500,0.007759866
8.609250000,0.006212211
8.609312500,0.004391061
8.609375000,0.002488507
8.609437500,0.000781079
8.609500000,-0.000470622
8.609562500,-0.001191718
8.609625000,-0.001456130
8.609687500,-0.001588381
8.609750000,-0.001976613
8.609812500,-0.002940986
8.609875000,-0.004473489
8.609937500,-0.006392841
8.610000000,-0.008377072
8.610062500,-0.010146522
8.610125000,-0.011450936
8.610187500,-0.012303676
8.610250000,-0.012895043
8.610312500,-0.013523481
8.610375000,-0.014348964
8.610437500,-0.015452112
8.610500000,-0.016754145
8.610562500,-0.018077731
8.610625000,-0.019122528
8.610687500,-0.019684061
8.610750000,-0.019672001
8.610812500,-0.019148961
8.610875000,-0.018210918
8.610937500,-0.017043453
8.611000000,-0.015812902
8.611062500,-0.014631975
8.611125000,-0.013473351
8.611187500,-0.012286574
8.611250000,-0.011012556
8.611312500,-0.009644080
8.611375000,-0.008186910
8.611437500,-0.006727920
8.611500000,-0.005365091
8.611562500,-0.004167254
8.611625000,-0.003082993
8.611687500,-0.001997959
8.611750000,-0.000752995
8.611812500,0.000779782
8.611875000,0.002692006
8.611937500,0.004955531
8.612000000,0.007435828
8.612062500,0.009911484
8.612125000,0.012173430
8.612187500,0.014048474
8.612250000,0.015436403
8.612312500,0.016300872
8.612375000,0.016690334
8.612437500,0.016686810
8.612500000,0.016377648
8.612562500,0.015826458
8.612625000,0.015079939
8.612687500,0.014181864
8.612750000,0.013177417
8.612812500,0.012116525
8.612875000,0.011055985
8.612937500,0.010071635
8.613000000,0.009224192
8.613062500,0.008542689
8.613125000,0.007986858
8.613187500,0.007509730
8.613250000,0.007059331
8.613312500,0.006611974
8.613375000,0.006139714
8.613437500,0.005676158
8.613500000,0.005270967
8.613562500,0.004976422
8.613625000,0.004790881
8.613687500,0.004725989
8.613750000,0.004800345
8.613812500,0.005056761
8.613875000,0.005522200
8.613937500,0.006226078
8.614000000,0.007153455
8.614062500,0.008232147
8.614125000,0.009328547
8.614187500,0.010313709
8.614250000,0.011106680
8.614312500,0.011701084
8.614375000,0.012157411
8.614437500,0.012548291
8.614500000,0.012895043
8.614562500,0.013118898
8.614625000,0.013110958
8.614687500,0.012759218
8.614750000,0.012047924
8.614812500,0.011076821
8.614875000,0.010125035
8.614937500,0.009457861
8.615000000,0.009224192
8.615062500,0.009328883
8.615125000,0.009556442
8.615187500,0.009557656
8.615250000,0.009035943
8.615312500,0.007840263
8.615375000,0.006149441
8.615437500,0.004293116
8.615500000,0.002635483
8.615562500,0.001371963
8.615625000,0.000584353
8.615687500,0.000139113
8.615750000,-0.000188249
8.615812500,-0.000634327
8.615875000,-0.001220825
8.615937500,-0.001850661
8.616000000,-0.002353110
8.616062500,-0.002634772
8.616125000,-0.002623427
8.616187500,-0.002387732
8.616250000,-0.002070737
8.616312500,-0.001853551
8.616375000,-0.001761856
8.616437500,-0.001728165
8.616500000,-0.001600115
8.616562500,-0.001250087
8.616625000,-0.000526195
8.616687500,0.000604337
8.616750000,0.002070737
8.616812500,0.003692820
8.616875000,0.005359035
8.616937500,0.006983785
8.617000000,0.008565322
8.617062500,0.010142971
8.617125000,0.011855016
8.617187500,0.013779377
8.617250000,0.015907025
8.617312500,0.018103367
8.617375000,0.020225214
8.617437500,0.022118777
8.617500000,0.023719350
8.617562500,0.025073083
8.617625000,0.026362091
8.617687500,0.027764566
8.617750000,0.029366815
8.617812500,0.031088978
8.617875000,0.032726362
8.617937500,0.034005847
8.618000000,0.034731906
8.618062500,0.034892041
8.618125000,0.034673721
8.618187500,0.034374766
8.618250000,0.034261286
8.618312500,0.034446191
8.618375000,0.034812253
8.618437500,0.035093591
8.618500000,0.035014279
8.618562500,0.034452613
8.618625000,0.033467047
8.618687500,0.032300208
8.618750000,0.031249303
8.618812500,0.030544968
8.618875000,0.030196043
8.618937500,0.030042173
8.619000000,0.029837437
8.619062500,0.029401829
8.619125000,0.028634408
8.619187500,0.027578833
8.619250000,0.026354834
8.619312500,0.025102451
8.619375000,0.023842532
8.619437500,0.022526545
8.619500000,0.021083867
8.619562500,0.019520547
8.619625000,0.017875239
8.619687500,0.016235828
8.619750000,0.014683408
8.619812500,0.013265496
8.619875000,0.011917671
8.619937500,0.010511718
8.620000000,0.008941819
8.620062500,0.007223330
8.620125000,0.005460226
8.620187500,0.003795179
8.620250000,0.002353110
8.620312500,0.001197950
8.620375000,0.000265542
8.620437500,-0.000631745
8.620500000,-0.001694239
8.620562500,-0.003021839
8.620625000,-0.004579580
8.620687500,-0.006260439
8.620750000,-0.007906451
8.620812500,-0.009363648
8.620875000,-0.010549068
8.620937500,-0.011524593
8.621000000,-0.012424421
8.621062500,-0.013371727
8.621125000,-0.014415219
8.621187500,-0.015563754
8.621250000,-0.016754145
8.621312500,-0.017873801
8.621375000,-0.018814299
8.621437500,-0.019574512
8.621500000,-0.020236747
8.621562500,-0.020927362
8.621625000,-0.021747293
8.621687500,-0.022777308
8.621750000,-0.024001725
8.621812500,-0.025298245
8.621875000,-0.026454564
8.621937500,-0.027304294
8.622000000,-0.027766701
8.622062500,-0.027883414
8.622125000,-0.027790114
8.622187500,-0.027713487
8.622250000,-0.027860826
8.622312500,-0.028336171
8.622375000,-0.029090632
8.622437500,-0.029973788
8.622500000,-0.030778680
8.622562500,-0.031375390
8.622625000,-0.031585559
8.622687500,-0.031364229
8.622750000,-0.030778680
8.622812500,-0.030042054
8.622875000,-0.029297356
8.622937500,-0.028659755
8.623000000,-0.028143197
8.623062500,-0.027710840
8.623125000,-0.027178638
8.623187500,-0.026412874
8.623250000,-0.025413590
8.623312500,-0.024399705
8.623375000,-0.023612976
8.623437500,-0.023238109
8.623500000,-0.023248728
8.623562500,-0.023409937
8.623625000,-0.023269871
8.623687500,-0.022451999
8.623750000,-0.020895619
8.623812500,-0.018991707
8.623875000,-0.017326279
8.623937500,-0.016378734
8.624000000,-0.016189398
8.624062500,-0.016289549
8.624125000,-0.015836528
8.624187500,-0.014142788
8.624250000,-0.011200804
8.624312500,-0.007920145
8.624375000,-0.005733679
8.624437500,-0.005854564
8.624500000,-0.008471197
8.624562500,-0.012348500
8.624625000,-0.015038606
8.624687500,-0.013820679
8.624750000,-0.006965206
8.624812500,0.005298033
8.624875000,0.020697640
8.624937500,0.035722662
8.625000000,0.046968080
8.625062500,0.052437004
8.625125000,0.052248709
8.625187500,0.048413888
8.625250000,0.043767847
8.625312500,0.040670179
8.625375000,0.040115871
8.625437500,0.041623216
8.625500000,0.043767847
8.625562500,0.045080923
8.625625000,0.044813436
8.625687500,0.043240491
8.625750000,0.041320615
8.625812500,0.040062960
8.625875000,0.039955430
8.625937500,0.040818118
8.626000000,0.041979488
8.626062500,0.042716548
8.626125000,0.042626899
8.626187500,0.041842345
8.626250000,0.040849991
8.626312500,0.040174656
8.626375000,0.040038276
8.626437500,0.040324621
8.626500000,0.040661745
8.626562500,0.040666379
8.626625000,0.040110622
8.626687500,0.039071355
8.626750000,0.037838012
8.626812500,0.036761761
8.626875000,0.036040287
8.626937500,0.035695694
8.627000000,0.035579026
8.627062500,0.035480414
8.627125000,0.035173222
8.627187500,0.034544840
8.627250000,0.033602413
8.627312500,0.032472081
8.627375000,0.031278845
8.627437500,0.030154426
8.627500000,0.029178567
8.627562500,0.028351076
8.627625000,0.027634136
8.627687500,0.026867265
8.627750000,0.025884213
8.627812500,0.024587581
8.627875000,0.023015371
8.627937500,0.021240497
8.628000000,0.019389628
8.628062500,0.017600019
8.628125000,0.016003884
8.628187500,0.014591682
8.628250000,0.013271542
8.628312500,0.011918258
8.628375000,0.010462395
8.628437500,0.008838126
8.628500000,0.007059331
8.628562500,0.005216581
8.628625000,0.003492005
8.628687500,0.001991756
8.628750000,0.000752995
8.628812500,-0.000278593
8.628875000,-0.001160066
8.628937500,-0.002032297
8.629000000,-0.003011981
8.629062500,-0.004161598
8.629125000,-0.005394056
8.629187500,-0.006634788
8.629250000,-0.007812326
8.629312500,-0.008913648
8.629375000,-0.009900617
8.629437500,-0.010830392
8.629500000,-0.011765551
8.629562500,-0.012758908
8.629625000,-0.013739732
8.629687500,-0.014670203
8.629750000,-0.015530528
8.629812500,-0.016368080
8.629875000,-0.017189922
8.629937500,-0.018062823
8.630000000,-0.019013131
8.630062500,-0.020011019
8.630125000,-0.020871462
8.630187500,-0.021426139
8.630250000,-0.021554491
8.630312500,-0.021270992
8.630375000,-0.020645736
8.630437500,-0.019883057
8.630500000,-0.019201379
8.630562500,-0.018767737
8.630625000,-0.018550299
8.630687500,-0.018417992
8.630750000,-0.018166009
8.630812500,-0.017622029
8.630875000,-0.016647007
8.630937500,-0.015249977
8.631000000,-0.013553915
8.631062500,-0.011759742
8.631125000,-0.010030476
8.631187500,-0.008483803
8.631250000,-0.007153455
8.631312500,-0.006007973
8.631375000,-0.004949024
8.631437500,-0.003878093
8.631500000,-0.002729608
8.631562500,-0.001498289
8.631625000,-0.000224841
8.631687500,0.001020413
8.631750000,0.002164861
8.631812500,0.003156562
8.631875000,0.003980640
8.631937500,0.004668665
8.632000000,0.005270967
8.632062500,0.005831640
8.632125000,0.006361414
8.632187500,0.006865903
8.632250000,0.007341704
8.632312500,0.007793677
8.632375000,0.008212486
8.632437500,0.008619936
8.632500000,0.009035943
8.632562500,0.009476449
8.632625000,0.009906133
8.632687500,0.010319632
8.632750000,0.010730183
8.632812500,0.011184239
8.632875000,0.011685250
8.632937500,0.012240863
8.633000000,0.012800919
8.633062500,0.013261010
8.633125000,0.013442928
8.633187500,0.013231316
8.633250000,0.012612671
8.633312500,0.011715820
8.633375000,0.010733613
8.633437500,0.009909979
8.633500000,0.009412440
8.633562500,0.009265429
8.633625000,0.009305213
8.633687500,0.009298911
8.633750000,0.009035943
8.633812500,0.008432428
8.633875000,0.007553440
8.633937500,0.006606317
8.634000000,0.005835713
8.634062500,0.005413644
8.634125000,0.005365934
8.634187500,0.005574811
8.634250000,0.005835713
8.634312500,0.005942006
8.634375000,0.005779068
8.634437500,0.005339724
8.634500000,0.004706220
8.634562500,0.003984149
8.634625000,0.003275124
8.634687500,0.002612941
8.634750000,0.001976613
8.634812500,0.001310190
8.634875000,0.000600993
8.634937500,-0.000136395
8.635000000,-0.000847120
8.635062500,-0.001471668
8.635125000,-0.001926944
8.635187500,-0.002183134
8.635250000,-0.002258986
8.635312500,-0.002235756
8.635375000,-0.002161442
8.635437500,-0.002095539
8.635500000,-0.002070737
8.635562500,-0.002117130
8.635625000,-0.002174416
8.635687500,-0.002199843
8.635750000,-0.002164861
8.635812500,-0.002105932
8.635875000,-0.002008339
8.635937500,-0.001896299
8.636000000,-0.001788364
8.636062500,-0.001720667
8.636125000,-0.001627794
8.636187500,-0.001449248
8.636250000,-0.001129493
8.636312500,-0.000684507
8.636375000,-0.000094485
8.636437500,0.000596271
8.636500000,0.001317742
8.636562500,0.001956058
8.636625000,0.002500261
8.636687500,0.002961847
8.636750000,0.003388479
8.636812500,0.003795892
8.636875000,0.004260590
8.636937500,0.004796809
8.637000000,0.005365091
8.637062500,0.005842027
8.637125000,0.006176736
8.637187500,0.006345347
8.637250000,0.006400459
8.637312500,0.006426573
8.637375000,0.006622677
8.637437500,0.007152687
8.637500000,0.008094699
8.637562500,0.009362303
8.637625000,0.010833342
8.637687500,0.012336733
8.637750000,0.013742164
8.637812500,0.014975555
8.637875000,0.016128676
8.637937500,0.017342208
8.638000000,0.018730756
8.638062500,0.020271011
8.638125000,0.021873726
8.638187500,0.023362909
8.638250000,0.024566470
8.638312500,0.025369462
8.638375000,0.025824616
8.638437500,0.026088249
8.638500000,0.026354834
8.638562500,0.026745897
8.638625000,0.027323503
8.638687500,0.028043322
8.638750000,0.028802069
8.638812500,0.029472847
8.638875000,0.030012760
8.638937500,0.030432973
8.639000000,0.030778680
8.639062500,0.031064333
8.639125000,0.031305734
8.639187500,0.031474411
8.639250000,0.031531677
8.639312500,0.031440511
8.639375000,0.031260535
8.639437500,0.031093245
8.639500000,0.031061055
8.639562500,0.031225756
8.639625000,0.031634282
8.639687500,0.032223806
8.639750000,0.032849420
8.639812500,0.033288535
8.639875000,0.033427082
8.639937500,0.033224192
8.640000000,0.032755297
8.640062500,0.032135636
8.640125000,0.031593524
8.640187500,0.031267032
8.640250000,0.031155180
8.640312500,0.031043954
8.640375000,0.030720437
8.640437500,0.029947262
8.640500000,0.028613821
8.640562500,0.026750959
8.640625000,0.024691241
8.640687500,0.022818165
8.640750000,0.021460366
8.640812500,0.020704761
8.640875000,0.020527164
8.640937500,0.020668177
8.641000000,0.020801496
8.641062500,0.020616487
8.641125000,0.020084560
8.641187500,0.019297844
8.641250000,0.018448384
8.641312500,0.017675590
8.641375000,0.017145555
8.641437500,0.016862052
8.641500000,0.016754145
8.641562500,0.016703678
8.641625000,0.016751671
8.641687500,0.016956035
8.641750000,0.017413015
8.641812500,0.018169086
8.641875000,0.019306328
8.641937500,0.020780999
8.642000000,0.022495734
8.642062500,0.024312519
8.642125000,0.026195623
8.642187500,0.028085537
8.642250000,0.029931562
8.642312500,0.031650797
8.642375000,0.033209987
8.642437500,0.034514029
8.642500000,0.035484903
8.642562500,0.036085296
8.642625000,0.036398888
8.642687500,0.036510896
8.642750000,0.036520272
8.642812500,0.036506090
8.642875000,0.036538064
8.642937500,0.036593053
8.643000000,0.036614396
8.643062500,0.036554061
8.643125000,0.036396801
8.643187500,0.036110278
8.643250000,0.035673149
8.643312500,0.035094734
8.643375000,0.034369119
8.643437500,0.033468790
8.643500000,0.032378796
8.643562500,0.031147096
8.643625000,0.029817654
8.643687500,0.028428636
8.643750000,0.027013704
8.643812500,0.025631595
8.643875000,0.024281656
8.643937500,0.022933003
8.644000000,0.021554491
8.644062500,0.020173650
8.644125000,0.018799169
8.644187500,0.017438790
8.644250000,0.016095273
8.644312500,0.014795301
8.644375000,0.013506358
8.644437500,0.012169392
8.644500000,0.010730183
8.644562500,0.009194705
8.644625000,0.007575513
8.644687500,0.005885413
8.644750000,0.004141474
8.644812500,0.002376023
8.644875000,0.000603870
8.644937500,-0.001210798
8.645000000,-0.003106105
8.645062500,-0.005085076
8.645125000,-0.007098746
8.645187500,-0.009118029
8.645250000,-0.011106680
8.645312500,-0.013032990
8.645375000,-0.014850497
8.645437500,-0.016599314
8.645500000,-0.018354259
8.645562500,-0.020204281
8.645625000,-0.022164855
8.645687500,-0.024258124
8.645750000,-0.026448958
8.645812500,-0.028654307
8.645875000,-0.030691540
8.645937500,-0.032432031
8.646000000,-0.033790659
8.646062500,-0.034761891
8.646125000,-0.035338320
8.646187500,-0.035607215
8.646250000,-0.035673149
8.646312500,-0.035645965
8.646375000,-0.035537861
8.646437500,-0.035380553
8.646500000,-0.035202529
8.646562500,-0.035063490
8.646625000,-0.034955435
8.646687500,-0.034886856
8.646750000,-0.034826029
8.646812500,-0.034716535
8.646875000,-0.034410264
8.646937500,-0.033801343
8.647000000,-0.032849420
8.647062500,-0.031627595
8.647125000,-0.030244747
8.647187500,-0.028857153
8.647250000,-0.027578451
8.647312500,-0.026435338
8.647375000,-0.025325427
8.647437500,-0.024091447
8.647500000,-0.022589857
8.647562500,-0.020764655
8.647625000,-0.018680781
8.647687500,-0.016496448
8.647750000,-0.014401034
8.647812500,-0.012529781
8.647875000,-0.010948149
8.647937500,-0.009602507
8.648000000,-0.008377072
8.648062500,-0.007134034
8.648125000,-0.005844802
8.648187500,-0.004516643
8.648250000,-0.003200230
8.648312500,-0.001908842
8.648375000,-0.000716816
8.648437500,0.000399431
8.648500000,0.001505991
8.648562500,0.002732457
8.648625000,0.004059612
8.648687500,0.005484871
8.648750000,0.006965206
8.648812500,0.008493441
8.648875000,0.009912685
8.648937500,0.011145120
8.649000000,0.012142048
8.649062500,0.012951772
8.649125000,0.013490916
8.649187500,0.013753491
8.649250000,0.013742164
8.649312500,0.013534665
8.649375000,0.013063136
8.649437500,0.012337619
8.649500000,0.011389053
8.649562500,0.010334878
8.649625000,0.009163882
8.649687500,0.007930432
8.649750000,0.006682833
8.649812500,0.005514230
8.649875000,0.004366691
8.649937500,0.003223786
8.650000000,0.002070737
8.650062500,0.000953809
8.650125000,-0.000192099
8.650187500,-0.001400500
8.650250000,-0.002729608
8.650312500,-0.004220408
8.650375000,-0.006003354
8.650437500,-0.008144657
8.650500000,-0.010636058
8.650562500,-0.013344006
8.650625000,-0.016121844
8.650687500,-0.018781394
8.650750000,-0.021177992
8.650812500,-0.023238964
8.650875000,-0.025032135
8.650937500,-0.026685003
8.651000000,-0.028331446
8.651062500,-0.030040929
8.651125000,-0.031810366
8.651187500,-0.033564739
8.651250000,-0.035202529
8.651312500,-0.036645431
8.651375000,-0.037854217
8.651437500,-0.038840834
8.651500000,-0.039626375
8.651562500,-0.040219150
8.651625000,-0.040556416
8.651687500,-0.040584434
8.651750000,-0.040285248
8.651812500,-0.039740976
8.651875000,-0.039047662
8.651937500,-0.038366735
8.652000000,-0.037838012
8.652062500,-0.037554041
8.652125000,-0.037426103
8.652187500,-0.037299547
8.652250000,-0.036990892
8.652312500,-0.036396533
8.652375000,-0.035436995
8.652437500,-0.034153540
8.652500000,-0.032661170
8.652562500,-0.031134484
8.652625000,-0.029655082
8.652687500,-0.028257571
8.652750000,-0.026919581
8.652812500,-0.025622182
8.652875000,-0.024292361
8.652937500,-0.022881178
8.653000000,-0.021366240
8.653062500,-0.019774772
8.653125000,-0.018114662
8.653187500,-0.016386315
8.653250000,-0.014589284
8.653312500,-0.012746758
8.653375000,-0.010899861
8.653437500,-0.009082989
8.653500000,-0.007341704
8.653562500,-0.005726829
8.653625000,-0.004284719
8.653687500,-0.002974320
8.653750000,-0.001694239
8.653812500,-0.000297966
8.653875000,0.001322374
8.653937500,0.003288476
8.654000000,0.005647464
8.654062500,0.008355828
8.654125000,0.011210059
8.654187500,0.014010926
8.654250000,0.016565897
8.654312500,0.018756658
8.654375000,0.020476975
8.654437500,0.021776618
8.654500000,0.022778107
8.654562500,0.023645367
8.654625000,0.024438011
8.654687500,0.025215877
8.654750000,0.025978338
8.654812500,0.026697615
8.654875000,0.027255451
8.654937500,0.027610816
8.655000000,0.027766701
8.655062500,0.027781839
8.655125000,0.027658571
8.655187500,0.027433543
8.655250000,0.027107829
8.655312500,0.026659444
8.655375000,0.025981076
8.655437500,0.025027240
8.655500000,0.023813475
8.655562500,0.022448905
8.655625000,0.021039968
8.655687500,0.019735448
8.655750000,0.018636633
8.655812500,0.017768685
8.655875000,0.017022748
8.655937500,0.016258184
8.656000000,0.015342278
8.656062500,0.014213817
8.656125000,0.012878452
8.656187500,0.011427254
8.656250000,0.009977187
8.656312500,0.008617408
8.656375000,0.007365900
8.656437500,0.006180007
8.656500000,0.004988594
8.656562500,0.003737637
8.656625000,0.002438493
8.656687500,0.001157422
8.656750000,0.000000000
8.656812500,-0.000941908
8.656875000,-0.001584704
8.656937500,-0.001937194
8.657000000,-0.002070737
8.657062500,-0.002104270
8.657125000,-0.002105517
8.657187500,-0.002146695
8.657250000,-0.002258986
8.657312500,-0.002454627
8.657375000,-0.002674523
8.657437500,-0.002913813
8.657500000,-0.003200230
8.657562500,-0.003608966
8.657625000,-0.004148883
8.657687500,-0.004840644
8.657750000,-0.005647464
8.657812500,-0.006492162
8.657875000,-0.007183445
8.657937500,-0.007584205
8.658000000,-0.007624077
8.658062500,-0.007356080
8.658125000,-0.006844342
8.658187500,-0.006233254
8.658250000,-0.005647464
8.658312500,-0.005171339
8.658375000,-0.004735741
8.658437500,-0.004257976
8.658500000,-0.003670852
8.658562500,-0.003006521
8.658625000,-0.002304000
8.658687500,-0.001677086
8.658750000,-0.001223617
8.658812500,-0.001000115
8.658875000,-0.000899688
8.658937500,-0.000771794
8.659000000,-0.000470622
8.659062500,0.000039913
8.659125000,0.000741614
8.659187500,0.001504978
8.659250000,0.002164861
8.659312500,0.002564966
8.659375000,0.002693443
8.659437500,0.002635256
8.659500000,0.002541359
8.659562500,0.002534923
8.659625000,0.002728625
8.659687500,0.003151679
8.659750000,0.003764976
8.659812500,0.004466509
8.659875000,0.005200633
8.659937500,0.005938188
8.660000000,0.006682833
8.660062500,0.007427119
8.660125000,0.008201585
8.660187500,0.009020589
8.660250000,0.009883063
8.660312500,0.010749309
8.660375000,0.011616384
8.660437500,0.012486620
8.660500000,0.013365666
8.660562500,0.014228032
8.660625000,0.015077752
8.660687500,0.015918691
8.660750000,0.016754145
8.660812500,0.017553121
8.660875000,0.018330997
8.660937500,0.019099301
8.661000000,0.019860249
8.661062500,0.020561270
8.661125000,0.021195387
8.661187500,0.021748388
8.661250000,0.022213360
8.661312500,0.022551822
8.661375000,0.022800969
8.661437500,0.022993298
8.661500000,0.023154603
8.661562500,0.023250820
8.661625000,0.023298753
8.661687500,0.023297504
8.661750000,0.023248728
8.661812500,0.023115356
8.661875000,0.022942379
8.661937500,0.022760546
8.662000000,0.022589857
8.662062500,0.022390623
8.662125000,0.022177152
8.662187500,0.021953290
8.662250000,0.021742739
8.662312500,0.021555016
8.662375000,0.021477100
8.662437500,0.021566892
8.662500000,0.021836862
8.662562500,0.022199193
8.662625000,0.022582944
8.662687500,0.022889357
8.662750000,0.023060480
8.662812500,0.023074552
8.662875000,0.023062129
8.662937500,0.023171391
8.663000000,0.023531102
8.663062500,0.024155533
8.663125000,0.025045633
8.663187500,0.026101898
8.663250000,0.027201954
8.663312500,0.028210526
8.663375000,0.029124845
8.663437500,0.029947719
8.663500000,0.030684557
8.663562500,0.031273101
8.663625000,0.031708807
8.663687500,0.031950753
8.663750000,0.032002300
8.663812500,0.031898342
8.663875000,0.031825427
8.663937500,0.031930629
8.664000000,0.032284670
8.664062500,0.032785129
8.664125000,0.033304293
8.664187500,0.033610623
8.664250000,0.033508290
8.664312500,0.032878153
8.664375000,0.031860750
8.664437500,0.030672070
8.664500000,0.029555064
8.664562500,0.028629815
8.664625000,0.028000508
8.664687500,0.027601246
8.664750000,0.027296079
8.664812500,0.026902266
8.664875000,0.026435059
8.664937500,0.025960270
8.665000000,0.025601838
8.665062500,0.025407584
8.665125000,0.025492255
8.665187500,0.025820488
8.665250000,0.026260709
8.665312500,0.026552795
8.665375000,0.026611170
8.665437500,0.026375491
8.665500000,0.025884213
8.665562500,0.025168352
8.665625000,0.024464330
8.665687500,0.023926046
8.665750000,0.023625227
8.665812500,0.023430984
8.665875000,0.023336532
8.665937500,0.023258222
8.666000000,0.023154603
8.666062500,0.022943480
8.666125000,0.022822708
8.666187500,0.022930257
8.666250000,0.023342853
8.666312500,0.023905948
8.666375000,0.024593828
8.666437500,0.025260011
8.666500000,0.025790086
8.666562500,0.026040096
8.666625000,0.026222602
8.666687500,0.026546501
8.666750000,0.027201954
8.666812500,0.028140115
8.666875000,0.029416937
8.666937500,0.030891312
8.667000000,0.032378796
8.667062500,0.033610620
8.667125000,0.034675401
8.667187500,0.035706460
8.667250000,0.036896769
8.667312500,0.038284510
8.667375000,0.040038697
8.667437500,0.042131070
8.667500000,0.044426721
8.667562500,0.046623755
8.667625000,0.048669547
8.667687500,0.050525274
8.667750000,0.052239046
8.667812500,0.053802337
8.667875000,0.055423632
8.667937500,0.057210580
8.668000000,0.059204251
8.668062500,0.061270110
8.668125000,0.063417532
8.668187500,0.065574408
8.668250000,0.067675456
8.668312500,0.069587447
8.668375000,0.071377680
8.668437500,0.073080532
8.668500000,0.074734777
8.668562500,0.076280825
8.668625000,0.077786043
8.668687500,0.079231307
8.668750000,0.080570497
8.668812500,0.081675611
8.668875000,0.082590297
8.668937500,0.083353780
8.669000000,0.084053099
8.669062500,0.084725104
8.669125000,0.085527807
8.669187500,0.086490847
8.669250000,0.087535694
8.669312500,0.088417783
8.669375000,0.088988848
8.669437500,0.089087129
8.669500000,0.088665195
8.669562500,0.087753437
8.669625000,0.086638950
8.669687500,0.085570365
8.669750000,0.084711969
8.669812500,0.084008358
8.669875000,0.083394758
8.669937500,0.082656622
8.670000000,0.081605859
8.670062500,0.080111906
8.670125000,0.078352965
8.670187500,0.076528728
8.670250000,0.074828900
8.670312500,0.073263511
8.670375000,0.071861230
8.670437500,0.070442781
8.670500000,0.068804942
8.670562500,0.066758692
8.670625000,0.064448573
8.670687500,0.062047333
8.670750000,0.059769001
8.670812500,0.057694878
8.670875000,0.055992447
8.670937500,0.054595359
8.671000000,0.053368539
8.671062500,0.052110381
8.671125000,0.050903462
8.671187500,0.049772311
8.671250000,0.048756443
8.671312500,0.047779012
8.671375000,0.046924587
8.671437500,0.046093721
8.671500000,0.045179714
8.671562500,0.044048600
8.671625000,0.042889547
8.671687500,0.041817665
8.671750000,0.040944118
8.671812500,0.040231518
8.671875000,0.039779495
8.671937500,0.039450869
8.672000000,0.039061632
8.672062500,0.038378689
8.672125000,0.037502602
8.672187500,0.036495253
8.672250000,0.035484903
8.672312500,0.034535550
8.672375000,0.033898957
8.672437500,0.033607848
8.672500000,0.033602413
8.672562500,0.033688638
8.672625000,0.033875663
8.672687500,0.034058787
8.672750000,0.034167159
8.672812500,0.034111138
8.672875000,0.034041215
8.672937500,0.034011666
8.673000000,0.034073036
8.673062500,0.034197252
8.673125000,0.034492005
8.673187500,0.034898076
8.673250000,0.035296652
8.673312500,0.035492990
8.673375000,0.035465609
8.673437500,0.035165679
8.673500000,0.034637783
8.673562500,0.033979122
8.673625000,0.033464834
8.673687500,0.033257242
8.673750000,0.033414163
8.673812500,0.033829436
8.673875000,0.034386408
8.673937500,0.034846894
8.674000000,0.035014279
8.674062500,0.034790631
8.674125000,0.034308337
8.674187500,0.033729143
8.674250000,0.033225916
8.674312500,0.032897353
8.674375000,0.032790344
8.674437500,0.032793675
8.674500000,0.032755297
8.674562500,0.032564614
8.674625000,0.032236420
8.674687500,0.031808227
8.674750000,0.031343430
8.674812500,0.030890040
8.674875000,0.030457646
8.674937500,0.029953582
8.675000000,0.029272690
8.675062500,0.028371090
8.675125000,0.027301328
8.675187500,0.026132263
8.675250000,0.024942968
8.675312500,0.023790486
8.675375000,0.022709813
8.675437500,0.021660730
8.675500000,0.020613244
8.675562500,0.019589882
8.675625000,0.018687412
8.675687500,0.017943962
8.675750000,0.017318891
8.675812500,0.016664326
8.675875000,0.015808910
8.675937500,0.014548836
8.676000000,0.012800919
8.676062500,0.010660701
8.676125000,0.008448674
8.676187500,0.006485803
8.676250000,0.004988594
8.676312500,0.003940692
8.676375000,0.003161454
8.676437500,0.002279085
8.676500000,0.000941244
8.676562500,-0.001059779
8.676625000,-0.003579375
8.676687500,-0.006324916
8.676750000,-0.008941819
8.676812500,-0.011220965
8.676875000,-0.013020566
8.676937500,-0.014449310
8.677000000,-0.015718777
8.677062500,-0.017075296
8.677125000,-0.018494327
8.677187500,-0.019864149
8.677250000,-0.020989744
8.677312500,-0.021761704
8.677375000,-0.022025516
8.677437500,-0.021817224
8.677500000,-0.021272115
8.677562500,-0.020621506
8.677625000,-0.019915670
8.677687500,-0.019195063
8.677750000,-0.018448384
8.677812500,-0.017712139
8.677875000,-0.016898306
8.677937500,-0.015986951
8.678000000,-0.014965781
8.678062500,-0.013876282
8.678125000,-0.012631089
8.678187500,-0.011200374
8.678250000,-0.009600690
8.678312500,-0.007965731
8.678375000,-0.006370130
8.678437500,-0.004923167
8.678500000,-0.003670852
8.678562500,-0.002594178
8.678625000,-0.001484266
8.678687500,-0.000098485
8.678750000,0.001788364
8.678812500,0.004279696
8.678875000,0.007384290
8.678937500,0.010960325
8.679000000,0.014777532
8.679062500,0.018575193
8.679125000,0.022160823
8.679187500,0.025422057
8.679250000,0.028331446
8.679312500,0.030920237
8.679375000,0.033216961
8.679437500,0.035243753
8.679500000,0.036990892
8.679562500,0.038443644
8.679625000,0.039538201
8.679687500,0.040265020
8.679750000,0.040661745
8.679812500,0.040851805
8.679875000,0.040890239
8.679937500,0.040867981
8.680000000,0.040849991
8.680062500,0.040915579
8.680125000,0.040983576
8.680187500,0.040985841
8.680250000,0.040849991
8.680312500,0.040587269
8.680375000,0.040118184
8.680437500,0.039442420
8.680500000,0.038591005
8.680562500,0.037670963
8.680625000,0.036659531
8.680687500,0.035539612
8.680750000,0.034261286
8.680812500,0.032816276
8.680875000,0.031103464
8.680937500,0.029093886
8.681000000,0.026825456
8.681062500,0.024452006
8.681125000,0.022071101
8.681187500,0.019777244
8.681250000,0.017601265
8.681312500,0.015540136
8.681375000,0.013480953
8.681437500,0.011324855
8.681500000,0.009035943
8.681562500,0.006694405
8.681625000,0.004419485
8.681687500,0.002309565
8.681750000,0.000376498
8.681812500,-0.001484857
8.681875000,-0.003475965
8.681937500,-0.005866315
8.682000000,-0.008847695
8.682062500,-0.012441688
8.682125000,-0.016429327
8.682187500,-0.020512121
8.682250000,-0.024378221
8.682312500,-0.027825002
8.682375000,-0.030737637
8.682437500,-0.033206265
8.682500000,-0.035390779
8.682562500,-0.037431881
8.682625000,-0.039290924
8.682687500,-0.040882520
8.682750000,-0.042073611
8.682812500,-0.042783376
8.682875000,-0.042945087
8.682937500,-0.042672969
8.683000000,-0.042167734
8.683062500,-0.041663717
8.683125000,-0.041241225
8.683187500,-0.040931191
8.683250000,-0.040661745
8.683312500,-0.040325716
8.683375000,-0.039723996
8.683437500,-0.038768228
8.683500000,-0.037461512
8.683562500,-0.035921164
8.683625000,-0.034230839
8.683687500,-0.032518711
8.683750000,-0.030872805
8.683812500,-0.029343801
8.683875000,-0.027865250
8.683937500,-0.026379861
8.684000000,-0.024848843
8.684062500,-0.023292378
8.684125000,-0.021722414
8.684187500,-0.020170974
8.684250000,-0.018636633
8.684312500,-0.017075483
8.684375000,-0.015389672
8.684437500,-0.013497266
8.684500000,-0.011389053
8.684562500,-0.009163800
8.684625000,-0.007028176
8.684687500,-0.005206057
8.684750000,-0.003859101
8.684812500,-0.002998569
8.684875000,-0.002529765
8.684937500,-0.002211660
8.685000000,-0.001788364
8.685062500,-0.001065451
8.685125000,-0.000072382
8.685187500,0.001088398
8.685250000,0.002258986
8.685312500,0.003347585
8.685375000,0.004248953
8.685437500,0.005032393
8.685500000,0.005835713
8.685562500,0.006831624
8.685625000,0.008003439
8.685687500,0.009309015
8.685750000,0.010636058
8.685812500,0.011895501
8.685875000,0.012895986
8.685937500,0.013573162
8.686000000,0.013930413
8.686062500,0.014067695
8.686125000,0.013980774
8.686187500,0.013729329
8.686250000,0.013365666
8.686312500,0.012973902
8.686375000,0.012515390
8.686437500,0.011991055
8.686500000,0.011389053
8.686562500,0.010721727
8.686625000,0.009904935
8.686687500,0.008905982
8.686750000,0.007718201
8.686812500,0.006397564
8.686875000,0.004972969
8.686937500,0.003531451
8.687000000,0.002164861
8.687062500,0.000955342
8.687125000,-0.000093787
8.687187500,-0.001013889
8.687250000,-0.001882488
8.687312500,-0.002798260
8.687375000,-0.003862678
8.687437500,-0.005129387
8.687500000,-0.006588709
8.687562500,-0.008170583
8.687625000,-0.009765630
8.687687500,-0.011266582
8.687750000,-0.012612671
8.687812500,-0.013828107
8.687875000,-0.014973382
8.687937500,-0.016143376
8.688000000,-0.017413015
8.688062500,-0.018821485
8.688125000,-0.020287145
8.688187500,-0.021684345
8.688250000,-0.022872232
8.688312500,-0.023775484
8.688375000,-0.024320526
8.688437500,-0.024528287
8.688500000,-0.024472345
8.688562500,-0.024283191
8.688625000,-0.023992373
8.688687500,-0.023621509
8.688750000,-0.023154603
8.688812500,-0.022594523
8.688875000,-0.021862676
8.688937500,-0.020924034
8.689000000,-0.019766126
8.689062500,-0.018433720
8.689125000,-0.016910493
8.689187500,-0.015212418
8.689250000,-0.013365666
8.689312500,-0.011446445
8.689375000,-0.009494373
8.689437500,-0.007591917
8.689500000,-0.005835713
8.689562500,-0.004340775
8.689625000,-0.003142894
8.689687500,-0.002226642
8.689750000,-0.001505991
8.689812500,-0.000858876
8.689875000,-0.000099688
8.689937500,0.000937107
8.690000000,0.002353110
8.690062500,0.004133494
8.690125000,0.006186204
8.690187500,0.008351469
8.690250000,0.010447809
8.690312500,0.012313781
8.690375000,0.013865850
8.690437500,0.015125372
8.690500000,0.016189398
8.690562500,0.017184801
8.690625000,0.018213479
8.690687500,0.019352298
8.690750000,0.020613244
8.690812500,0.021944843
8.690875000,0.023224056
8.690937500,0.024346644
8.691000000,0.025225341
8.691062500,0.025810365
8.691125000,0.026064094
8.691187500,0.026030337
8.691250000,0.025790086
8.691312500,0.025440799
8.691375000,0.025031874
8.691437500,0.024612388
8.691500000,0.024189973
8.691562500,0.023734337
8.691625000,0.023172969
8.691687500,0.022474490
8.691750000,0.021648614
8.691812500,0.020746723
8.691875000,0.019854859
8.691937500,0.019088781
8.692000000,0.018542508
8.692062500,0.018235374
8.692125000,0.018144272
8.692187500,0.018190138
8.692250000,0.018260136
8.692312500,0.018207265
8.692375000,0.017963503
8.692437500,0.017503085
8.692500000,0.016848268
8.692562500,0.016015921
8.692625000,0.015090059
8.692687500,0.014131164
8.692750000,0.013177417
8.692812500,0.012201088
8.692875000,0.011246300
8.692937500,0.010336565
8.693000000,0.009506566
8.693062500,0.008749615
8.693125000,0.008145096
8.693187500,0.007713237
8.693250000,0.007435828
8.693312500,0.007203748
8.693375000,0.006992977
8.693437500,0.006738831
8.693500000,0.006400459
8.693562500,0.005920402
8.693625000,0.005410629
8.693687500,0.004969895
8.693750000,0.004706220
8.693812500,0.004644556
8.693875000,0.004890707
8.693937500,0.005436064
8.694000000,0.006212211
8.694062500,0.007059223
8.694125000,0.007960692
8.694187500,0.008910451
8.694250000,0.009977187
8.694312500,0.011223584
8.694375000,0.012831135
8.694437500,0.014858193
8.694500000,0.017224766
8.694562500,0.019648872
8.694625000,0.021874180
8.694687500,0.023624934
8.694750000,0.024754720
8.694812500,0.025255848
8.694875000,0.025405658
8.694937500,0.025525372
8.695000000,0.025884213
8.695062500,0.026535027
8.695125000,0.027444102
8.695187500,0.028402658
8.695250000,0.029178567
8.695312500,0.029583989
8.695375000,0.029686814
8.695437500,0.029664150
8.695500000,0.029743314
8.695562500,0.030045224
8.695625000,0.030649351
8.695687500,0.031477775
8.695750000,0.032378796
8.695812500,0.033167940
8.695875000,0.033816729
8.695937500,0.034368556
8.696000000,0.034920152
8.696062500,0.035517454
8.696125000,0.036202878
8.696187500,0.036918711
8.696250000,0.037555639
8.696312500,0.037986092
8.696375000,0.038175993
8.696437500,0.038157642
8.696500000,0.038026262
8.696562500,0.037882350
8.696625000,0.037814070
8.696687500,0.037824143
8.696750000,0.037838012
8.696812500,0.037733324
8.696875000,0.037412394
8.696937500,0.036831278
8.697000000,0.036049645
8.697062500,0.035226516
8.697125000,0.034581833
8.697187500,0.034275383
8.697250000,0.034355409
8.697312500,0.034732834
8.697375000,0.035221614
8.697437500,0.035566796
8.697500000,0.035579026
8.697562500,0.035222806
8.697625000,0.034633640
8.697687500,0.034003306
8.697750000,0.033508290
8.697812500,0.033230286
8.697875000,0.033139132
8.697937500,0.033070061
8.698000000,0.032849420
8.698062500,0.032388683
8.698125000,0.031742554
8.698187500,0.030995861
8.698250000,0.030213933
8.698312500,0.029366273
8.698375000,0.028350858
8.698437500,0.026961630
8.698500000,0.025037091
8.698562500,0.022555362
8.698625000,0.019724578
8.698687500,0.016821258
8.698750000,0.014118661
8.698812500,0.011760253
8.698875000,0.009778276
8.698937500,0.008002471
8.699000000,0.006212211
8.699062500,0.004239416
8.699125000,0.002130815
8.699187500,0.000004205
8.699250000,-0.001976613
8.699312500,-0.003722823
8.699375000,-0.005167474
8.699437500,-0.006414849
8.699500000,-0.007624077
8.699562500,-0.008955977
8.699625000,-0.010372874
8.699687500,-0.011793269
8.699750000,-0.013083293
8.699812500,-0.014168557
8.699875000,-0.014928509
8.699937500,-0.015385904
8.700000000,-0.015624652
8.700062500,-0.015787674
8.700125000,-0.015856380
8.700187500,-0.015818518
8.700250000,-0.015624652
8.700312500,-0.015280355
8.700375000,-0.014688037
8.700437500,-0.013866908
8.700500000,-0.012895043
8.700562500,-0.011949442
8.700625000,-0.011059240
8.700687500,-0.010276719
8.700750000,-0.009600690
8.700812500,-0.009041026
8.700875000,-0.008454297
8.700937500,-0.007769510
8.701000000,-0.006965206
8.701062500,-0.006128168
8.701125000,-0.005270669
8.701187500,-0.004447967
8.701250000,-0.003670852
8.701312500,-0.002923974
8.701375000,-0.002058165
8.701437500,-0.000949501
8.701500000,0.000470622
8.701562500,0.002152514
8.701625000,0.004007377
8.701687500,0.005896795
8.701750000,0.007718201
8.701812500,0.009439616
8.701875000,0.011147044
8.701937500,0.012963217
8.702000000,0.014965781
8.702062500,0.017104719
8.702125000,0.019222733
8.702187500,0.021107929
8.702250000,0.022589857
8.702312500,0.023626434
8.702375000,0.024338536
8.702437500,0.024993153
8.702500000,0.025884213
8.702562500,0.027218129
8.702625000,0.029001813
8.702687500,0.031089803
8.702750000,0.033225916
8.702812500,0.035149820
8.702875000,0.036621008
8.702937500,0.037524190
8.703000000,0.037838012
8.703062500,0.037623506
8.703125000,0.036920708
8.703187500,0.035819665
8.703250000,0.034449533
8.703312500,0.033003483
8.703375000,0.031644478
8.703437500,0.030513924
8.703500000,0.029649187
8.703562500,0.028966635
8.703625000,0.028225785
8.703687500,0.027165251
8.703750000,0.025601838
8.703812500,0.023543410
8.703875000,0.021152852
8.703937500,0.018743895
8.704000000,0.016660020
8.704062500,0.015180461
8.704125000,0.014371183
8.704187500,0.014124723
8.704250000,0.014212786
8.704312500,0.014405703
8.704375000,0.014478132
8.704437500,0.014281269
8.704500000,0.013742164
8.704562500,0.012866910
8.704625000,0.011664801
8.704687500,0.010152397
8.704750000,0.008377072
8.704812500,0.006451709
8.704875000,0.004510422
8.704937500,0.002656241
8.705000000,0.000941244
8.705062500,-0.000643656
8.705125000,-0.002169547
8.705187500,-0.003771209
8.705250000,-0.005553340
8.705312500,-0.007522122
8.705375000,-0.009535344
8.705437500,-0.011400620
8.705500000,-0.012895043
8.705562500,-0.013838588
8.705625000,-0.014119780
8.705687500,-0.013825915
8.705750000,-0.013177417
8.705812500,-0.012458953
8.705875000,-0.011905583
8.705937500,-0.011713423
8.706000000,-0.011953799
8.706062500,-0.012565708
8.706125000,-0.013388188
8.706187500,-0.014300125
8.706250000,-0.015248154
8.706312500,-0.016252771
8.706375000,-0.017385140
8.706437500,-0.018740246
8.706500000,-0.020330872
8.706562500,-0.022024907
8.706625000,-0.023591496
8.706687500,-0.024799721
8.706750000,-0.025507715
8.706812500,-0.025716443
8.706875000,-0.025591223
8.706937500,-0.025388993
8.707000000,-0.025319466
8.707062500,-0.025426028
8.707125000,-0.025570909
8.707187500,-0.025516387
8.707250000,-0.025037091
8.707312500,-0.024030132
8.707375000,-0.022583343
8.707437500,-0.020941958
8.707500000,-0.019389628
8.707562500,-0.018116690
8.707625000,-0.017167062
8.707687500,-0.016446831
8.707750000,-0.015812902
8.707812500,-0.015167329
8.707875000,-0.014535781
8.707937500,-0.014022516
8.708000000,-0.013742164
8.708062500,-0.013729209
8.708125000,-0.013931010
8.708187500,-0.014200073
8.708250000,-0.014401034
8.708312500,-0.014496143
8.708375000,-0.014593688
8.708437500,-0.014860387
8.708500000,-0.015436403
8.708562500,-0.016338237
8.708625000,-0.017438857
8.708687500,-0.018481033
8.708750000,-0.019201379
8.708812500,-0.019439993
8.708875000,-0.019232456
8.708937500,-0.018737050
8.709000000,-0.018166009
8.709062500,-0.017669288
8.709125000,-0.017317418
8.709187500,-0.017028652
8.709250000,-0.016660020
8.709312500,-0.016079988
8.709375000,-0.015293442
8.709437500,-0.014355749
8.709500000,-0.013365666
8.709562500,-0.012392892
8.709625000,-0.011494199
8.709687500,-0.010621458
8.709750000,-0.009694814
8.709812500,-0.008649203
8.709875000,-0.007528211
8.709937500,-0.006401369
8.710000000,-0.005365091
8.710062500,-0.004490468
8.710125000,-0.003821311
8.710187500,-0.003301591
8.710250000,-0.002823732
8.710312500,-0.002274093
8.710375000,-0.001592864
8.710437500,-0.000758957
8.710500000,0.000188249
8.710562500,0.001157813
8.710625000,0.002043279
8.710687500,0.002769932
8.710750000,0.003294354
8.710812500,0.003587427
8.710875000,0.003658186
8.710937500,0.003546346
8.711000000,0.003294354
8.711062500,0.002914038
8.711125000,0.002421962
8.711187500,0.001846997
8.711250000,0.001223617
8.711312500,0.000575117
8.711375000,-0.000058371
8.711437500,-0.000613112
8.711500000,-0.001035369
8.711562500,-0.001322630
8.711625000,-0.001478284
8.711687500,-0.001505196
8.711750000,-0.001411866
8.711812500,-0.001241047
8.711875000,-0.000998760
8.711937500,-0.000677945
8.712000000,-0.000282373
8.712062500,0.000125641
8.712125000,0.000509548
8.712187500,0.000844508
8.712250000,0.001129493
8.712312500,0.001357866
8.712375000,0.001599575
8.712437500,0.001939604
8.712500000,0.002447235
8.712562500,0.003108727
8.712625000,0.003926898
8.712687500,0.004875413
8.712750000,0.005929837
8.712812500,0.007041734
8.712875000,0.008265935
8.712937500,0.009667229
8.713000000,0.011294928
8.713062500,0.013094163
8.713125000,0.015012629
8.713187500,0.016916810
8.713250000,0.018636633
8.713312500,0.019961067
8.713375000,0.020821335
8.713437500,0.021223877
8.713500000,0.021272115
8.713562500,0.021091403
8.713625000,0.020920569
8.713687500,0.020964023
8.713750000,0.021366240
8.713812500,0.022138150
8.713875000,0.023276677
8.713937500,0.024694216
8.714000000,0.026260709
8.714062500,0.027787289
8.714125000,0.029173506
8.714187500,0.030341499
8.714250000,0.031249303
8.714312500,0.031839933
8.714375000,0.032145247
8.714437500,0.032209076
8.714500000,0.032096423
8.714562500,0.031848580
8.714625000,0.031585671
8.714687500,0.031418245
8.714750000,0.031437553
8.714812500,0.031651277
8.714875000,0.032089580
8.714937500,0.032727011
8.715000000,0.033508290
8.715062500,0.034316588
8.715125000,0.035108265
8.715187500,0.035828471
8.715250000,0.036426149
8.715312500,0.036807321
8.715375000,0.036977127
8.715437500,0.036954559
8.715500000,0.036802646
8.715562500,0.036569525
8.715625000,0.036402222
8.715687500,0.036383413
8.715750000,0.036520272
8.715812500,0.036681391
8.715875000,0.036776476
8.715937500,0.036679123
8.716000000,0.036332019
8.716062500,0.035735074
8.716125000,0.035096802
8.716187500,0.034619246
8.716250000,0.034449533
8.716312500,0.034554623
8.716375000,0.034869105
8.716437500,0.035187792
8.716500000,0.035296652
8.716562500,0.035009146
8.716625000,0.034389656
8.716687500,0.033574339
8.716750000,0.032755297
8.716812500,0.032041878
8.716875000,0.031591762
8.716937500,0.031410471
8.717000000,0.031437553
8.717062500,0.031540785
8.717125000,0.031738672
8.717187500,0.032020018
8.717250000,0.032378796
8.717312500,0.032730717
8.717375000,0.033090260
8.717437500,0.033397075
8.717500000,0.033602413
8.717562500,0.033643425
8.717625000,0.033629492
8.717687500,0.033631366
8.717750000,0.033696536
8.717812500,0.033758160
8.717875000,0.033817016
8.717937500,0.033767343
8.718000000,0.033508290
8.718062500,0.032944772
8.718125000,0.032207187
8.718187500,0.031450588
8.718250000,0.030872805
8.718312500,0.030595262
8.718375000,0.030775204
8.718437500,0.031368334
8.718500000,0.032190546
8.718562500,0.032924134
8.718625000,0.033380054
8.718687500,0.033411536
8.718750000,0.033037666
8.718812500,0.032402147
8.718875000,0.031845558
8.718937500,0.031617165
8.719000000,0.031814050
8.719062500,0.032296360
8.719125000,0.032859720
8.719187500,0.033203214
8.719250000,0.033131793
8.719312500,0.032630682
8.719375000,0.031971231
8.719437500,0.031463757
8.719500000,0.031343430
8.719562500,0.031620283
8.719625000,0.032141622
8.719687500,0.032563541
8.719750000,0.032567047
8.719812500,0.032006223
8.719875000,0.031053554
8.719937500,0.030025795
8.720000000,0.029272690
8.720062500,0.028996352
8.720125000,0.029222403
8.720187500,0.029709324
8.720250000,0.030119810
8.720312500,0.030176846
8.720375000,0.029840287
8.720437500,0.029216146
8.720500000,0.028519696
8.720562500,0.027948687
8.720625000,0.027624231
8.720687500,0.027467839
8.720750000,0.027296079
8.720812500,0.026925249
8.720875000,0.026277671
8.720937500,0.025342690
8.721000000,0.024189973
8.721062500,0.022923607
8.721125000,0.021642584
8.721187500,0.020350475
8.721250000,0.019013131
8.721312500,0.017609609
8.721375000,0.016186094
8.721437500,0.014784423
8.721500000,0.013459790
8.721562500,0.012252648
8.721625000,0.011200183
8.721687500,0.010249699
8.721750000,0.009318316
8.721812500,0.008319975
8.721875000,0.007252716
8.721937500,0.006105185
8.722000000,0.004894469
8.722062500,0.003644556
8.722125000,0.002439037
8.722187500,0.001310516
8.722250000,0.000282373
8.722312500,-0.000645074
8.722375000,-0.001412304
8.722437500,-0.002029716
8.722500000,-0.002541359
8.722562500,-0.003044502
8.722625000,-0.003583109
8.722687500,-0.004242923
8.722750000,-0.005082718
8.722812500,-0.006144449
8.722875000,-0.007339938
8.722937500,-0.008605207
8.723000000,-0.009883063
8.723062500,-0.011179505
8.723125000,-0.012431107
8.723187500,-0.013634721
8.723250000,-0.014777532
8.723312500,-0.015866226
8.723375000,-0.016767846
8.723437500,-0.017395547
8.723500000,-0.017695390
8.723562500,-0.017722182
8.723625000,-0.017462807
8.723687500,-0.016970806
8.723750000,-0.016283523
8.723812500,-0.015454305
8.723875000,-0.014386465
8.723937500,-0.013028616
8.724000000,-0.011389053
8.724062500,-0.009625639
8.724125000,-0.007870483
8.724187500,-0.006311479
8.724250000,-0.005082718
8.724312500,-0.004259134
8.724375000,-0.003685980
8.724437500,-0.003151493
8.724500000,-0.002447235
8.724562500,-0.001507019
8.724625000,-0.000303124
8.724687500,0.001063169
8.724750000,0.002447235
8.724812500,0.003686575
8.724875000,0.004782200
8.724937500,0.005806440
8.725000000,0.006871082
8.725062500,0.008022398
8.725125000,0.009311830
8.725187500,0.010727248
8.725250000,0.012236172
8.725312500,0.013793880
8.725375000,0.015436731
8.725437500,0.017224744
8.725500000,0.019201379
8.725562500,0.021332297
8.725625000,0.023524290
8.725687500,0.025646994
8.725750000,0.027578451
8.725812500,0.029249500
8.725875000,0.030660739
8.725937500,0.031892572
8.726000000,0.033037666
8.726062500,0.034152742
8.726125000,0.035195921
8.726187500,0.036101598
8.726250000,0.036802646
8.726312500,0.037288260
8.726375000,0.037574828
8.726437500,0.037755549
8.726500000,0.037932139
8.726562500,0.038179994
8.726625000,0.038466435
8.726687500,0.038723677
8.726750000,0.038873378
8.726812500,0.038890451
8.726875000,0.038774829
8.726937500,0.038587775
8.727000000,0.038402759
8.727062500,0.038278848
8.727125000,0.038177364
8.727187500,0.038007259
8.727250000,0.037649762
8.727312500,0.037021413
8.727375000,0.036057543
8.727437500,0.034749940
8.727500000,0.033131793
8.727562500,0.031272355
8.727625000,0.029224748
8.727687500,0.027034944
8.727750000,0.024754720
8.727812500,0.022461498
8.727875000,0.020238420
8.727937500,0.018141868
8.728000000,0.016189398
8.728062500,0.014351548
8.728125000,0.012572498
8.728187500,0.010759119
8.728250000,0.008847695
8.728312500,0.006836012
8.728375000,0.004827391
8.728437500,0.002925443
8.728500000,0.001223617
8.728562500,-0.000245053
8.728625000,-0.001465735
8.728687500,-0.002534931
8.728750000,-0.003576728
8.728812500,-0.004705003
8.728875000,-0.005906036
8.728937500,-0.007153504
8.729000000,-0.008377072
8.729062500,-0.009515784
8.729125000,-0.010454591
8.729187500,-0.011187565
8.729250000,-0.011765551
8.729312500,-0.012300991
8.729375000,-0.012812695
8.729437500,-0.013352349
8.729500000,-0.013930413
8.729562500,-0.014550159
8.729625000,-0.015079946
8.729687500,-0.015450961
8.729750000,-0.015624652
8.729812500,-0.015647758
8.729875000,-0.015484083
8.729937500,-0.015178985
8.730000000,-0.014777532
8.730062500,-0.014353409
8.730125000,-0.013841801
8.730187500,-0.013228891
8.730250000,-0.012518546
8.730312500,-0.011790752
8.730375000,-0.011045513
8.730437500,-0.010335150
8.730500000,-0.009694814
8.730562500,-0.009162514
8.730625000,-0.008653045
8.730687500,-0.008095544
8.730750000,-0.007435828
8.730812500,-0.006694179
8.730875000,-0.005885032
8.730937500,-0.005075453
8.731000000,-0.004329723
8.731062500,-0.003690301
8.731125000,-0.003113567
8.731187500,-0.002513502
8.731250000,-0.001788364
8.731312500,-0.000869347
8.731375000,0.000265703
8.731437500,0.001583333
8.731500000,0.003011981
8.731562500,0.004478182
8.731625000,0.005920306
8.731687500,0.007333427
8.731750000,0.008753570
8.731812500,0.010245495
8.731875000,0.011829872
8.731937500,0.013510597
8.732000000,0.015248154
8.732062500,0.016987389
8.732125000,0.018612646
8.732187500,0.020050664
8.732250000,0.021272115
8.732312500,0.022325719
8.732375000,0.023235241
8.732437500,0.024062537
8.732500000,0.024848843
8.732562500,0.025619475
8.732625000,0.026292099
8.732687500,0.026783524
8.732750000,0.027013704
8.732812500,0.026959198
8.732875000,0.026579781
8.732937500,0.025894947
8.733000000,0.024942968
8.733062500,0.023787992
8.733125000,0.022431184
8.733187500,0.020891273
8.733250000,0.019201379
8.733312500,0.017450988
8.733375000,0.015693214
8.733437500,0.014001261
8.733500000,0.012424421
8.733562500,0.010999638
8.733625000,0.009656523
8.733687500,0.008307751
8.733750000,0.006871082
8.733812500,0.005344348
8.733875000,0.003722269
8.733937500,0.002067222
8.734000000,0.000470622
8.734062500,-0.000940456
8.734125000,-0.002161508
8.734187500,-0.003251792
8.734250000,-0.004329723
8.734312500,-0.005478451
8.734375000,-0.006822531
8.734437500,-0.008405316
8.734500000,-0.010165436
8.734562500,-0.011888244
8.734625000,-0.013391866
8.734687500,-0.014530502
8.734750000,-0.015248154
8.734812500,-0.015539316
8.734875000,-0.015556743
8.734937500,-0.015500307
8.735000000,-0.015530528
8.735062500,-0.015652889
8.735125000,-0.015832515
8.735187500,-0.015998777
8.735250000,-0.016095273
8.735312500,-0.016074445
8.735375000,-0.016032103
8.735437500,-0.016142242
8.735500000,-0.016565897
8.735562500,-0.017315865
8.735625000,-0.018337574
8.735687500,-0.019493844
8.735750000,-0.020613244
8.735812500,-0.021511512
8.735875000,-0.022165215
8.735937500,-0.022681406
8.736000000,-0.023248728
8.736062500,-0.024010893
8.736125000,-0.025112597
8.736187500,-0.026601477
8.736250000,-0.028425572
8.736312500,-0.030414354
8.736375000,-0.032448303
8.736437500,-0.034434114
8.736500000,-0.036332019
8.736562500,-0.038102224
8.736625000,-0.039806299
8.736687500,-0.041496389
8.736750000,-0.043203104
8.736812500,-0.044874255
8.736875000,-0.046493568
8.736937500,-0.047999684
8.737000000,-0.049321190
8.737062500,-0.050351303
8.737125000,-0.051089171
8.737187500,-0.051545773
8.737250000,-0.051768426
8.737312500,-0.051787511
8.737375000,-0.051726807
8.737437500,-0.051669620
8.737500000,-0.051674299
8.737562500,-0.051724873
8.737625000,-0.051850036
8.737687500,-0.052012246
8.737750000,-0.052144922
8.737812500,-0.052129921
8.737875000,-0.051921748
8.737937500,-0.051463284
8.738000000,-0.050733056
8.738062500,-0.049723785
8.738125000,-0.048538942
8.738187500,-0.047275268
8.738250000,-0.046026833
8.738312500,-0.044833638
8.738375000,-0.043765865
8.738437500,-0.042822443
8.738500000,-0.041979488
8.738562500,-0.041179795
8.738625000,-0.040442277
8.738687500,-0.039746635
8.738750000,-0.039061632
8.738812500,-0.038312521
8.738875000,-0.037499093
8.738937500,-0.036587957
8.739000000,-0.035579026
8.739062500,-0.034483638
8.739125000,-0.033436887
8.739187500,-0.032508362
8.739250000,-0.031719927
8.739312500,-0.030995630
8.739375000,-0.030319240
8.739437500,-0.029602388
8.739500000,-0.028802069
8.739562500,-0.027914125
8.739625000,-0.027119951
8.739687500,-0.026526088
8.739750000,-0.026166586
8.739812500,-0.025923124
8.739875000,-0.025703155
8.739937500,-0.025300164
8.740000000,-0.024566470
8.740062500,-0.023447772
8.740125000,-0.022167150
8.740187500,-0.020942364
8.740250000,-0.019954374
8.740312500,-0.019213064
8.740375000,-0.018706782
8.740437500,-0.018236285
8.740500000,-0.017601265
8.740562500,-0.016666165
8.740625000,-0.015584341
8.740687500,-0.014543580
8.740750000,-0.013742164
8.740812500,-0.013244669
8.740875000,-0.013094249
8.740937500,-0.013136932
8.741000000,-0.013177417
8.741062500,-0.013040717
8.741125000,-0.012780512
8.741187500,-0.012478354
8.741250000,-0.012236172
8.741312500,-0.012065480
8.741375000,-0.011993785
8.741437500,-0.011923710
8.741500000,-0.011765551
8.741562500,-0.011481601
8.741625000,-0.011220656
8.741687500,-0.011124915
8.741750000,-0.011294928
8.741812500,-0.011694634
8.741875000,-0.012232065
8.741937500,-0.012693312
8.742000000,-0.012895043
8.742062500,-0.012767828
8.742125000,-0.012466544
8.742187500,-0.012214568
8.742250000,-0.012236172
8.742312500,-0.012633506
8.742375000,-0.013394807
8.742437500,-0.014321239
8.742500000,-0.015154029
8.742562500,-0.015679793
8.742625000,-0.015865628
8.742687500,-0.015790185
8.742750000,-0.015624652
8.742812500,-0.015537653
8.742875000,-0.015661154
8.742937500,-0.015980490
8.743000000,-0.016377648
8.743062500,-0.016682331
8.743125000,-0.016795054
8.743187500,-0.016674880
8.743250000,-0.016377648
8.743312500,-0.016016958
8.743375000,-0.015743224
8.743437500,-0.015624261
8.743500000,-0.015624652
8.743562500,-0.015602693
8.743625000,-0.015398328
8.743687500,-0.014859269
8.743750000,-0.013930413
8.743812500,-0.012681421
8.743875000,-0.011306714
8.743937500,-0.010011748
8.744000000,-0.008941819
8.744062500,-0.008119094
8.744125000,-0.007463433
8.744187500,-0.006811743
8.744250000,-0.006023962
8.744312500,-0.005055426
8.744375000,-0.004010347
8.744437500,-0.003056697
8.744500000,-0.002353110
8.744562500,-0.001954878
8.744625000,-0.001806451
8.744687500,-0.001725069
8.744750000,-0.001505991
8.744812500,-0.001016634
8.744875000,-0.000296322
8.744937500,0.000495201
8.745000000,0.001129493
8.745062500,0.001418524
8.745125000,0.001253189
8.745187500,0.000691765
8.745250000,-0.000094124
8.745312500,-0.000881079
8.745375000,-0.001526323
8.745437500,-0.001950340
8.745500000,-0.002164861
8.745562500,-0.002225684
8.745625000,-0.002246702
8.745687500,-0.002286344
8.745750000,-0.002353110
8.745812500,-0.002390550
8.745875000,-0.002366171
8.745937500,-0.002214295
8.746000000,-0.001882488
8.746062500,-0.001328443
8.746125000,-0.000610427
8.746187500,0.000188225
8.746250000,0.000941244
8.746312500,0.001527793
8.746375000,0.001794241
8.746437500,0.001679936
8.746500000,0.001223617
8.746562500,0.000582083
8.746625000,-0.000079309
8.746687500,-0.000588294
8.746750000,-0.000847120
8.746812500,-0.000844820
8.746875000,-0.000712060
8.746937500,-0.000607807
8.747000000,-0.000658871
8.747062500,-0.000883735
8.747125000,-0.001236586
8.747187500,-0.001604312
8.747250000,-0.001882488
8.747312500,-0.002019810
8.747375000,-0.002080366
8.747437500,-0.002183571
8.747500000,-0.002447235
8.747562500,-0.002915974
8.747625000,-0.003553669
8.747687500,-0.004252921
8.747750000,-0.004894469
8.747812500,-0.005405414
8.747875000,-0.005800259
8.747937500,-0.006161128
8.748000000,-0.006588709
8.748062500,-0.007147064
8.748125000,-0.007824892
8.748187500,-0.008547300
8.748250000,-0.009224192
8.748312500,-0.009814878
8.748375000,-0.010321916
8.748437500,-0.010796225
8.748500000,-0.011294928
8.748562500,-0.011860149
8.748625000,-0.012438127
8.748687500,-0.012936807
8.748750000,-0.013271542
8.748812500,-0.013445581
8.748875000,-0.013496128
8.748937500,-0.013527228
8.749000000,-0.013648040
8.749062500,-0.013944915
8.749125000,-0.014373741
8.749187500,-0.014823816
8.749250000,-0.015154029
8.749312500,-0.015275604
8.749375000,-0.015126746
8.749437500,-0.014721472
8.749500000,-0.014118661
8.749562500,-0.013409778
8.749625000,-0.012623912
8.749687500,-0.011765385
8.749750000,-0.010824307
8.749812500,-0.009830286
8.749875000,-0.008790436
8.749937500,-0.007732850
8.750000000,-0.006682833
8.750062500,-0.005681266
8.750125000,-0.004681365
8.750187500,-0.003622052
8.750250000,-0.002447235
8.750312500,-0.001178304
8.750375000,0.000203763
8.750437500,0.001694889
8.750500000,0.003294354
8.750562500,0.004958579
8.750625000,0.006744738
8.750687500,0.008698202
8.750750000,0.010824307
8.750812500,0.012999491
8.750875000,0.015118216
8.750937500,0.017039310
8.751000000,0.018636633
8.751062500,0.019779898
8.751125000,0.020497724
8.751187500,0.020888953
8.751250000,0.021083867
8.751312500,0.021139892
8.751375000,0.021123789
8.751437500,0.021049375
8.751500000,0.020895619
8.751562500,0.020595348
8.751625000,0.020162147
8.751687500,0.019663002
8.751750000,0.019201379
8.751812500,0.018853808
8.751875000,0.018705178
8.751937500,0.018814331
8.752000000,0.019201379
8.752062500,0.019828953
8.752125000,0.020664480
8.752187500,0.021684892
8.752250000,0.022872232
8.752312500,0.024194272
8.752375000,0.025648972
8.752437500,0.027263312
8.752500000,0.029084442
8.752562500,0.031144651
8.752625000,0.033467580
8.752687500,0.036019895
8.752750000,0.038685132
8.752812500,0.041256942
8.752875000,0.043515753
8.752937500,0.045284610
8.753000000,0.046497457
8.753062500,0.047213599
8.753125000,0.047622941
8.753187500,0.047934171
8.753250000,0.048285823
8.753312500,0.048665684
8.753375000,0.048956431
8.753437500,0.048950884
8.753500000,0.048474070
8.753562500,0.047458570
8.753625000,0.046029676
8.753687500,0.044386007
8.753750000,0.042732481
8.753812500,0.041171297
8.753875000,0.039727487
8.753937500,0.038287263
8.754000000,0.036708519
8.754062500,0.034893338
8.754125000,0.032909188
8.754187500,0.030887753
8.754250000,0.028990317
8.754312500,0.027308950
8.754375000,0.025896057
8.754437500,0.024677105
8.754500000,0.023531102
8.754562500,0.022336639
8.754625000,0.021101443
8.754687500,0.019873152
8.754750000,0.018730756
8.754812500,0.017702535
8.754875000,0.016821409
8.754937500,0.016010612
8.755000000,0.015154029
8.755062500,0.014120648
8.755125000,0.012936213
8.755187500,0.011667316
8.755250000,0.010447809
8.755312500,0.009388527
8.755375000,0.008658902
8.755437500,0.008264553
8.755500000,0.008094699
8.755562500,0.007914897
8.755625000,0.007605207
8.755687500,0.007038945
8.755750000,0.006212211
8.755812500,0.005211649
8.755875000,0.004341369
8.755937500,0.003821149
8.756000000,0.003764976
8.756062500,0.004086929
8.756125000,0.004683349
8.756187500,0.005305196
8.756250000,0.005741589
8.756312500,0.005876337
8.756375000,0.005868209
8.756437500,0.005914751
8.756500000,0.006212211
8.756562500,0.006815715
8.756625000,0.007731771
8.756687500,0.008771830
8.756750000,0.009694814
8.756812500,0.010278841
8.756875000,0.010532932
8.756937500,0.010558920
8.757000000,0.010541934
8.757062500,0.010624905
8.757125000,0.010963943
8.757187500,0.011562359
8.757250000,0.012330297
8.757312500,0.013097092
8.757375000,0.013801618
8.757437500,0.014394813
8.757500000,0.014871657
8.757562500,0.015205563
8.757625000,0.015458389
8.757687500,0.015653443
8.757750000,0.015812902
8.757812500,0.015926713
8.757875000,0.016076542
8.757937500,0.016314624
8.758000000,0.016660020
8.758062500,0.017030809
8.758125000,0.017375840
8.758187500,0.017594913
8.758250000,0.017601265
8.758312500,0.017303323
8.758375000,0.016777918
8.758437500,0.016140379
8.758500000,0.015530528
8.758562500,0.015003805
8.758625000,0.014679959
8.758687500,0.014604337
8.758750000,0.014777532
8.758812500,0.015096747
8.758875000,0.015567556
8.758937500,0.016163176
8.759000000,0.016848268
8.759062500,0.017498493
8.759125000,0.018113354
8.759187500,0.018677045
8.759250000,0.019201379
8.759312500,0.019654354
8.759375000,0.020157591
8.759437500,0.020802172
8.759500000,0.021648614
8.759562500,0.022625202
8.759625000,0.023722483
8.759687500,0.024847053
8.759750000,0.025884213
8.759812500,0.026665797
8.759875000,0.027185708
8.759937500,0.027464554
8.760000000,0.027578451
8.760062500,0.027574999
8.760125000,0.027619706
8.760187500,0.027818829
8.760250000,0.028237322
8.760312500,0.028844353
8.760375000,0.029683614
8.760437500,0.030760968
8.760500000,0.032096423
8.760562500,0.033674762
8.760625000,0.035568371
8.760687500,0.037768982
8.760750000,0.040191121
8.760812500,0.042628214
8.760875000,0.044918496
8.760937500,0.046892423
8.761000000,0.048474070
8.761062500,0.049678024
8.761125000,0.050687220
8.761187500,0.051669154
8.761250000,0.052709669
8.761312500,0.053723991
8.761375000,0.054574650
8.761437500,0.055061270
8.761500000,0.055062778
8.761562500,0.054584045
8.761625000,0.053862490
8.761687500,0.053170472
8.761750000,0.052709669
8.761812500,0.052464705
8.761875000,0.052309383
8.761937500,0.051969573
8.762000000,0.051203676
8.762062500,0.049893487
8.762125000,0.048218340
8.762187500,0.046459697
8.762250000,0.044897340
8.762312500,0.043626580
8.762375000,0.042634282
8.762437500,0.041699562
8.762500000,0.040567622
8.762562500,0.039051700
8.762625000,0.037257966
8.762687500,0.035411730
8.762750000,0.033790659
8.762812500,0.032541748
8.762875000,0.031728875
8.762937500,0.031174337
8.763000000,0.030590432
8.763062500,0.029667974
8.763125000,0.028340202
8.763187500,0.026666263
8.763250000,0.024848843
8.763312500,0.023100223
8.763375000,0.021696763
8.763437500,0.020726690
8.763500000,0.020142624
8.763562500,0.019764675
8.763625000,0.019521115
8.763687500,0.019309582
8.763750000,0.019107254
8.763812500,0.018925345
8.763875000,0.018948916
8.763937500,0.019258542
8.764000000,0.019860249
8.764062500,0.020623187
8.764125000,0.021481030
8.764187500,0.022251017
8.764250000,0.022778107
8.764312500,0.022945544
8.764375000,0.022874964
8.764437500,0.022680754
8.764500000,0.022495734
8.764562500,0.022375343
8.764625000,0.022426240
8.764687500,0.022594912
8.764750000,0.022778107
8.764812500,0.022843957
8.764875000,0.022819299
8.764937500,0.022718398
8.765000000,0.022589857
8.765062500,0.022453556
8.765125000,0.022396965
8.765187500,0.022399170
8.765250000,0.022401609
8.765312500,0.022313276
8.765375000,0.022132805
8.765437500,0.021825008
8.765500000,0.021366240
8.765562500,0.020724038
8.765625000,0.019942421
8.765687500,0.019040715
8.765750000,0.018071886
8.765812500,0.017114472
8.765875000,0.016320186
8.765937500,0.015782483
8.766000000,0.015530528
8.766062500,0.015501561
8.766125000,0.015607600
8.766187500,0.015712161
8.766250000,0.015718777
8.766312500,0.015600226
8.766375000,0.015460816
8.766437500,0.015411961
8.766500000,0.015530528
8.766562500,0.015786165
8.766625000,0.016096959
8.766687500,0.016286381
8.766750000,0.016189398
8.766812500,0.015707532
8.766875000,0.014925492
8.766937500,0.013991076
8.767000000,0.013083293
8.767062500,0.012313381
8.767125000,0.011767301
8.767187500,0.011399267
8.767250000,0.011106680
8.767312500,0.010759780
8.767375000,0.010338058
8.767437500,0.009825586
8.767500000,0.009224192
8.767562500,0.008502905
8.767625000,0.007682936
8.767687500,0.006753483
8.767750000,0.005741589
8.767812500,0.004714822
8.767875000,0.003837991
8.767937500,0.003226906
8.768000000,0.002917857
8.768062500,0.002820459
8.768125000,0.002794920
8.768187500,0.002647459
8.768250000,0.002258986
8.768312500,0.001651784
8.768375000,0.001032388
8.768437500,0.000659560
8.768500000,0.000752995
8.768562500,0.001385524
8.768625000,0.002468306
8.768687500,0.003740584
8.768750000,0.004894469
8.768812500,0.005694206
8.768875000,0.006085390
8.768937500,0.006159734
8.769000000,0.006118086
8.769062500,0.006175288
8.769125000,0.006494527
8.769187500,0.007099458
8.769250000,0.007906451
8.769312500,0.008774399
8.769375000,0.009602670
8.769437500,0.010320850
8.769500000,0.010918431
8.769562500,0.011421727
8.769625000,0.011871213
8.769687500,0.012255287
8.769750000,0.012518546
8.769812500,0.012575243
8.769875000,0.012365216
8.769937500,0.011843773
8.770000000,0.011012556
8.770062500,0.009918295
8.770125000,0.008656848
8.770187500,0.007326949
8.770250000,0.006023962
8.770312500,0.004818501
8.770375000,0.003765135
8.770437500,0.002864297
8.770500000,0.002070737
8.770562500,0.001299408
8.770625000,0.000501485
8.770687500,-0.000329375
8.770750000,-0.001129493
8.770812500,-0.001801412
8.770875000,-0.002211888
8.770937500,-0.002308433
8.771000000,-0.002164861
8.771062500,-0.002005599
8.771125000,-0.002051816
8.771187500,-0.002457917
8.771250000,-0.003200230
8.771312500,-0.004091452
8.771375000,-0.004747950
8.771437500,-0.004837657
8.771500000,-0.004235599
8.771562500,-0.003164025
8.771625000,-0.002011517
8.771687500,-0.001257511
8.771750000,-0.001223617
8.771812500,-0.001964066
8.771875000,-0.003089591
8.771937500,-0.004043314
8.772000000,-0.004329723
8.772062500,-0.003813394
8.772125000,-0.002629866
8.772187500,-0.001243425
8.772250000,-0.000188249
8.772312500,0.000118536
8.772375000,-0.000276342
8.772437500,-0.001023217
8.772500000,-0.001600115
8.772562500,-0.001610345
8.772625000,-0.000788618
8.772687500,0.000791492
8.772750000,0.002823732
8.772812500,0.004871747
8.772875000,0.006685178
8.772937500,0.008171780
8.773000000,0.009412440
8.773062500,0.010529163
8.773125000,0.011721007
8.773187500,0.013098660
8.773250000,0.014683408
8.773312500,0.016386980
8.773375000,0.018169360
8.773437500,0.019992476
8.773500000,0.021836862
8.773562500,0.023646634
8.773625000,0.025415312
8.773687500,0.027113933
8.773750000,0.028707944
8.773812500,0.030136120
8.773875000,0.031426642
8.773937500,0.032644037
8.774000000,0.033884790
8.774062500,0.035214070
8.774125000,0.036712401
8.774187500,0.038393527
8.774250000,0.040191121
8.774312500,0.041931145
8.774375000,0.043457538
8.774437500,0.044627100
8.774500000,0.045367967
8.774562500,0.045671180
8.774625000,0.045664605
8.774687500,0.045515511
8.774750000,0.045367967
8.774812500,0.045249667
8.774875000,0.045140903
8.774937500,0.044938058
8.775000000,0.044520844
8.775062500,0.043782644
8.775125000,0.042758249
8.775187500,0.041567493
8.775250000,0.040379371
8.775312500,0.039312523
8.775375000,0.038463809
8.775437500,0.037817493
8.775500000,0.037273265
8.775562500,0.036660772
8.775625000,0.035897423
8.775687500,0.034952585
8.775750000,0.033884790
8.775812500,0.032786887
8.775875000,0.031840365
8.775937500,0.031160170
8.776000000,0.030778680
8.776062500,0.030593716
8.776125000,0.030511636
8.776187500,0.030368581
8.776250000,0.030025685
8.776312500,0.029375954
8.776375000,0.028513782
8.776437500,0.027572444
8.776500000,0.026731333
8.776562500,0.026107868
8.776625000,0.025871400
8.776687500,0.026023164
8.776750000,0.026448958
8.776812500,0.026901659
8.776875000,0.027254494
8.776937500,0.027367294
8.777000000,0.027201954
8.777062500,0.026773533
8.777125000,0.026318522
8.777187500,0.025995359
8.777250000,0.025884213
8.777312500,0.025889801
8.777375000,0.025965326
8.777437500,0.025944568
8.777500000,0.025695963
8.777562500,0.025128264
8.777625000,0.024404284
8.777687500,0.023672210
8.777750000,0.023060480
8.777812500,0.022560038
8.777875000,0.022197476
8.777937500,0.021865344
8.778000000,0.021460366
8.778062500,0.020902414
8.778125000,0.020331368
8.778187500,0.019882089
8.778250000,0.019672001
8.778312500,0.019687818
8.778375000,0.019931864
8.778437500,0.020280140
8.778500000,0.020613244
8.778562500,0.020845154
8.778625000,0.021100746
8.778687500,0.021517085
8.778750000,0.022213360
8.778812500,0.023172367
8.778875000,0.024341021
8.778937500,0.025510438
8.779000000,0.026448958
8.779062500,0.026969047
8.779125000,0.027113140
8.779187500,0.027022807
8.779250000,0.026919581
8.779312500,0.026976582
8.779375000,0.027352037
8.779437500,0.028014379
8.779500000,0.028802069
8.779562500,0.029459571
8.779625000,0.029843042
8.779687500,0.029862275
8.779750000,0.029555064
8.779812500,0.029038547
8.779875000,0.028547810
8.779937500,0.028234513
8.780000000,0.028143197
8.780062500,0.028171042
8.780125000,0.028193640
8.780187500,0.028032305
8.780250000,0.027578451
8.780312500,0.026836311
8.780375000,0.025985269
8.780437500,0.025232466
8.780500000,0.024754720
8.780562500,0.024611473
8.780625000,0.024758693
8.780687500,0.025007272
8.780750000,0.025131216
8.780812500,0.024955489
8.780875000,0.024444651
8.780937500,0.023648705
8.781000000,0.022683984
8.781062500,0.021674654
8.781125000,0.020712571
8.781187500,0.019802777
8.781250000,0.018919006
8.781312500,0.018065922
8.781375000,0.017297430
8.781437500,0.016680198
8.781500000,0.016283523
8.781562500,0.016153967
8.781625000,0.016266346
8.781687500,0.016490581
8.781750000,0.016660020
8.781812500,0.016653597
8.781875000,0.016412539
8.781937500,0.015926724
8.782000000,0.015248154
8.782062500,0.014484008
8.782125000,0.013724275
8.782187500,0.012985171
8.782250000,0.012236172
8.782312500,0.011450623
8.782375000,0.010583032
8.782437500,0.009569895
8.782500000,0.008377072
8.782562500,0.007046969
8.782625000,0.005640470
8.782687500,0.004212414
8.782750000,0.002823732
8.782812500,0.001567059
8.782875000,0.000489159
8.782937500,-0.000424473
8.783000000,-0.001223617
8.783062500,-0.001944637
8.783125000,-0.002663734
8.783187500,-0.003487528
8.783250000,-0.004517972
8.783312500,-0.005802218
8.783375000,-0.007359607
8.783437500,-0.009181444
8.783500000,-0.011200804
8.783562500,-0.013274383
8.783625000,-0.015248605
8.783687500,-0.017018681
8.783750000,-0.018542508
8.783812500,-0.019824475
8.783875000,-0.020939691
8.783937500,-0.021994887
8.784000000,-0.023060480
8.784062500,-0.024106594
8.784125000,-0.025071166
8.784187500,-0.025890909
8.784250000,-0.026543085
8.784312500,-0.027048342
8.784375000,-0.027525343
8.784437500,-0.028133577
8.784500000,-0.028990317
8.784562500,-0.030082485
8.784625000,-0.031307079
8.784687500,-0.032502033
8.784750000,-0.033508290
8.784812500,-0.034215290
8.784875000,-0.034643527
8.784937500,-0.034918930
8.785000000,-0.035202529
8.785062500,-0.035592567
8.785125000,-0.036104895
8.785187500,-0.036653981
8.785250000,-0.037085015
8.785312500,-0.037218295
8.785375000,-0.036956005
8.785437500,-0.036289904
8.785500000,-0.035296652
8.785562500,-0.034077410
8.785625000,-0.032769185
8.785687500,-0.031465895
8.785750000,-0.030213933
8.785812500,-0.028998692
8.785875000,-0.027844941
8.785937500,-0.026785191
8.786000000,-0.025884213
8.786062500,-0.025202125
8.786125000,-0.024852708
8.786187500,-0.024893215
8.786250000,-0.025319466
8.786312500,-0.026024617
8.786375000,-0.026906636
8.786437500,-0.027794486
8.786500000,-0.028519696
8.786562500,-0.028924365
8.786625000,-0.029000578
8.786687500,-0.028775631
8.786750000,-0.028331446
8.786812500,-0.027728468
8.786875000,-0.027105609
8.786937500,-0.026500972
8.787000000,-0.025884213
8.787062500,-0.025123082
8.787125000,-0.024186905
8.787187500,-0.023024494
8.787250000,-0.021648614
8.787312500,-0.020090748
8.787375000,-0.018562894
8.787437500,-0.017224271
8.787500000,-0.016189398
8.787562500,-0.015441969
8.787625000,-0.015021391
8.787687500,-0.014857274
8.787750000,-0.014871657
8.787812500,-0.014956932
8.787875000,-0.015181568
8.787937500,-0.015563698
8.788000000,-0.016095273
8.788062500,-0.016654711
8.788125000,-0.017203100
8.788187500,-0.017614981
8.788250000,-0.017789513
8.788312500,-0.017646890
8.788375000,-0.017302034
8.788437500,-0.016871119
8.788500000,-0.016471772
8.788562500,-0.016135180
8.788625000,-0.015922314
8.788687500,-0.015798036
8.788750000,-0.015718777
8.788812500,-0.015646432
8.788875000,-0.015688410
8.788937500,-0.015956821
8.789000000,-0.016565897
8.789062500,-0.017548036
8.789125000,-0.018932907
8.789187500,-0.020609586
8.789250000,-0.022401609
8.789312500,-0.024086855
8.789375000,-0.025574941
8.789437500,-0.026800081
8.789500000,-0.027766701
8.789562500,-0.028485296
8.789625000,-0.029068625
8.789687500,-0.029554026
8.789750000,-0.029931562
8.789812500,-0.030125784
8.789875000,-0.030147156
8.789937500,-0.030018562
8.790000000,-0.029837437
8.790062500,-0.029744975
8.790125000,-0.029932084
8.790187500,-0.030484878
8.790250000,-0.031343430
8.790312500,-0.032280762
8.790375000,-0.032991275
8.790437500,-0.033151627
8.790500000,-0.032567047
8.790562500,-0.031259771
8.790625000,-0.029470809
8.790687500,-0.027540058
8.790750000,-0.025790086
8.790812500,-0.024417864
8.790875000,-0.023421483
8.790937500,-0.022612786
8.791000000,-0.021742739
8.791062500,-0.020643724
8.791125000,-0.019293312
8.791187500,-0.017804176
8.791250000,-0.016377648
8.791312500,-0.015216826
8.791375000,-0.014459253
8.791437500,-0.014115843
8.791500000,-0.014118661
8.791562500,-0.014376730
8.791625000,-0.014866374
8.791687500,-0.015589430
8.791750000,-0.016565897
8.791812500,-0.017763924
8.791875000,-0.019114884
8.791937500,-0.020410378
8.792000000,-0.021366240
8.792062500,-0.021676997
8.792125000,-0.021179710
8.792187500,-0.019815631
8.792250000,-0.017695390
8.792312500,-0.015055177
8.792375000,-0.012261036
8.792437500,-0.009601689
8.792500000,-0.007247579
8.792562500,-0.005197332
8.792625000,-0.003372479
8.792687500,-0.001575923
8.792750000,0.000376498
8.792812500,0.002598999
8.792875000,0.005013069
8.792937500,0.007493290
8.793000000,0.009883063
8.793062500,0.012084239
8.793125000,0.013973478
8.793187500,0.015532096
8.793250000,0.016754145
8.793312500,0.017628942
8.793375000,0.018011771
8.793437500,0.017778885
8.793500000,0.016848268
8.793562500,0.015269585
8.793625000,0.013139646
8.793687500,0.010691117
8.793750000,0.008188824
8.793812500,0.005877621
8.793875000,0.003840532
8.793937500,0.002087023
8.794000000,0.000564746
8.794062500,-0.000761793
8.794125000,-0.001936973
8.794187500,-0.002927684
8.794250000,-0.003670852
8.794312500,-0.004098030
8.794375000,-0.004232643
8.794437500,-0.004124807
8.794500000,-0.003859101
8.794562500,-0.003505084
8.794625000,-0.003157683
8.794687500,-0.002838832
8.794750000,-0.002541359
8.794812500,-0.002241791
8.794875000,-0.001989452
8.794937500,-0.001841731
8.795000000,-0.001882488
8.795062500,-0.002187273
8.795125000,-0.002837550
8.795187500,-0.003850118
8.795250000,-0.005176842
8.795312500,-0.006697090
8.795375000,-0.008285779
8.795437500,-0.009817799
8.795500000,-0.011200804
8.795562500,-0.012371720
8.795625000,-0.013340222
8.795687500,-0.014156305
8.795750000,-0.014871657
8.795812500,-0.015486493
8.795875000,-0.015981346
8.795937500,-0.016323674
8.796000000,-0.016471772
8.796062500,-0.016367745
8.796125000,-0.016004307
8.796187500,-0.015422430
8.796250000,-0.014683408
8.796312500,-0.013816690
8.796375000,-0.012866053
8.796437500,-0.011860935
8.796500000,-0.010824307
8.796562500,-0.009753627
8.796625000,-0.008709772
8.796687500,-0.007759019
8.796750000,-0.006965206
8.796812500,-0.006341827
8.796875000,-0.005913352
8.796937500,-0.005661565
8.797000000,-0.005553340
8.797062500,-0.005537426
8.797125000,-0.005611836
8.797187500,-0.005774574
8.797250000,-0.006023962
8.797312500,-0.006339756
8.797375000,-0.006718406
8.797437500,-0.007164943
8.797500000,-0.007718201
8.797562500,-0.008449167
8.797625000,-0.009450855
8.797687500,-0.010781486
8.797750000,-0.012424421
8.797812500,-0.014273179
8.797875000,-0.016157011
8.797937500,-0.017897790
8.798000000,-0.019389628
8.798062500,-0.020650331
8.798125000,-0.021780835
8.798187500,-0.022886345
8.798250000,-0.024001725
8.798312500,-0.025065357
8.798375000,-0.025891643
8.798437500,-0.026265267
8.798500000,-0.026072461
8.798562500,-0.025419859
8.798625000,-0.024553549
8.798687500,-0.023781810
8.798750000,-0.023342853
8.798812500,-0.023335639
8.798875000,-0.023583610
8.798937500,-0.023757275
8.799000000,-0.023531102
8.799062500,-0.022787381
8.799125000,-0.021559346
8.799187500,-0.020056933
8.799250000,-0.018542508
8.799312500,-0.017253365
8.799375000,-0.016174139
8.799437500,-0.015139797
8.799500000,-0.013930413
8.799562500,-0.012461819
8.799625000,-0.010719273
8.799687500,-0.008847358
8.799750000,-0.007059331
8.799812500,-0.005584061
8.799875000,-0.004437432
8.799937500,-0.003494854
8.800000000,-0.002541359
8.800062500,-0.001419995
8.800125000,0.000013492
8.800187500,0.001790623
8.800250000,0.003859101
8.800312500,0.006095370
8.800375000,0.008435851
8.800437500,0.010859264
8.800500000,0.013365666
8.800562500,0.015917107
8.800625000,0.018471129
8.800687500,0.020988028
8.800750000,0.023436978
8.800812500,0.025794165
8.800875000,0.028070761
8.800937500,0.030318299
8.801000000,0.032567047
8.801062500,0.034779698
8.801125000,0.036850169
8.801187500,0.038679145
8.801250000,0.040191121
8.801312500,0.041364521
8.801375000,0.042234983
8.801437500,0.042926859
8.801500000,0.043579601
8.801562500,0.044292338
8.801625000,0.045058750
8.801687500,0.045826927
8.801750000,0.046497457
8.801812500,0.046968732
8.801875000,0.047155119
8.801937500,0.047066364
8.802000000,0.046779834
8.802062500,0.046403717
8.802125000,0.046015952
8.802187500,0.045653876
8.802250000,0.045273837
8.802312500,0.044753756
8.802375000,0.043938592
8.802437500,0.042710841
8.802500000,0.041038241
8.802562500,0.038990349
8.802625000,0.036747534
8.802687500,0.034538198
8.802750000,0.032567047
8.802812500,0.030936891
8.802875000,0.029663492
8.802937500,0.028654255
8.803000000,0.027766701
8.803062500,0.026844854
8.803125000,0.025835123
8.803187500,0.024721978
8.803250000,0.023531102
8.803312500,0.022267476
8.803375000,0.020989232
8.803437500,0.019690495
8.803500000,0.018354259
8.803562500,0.016942944
8.803625000,0.015528442
8.803687500,0.014141237
8.803750000,0.012800919
8.803812500,0.011468808
8.803875000,0.010186790
8.803937500,0.008933644
8.804000000,0.007718201
8.804062500,0.006565527
8.804125000,0.005652345
8.804187500,0.005081920
8.804250000,0.004894469
8.804312500,0.004996027
8.804375000,0.005319764
8.804437500,0.005682913
8.804500000,0.005929837
8.804562500,0.005958445
8.804625000,0.005897761
8.804687500,0.005876778
8.804750000,0.006023962
8.804812500,0.006362258
8.804875000,0.006933266
8.804937500,0.007622068
8.805000000,0.008282948
8.805062500,0.008771006
8.805125000,0.009137961
8.805187500,0.009446485
8.805250000,0.009788939
8.805312500,0.010197341
8.805375000,0.010738774
8.805437500,0.011357176
8.805500000,0.011953799
8.805562500,0.012401755
8.805625000,0.012701469
8.805687500,0.012855517
8.805750000,0.012895043
8.805812500,0.012824347
8.805875000,0.012705117
8.805937500,0.012540681
8.806000000,0.012330297
8.806062500,0.012066061
8.806125000,0.011829082
8.806187500,0.011681931
8.806250000,0.011671427
8.806312500,0.011784149
8.806375000,0.012007914
8.806437500,0.012275735
8.806500000,0.012518546
8.806562500,0.012680466
8.806625000,0.012784410
8.806687500,0.012871803
8.806750000,0.012989169
8.806812500,0.013148180
8.806875000,0.013350030
8.806937500,0.013560030
8.807000000,0.013742164
8.807062500,0.013871665
8.807125000,0.013988869
8.807187500,0.014148066
8.807250000,0.014401034
8.807312500,0.014753925
8.807375000,0.015196669
8.807437500,0.015668740
8.807500000,0.016095273
8.807562500,0.016396696
8.807625000,0.016567387
8.807687500,0.016616507
8.807750000,0.016565897
8.807812500,0.016410073
8.807875000,0.016170736
8.807937500,0.015843831
8.808000000,0.015436403
8.808062500,0.014959006
8.808125000,0.014496715
8.808187500,0.014112565
8.808250000,0.013836288
8.808312500,0.013622597
8.808375000,0.013426870
8.808437500,0.013168844
8.808500000,0.012800919
8.808562500,0.012318127
8.808625000,0.011821677
8.808687500,0.011403115
8.808750000,0.011106680
8.808812500,0.010872288
8.808875000,0.010613401
8.808937500,0.010208860
8.809000000,0.009600690
8.809062500,0.008826118
8.809125000,0.008072085
8.809187500,0.007534857
8.809250000,0.007341704
8.809312500,0.007462358
8.809375000,0.007772882
8.809437500,0.008066156
8.809500000,0.008188824
8.809562500,0.008115419
8.809625000,0.008015646
8.809687500,0.008110393
8.809750000,0.008565322
8.809812500,0.009373284
8.809875000,0.010377742
8.809937500,0.011291643
8.810000000,0.011859675
8.810062500,0.011978570
8.810125000,0.011785116
8.810187500,0.011534169
8.810250000,0.011483178
8.810312500,0.011745019
8.810375000,0.012265122
8.810437500,0.012803104
8.810500000,0.013083293
8.810562500,0.012931025
8.810625000,0.012400199
8.810687500,0.011698974
8.810750000,0.011106680
8.810812500,0.010831569
8.810875000,0.010948638
8.810937500,0.011336102
8.811000000,0.011765551
8.811062500,0.012011078
8.811125000,0.011971039
8.811187500,0.011661387
8.811250000,0.011200804
8.811312500,0.010733438
8.811375000,0.010383933
8.811437500,0.010179324
8.811500000,0.010071312
8.811562500,0.009969547
8.811625000,0.009814908
8.811687500,0.009568092
8.811750000,0.009224192
8.811812500,0.008788255
8.811875000,0.008285026
8.811937500,0.007713168
8.812000000,0.007059331
8.812062500,0.006301539
8.812125000,0.005460063
8.812187500,0.004565666
8.812250000,0.003670852
8.812312500,0.002826491
8.812375000,0.002112028
8.812437500,0.001572742
8.812500000,0.001223617
8.812562500,0.001032055
8.812625000,0.000981501
8.812687500,0.001026870
8.812750000,0.001129493
8.812812500,0.001249132
8.812875000,0.001396616
8.812937500,0.001557431
8.813000000,0.001694239
8.813062500,0.001725314
8.813125000,0.001602241
8.813187500,0.001275965
8.813250000,0.000752995
8.813312500,0.000093648
8.813375000,-0.000536796
8.813437500,-0.000980936
8.813500000,-0.001129493
8.813562500,-0.000990027
8.813625000,-0.000608660
8.813687500,-0.000111720
8.813750000,0.000376498
8.813812500,0.000756988
8.813875000,0.001071181
8.813937500,0.001390941
8.814000000,0.001788364
8.814062500,0.002252314
8.814125000,0.002771011
8.814187500,0.003267331
8.814250000,0.003670852
8.814312500,0.003928252
8.814375000,0.004129475
8.814437500,0.004387256
8.814500000,0.004800345
8.814562500,0.005357626
8.814625000,0.006028992
8.814687500,0.006699631
8.814750000,0.007247579
8.814812500,0.007563088
8.814875000,0.007692053
8.814937500,0.007735722
8.815000000,0.007812326
8.815062500,0.007955249
8.815125000,0.008185683
8.815187500,0.008446511
8.815250000,0.008659446
8.815312500,0.008737218
8.815375000,0.008725658
8.815437500,0.008722091
8.815500000,0.008847695
8.815562500,0.009155590
8.815625000,0.009700619
8.815687500,0.010463277
8.815750000,0.011389053
8.815812500,0.012391160
8.815875000,0.013452013
8.815937500,0.014564234
8.816000000,0.015718777
8.816062500,0.016861359
8.816125000,0.017939195
8.816187500,0.018888341
8.816250000,0.019672001
8.816312500,0.020295555
8.816375000,0.020833300
8.816437500,0.021382805
8.816500000,0.022025112
8.816562500,0.022785394
8.816625000,0.023626890
8.816687500,0.024467157
8.816750000,0.025225341
8.816812500,0.025868025
8.816875000,0.026417805
8.816937500,0.026935522
8.817000000,0.027484328
8.817062500,0.028100546
8.817125000,0.028744973
8.817187500,0.029325895
8.817250000,0.029743314
8.817312500,0.029953476
8.817375000,0.029967932
8.817437500,0.029861148
8.817500000,0.029743314
8.817562500,0.029728184
8.817625000,0.029857658
8.817687500,0.030088309
8.817750000,0.030308058
8.817812500,0.030386092
8.817875000,0.030194210
8.817937500,0.029643143
8.818000000,0.028707944
8.818062500,0.027435876
8.818125000,0.025915207
8.818187500,0.024240592
8.818250000,0.022495734
8.818312500,0.020738350
8.818375000,0.018996727
8.818437500,0.017246202
8.818500000,0.015436403
8.818562500,0.013513311
8.818625000,0.011471128
8.818687500,0.009327986
8.818750000,0.007153455
8.818812500,0.005049615
8.818875000,0.003154482
8.818937500,0.001536520
8.819000000,0.000188249
8.819062500,-0.000986072
8.819125000,-0.002099917
8.819187500,-0.003305435
8.819250000,-0.004706220
8.819312500,-0.006323552
8.819375000,-0.008040641
8.819437500,-0.009715624
8.819500000,-0.011200804
8.819562500,-0.012402089
8.819625000,-0.013251452
8.819687500,-0.013793993
8.819750000,-0.014118661
8.819812500,-0.014325587
8.819875000,-0.014423331
8.819937500,-0.014422266
8.820000000,-0.014306910
8.820062500,-0.014076293
8.820125000,-0.013681742
8.820187500,-0.013147370
8.820250000,-0.012518546
8.820312500,-0.011861253
8.820375000,-0.011154409
8.820437500,-0.010402817
8.820500000,-0.009600690
8.820562500,-0.008762387
8.820625000,-0.007857424
8.820687500,-0.006924620
8.820750000,-0.006023962
8.820812500,-0.005227108
8.820875000,-0.004546070
8.820937500,-0.003998975
8.821000000,-0.003576728
8.821062500,-0.003250851
8.821125000,-0.002965156
8.821187500,-0.002696976
8.821250000,-0.002447235
8.821312500,-0.002227920
8.821375000,-0.002071782
8.821437500,-0.002014541
8.821500000,-0.002070737
8.821562500,-0.002199640
8.821625000,-0.002368621
8.821687500,-0.002527832
8.821750000,-0.002635483
8.821812500,-0.002639251
8.821875000,-0.002565297
8.821937500,-0.002435231
8.822000000,-0.002258986
8.822062500,-0.001979015
8.822125000,-0.001583842
8.822187500,-0.001027499
8.822250000,-0.000282373
8.822312500,0.000678187
8.822375000,0.001748158
8.822437500,0.002815702
8.822500000,0.003764976
8.822562500,0.004548103
8.822625000,0.005080339
8.822687500,0.005348519
8.822750000,0.005365091
8.822812500,0.005182379
8.822875000,0.004782478
8.822937500,0.004175426
8.823000000,0.003388479
8.823062500,0.002499569
8.823125000,0.001562785
8.823187500,0.000652191
8.823250000,-0.000188249
8.823312500,-0.000957791
8.823375000,-0.001739439
8.823437500,-0.002640805
8.823500000,-0.003764976
8.823562500,-0.005167868
8.823625000,-0.006841220
8.823687500,-0.008703997
8.823750000,-0.010636058
8.823812500,-0.012527388
8.823875000,-0.014289747
8.823937500,-0.015884411
8.824000000,-0.017318891
8.824062500,-0.018648237
8.824125000,-0.019893130
8.824187500,-0.021056728
8.824250000,-0.022119237
8.824312500,-0.023077752
8.824375000,-0.023892052
8.824437500,-0.024543330
8.824500000,-0.025037091
8.824562500,-0.025433412
8.824625000,-0.025749192
8.824687500,-0.025996646
8.824750000,-0.026166586
8.824812500,-0.026266711
8.824875000,-0.026221842
8.824937500,-0.025958620
8.825000000,-0.025413590
8.825062500,-0.024594182
8.825125000,-0.023478566
8.825187500,-0.022099653
8.825250000,-0.020519121
8.825312500,-0.018851822
8.825375000,-0.017133944
8.825437500,-0.015397051
8.825500000,-0.013648040
8.825562500,-0.011914963
8.825625000,-0.010163687
8.825687500,-0.008385379
8.825750000,-0.006588709
8.825812500,-0.004828264
8.825875000,-0.003105988
8.825937500,-0.001413984
8.826000000,0.000282373
8.826062500,0.002017727
8.826125000,0.003864367
8.826187500,0.005881677
8.826250000,0.008094699
8.826312500,0.010462874
8.826375000,0.012894956
8.826437500,0.015262194
8.826500000,0.017413015
8.826562500,0.019205594
8.826625000,0.020548368
8.826687500,0.021472434
8.826750000,0.022119237
8.826812500,0.022706551
8.826875000,0.023433752
8.826937500,0.024456087
8.827000000,0.025790086
8.827062500,0.027294900
8.827125000,0.028696289
8.827187500,0.029748827
8.827250000,0.030308058
8.827312500,0.030378563
8.827375000,0.030103475
8.827437500,0.029729610
8.827500000,0.029460939
8.827562500,0.029339209
8.827625000,0.029269600
8.827687500,0.029101402
8.827750000,0.028707944
8.827812500,0.028034244
8.827875000,0.027198596
8.827937500,0.026419088
8.828000000,0.025884213
8.828062500,0.025592657
8.828125000,0.025423514
8.828187500,0.025134262
8.828250000,0.024472345
8.828312500,0.023236861
8.828375000,0.021503411
8.828437500,0.019516751
8.828500000,0.017601265
8.828562500,0.015962834
8.828625000,0.014757064
8.828687500,0.013946066
8.828750000,0.013365666
8.828812500,0.012749536
8.828875000,0.012004527
8.828937500,0.011115937
8.829000000,0.010165436
8.829062500,0.009207382
8.829125000,0.008415355
8.829187500,0.007875080
8.829250000,0.007624077
8.829312500,0.007605921
8.829375000,0.007897641
8.829437500,0.008544687
8.829500000,0.009600690
8.829562500,0.011034884
8.829625000,0.012930502
8.829687500,0.015269364
8.829750000,0.017977761
8.829812500,0.020856643
8.829875000,0.023821507
8.829937500,0.026710145
8.830000000,0.029366815
8.830062500,0.031600051
8.830125000,0.033433530
8.830187500,0.034910556
8.830250000,0.036143772
8.830312500,0.037222277
8.830375000,0.038373023
8.830437500,0.039723445
8.830500000,0.041320615
8.830562500,0.043054901
8.830625000,0.044856723
8.830687500,0.046543017
8.830750000,0.047909327
8.830812500,0.048729002
8.830875000,0.048984434
8.830937500,0.048740447
8.831000000,0.048191696
8.831062500,0.047574949
8.831125000,0.047193658
8.831187500,0.047195673
8.831250000,0.047532827
8.831312500,0.047940567
8.831375000,0.048107840
8.831437500,0.047750313
8.831500000,0.046779834
8.831562500,0.045351624
8.831625000,0.043886591
8.831687500,0.042844281
8.831750000,0.042544231
8.831812500,0.043000594
8.831875000,0.043973062
8.831937500,0.045026042
8.832000000,0.045744464
8.832062500,0.045893919
8.832125000,0.045562670
8.832187500,0.045030188
8.832250000,0.044614971
8.832312500,0.044465017
8.832375000,0.044553865
8.832437500,0.044617955
8.832500000,0.044332597
8.832562500,0.043453772
8.832625000,0.042060196
8.832687500,0.040410120
8.832750000,0.038873378
8.832812500,0.037730113
8.832875000,0.037169315
8.832937500,0.037083134
8.833000000,0.037179142
8.833062500,0.037066896
8.833125000,0.036520418
8.833187500,0.035376094
8.833250000,0.033602413
8.833312500,0.031224409
8.833375000,0.028445100
8.833437500,0.025415923
8.833500000,0.022307485
8.833562500,0.019281402
8.833625000,0.016639333
8.833687500,0.014590660
8.833750000,0.013271542
8.833812500,0.012664544
8.833875000,0.012733539
8.833937500,0.013251864
8.834000000,0.013930413
8.834062500,0.014460058
8.834125000,0.014727308
8.834187500,0.014661890
8.834250000,0.014306910
8.834312500,0.013752887
8.834375000,0.013242986
8.834437500,0.012929754
8.834500000,0.012895043
8.834562500,0.013091504
8.834625000,0.013524779
8.834687500,0.014089858
8.834750000,0.014683408
8.834812500,0.015190554
8.834875000,0.015651587
8.834937500,0.016036624
8.835000000,0.016283523
8.835062500,0.016246602
8.835125000,0.015909061
8.835187500,0.015237362
8.835250000,0.014306910
8.835312500,0.013273421
8.835375000,0.012488225
8.835437500,0.012203800
8.835500000,0.012518546
8.835562500,0.013271609
8.835625000,0.014220187
8.835687500,0.014981506
8.835750000,0.015248154
8.835812500,0.014875758
8.835875000,0.014063705
8.835937500,0.013112874
8.836000000,0.012330297
8.836062500,0.011851029
8.836125000,0.011701489
8.836187500,0.011710988
8.836250000,0.011671427
8.836312500,0.011433589
8.836375000,0.011104477
8.836437500,0.010909910
8.836500000,0.011106680
8.836562500,0.011802332
8.836625000,0.012987607
8.836687500,0.014432916
8.836750000,0.015812902
8.836812500,0.016797952
8.836875000,0.017297756
8.836937500,0.017374787
8.837000000,0.017224766
8.837062500,0.017031906
8.837125000,0.017024824
8.837187500,0.017305925
8.837250000,0.017883638
8.837312500,0.018647840
8.837375000,0.019564481
8.837437500,0.020542964
8.837500000,0.021460366
8.837562500,0.022106251
8.837625000,0.022366062
8.837687500,0.022143828
8.837750000,0.021460366
8.837812500,0.020427398
8.837875000,0.019367924
8.837937500,0.018581875
8.838000000,0.018260136
8.838062500,0.018357383
8.838125000,0.018750586
8.838187500,0.019212825
8.838250000,0.019577878
8.838312500,0.019787140
8.838375000,0.020043705
8.838437500,0.020582618
8.838500000,0.021554491
8.838562500,0.022861175
8.838625000,0.024286378
8.838687500,0.025481544
8.838750000,0.026166586
8.838812500,0.026229514
8.838875000,0.025899677
8.838937500,0.025541807
8.839000000,0.025507715
8.839062500,0.025929535
8.839125000,0.026782915
8.839187500,0.027849259
8.839250000,0.028896192
8.839312500,0.029780149
8.839375000,0.030626765
8.839437500,0.031633783
8.839500000,0.032943543
8.839562500,0.034457218
8.839625000,0.035935808
8.839687500,0.036982562
8.839750000,0.037273265
8.839812500,0.036694687
8.839875000,0.035545662
8.839937500,0.034315884
8.840000000,0.033508290
8.840062500,0.033372037
8.840125000,0.033914957
8.840187500,0.034804787
8.840250000,0.035579026
8.840312500,0.035817474
8.840375000,0.035448223
8.840437500,0.034631904
8.840500000,0.033696536
8.840562500,0.032916762
8.840625000,0.032529112
8.840687500,0.032530040
8.840750000,0.032755297
8.840812500,0.032931589
8.840875000,0.032943834
8.840937500,0.032743737
8.841000000,0.032378796
8.841062500,0.031884100
8.841125000,0.031389218
8.841187500,0.030930564
8.841250000,0.030496309
8.841312500,0.030002240
8.841375000,0.029483680
8.841437500,0.028949540
8.841500000,0.028425572
8.841562500,0.027892735
8.841625000,0.027434129
8.841687500,0.027074013
8.841750000,0.026825456
8.841812500,0.026641252
8.841875000,0.026586603
8.841937500,0.026658347
8.842000000,0.026825456
8.842062500,0.026971085
8.842125000,0.027075011
8.842187500,0.027049689
8.842250000,0.026825456
8.842312500,0.026328892
8.842375000,0.025694715
8.842437500,0.025071515
8.842500000,0.024660595
8.842562500,0.024614647
8.842625000,0.025151975
8.842687500,0.026307246
8.842750000,0.027954949
8.842812500,0.029774100
8.842875000,0.031499609
8.842937500,0.032833584
8.843000000,0.033602413
8.843062500,0.033761907
8.843125000,0.033551775
8.843187500,0.033234473
8.843250000,0.033037666
8.843312500,0.033015478
8.843375000,0.033160977
8.843437500,0.033278346
8.843500000,0.033131793
8.843562500,0.032518487
8.843625000,0.031494744
8.843687500,0.030227724
8.843750000,0.028990317
8.843812500,0.028025147
8.843875000,0.027578617
8.843937500,0.027689941
8.844000000,0.028237322
8.844062500,0.028953733
8.844125000,0.029639868
8.844187500,0.030095538
8.844250000,0.030213933
8.844312500,0.029959291
8.844375000,0.029475663
8.844437500,0.028912650
8.844500000,0.028425572
8.844562500,0.028100733
8.844625000,0.028048815
8.844687500,0.028252384
8.844750000,0.028613821
8.844812500,0.028950118
8.844875000,0.029168600
8.844937500,0.029182779
8.845000000,0.028990317
8.845062500,0.028633481
8.845125000,0.028288569
8.845187500,0.028059255
8.845250000,0.027954949
8.845312500,0.027823662
8.845375000,0.027545005
8.845437500,0.026953872
8.845500000,0.025978338
8.845562500,0.024641408
8.845625000,0.023216739
8.845687500,0.021965809
8.845750000,0.021083867
8.845812500,0.020567430
8.845875000,0.020365696
8.845937500,0.020264160
8.846000000,0.020048497
8.846062500,0.019563761
8.846125000,0.018920964
8.846187500,0.018294336
8.846250000,0.017883638
8.846312500,0.017769570
8.846375000,0.017995467
8.846437500,0.018418193
8.846500000,0.018824881
8.846562500,0.018992839
8.846625000,0.018894089
8.846687500,0.018575121
8.846750000,0.018166009
8.846812500,0.017775916
8.846875000,0.017554838
8.846937500,0.017516823
8.847000000,0.017601265
8.847062500,0.017692925
8.847125000,0.017785020
8.847187500,0.017887305
8.847250000,0.018071886
8.847312500,0.018420583
8.847375000,0.019069150
8.847437500,0.020042175
8.847500000,0.021272115
8.847562500,0.022597322
8.847625000,0.023875287
8.847687500,0.024939880
8.847750000,0.025695963
8.847812500,0.026137413
8.847875000,0.026382219
8.847937500,0.026529729
8.848000000,0.026637208
8.848062500,0.026688699
8.848125000,0.026626440
8.848187500,0.026343539
8.848250000,0.025790086
8.848312500,0.025037263
8.848375000,0.024259480
8.848437500,0.023629984
8.848500000,0.023248728
8.848562500,0.023097476
8.848625000,0.023012007
8.848687500,0.022747094
8.848750000,0.022119237
8.848812500,0.021137368
8.848875000,0.019963078
8.848937500,0.018839978
8.849000000,0.017977761
8.849062500,0.017473806
8.849125000,0.017209753
8.849187500,0.016927775
8.849250000,0.016377648
8.849312500,0.015480765
8.849375000,0.014308115
8.849437500,0.013040519
8.849500000,0.011859675
8.849562500,0.010872049
8.849625000,0.009980115
8.849687500,0.008964409
8.849750000,0.007624077
8.849812500,0.005949767
8.849875000,0.004071437
8.849937500,0.002231040
8.850000000,0.000658871
8.850062500,-0.000508765
8.850125000,-0.001391183
8.850187500,-0.002279357
8.850250000,-0.003482603
8.850312500,-0.005125215
8.850375000,-0.007159852
8.850437500,-0.009373720
8.850500000,-0.011483178
8.850562500,-0.013219791
8.850625000,-0.014531184
8.850687500,-0.015564822
8.850750000,-0.016565897
8.850812500,-0.017701451
8.850875000,-0.019073637
8.850937500,-0.020672750
8.851000000,-0.022401609
8.851062500,-0.024086714
8.851125000,-0.025660735
8.851187500,-0.027129291
8.851250000,-0.028519696
8.851312500,-0.029762253
8.851375000,-0.030808860
8.851437500,-0.031598113
8.851500000,-0.032096423
8.851562500,-0.032274697
8.851625000,-0.032276984
8.851687500,-0.032310214
8.851750000,-0.032567047
8.851812500,-0.033082396
8.851875000,-0.033868220
8.851937500,-0.034856498
8.852000000,-0.035955522
8.852062500,-0.037033290
8.852125000,-0.038102470
8.852187500,-0.039207999
8.852250000,-0.040379371
8.852312500,-0.041519031
8.852375000,-0.042553540
8.852437500,-0.043383457
8.852500000,-0.043956097
8.852562500,-0.044251785
8.852625000,-0.044434421
8.852687500,-0.044694725
8.852750000,-0.045179714
8.852812500,-0.045860484
8.852875000,-0.046663634
8.852937500,-0.047406673
8.853000000,-0.047909327
8.853062500,-0.048032008
8.853125000,-0.047877625
8.853187500,-0.047653664
8.853250000,-0.047626950
8.853312500,-0.047971800
8.853375000,-0.048826624
8.853437500,-0.050128486
8.853500000,-0.051674299
8.853562500,-0.053152919
8.853625000,-0.054378636
8.853687500,-0.055230062
8.853750000,-0.055721652
8.853812500,-0.055944711
8.853875000,-0.056126591
8.853937500,-0.056412544
8.854000000,-0.056851145
8.854062500,-0.057352263
8.854125000,-0.057815459
8.854187500,-0.058067136
8.854250000,-0.057980634
8.854312500,-0.057508949
8.854375000,-0.056764532
8.854437500,-0.055857208
8.854500000,-0.054874528
8.854562500,-0.053824838
8.854625000,-0.052699793
8.854687500,-0.051405963
8.854750000,-0.049885936
8.854812500,-0.048178792
8.854875000,-0.046474759
8.854937500,-0.044957042
8.855000000,-0.043767847
8.855062500,-0.042945329
8.855125000,-0.042413771
8.855187500,-0.041928921
8.855250000,-0.041226488
8.855312500,-0.040151983
8.855375000,-0.038724091
8.855437500,-0.037046559
8.855500000,-0.035296652
8.855562500,-0.033666406
8.855625000,-0.032284249
8.855687500,-0.031110805
8.855750000,-0.030025685
8.855812500,-0.028920546
8.855875000,-0.027733644
8.855937500,-0.026391108
8.856000000,-0.024848843
8.856062500,-0.023104601
8.856125000,-0.021169074
8.856187500,-0.018994408
8.856250000,-0.016565897
8.856312500,-0.013968498
8.856375000,-0.011380400
8.856437500,-0.008944257
8.856500000,-0.006776957
8.856562500,-0.004953087
8.856625000,-0.003485986
8.856687500,-0.002238180
8.856750000,-0.001035369
8.856812500,0.000248174
8.856875000,0.001647796
8.856937500,0.003218614
8.857000000,0.004988594
8.857062500,0.006955346
8.857125000,0.009082901
8.857187500,0.011403971
8.857250000,0.013930413
8.857312500,0.016602136
8.857375000,0.019274270
8.857437500,0.021836225
8.857500000,0.024189973
8.857562500,0.026259718
8.857625000,0.028000088
8.857687500,0.029475207
8.857750000,0.030778680
8.857812500,0.031979609
8.857875000,0.033071596
8.857937500,0.034058359
8.858000000,0.034920152
8.858062500,0.035632785
8.858125000,0.036164567
8.858187500,0.036580462
8.858250000,0.036990892
8.858312500,0.037509702
8.858375000,0.038181573
8.858437500,0.039011389
8.858500000,0.039908748
8.858562500,0.040699251
8.858625000,0.041165549
8.858687500,0.041183583
8.858750000,0.040755868
8.858812500,0.040015418
8.858875000,0.039182719
8.858937500,0.038501989
8.859000000,0.038120385
8.859062500,0.038008008
8.859125000,0.037993956
8.859187500,0.037842803
8.859250000,0.037367389
8.859312500,0.036505412
8.859375000,0.035387009
8.859437500,0.034248073
8.859500000,0.033320040
8.859562500,0.032694187
8.859625000,0.032342121
8.859687500,0.032089103
8.859750000,0.031719927
8.859812500,0.031042553
8.859875000,0.030063776
8.859937500,0.028868997
8.860000000,0.027578451
8.860062500,0.026217101
8.860125000,0.024823142
8.860187500,0.023323098
8.860250000,0.021648614
8.860312500,0.019757938
8.860375000,0.017852999
8.860437500,0.016156046
8.860500000,0.014871657
8.860562500,0.014028215
8.860625000,0.013639866
8.860687500,0.013525907
8.860750000,0.013459790
8.860812500,0.013203908
8.860875000,0.012798503
8.860937500,0.012334441
8.861000000,0.011953799
8.861062500,0.011693784
8.861125000,0.011667120
8.861187500,0.011820384
8.861250000,0.012047924
8.861312500,0.012180939
8.861375000,0.012268168
8.861437500,0.012335417
8.861500000,0.012424421
8.861562500,0.012488698
8.861625000,0.012611088
8.861687500,0.012797762
8.861750000,0.013083293
8.861812500,0.013491053
8.861875000,0.014226287
8.861937500,0.015403122
8.862000000,0.017036518
8.862062500,0.018947745
8.862125000,0.020955972
8.862187500,0.022776695
8.862250000,0.024189973
8.862312500,0.025089223
8.862375000,0.025657669
8.862437500,0.026148539
8.862500000,0.026825456
8.862562500,0.027815826
8.862625000,0.029168557
8.862687500,0.030733226
8.862750000,0.032284670
8.862812500,0.033604588
8.862875000,0.034647234
8.862937500,0.035454031
8.863000000,0.036143772
8.863062500,0.036823682
8.863125000,0.037587907
8.863187500,0.038422693
8.863250000,0.039249878
8.863312500,0.039963193
8.863375000,0.040519100
8.863437500,0.040901188
8.863500000,0.041132364
8.863562500,0.041244905
8.863625000,0.041282397
8.863687500,0.041248959
8.863750000,0.041132364
8.863812500,0.040915538
8.863875000,0.040604159
8.863937500,0.040184367
8.864000000,0.039626375
8.864062500,0.038875416
8.864125000,0.037884627
8.864187500,0.036601055
8.864250000,0.035014279
8.864312500,0.033175945
8.864375000,0.031217268
8.864437500,0.029279234
8.864500000,0.027484328
8.864562500,0.025890857
8.864625000,0.024509650
8.864687500,0.023259277
8.864750000,0.022025112
8.864812500,0.020690864
8.864875000,0.019242404
8.864937500,0.017690429
8.865000000,0.016095273
8.865062500,0.014525263
8.865125000,0.013100192
8.865187500,0.011866005
8.865250000,0.010824307
8.865312500,0.009920337
8.865375000,0.009145924
8.865437500,0.008434125
8.865500000,0.007718201
8.865562500,0.006920170
8.865625000,0.006055568
8.865687500,0.005100477
8.865750000,0.004047350
8.865812500,0.002884305
8.865875000,0.001717069
8.865937500,0.000608182
8.866000000,-0.000376498
8.866062500,-0.001216689
8.866125000,-0.001798159
8.866187500,-0.002105175
8.866250000,-0.002164861
8.866312500,-0.002090434
8.866375000,-0.001901384
8.866437500,-0.001703015
8.866500000,-0.001600115
8.866562500,-0.001717914
8.866625000,-0.001996087
8.866687500,-0.002373213
8.866750000,-0.002729608
8.866812500,-0.002964949
8.866875000,-0.002865539
8.866937500,-0.002342682
8.867000000,-0.001411866
8.867062500,-0.000249454
8.867125000,0.001008322
8.867187500,0.002152295
8.867250000,0.003011981
8.867312500,0.003453090
8.867375000,0.003558596
8.867437500,0.003453219
8.867500000,0.003294354
8.867562500,0.003164181
8.867625000,0.003177697
8.867687500,0.003335525
8.867750000,0.003576728
8.867812500,0.003776419
8.867875000,0.003923887
8.867937500,0.004045668
8.868000000,0.004235599
8.868062500,0.004587331
8.868125000,0.005267669
8.868187500,0.006371301
8.868250000,0.007906451
8.868312500,0.009749632
8.868375000,0.011772154
8.868437500,0.013808077
8.868500000,0.015718777
8.868562500,0.017391568
8.868625000,0.018838495
8.868687500,0.020111460
8.868750000,0.021272115
8.868812500,0.022324031
8.868875000,0.023279715
8.868937500,0.024123857
8.869000000,0.024848843
8.869062500,0.025447436
8.869125000,0.025999030
8.869187500,0.026593203
8.869250000,0.027296079
8.869312500,0.028083755
8.869375000,0.028915646
8.869437500,0.029711671
8.869500000,0.030402184
8.869562500,0.030934762
8.869625000,0.031354234
8.869687500,0.031726599
8.869750000,0.032096423
8.869812500,0.032417964
8.869875000,0.032630287
8.869937500,0.032637175
8.870000000,0.032378796
8.870062500,0.031850450
8.870125000,0.031180972
8.870187500,0.030529836
8.870250000,0.030025685
8.870312500,0.029676778
8.870375000,0.029435808
8.870437500,0.029180769
8.870500000,0.028802069
8.870562500,0.028242031
8.870625000,0.027595200
8.870687500,0.027012391
8.870750000,0.026637208
8.870812500,0.026501417
8.870875000,0.026564702
8.870937500,0.026670674
8.871000000,0.026637208
8.871062500,0.026314579
8.871125000,0.025734913
8.871187500,0.025024252
8.871250000,0.024378221
8.871312500,0.023949565
8.871375000,0.023875335
8.871437500,0.024128469
8.871500000,0.024566470
8.871562500,0.024955526
8.871625000,0.025156964
8.871687500,0.025062328
8.871750000,0.024660595
8.871812500,0.023994450
8.871875000,0.023241146
8.871937500,0.022527376
8.872000000,0.021930987
8.872062500,0.021427765
8.872125000,0.021032896
8.872187500,0.020684740
8.872250000,0.020330872
8.872312500,0.019923797
8.872375000,0.019555641
8.872437500,0.019294372
8.872500000,0.019201379
8.872562500,0.019268330
8.872625000,0.019515153
8.872687500,0.019849727
8.872750000,0.020142624
8.872812500,0.020242279
8.872875000,0.020118510
8.872937500,0.019756500
8.873000000,0.019201379
8.873062500,0.018513082
8.873125000,0.017835408
8.873187500,0.017240461
8.873250000,0.016754145
8.873312500,0.016336171
8.873375000,0.015994817
8.873437500,0.015698336
8.873500000,0.015436403
8.873562500,0.015202080
8.873625000,0.015078946
8.873687500,0.015096975
8.873750000,0.015248154
8.873812500,0.015452350
8.873875000,0.015673343
8.873937500,0.015837247
8.874000000,0.015907025
8.874062500,0.015872510
8.874125000,0.015855214
8.874187500,0.015945192
8.874250000,0.016189398
8.874312500,0.016517222
8.874375000,0.016874040
8.874437500,0.017120110
8.874500000,0.017130643
8.874562500,0.016803829
8.874625000,0.016227085
8.874687500,0.015511537
8.874750000,0.014777532
8.874812500,0.014049042
8.874875000,0.013390286
8.874937500,0.012769876
8.875000000,0.012142048
8.875062500,0.011431912
8.875125000,0.010739597
8.875187500,0.010162469
8.875250000,0.009788939
8.875312500,0.009579035
8.875375000,0.009553461
8.875437500,0.009626473
8.875500000,0.009694814
8.875562500,0.009613544
8.875625000,0.009447750
8.875687500,0.009281497
8.875750000,0.009224192
8.875812500,0.009284043
8.875875000,0.009547922
8.875937500,0.009991620
8.876000000,0.010541934
8.876062500,0.011039185
8.876125000,0.011494692
8.876187500,0.011932848
8.876250000,0.012424421
8.876312500,0.012982107
8.876375000,0.013740002
8.876437500,0.014748613
8.876500000,0.016001150
8.876562500,0.017363546
8.876625000,0.018812856
8.876687500,0.020286413
8.876750000,0.021742739
8.876812500,0.023094028
8.876875000,0.024413012
8.876937500,0.025740642
8.877000000,0.027107829
8.877062500,0.028450988
8.877125000,0.029820800
8.877187500,0.031220283
8.877250000,0.032661170
8.877312500,0.034102816
8.877375000,0.035647441
8.877437500,0.037354853
8.877500000,0.039249878
8.877562500,0.041233327
8.877625000,0.043253824
8.877687500,0.045180749
8.877750000,0.046873957
8.877812500,0.048168223
8.877875000,0.049070369
8.877937500,0.049636520
8.878000000,0.049980059
8.878062500,0.050173711
8.878125000,0.050371349
8.878187500,0.050647739
8.878250000,0.051015429
8.878312500,0.051373217
8.878375000,0.051697616
8.878437500,0.051935401
8.878500000,0.052050799
8.878562500,0.051976338
8.878625000,0.051779892
8.878687500,0.051527269
8.878750000,0.051297802
8.878812500,0.051105019
8.878875000,0.051034816
8.878937500,0.051088102
8.879000000,0.051203676
8.879062500,0.051213425
8.879125000,0.051053777
8.879187500,0.050666858
8.879250000,0.050074182
8.879312500,0.049320102
8.879375000,0.048619892
8.879437500,0.048127197
8.879500000,0.047909327
8.879562500,0.047848262
8.879625000,0.047844041
8.879687500,0.047698189
8.879750000,0.047250453
8.879812500,0.046386555
8.879875000,0.045256495
8.879937500,0.044038542
8.880000000,0.042920731
8.880062500,0.041964717
8.880125000,0.041275997
8.880187500,0.040805660
8.880250000,0.040473495
8.880312500,0.040168058
8.880375000,0.039994068
8.880437500,0.040017080
8.880500000,0.040285248
8.880562500,0.040716466
8.880625000,0.041282672
8.880687500,0.041799560
8.880750000,0.042073611
8.880812500,0.041930970
8.880875000,0.041455660
8.880937500,0.040758159
8.881000000,0.040002871
8.881062500,0.039297573
8.881125000,0.038817562
8.881187500,0.038570434
8.881250000,0.038496882
8.881312500,0.038475890
8.881375000,0.038526740
8.881437500,0.038608678
8.881500000,0.038685132
8.881562500,0.038671933
8.881625000,0.038592998
8.881687500,0.038389944
8.881750000,0.038026262
8.881812500,0.037479617
8.881875000,0.036896843
8.881937500,0.036367707
8.882000000,0.035955522
8.882062500,0.035632037
8.882125000,0.035417117
8.882187500,0.035213046
8.882250000,0.034920152
8.882312500,0.034451269
8.882375000,0.033893738
8.882437500,0.033307761
8.882500000,0.032755297
8.882562500,0.032232437
8.882625000,0.031774517
8.882687500,0.031295568
8.882750000,0.030684557
8.882812500,0.029825822
8.882875000,0.028748771
8.882937500,0.027477734
8.883000000,0.026072461
8.883062500,0.024576543
8.883125000,0.023106918
8.883187500,0.021690676
8.883250000,0.020330872
8.883312500,0.018999361
8.883375000,0.017773120
8.883437500,0.016673807
8.883500000,0.015718777
8.883562500,0.014883527
8.883625000,0.014212182
8.883687500,0.013662620
8.883750000,0.013177417
8.883812500,0.012680158
8.883875000,0.012201956
8.883937500,0.011737422
8.884000000,0.011294928
8.884062500,0.010867713
8.884125000,0.010524595
8.884187500,0.010264104
8.884250000,0.010071312
8.884312500,0.009910335
8.884375000,0.009814007
8.884437500,0.009754322
8.884500000,0.009694814
8.884562500,0.009583991
8.884625000,0.009437399
8.884687500,0.009227623
8.884750000,0.008941819
8.884812500,0.008578489
8.884875000,0.008209674
8.884937500,0.007857701
8.885000000,0.007529953
8.885062500,0.007212331
8.885125000,0.006922085
8.885187500,0.006627010
8.885250000,0.006306335
8.885312500,0.005970034
8.885375000,0.005689646
8.885437500,0.005508281
8.885500000,0.005459215
8.885562500,0.005559298
8.885625000,0.005810589
8.885687500,0.006149421
8.885750000,0.006494584
8.885812500,0.006791554
8.885875000,0.007002733
8.885937500,0.007095341
8.886000000,0.007059331
8.886062500,0.006928302
8.886125000,0.006710361
8.886187500,0.006387859
8.886250000,0.005929837
8.886312500,0.005337700
8.886375000,0.004589204
8.886437500,0.003678732
8.886500000,0.002635483
8.886562500,0.001557253
8.886625000,0.000527634
8.886687500,-0.000381839
8.886750000,-0.001129493
8.886812500,-0.001685537
8.886875000,-0.002090889
8.886937500,-0.002415596
8.887000000,-0.002729608
8.887062500,-0.003057655
8.887125000,-0.003429201
8.887187500,-0.003872357
8.887250000,-0.004423847
8.887312500,-0.005109117
8.887375000,-0.005975558
8.887437500,-0.007045892
8.887500000,-0.008282948
8.887562500,-0.009561338
8.887625000,-0.010731964
8.887687500,-0.011669111
8.887750000,-0.012330297
8.887812500,-0.012778597
8.887875000,-0.013193577
8.887937500,-0.013800718
8.888000000,-0.014777532
8.888062500,-0.016172731
8.888125000,-0.017894421
8.888187500,-0.019755982
8.888250000,-0.021554491
8.888312500,-0.023151059
8.888375000,-0.024505327
8.888437500,-0.025672335
8.888500000,-0.026731333
8.888562500,-0.027718510
8.888625000,-0.028575744
8.888687500,-0.029193429
8.888750000,-0.029460939
8.888812500,-0.029338295
8.888875000,-0.028863410
8.888937500,-0.028163798
8.889000000,-0.027390203
8.889062500,-0.026658935
8.889125000,-0.025991572
8.889187500,-0.025346385
8.889250000,-0.024660595
8.889312500,-0.023914110
8.889375000,-0.023131104
8.889437500,-0.022383025
8.889500000,-0.021742739
8.889562500,-0.021250919
8.889625000,-0.020851359
8.889687500,-0.020429254
8.889750000,-0.019860249
8.889812500,-0.019087588
8.889875000,-0.018106230
8.889937500,-0.016982073
8.890000000,-0.015812902
8.890062500,-0.014696259
8.890125000,-0.013654756
8.890187500,-0.012642088
8.890250000,-0.011577302
8.890312500,-0.010410964
8.890375000,-0.009126417
8.890437500,-0.007760059
8.890500000,-0.006400459
8.890562500,-0.005175323
8.890625000,-0.004174453
8.890687500,-0.003410904
8.890750000,-0.002823732
8.890812500,-0.002313827
8.890875000,-0.001765877
8.890937500,-0.001070556
8.891000000,-0.000188249
8.891062500,0.000820553
8.891125000,0.001821665
8.891187500,0.002701155
8.891250000,0.003388479
8.891312500,0.003873078
8.891375000,0.004210907
8.891437500,0.004539379
8.891500000,0.004988594
8.891562500,0.005611159
8.891625000,0.006387748
8.891687500,0.007288001
8.891750000,0.008282948
8.891812500,0.009350809
8.891875000,0.010505132
8.891937500,0.011784873
8.892000000,0.013177417
8.892062500,0.014560548
8.892125000,0.015747121
8.892187500,0.016569404
8.892250000,0.016942395
8.892312500,0.016903913
8.892375000,0.016633701
8.892437500,0.016408375
8.892500000,0.016471772
8.892562500,0.016916646
8.892625000,0.017668696
8.892687500,0.018537387
8.892750000,0.019295502
8.892812500,0.019761827
8.892875000,0.019900927
8.892937500,0.019815493
8.893000000,0.019672001
8.893062500,0.019591253
8.893125000,0.019628683
8.893187500,0.019747656
8.893250000,0.019860249
8.893312500,0.019872887
8.893375000,0.019786008
8.893437500,0.019677768
8.893500000,0.019672001
8.893562500,0.019861791
8.893625000,0.020301908
8.893687500,0.020960558
8.893750000,0.021742739
8.893812500,0.022514692
8.893875000,0.023198199
8.893937500,0.023754371
8.894000000,0.024189973
8.894062500,0.024516940
8.894125000,0.024772050
8.894187500,0.024955152
8.894250000,0.025037091
8.894312500,0.024952875
8.894375000,0.024673950
8.894437500,0.024170429
8.894500000,0.023436978
8.894562500,0.022483297
8.894625000,0.021392185
8.894687500,0.020258142
8.894750000,0.019201379
8.894812500,0.018333355
8.894875000,0.017782798
8.894937500,0.017587226
8.895000000,0.017695390
8.895062500,0.017959896
8.895125000,0.018233776
8.895187500,0.018361276
8.895250000,0.018260136
8.895312500,0.017936360
8.895375000,0.017519996
8.895437500,0.017132906
8.895500000,0.016848268
8.895562500,0.016639324
8.895625000,0.016432500
8.895687500,0.016093295
8.895750000,0.015530528
8.895812500,0.014748839
8.895875000,0.013894194
8.895937500,0.013136475
8.896000000,0.012612671
8.896062500,0.012352151
8.896125000,0.012296588
8.896187500,0.012280358
8.896250000,0.012142048
8.896312500,0.011803719
8.896375000,0.011337712
8.896437500,0.010872263
8.896500000,0.010541934
8.896562500,0.010407437
8.896625000,0.010434438
8.896687500,0.010452211
8.896750000,0.010259560
8.896812500,0.009724895
8.896875000,0.008870712
8.896937500,0.007820423
8.897000000,0.006776957
8.897062500,0.005948607
8.897125000,0.005478073
8.897187500,0.005355294
8.897250000,0.005459215
8.897312500,0.005628957
8.897375000,0.005715856
8.897437500,0.005608065
8.897500000,0.005270967
8.897562500,0.004757856
8.897625000,0.004145809
8.897687500,0.003490871
8.897750000,0.002823732
8.897812500,0.002171497
8.897875000,0.001529269
8.897937500,0.000871585
8.898000000,0.000188249
8.898062500,-0.000478845
8.898125000,-0.001075466
8.898187500,-0.001554451
8.898250000,-0.001882488
8.898312500,-0.002034497
8.898375000,-0.002055528
8.898437500,-0.002053713
8.898500000,-0.002164861
8.898562500,-0.002484740
8.898625000,-0.003092852
8.898687500,-0.004008506
8.898750000,-0.005176842
8.898812500,-0.006451841
8.898875000,-0.007697044
8.898937500,-0.008800006
8.899000000,-0.009694814
8.899062500,-0.010340008
8.899125000,-0.010787590
8.899187500,-0.011133113
8.899250000,-0.011483178
8.899312500,-0.011898206
8.899375000,-0.012426559
8.899437500,-0.013079984
8.899500000,-0.013836288
8.899562500,-0.014633691
8.899625000,-0.015443902
8.899687500,-0.016266914
8.899750000,-0.017130643
8.899812500,-0.018055972
8.899875000,-0.019069932
8.899937500,-0.020162618
8.900000000,-0.021272115
8.900062500,-0.022275407
8.900125000,-0.023052290
8.900187500,-0.023511546
8.900250000,-0.023625227
8.900312500,-0.023429930
8.900375000,-0.023059221
8.900437500,-0.022690147
8.900500000,-0.022495734
8.900562500,-0.022575339
8.900625000,-0.022968706
8.900687500,-0.023614569
8.900750000,-0.024378221
8.900812500,-0.025081316
8.900875000,-0.025608081
8.900937500,-0.025918275
8.901000000,-0.026072461
8.901062500,-0.026187403
8.901125000,-0.026431324
8.901187500,-0.026903011
8.901250000,-0.027578451
8.901312500,-0.028271656
8.901375000,-0.028753381
8.901437500,-0.028786039
8.901500000,-0.028237322
8.901562500,-0.027111188
8.901625000,-0.025628708
8.901687500,-0.024070503
8.901750000,-0.022683984
8.901812500,-0.021560302
8.901875000,-0.020689439
8.901937500,-0.019925820
8.902000000,-0.019107254
8.902062500,-0.018122489
8.902125000,-0.017042341
8.902187500,-0.016003909
8.902250000,-0.015154029
8.902312500,-0.014538047
8.902375000,-0.014155365
8.902437500,-0.013895936
8.902500000,-0.013648040
8.902562500,-0.013347993
8.902625000,-0.013096969
8.902687500,-0.013012998
8.902750000,-0.013177417
8.902812500,-0.013530859
8.902875000,-0.013960581
8.902937500,-0.014247351
8.903000000,-0.014212786
8.903062500,-0.013792097
8.903125000,-0.013165724
8.903187500,-0.012592850
8.903250000,-0.012330297
8.903312500,-0.012485911
8.903375000,-0.013071426
8.903437500,-0.013911082
8.903500000,-0.014777532
8.903562500,-0.015470780
8.903625000,-0.016001189
8.903687500,-0.016451046
8.903750000,-0.016942395
8.903812500,-0.017512064
8.903875000,-0.018168705
8.903937500,-0.018764885
8.904000000,-0.019107254
8.904062500,-0.019019278
8.904125000,-0.018532366
8.904187500,-0.017769173
8.904250000,-0.016942395
8.904312500,-0.016238714
8.904375000,-0.015845405
8.904437500,-0.015775826
8.904500000,-0.015907025
8.904562500,-0.016002990
8.904625000,-0.015901893
8.904687500,-0.015489304
8.904750000,-0.014777532
8.904812500,-0.013870946
8.904875000,-0.013019196
8.904937500,-0.012434009
8.905000000,-0.012236172
8.905062500,-0.012377216
8.905125000,-0.012753580
8.905187500,-0.013171572
8.905250000,-0.013459790
8.905312500,-0.013506856
8.905375000,-0.013394108
8.905437500,-0.013263982
8.905500000,-0.013271542
8.905562500,-0.013469084
8.905625000,-0.013884600
8.905687500,-0.014426389
8.905750000,-0.014965781
8.905812500,-0.015363451
8.905875000,-0.015616690
8.905937500,-0.015752623
8.906000000,-0.015812902
8.906062500,-0.015771121
8.906125000,-0.015643591
8.906187500,-0.015403813
8.906250000,-0.015059905
8.906312500,-0.014647709
8.906375000,-0.014353053
8.906437500,-0.014335711
8.906500000,-0.014683408
8.906562500,-0.015313935
8.906625000,-0.016097458
8.906687500,-0.016800525
8.906750000,-0.017224766
8.906812500,-0.017266033
8.906875000,-0.017061660
8.906937500,-0.016839758
8.907000000,-0.016848268
8.907062500,-0.017212173
8.907125000,-0.017959140
8.907187500,-0.018925948
8.907250000,-0.019860249
8.907312500,-0.020505745
8.907375000,-0.020777997
8.907437500,-0.020723395
8.907500000,-0.020519121
8.907562500,-0.020379085
8.907625000,-0.020520069
8.907687500,-0.021024890
8.907750000,-0.021836862
8.907812500,-0.022773035
8.907875000,-0.023637399
8.907937500,-0.024238322
8.908000000,-0.024472345
8.908062500,-0.024345828
8.908125000,-0.024004906
8.908187500,-0.023638962
8.908250000,-0.023436978
8.908312500,-0.023518074
8.908375000,-0.023930617
8.908437500,-0.024588428
8.908500000,-0.025319466
8.908562500,-0.025917437
8.908625000,-0.026227722
8.908687500,-0.026152452
8.908750000,-0.025695963
8.908812500,-0.024964197
8.908875000,-0.024118621
8.908937500,-0.023298124
8.909000000,-0.022589857
8.909062500,-0.022028532
8.909125000,-0.021564245
8.909187500,-0.021093976
8.909250000,-0.020519121
8.909312500,-0.019812990
8.909375000,-0.018976759
8.909437500,-0.018037209
8.909500000,-0.017036518
8.909562500,-0.016044382
8.909625000,-0.015072728
8.909687500,-0.014096413
8.909750000,-0.013083293
8.909812500,-0.012049034
8.909875000,-0.011007515
8.909937500,-0.009968938
8.910000000,-0.008941819
8.910062500,-0.007952086
8.910125000,-0.006993813
8.910187500,-0.006039705
8.910250000,-0.005082718
8.910312500,-0.004183158
8.910375000,-0.003415117
8.910437500,-0.002831533
8.910500000,-0.002447235
8.910562500,-0.002239839
8.910625000,-0.002109765
8.910687500,-0.001888468
8.910750000,-0.001411866
8.910812500,-0.000596762
8.910875000,0.000567587
8.910937500,0.002045781
8.911000000,0.003764976
8.911062500,0.005631433
8.911125000,0.007581192
8.911187500,0.009617445
8.911250000,0.011765551
8.911312500,0.014022081
8.911375000,0.016346965
8.911437500,0.018693166
8.911500000,0.020989744
8.911562500,0.023139773
8.911625000,0.025069674
8.911687500,0.026764106
8.911750000,0.028237322
8.911812500,0.029487200
8.911875000,0.030509805
8.911937500,0.031296592
8.912000000,0.031814050
8.912062500,0.031992495
8.912125000,0.031798031
8.912187500,0.031264976
8.912250000,0.030496309
8.912312500,0.029626707
8.912375000,0.028833780
8.912437500,0.028279047
8.912500000,0.028049074
8.912562500,0.028100643
8.912625000,0.028326541
8.912687500,0.028575782
8.912750000,0.028707944
8.912812500,0.028614305
8.912875000,0.028305370
8.912937500,0.027861347
8.913000000,0.027390203
8.913062500,0.026948847
8.913125000,0.026574519
8.913187500,0.026240302
8.913250000,0.025884213
8.913312500,0.025423273
8.913375000,0.024846844
8.913437500,0.024190933
8.913500000,0.023531102
8.913562500,0.022931712
8.913625000,0.022476157
8.913687500,0.022203438
8.913750000,0.022119237
8.913812500,0.022179922
8.913875000,0.022389157
8.913937500,0.022724196
8.914000000,0.023154603
8.914062500,0.023602482
8.914125000,0.024047526
8.914187500,0.024421586
8.914250000,0.024660595
8.914312500,0.024689566
8.914375000,0.024552722
8.914437500,0.024277303
8.914500000,0.023907598
8.914562500,0.023457814
8.914625000,0.023031328
8.914687500,0.022669377
8.914750000,0.022401609
8.914812500,0.022211842
8.914875000,0.022164030
8.914937500,0.022244330
8.915000000,0.022401609
8.915062500,0.022517987
8.915125000,0.022559078
8.915187500,0.022463374
8.915250000,0.022213360
8.915312500,0.021804037
8.915375000,0.021363005
8.915437500,0.020960361
8.915500000,0.020613244
8.915562500,0.020223143
8.915625000,0.019742772
8.915687500,0.019072117
8.915750000,0.018166009
8.915812500,0.017030058
8.915875000,0.015880579
8.915937500,0.014939421
8.916000000,0.014401034
8.916062500,0.014305357
8.916125000,0.014669306
8.916187500,0.015339874
8.916250000,0.016095273
8.916312500,0.016666286
8.916375000,0.016970495
8.916437500,0.016980728
8.916500000,0.016754145
8.916562500,0.016331993
8.916625000,0.015883761
8.916687500,0.015504261
8.916750000,0.015248154
8.916812500,0.015072702
8.916875000,0.015044210
8.916937500,0.015167867
8.917000000,0.015436403
8.917062500,0.015761755
8.917125000,0.016167238
8.917187500,0.016609751
8.917250000,0.017036518
8.917312500,0.017338859
8.917375000,0.017563455
8.917437500,0.017750818
8.917500000,0.017977761
8.917562500,0.018273368
8.917625000,0.018779296
8.917687500,0.019538745
8.917750000,0.020519121
8.917812500,0.021559764
8.917875000,0.022584807
8.917937500,0.023499256
8.918000000,0.024284096
8.918062500,0.024963809
8.918125000,0.025726728
8.918187500,0.026708940
8.918250000,0.027954949
8.918312500,0.029334547
8.918375000,0.030693743
8.918437500,0.031816706
8.918500000,0.032567047
8.918562500,0.032929983
8.918625000,0.033119351
8.918687500,0.033397648
8.918750000,0.033978913
8.918812500,0.034890991
8.918875000,0.036047019
8.918937500,0.037205525
8.919000000,0.038120385
8.919062500,0.038629111
8.919125000,0.038804363
8.919187500,0.038819067
8.919250000,0.038873378
8.919312500,0.039059002
8.919375000,0.039393432
8.919437500,0.039756086
8.919500000,0.040002871
8.919562500,0.040035177
8.919625000,0.039936174
8.919687500,0.039848238
8.919750000,0.039908748
8.919812500,0.040125862
8.919875000,0.040425021
8.919937500,0.040588003
8.920000000,0.040379371
8.920062500,0.039629016
8.920125000,0.038392488
8.920187500,0.036839291
8.920250000,0.035202529
8.920312500,0.033643082
8.920375000,0.032284051
8.920437500,0.031086056
8.920500000,0.029931562
8.920562500,0.028663566
8.920625000,0.027288977
8.920687500,0.025857326
8.920750000,0.024472345
8.920812500,0.023187006
8.920875000,0.022121446
8.920937500,0.021279540
8.921000000,0.020613244
8.921062500,0.019999256
8.921125000,0.019458864
8.921187500,0.018975871
8.921250000,0.018542508
8.921312500,0.018080732
8.921375000,0.017640125
8.921437500,0.017201383
8.921500000,0.016754145
8.921562500,0.016247027
8.921625000,0.015805567
8.921687500,0.015492107
8.921750000,0.015342278
8.921812500,0.015277884
8.921875000,0.015322590
8.921937500,0.015400376
8.922000000,0.015436403
8.922062500,0.015322500
8.922125000,0.015152619
8.922187500,0.014982933
8.922250000,0.014871657
8.922312500,0.014787122
8.922375000,0.014814659
8.922437500,0.014942285
8.922500000,0.015154029
8.922562500,0.015392311
8.922625000,0.015785048
8.922687500,0.016407412
8.922750000,0.017318891
8.922812500,0.018473640
8.922875000,0.019898675
8.922937500,0.021500615
8.923000000,0.023154603
8.923062500,0.024693245
8.923125000,0.026104815
8.923187500,0.027373217
8.923250000,0.028519696
8.923312500,0.029535653
8.923375000,0.030515667
8.923437500,0.031491917
8.923500000,0.032472920
8.923562500,0.033403583
8.923625000,0.034303844
8.923687500,0.035139285
8.923750000,0.035861399
8.923812500,0.036376916
8.923875000,0.036687497
8.923937500,0.036787089
8.924000000,0.036708519
8.924062500,0.036485955
8.924125000,0.036258057
8.924187500,0.036124405
8.924250000,0.036143772
8.924312500,0.036276881
8.924375000,0.036496747
8.924437500,0.036705874
8.924500000,0.036802646
8.924562500,0.036685281
8.924625000,0.036389839
8.924687500,0.035985693
8.924750000,0.035579026
8.924812500,0.035236519
8.924875000,0.035042837
8.924937500,0.034972940
8.925000000,0.034920152
8.925062500,0.034699816
8.925125000,0.034201365
8.925187500,0.033353541
8.925250000,0.032190546
8.925312500,0.030824782
8.925375000,0.029502610
8.925437500,0.028437480
8.925500000,0.027766701
8.925562500,0.027472835
8.925625000,0.027481964
8.925687500,0.027590893
8.925750000,0.027578451
8.925812500,0.027256770
8.925875000,0.026628504
8.925937500,0.025771765
8.926000000,0.024848843
8.926062500,0.024016328
8.926125000,0.023464119
8.926187500,0.023232048
8.926250000,0.023248728
8.926312500,0.023342671
8.926375000,0.023398574
8.926437500,0.023287773
8.926500000,0.022966355
8.926562500,0.022469630
8.926625000,0.021975758
8.926687500,0.021614961
8.926750000,0.021460366
8.926812500,0.021476282
8.926875000,0.021612417
8.926937500,0.021716757
8.927000000,0.021648614
8.927062500,0.021319091
8.927125000,0.020795567
8.927187500,0.020154081
8.927250000,0.019483753
8.927312500,0.018831819
8.927375000,0.018259142
8.927437500,0.017735539
8.927500000,0.017224766
8.927562500,0.016708661
8.927625000,0.016268237
8.927687500,0.015939724
8.927750000,0.015718777
8.927812500,0.015524923
8.927875000,0.015275280
8.927937500,0.014832453
8.928000000,0.014118661
8.928062500,0.013162005
8.928125000,0.012146541
8.928187500,0.011260096
8.928250000,0.010636058
8.928312500,0.010270911
8.928375000,0.010057047
8.928437500,0.009753444
8.928500000,0.009130068
8.928562500,0.008069943
8.928625000,0.006673457
8.928687500,0.005150880
8.928750000,0.003764976
8.928812500,0.002717030
8.928875000,0.002115913
8.928937500,0.001892554
8.929000000,0.001882488
8.929062500,0.001901360
8.929125000,0.001856168
8.929187500,0.001693749
8.929250000,0.001411866
8.929312500,0.001017166
8.929375000,0.000542384
8.929437500,-0.000019346
8.929500000,-0.000658871
8.929562500,-0.001329735
8.929625000,-0.001907989
8.929687500,-0.002296309
8.929750000,-0.002447235
8.929812500,-0.002399804
8.929875000,-0.002251900
8.929937500,-0.002163753
8.930000000,-0.002258986
8.930062500,-0.002558696
8.930125000,-0.002964574
8.930187500,-0.003341994
8.930250000,-0.003576728
8.930312500,-0.003629457
8.930375000,-0.003558057
8.930437500,-0.003500366
8.930500000,-0.003576728
8.930562500,-0.003805711
8.930625000,-0.004090254
8.930687500,-0.004279236
8.930750000,-0.004235599
8.930812500,-0.003904040
8.930875000,-0.003357493
8.930937500,-0.002775659
8.931000000,-0.002353110
8.931062500,-0.002201110
8.931125000,-0.002309367
8.931187500,-0.002568248
8.931250000,-0.002823732
8.931312500,-0.002947384
8.931375000,-0.002899953
8.931437500,-0.002732542
8.931500000,-0.002541359
8.931562500,-0.002403454
8.931625000,-0.002346433
8.931687500,-0.002344630
8.931750000,-0.002353110
8.931812500,-0.002349139
8.931875000,-0.002368937
8.931937500,-0.002496365
8.932000000,-0.002823732
8.932062500,-0.003401853
8.932125000,-0.004216670
8.932187500,-0.005189194
8.932250000,-0.006212211
8.932312500,-0.007191854
8.932375000,-0.008090279
8.932437500,-0.008914425
8.932500000,-0.009694814
8.932562500,-0.010453696
8.932625000,-0.011171168
8.932687500,-0.011788551
8.932750000,-0.012236172
8.932812500,-0.012473779
8.932875000,-0.012503601
8.932937500,-0.012370369
8.933000000,-0.012142048
8.933062500,-0.011884182
8.933125000,-0.011630895
8.933187500,-0.011379464
8.933250000,-0.011106680
8.933312500,-0.010790726
8.933375000,-0.010415567
8.933437500,-0.009963688
8.933500000,-0.009412440
8.933562500,-0.008740230
8.933625000,-0.007929640
8.933687500,-0.006998739
8.933750000,-0.006023962
8.933812500,-0.005142664
8.933875000,-0.004496053
8.933937500,-0.004170261
8.934000000,-0.004141474
8.934062500,-0.004270778
8.934125000,-0.004335523
8.934187500,-0.004131829
8.934250000,-0.003576728
8.934312500,-0.002767958
8.934375000,-0.001941695
8.934437500,-0.001369834
8.934500000,-0.001223617
8.934562500,-0.001476106
8.934625000,-0.001889082
8.934687500,-0.002101760
8.934750000,-0.001788364
8.934812500,-0.000801049
8.934875000,0.000742624
8.934937500,0.002523557
8.935000000,0.004141474
8.935062500,0.005281317
8.935125000,0.005789516
8.935187500,0.005742239
8.935250000,0.005365091
8.935312500,0.004936187
8.935375000,0.004614911
8.935437500,0.004459326
8.935500000,0.004423847
8.935562500,0.004446496
8.935625000,0.004434615
8.935687500,0.004379727
8.935750000,0.004329723
8.935812500,0.004382689
8.935875000,0.004551700
8.935937500,0.004830170
8.936000000,0.005176842
8.936062500,0.005572554
8.936125000,0.005944065
8.936187500,0.006257971
8.936250000,0.006494584
8.936312500,0.006671556
8.936375000,0.006742579
8.936437500,0.006684225
8.936500000,0.006494584
8.936562500,0.006236465
8.936625000,0.005931972
8.936687500,0.005611070
8.936750000,0.005270967
8.936812500,0.004898751
8.936875000,0.004402453
8.936937500,0.003715261
8.937000000,0.002823732
8.937062500,0.001812122
8.937125000,0.000781356
8.937187500,-0.000155546
8.937250000,-0.000941244
8.937312500,-0.001593656
8.937375000,-0.002244202
8.937437500,-0.003052600
8.937500000,-0.004141474
8.937562500,-0.005532028
8.937625000,-0.007136667
8.937687500,-0.008797542
8.937750000,-0.010353684
8.937812500,-0.011710424
8.937875000,-0.012866618
8.937937500,-0.013912630
8.938000000,-0.014965781
8.938062500,-0.016110133
8.938125000,-0.017325485
8.938187500,-0.018521369
8.938250000,-0.019577878
8.938312500,-0.020426383
8.938375000,-0.021038057
8.938437500,-0.021473246
8.938500000,-0.021836862
8.938562500,-0.022255072
8.938625000,-0.022749290
8.938687500,-0.023291955
8.938750000,-0.023813475
8.938812500,-0.024274530
8.938875000,-0.024591722
8.938937500,-0.024727292
8.939000000,-0.024660595
8.939062500,-0.024413962
8.939125000,-0.023934232
8.939187500,-0.023197474
8.939250000,-0.022213360
8.939312500,-0.021084448
8.939375000,-0.019867240
8.939437500,-0.018633798
8.939500000,-0.017413015
8.939562500,-0.016218968
8.939625000,-0.014936198
8.939687500,-0.013464663
8.939750000,-0.011765551
8.939812500,-0.009952019
8.939875000,-0.008147260
8.939937500,-0.006516608
8.940000000,-0.005176842
8.940062500,-0.004188437
8.940125000,-0.003408078
8.940187500,-0.002617669
8.940250000,-0.001600115
8.940312500,-0.000273921
8.940375000,0.001380538
8.940437500,0.003274608
8.940500000,0.005270967
8.940562500,0.007206360
8.940625000,0.009048399
8.940687500,0.010851542
8.940750000,0.012706795
8.940812500,0.014633811
8.940875000,0.016619587
8.940937500,0.018589092
8.941000000,0.020424996
8.941062500,0.021983599
8.941125000,0.023211055
8.941187500,0.024157848
8.941250000,0.024942968
8.941312500,0.025676580
8.941375000,0.026461655
8.941437500,0.027372781
8.941500000,0.028425572
8.941562500,0.029560346
8.941625000,0.030696193
8.941687500,0.031775706
8.941750000,0.032755297
8.941812500,0.033589035
8.941875000,0.034266926
8.941937500,0.034839455
8.942000000,0.035390779
8.942062500,0.035992935
8.942125000,0.036715053
8.942187500,0.037593201
8.942250000,0.038591005
8.942312500,0.039571147
8.942375000,0.040387649
8.942437500,0.040922761
8.942500000,0.041132364
8.942562500,0.041038401
8.942625000,0.040786214
8.942687500,0.040551674
8.942750000,0.040473495
8.942812500,0.040564656
8.942875000,0.040771697
8.942937500,0.040952612
8.943000000,0.040944118
8.943062500,0.040594365
8.943125000,0.039898735
8.943187500,0.038933571
8.943250000,0.037838012
8.943312500,0.036721583
8.943375000,0.035715487
8.943437500,0.034847759
8.943500000,0.034073036
8.943562500,0.033267610
8.943625000,0.032390226
8.943687500,0.031399883
8.943750000,0.030308058
8.943812500,0.029134249
8.943875000,0.028008558
8.943937500,0.027006390
8.944000000,0.026166586
8.944062500,0.025447212
8.944125000,0.024869315
8.944187500,0.024395755
8.944250000,0.024001725
8.944312500,0.023647763
8.944375000,0.023427539
8.944437500,0.023383295
8.944500000,0.023531102
8.944562500,0.023797046
8.944625000,0.024172010
8.944687500,0.024556169
8.944750000,0.024848843
8.944812500,0.024939591
8.944875000,0.024882734
8.944937500,0.024710944
8.945000000,0.024472345
8.945062500,0.024165964
8.945125000,0.023879061
8.945187500,0.023608843
8.945250000,0.023342853
8.945312500,0.023044592
8.945375000,0.022796765
8.945437500,0.022616755
8.945500000,0.022495734
8.945562500,0.022354897
8.945625000,0.022190973
8.945687500,0.021935692
8.945750000,0.021554491
8.945812500,0.021042457
8.945875000,0.020545280
8.945937500,0.020162879
8.946000000,0.019954374
8.946062500,0.019875016
8.946125000,0.019894684
8.946187500,0.019891929
8.946250000,0.019766126
8.946312500,0.019465689
8.946375000,0.019115416
8.946437500,0.018855583
8.946500000,0.018824881
8.946562500,0.019068465
8.946625000,0.019604169
8.946687500,0.020305924
8.946750000,0.020989744
8.946812500,0.021457782
8.946875000,0.021642705
8.946937500,0.021528928
8.947000000,0.021177992
8.947062500,0.020667650
8.947125000,0.020132057
8.947187500,0.019617971
8.947250000,0.019107254
8.947312500,0.018514043
8.947375000,0.017802116
8.947437500,0.016927470
8.947500000,0.015907025
8.947562500,0.014810462
8.947625000,0.013799212
8.947687500,0.012986453
8.947750000,0.012424421
8.947812500,0.012074969
8.947875000,0.011874253
8.947937500,0.011704143
8.948000000,0.011483178
8.948062500,0.011201332
8.948125000,0.010952164
8.948187500,0.010815459
8.948250000,0.010824307
8.948312500,0.010932684
8.948375000,0.011043791
8.948437500,0.011026193
8.948500000,0.010824307
8.948562500,0.010524267
8.948625000,0.010320478
8.948687500,0.010395200
8.948750000,0.010824307
8.948812500,0.011523964
8.948875000,0.012234687
8.948937500,0.012615938
8.949000000,0.012424421
8.949062500,0.011667205
8.949125000,0.010581252
8.949187500,0.009529887
8.949250000,0.008847695
8.949312500,0.008708789
8.949375000,0.009012375
8.949437500,0.009434071
8.949500000,0.009600690
8.949562500,0.009291711
8.949625000,0.008487790
8.949687500,0.007348197
8.949750000,0.006118086
8.949812500,0.005022435
8.949875000,0.004121379
8.949937500,0.003315369
8.950000000,0.002447235
8.950062500,0.001446661
8.950125000,0.000339416
8.950187500,-0.000755084
8.950250000,-0.001694239
8.950312500,-0.002378025
8.950375000,-0.002876018
8.950437500,-0.003386024
8.950500000,-0.004141474
8.950562500,-0.005272560
8.950625000,-0.006801279
8.950687500,-0.008618565
8.950750000,-0.010541934
8.950812500,-0.012374130
8.950875000,-0.014029852
8.950937500,-0.015527387
8.951000000,-0.016942395
8.951062500,-0.018319536
8.951125000,-0.019670958
8.951187500,-0.020958690
8.951250000,-0.022119237
8.951312500,-0.023092881
8.951375000,-0.023877520
8.951437500,-0.024531072
8.951500000,-0.025131216
8.951562500,-0.025729027
8.951625000,-0.026323330
8.951687500,-0.026889224
8.951750000,-0.027390203
8.951812500,-0.027804337
8.951875000,-0.028128246
8.951937500,-0.028390044
8.952000000,-0.028613821
8.952062500,-0.028797839
8.952125000,-0.028897373
8.952187500,-0.028872553
8.952250000,-0.028707944
8.952312500,-0.028437883
8.952375000,-0.028130338
8.952437500,-0.027881775
8.952500000,-0.027766701
8.952562500,-0.027807500
8.952625000,-0.027940301
8.952687500,-0.028057581
8.952750000,-0.028049074
8.952812500,-0.027860893
8.952875000,-0.027487878
8.952937500,-0.026988015
8.953000000,-0.026448958
8.953062500,-0.025960121
8.953125000,-0.025539273
8.953187500,-0.025138287
8.953250000,-0.024660595
8.953312500,-0.024012534
8.953375000,-0.023117263
8.953437500,-0.021942664
8.953500000,-0.020519121
8.953562500,-0.018938042
8.953625000,-0.017306611
8.953687500,-0.015691957
8.953750000,-0.014118661
8.953812500,-0.012581666
8.953875000,-0.011065370
8.953937500,-0.009536646
8.954000000,-0.008000575
8.954062500,-0.006526935
8.954125000,-0.005233518
8.954187500,-0.004205283
8.954250000,-0.003482603
8.954312500,-0.003048653
8.954375000,-0.002832022
8.954437500,-0.002682120
8.954500000,-0.002447235
8.954562500,-0.002032230
8.954625000,-0.001427325
8.954687500,-0.000643526
8.954750000,0.000282373
8.954812500,0.001306495
8.954875000,0.002395263
8.954937500,0.003579088
8.955000000,0.004894469
8.955062500,0.006335404
8.955125000,0.007830936
8.955187500,0.009298492
8.955250000,0.010636058
8.955312500,0.011742216
8.955375000,0.012550075
8.955437500,0.013092841
8.955500000,0.013459790
8.955562500,0.013744561
8.955625000,0.014015497
8.955687500,0.014327974
8.955750000,0.014683408
8.955812500,0.015021220
8.955875000,0.015257535
8.955937500,0.015359167
8.956000000,0.015342278
8.956062500,0.015255062
8.956125000,0.015187116
8.956187500,0.015253162
8.956250000,0.015530528
8.956312500,0.016000543
8.956375000,0.016591171
8.956437500,0.017194085
8.956500000,0.017695390
8.956562500,0.017987126
8.956625000,0.018057175
8.956687500,0.017960057
8.956750000,0.017789513
8.956812500,0.017605029
8.956875000,0.017491136
8.956937500,0.017488433
8.957000000,0.017601265
8.957062500,0.017772190
8.957125000,0.017986201
8.957187500,0.018219763
8.957250000,0.018448384
8.957312500,0.018606633
8.957375000,0.018696375
8.957437500,0.018726300
8.957500000,0.018730756
8.957562500,0.018727800
8.957625000,0.018806987
8.957687500,0.019023653
8.957750000,0.019389628
8.957812500,0.019820269
8.957875000,0.020252608
8.957937500,0.020578068
8.958000000,0.020707369
8.958062500,0.020571956
8.958125000,0.020258427
8.958187500,0.019900678
8.958250000,0.019672001
8.958312500,0.019692881
8.958375000,0.020082926
8.958437500,0.020815561
8.958500000,0.021742739
8.958562500,0.022603499
8.958625000,0.023212893
8.958687500,0.023448898
8.958750000,0.023342853
8.958812500,0.023049295
8.958875000,0.022881184
8.958937500,0.023096599
8.959000000,0.023813475
8.959062500,0.024916694
8.959125000,0.026191156
8.959187500,0.027319197
8.959250000,0.028049074
8.959312500,0.028267305
8.959375000,0.028136920
8.959437500,0.027916396
8.959500000,0.027860826
8.959562500,0.028059574
8.959625000,0.028492654
8.959687500,0.028951483
8.959750000,0.029178567
8.959812500,0.028958125
8.959875000,0.028314728
8.959937500,0.027399847
8.960000000,0.026448958
8.960062500,0.025639193
8.960125000,0.025109714
8.960187500,0.024827268
8.960250000,0.024660595
8.960312500,0.024430793
8.960375000,0.024088154
8.960437500,0.023638004
8.960500000,0.023154603
8.960562500,0.022702552
8.960625000,0.022376707
8.960687500,0.022171829
8.960750000,0.022025112
8.960812500,0.021828262
8.960875000,0.021551998
8.960937500,0.021173272
8.961000000,0.020707369
8.961062500,0.020170119
8.961125000,0.019648276
8.961187500,0.019187607
8.961250000,0.018824881
8.961312500,0.018565690
8.961375000,0.018476328
8.961437500,0.018568214
8.961500000,0.018824881
8.961562500,0.019178569
8.961625000,0.019604083
8.961687500,0.020035749
8.961750000,0.020424996
8.961812500,0.020730738
8.961875000,0.021004306
8.961937500,0.021253387
8.962000000,0.021460366
8.962062500,0.021553766
8.962125000,0.021508064
8.962187500,0.021263320
8.962250000,0.020801496
8.962312500,0.020148639
8.962375000,0.019445414
8.962437500,0.018795855
8.962500000,0.018260136
8.962562500,0.017809320
8.962625000,0.017401539
8.962687500,0.016922906
8.962750000,0.016283523
8.962812500,0.015453400
8.962875000,0.014536444
8.962937500,0.013648484
8.963000000,0.012895043
8.963062500,0.012312928
8.963125000,0.011906651
8.963187500,0.011594626
8.963250000,0.011294928
8.963312500,0.010970288
8.963375000,0.010689613
8.963437500,0.010528371
8.963500000,0.010541934
8.963562500,0.010708412
8.963625000,0.010952258
8.963687500,0.011107514
8.963750000,0.011012556
8.963812500,0.010577626
8.963875000,0.009862708
8.963937500,0.009005260
8.964000000,0.008188824
8.964062500,0.007563052
8.964125000,0.007223270
8.964187500,0.007128667
8.964250000,0.007153455
8.964312500,0.007133685
8.964375000,0.006978536
8.964437500,0.006634126
8.964500000,0.006118086
8.964562500,0.005485297
8.964625000,0.004856720
8.964687500,0.004303412
8.964750000,0.003859101
8.964812500,0.003504513
8.964875000,0.003243114
8.964937500,0.003031609
8.965000000,0.002823732
8.965062500,0.002566044
8.965125000,0.002265458
8.965187500,0.001912480
8.965250000,0.001505991
8.965312500,0.001037323
8.965375000,0.000543391
8.965437500,0.000036480
8.965500000,-0.000470622
8.965562500,-0.000973975
8.965625000,-0.001426734
8.965687500,-0.001800225
8.965750000,-0.002070737
8.965812500,-0.002240106
8.965875000,-0.002293534
8.965937500,-0.002255172
8.966000000,-0.002164861
8.966062500,-0.002080246
8.966125000,-0.002015147
8.966187500,-0.001983153
8.966250000,-0.001976613
8.966312500,-0.001982555
8.966375000,-0.001937609
8.966437500,-0.001792787
8.966500000,-0.001505991
8.966562500,-0.001063758
8.966625000,-0.000450620
8.966687500,0.000301737
8.966750000,0.001129493
8.966812500,0.001937513
8.966875000,0.002659655
8.966937500,0.003241843
8.967000000,0.003670852
8.967062500,0.003965115
8.967125000,0.004197986
8.967187500,0.004432948
8.967250000,0.004706220
8.967312500,0.005001526
8.967375000,0.005281141
8.967437500,0.005481751
8.967500000,0.005553340
8.967562500,0.005472521
8.967625000,0.005294160
8.967687500,0.005103026
8.967750000,0.004988594
8.967812500,0.004993620
8.967875000,0.005135668
8.967937500,0.005375845
8.968000000,0.005647464
8.968062500,0.005870411
8.968125000,0.006024260
8.968187500,0.006124282
8.968250000,0.006212211
8.968312500,0.006316083
8.968375000,0.006464303
8.968437500,0.006656588
8.968500000,0.006871082
8.968562500,0.007063209
8.968625000,0.007206166
8.968687500,0.007275542
8.968750000,0.007247579
8.968812500,0.007090201
8.968875000,0.006801409
8.968937500,0.006416964
8.969000000,0.006023962
8.969062500,0.005738155
8.969125000,0.005685352
8.969187500,0.005924906
8.969250000,0.006400459
8.969312500,0.006922890
8.969375000,0.007262554
8.969437500,0.007228431
8.969500000,0.006776957
8.969562500,0.006043570
8.969625000,0.005351222
8.969687500,0.005048008
8.969750000,0.005365091
8.969812500,0.006289316
8.969875000,0.007612019
8.969937500,0.008980875
8.970000000,0.010071312
8.970062500,0.010708543
8.970125000,0.010978993
8.970187500,0.011119499
8.970250000,0.011389053
8.970312500,0.011906597
8.970375000,0.012625781
8.970437500,0.013325848
8.970500000,0.013742164
8.970562500,0.013691769
8.970625000,0.013198126
8.970687500,0.012441040
8.970750000,0.011671427
8.970812500,0.011075004
8.970875000,0.010724738
8.970937500,0.010537252
8.971000000,0.010353684
8.971062500,0.010029790
8.971125000,0.009545859
8.971187500,0.008980515
8.971250000,0.008471197
8.971312500,0.008127704
8.971375000,0.008003962
8.971437500,0.008054879
8.971500000,0.008188824
8.971562500,0.008324836
8.971625000,0.008457837
8.971687500,0.008637568
8.971750000,0.008941819
8.971812500,0.009420762
8.971875000,0.010076047
8.971937500,0.010832580
8.972000000,0.011577302
8.972062500,0.012199871
8.972125000,0.012652854
8.972187500,0.012934678
8.972250000,0.013083293
8.972312500,0.013140273
8.972375000,0.013139184
8.972437500,0.013070089
8.972500000,0.012895043
8.972562500,0.012564925
8.972625000,0.012067846
8.972687500,0.011410590
8.972750000,0.010636058
8.972812500,0.009806762
8.972875000,0.009019947
8.972937500,0.008342729
8.973000000,0.007812326
8.973062500,0.007421619
8.973125000,0.007157441
8.973187500,0.006963230
8.973250000,0.006776957
8.973312500,0.006544434
8.973375000,0.006260235
8.973437500,0.005925243
8.973500000,0.005553340
8.973562500,0.005155678
8.973625000,0.004749531
8.973687500,0.004323513
8.973750000,0.003859101
8.973812500,0.003342564
8.973875000,0.002791090
8.973937500,0.002229093
8.974000000,0.001694239
8.974062500,0.001228194
8.974125000,0.000881139
8.974187500,0.000684364
8.974250000,0.000658871
8.974312500,0.000809210
8.974375000,0.001127153
8.974437500,0.001551661
8.974500000,0.001976613
8.974562500,0.002265326
8.974625000,0.002308934
8.974687500,0.002043397
8.974750000,0.001505991
8.974812500,0.000838632
8.974875000,0.000268936
8.974937500,-0.000010096
8.975000000,0.000094124
8.975062500,0.000525740
8.975125000,0.001118806
8.975187500,0.001634709
8.975250000,0.001882488
8.975312500,0.001799005
8.975375000,0.001483497
8.975437500,0.001110786
8.975500000,0.000847120
8.975562500,0.000762533
8.975625000,0.000805809
8.975687500,0.000823380
8.975750000,0.000658871
8.975812500,0.000245022
8.975875000,-0.000347588
8.975937500,-0.000958271
8.976000000,-0.001411866
8.976062500,-0.001607226
8.976125000,-0.001563766
8.976187500,-0.001413141
8.976250000,-0.001317742
8.976312500,-0.001379325
8.976375000,-0.001593758
8.976437500,-0.001866228
8.976500000,-0.002070737
8.976562500,-0.002120370
8.976625000,-0.002024718
8.976687500,-0.001875227
8.976750000,-0.001788364
8.976812500,-0.001831815
8.976875000,-0.001997852
8.976937500,-0.002205599
8.977000000,-0.002353110
8.977062500,-0.002375088
8.977125000,-0.002281998
8.977187500,-0.002149740
8.977250000,-0.002070737
8.977312500,-0.002096985
8.977375000,-0.002215119
8.977437500,-0.002357994
8.977500000,-0.002447235
8.977562500,-0.002438609
8.977625000,-0.002355012
8.977687500,-0.002268536
8.977750000,-0.002258986
8.977812500,-0.002365231
8.977875000,-0.002562811
8.977937500,-0.002776442
8.978000000,-0.002917857
8.978062500,-0.002930472
8.978125000,-0.002821966
8.978187500,-0.002660391
8.978250000,-0.002541359
8.978312500,-0.002546362
8.978375000,-0.002700418
8.978437500,-0.002972485
8.978500000,-0.003294354
8.978562500,-0.003600703
8.978625000,-0.003844609
8.978687500,-0.004017457
8.978750000,-0.004141474
8.978812500,-0.004257948
8.978875000,-0.004383325
8.978937500,-0.004510702
8.979000000,-0.004612096
8.979062500,-0.004661963
8.979125000,-0.004626081
8.979187500,-0.004484693
8.979250000,-0.004235599
8.979312500,-0.003906499
8.979375000,-0.003520428
8.979437500,-0.003113087
8.979500000,-0.002729608
8.979562500,-0.002433556
8.979625000,-0.002257432
8.979687500,-0.002208591
8.979750000,-0.002258986
8.979812500,-0.002368956
8.979875000,-0.002456876
8.979937500,-0.002458708
8.980000000,-0.002353110
8.980062500,-0.002191314
8.980125000,-0.002037575
8.980187500,-0.001958001
8.980250000,-0.001976613
8.980312500,-0.002070930
8.980375000,-0.002125753
8.980437500,-0.002003943
8.980500000,-0.001600115
8.980562500,-0.000908132
8.980625000,0.000015480
8.980687500,0.001050973
8.980750000,0.002070737
8.980812500,0.002969226
8.980875000,0.003738966
8.980937500,0.004424605
8.981000000,0.005082718
8.981062500,0.005717361
8.981125000,0.006314617
8.981187500,0.006833431
8.981250000,0.007247579
8.981312500,0.007561090
8.981375000,0.007847551
8.981437500,0.008196349
8.981500000,0.008659446
8.981562500,0.009200349
8.981625000,0.009733138
8.981687500,0.010161893
8.981750000,0.010447809
8.981812500,0.010642209
8.981875000,0.010891533
8.981937500,0.011361933
8.982000000,0.012142048
8.982062500,0.013164898
8.982125000,0.014234660
8.982187500,0.015091859
8.982250000,0.015530528
8.982312500,0.015492151
8.982375000,0.015109747
8.982437500,0.014650833
8.982500000,0.014401034
8.982562500,0.014538757
8.982625000,0.015060477
8.982687500,0.015792515
8.982750000,0.016471772
8.982812500,0.016866488
8.982875000,0.016868575
8.982937500,0.016543914
8.983000000,0.016095273
8.983062500,0.015774550
8.983125000,0.015762230
8.983187500,0.016098378
8.983250000,0.016660020
8.983312500,0.017214185
8.983375000,0.017502701
8.983437500,0.017353483
8.983500000,0.016754145
8.983562500,0.015867632
8.983625000,0.014940185
8.983687500,0.014197248
8.983750000,0.013742164
8.983812500,0.013521822
8.983875000,0.013330832
8.983937500,0.012922309
8.984000000,0.012142048
8.984062500,0.011034544
8.984125000,0.009814705
8.984187500,0.008782680
8.984250000,0.008188824
8.984312500,0.008125408
8.984375000,0.008449206
8.984437500,0.008839407
8.984500000,0.008941819
8.984562500,0.008536909
8.984625000,0.007599549
8.984687500,0.006294342
8.984750000,0.004894469
8.984812500,0.003673909
8.984875000,0.002765072
8.984937500,0.002125081
8.985000000,0.001600115
8.985062500,0.001051584
8.985125000,0.000390820
8.985187500,-0.000370089
8.985250000,-0.001129493
8.985312500,-0.001731865
8.985375000,-0.002097862
8.985437500,-0.002261463
8.985500000,-0.002353110
8.985562500,-0.002520552
8.985625000,-0.002926899
8.985687500,-0.003682022
8.985750000,-0.004800345
8.985812500,-0.006167657
8.985875000,-0.007640547
8.985937500,-0.009074653
8.986000000,-0.010353684
8.986062500,-0.011378853
8.986125000,-0.012146220
8.986187500,-0.012716926
8.986250000,-0.013177417
8.986312500,-0.013568080
8.986375000,-0.013938691
8.986437500,-0.014311975
8.986500000,-0.014683408
8.986562500,-0.014999815
8.986625000,-0.015257327
8.986687500,-0.015481187
8.986750000,-0.015718777
8.986812500,-0.015988275
8.986875000,-0.016349223
8.986937500,-0.016847085
8.987000000,-0.017507140
8.987062500,-0.018297633
8.987125000,-0.019214610
8.987187500,-0.020245504
8.987250000,-0.021366240
8.987312500,-0.022498632
8.987375000,-0.023601521
8.987437500,-0.024621719
8.987500000,-0.025507715
8.987562500,-0.026184514
8.987625000,-0.026660215
8.987687500,-0.026974065
8.987750000,-0.027201954
8.987812500,-0.027403919
8.987875000,-0.027689176
8.987937500,-0.028121425
8.988000000,-0.028707944
8.988062500,-0.029361077
8.988125000,-0.030008528
8.988187500,-0.030562090
8.988250000,-0.030966930
8.988312500,-0.031187665
8.988375000,-0.031301528
8.988437500,-0.031393737
8.988500000,-0.031531677
8.988562500,-0.031694751
8.988625000,-0.031872608
8.988687500,-0.031996448
8.988750000,-0.032002300
8.988812500,-0.031831916
8.988875000,-0.031552162
8.988937500,-0.031239279
8.989000000,-0.030966930
8.989062500,-0.030736560
8.989125000,-0.030566063
8.989187500,-0.030407969
8.989250000,-0.030213933
8.989312500,-0.029941058
8.989375000,-0.029661478
8.989437500,-0.029449025
8.989500000,-0.029366815
8.989562500,-0.029403226
8.989625000,-0.029535016
8.989687500,-0.029655902
8.989750000,-0.029649187
8.989812500,-0.029418658
8.989875000,-0.028988244
8.989937500,-0.028410118
8.990000000,-0.027766701
8.990062500,-0.027116215
8.990125000,-0.026539702
8.990187500,-0.026040707
8.990250000,-0.025601838
8.990312500,-0.025197845
8.990375000,-0.024878699
8.990437500,-0.024665164
8.990500000,-0.024566470
8.990562500,-0.024549000
8.990625000,-0.024597391
8.990687500,-0.024629572
8.990750000,-0.024566470
8.990812500,-0.024354894
8.990875000,-0.024039261
8.990937500,-0.023655463
8.991000000,-0.023248728
8.991062500,-0.022843167
8.991125000,-0.022481900
8.991187500,-0.022131674
8.991250000,-0.021742739
8.991312500,-0.021272229
8.991375000,-0.020747066
8.991437500,-0.020175662
8.991500000,-0.019577878
8.991562500,-0.018967692
8.991625000,-0.018369596
8.991687500,-0.017725466
8.991750000,-0.016942395
8.991812500,-0.015928175
8.991875000,-0.014652984
8.991937500,-0.013113633
8.992000000,-0.011389053
8.992062500,-0.009640437
8.992125000,-0.008076007
8.992187500,-0.006827037
8.992250000,-0.005929837
8.992312500,-0.005326034
8.992375000,-0.004889173
8.992437500,-0.004440228
8.992500000,-0.003859101
8.992562500,-0.003156591
8.992625000,-0.002445635
8.992687500,-0.001841979
8.992750000,-0.001411866
8.992812500,-0.001140962
8.992875000,-0.000906295
8.992937500,-0.000511859
8.993000000,0.000188249
8.993062500,0.001182744
8.993125000,0.002323058
8.993187500,0.003402598
8.993250000,0.004235599
8.993312500,0.004722541
8.993375000,0.004930054
8.993437500,0.005067827
8.993500000,0.005365091
8.993562500,0.005935505
8.993625000,0.006752701
8.993687500,0.007687419
8.993750000,0.008565322
8.993812500,0.009237093
8.993875000,0.009683853
8.993937500,0.010027987
8.994000000,0.010447809
8.994062500,0.011056297
8.994125000,0.011886786
8.994187500,0.012883890
8.994250000,0.013930413
8.994312500,0.014882544
8.994375000,0.015691079
8.994437500,0.016405473
8.994500000,0.017130643
8.994562500,0.017935613
8.994625000,0.018874779
8.994687500,0.019942934
8.994750000,0.021083867
8.994812500,0.022188267
8.994875000,0.023193406
8.994937500,0.024057021
8.995000000,0.024754720
8.995062500,0.025243945
8.995125000,0.025532965
8.995187500,0.025657205
8.995250000,0.025695963
8.995312500,0.025742698
8.995375000,0.025934434
8.995437500,0.026359858
8.995500000,0.027013704
8.995562500,0.027754832
8.995625000,0.028392227
8.995687500,0.028720507
8.995750000,0.028613821
8.995812500,0.028065987
8.995875000,0.027249156
8.995937500,0.026410611
8.996000000,0.025790086
8.996062500,0.025514476
8.996125000,0.025609231
8.996187500,0.025971655
8.996250000,0.026448958
8.996312500,0.026896687
8.996375000,0.027286069
8.996437500,0.027648710
8.996500000,0.028049074
8.996562500,0.028500983
8.996625000,0.029002570
8.996687500,0.029460257
8.996750000,0.029743314
8.996812500,0.029707164
8.996875000,0.029340753
8.996937500,0.028689245
8.997000000,0.027860826
8.997062500,0.026941845
8.997125000,0.026078312
8.997187500,0.025322756
8.997250000,0.024660595
8.997312500,0.023980308
8.997375000,0.023266265
8.997437500,0.022486024
8.997500000,0.021648614
8.997562500,0.020743275
8.997625000,0.019894259
8.997687500,0.019158106
8.997750000,0.018542508
8.997812500,0.017938219
8.997875000,0.017331751
8.997937500,0.016662167
8.998000000,0.015907025
8.998062500,0.015031529
8.998125000,0.014190893
8.998187500,0.013490847
8.998250000,0.012989169
8.998312500,0.012585248
8.998375000,0.012270054
8.998437500,0.011952336
8.998500000,0.011577302
8.998562500,0.011087679
8.998625000,0.010682289
8.998687500,0.010545434
8.998750000,0.010824307
8.998812500,0.011468516
8.998875000,0.012478150
8.998937500,0.013701479
8.999000000,0.014965781
8.999062500,0.016056200
8.999125000,0.017049871
8.999187500,0.018052723
8.999250000,0.019201379
8.999312500,0.020489927
8.999375000,0.022010326
8.999437500,0.023693593
8.999500000,0.025413590
8.999562500,0.026949245
8.999625000,0.028319692
8.999687500,0.029545689
8.999750000,0.030684557
8.999812500,0.031691540
8.999875000,0.032669015
8.999937500,0.033623647
9.000000000,0.034543656
9.000062500,0.035333965
9.000125000,0.036105983
9.000187500,0.036944602
9.000250000,0.037932139
9.000312500,0.039026417
9.000375000,0.040299010
9.000437500,0.041733805
9.000500000,0.043297227
9.000562500,0.044874966
9.000625000,0.046516448
9.000687500,0.048225984
9.000750000,0.049980059
9.000812500,0.051634967
9.000875000,0.053157084
9.000937500,0.054488577
9.001000000,0.055627525
9.001062500,0.056576353
9.001125000,0.057515930
9.001187500,0.058589447
9.001250000,0.059863124
9.001312500,0.061216492
9.001375000,0.062521078
9.001437500,0.063568115
9.001500000,0.064192846
9.001562500,0.064299636
9.001625000,0.064033568
9.001687500,0.063608341
9.001750000,0.063251607
9.001812500,0.063066848
9.001875000,0.063129485
9.001937500,0.063361391
9.002000000,0.063628100
9.002062500,0.063770875
9.002125000,0.063793078
9.002187500,0.063724354
9.002250000,0.063628100
9.002312500,0.063514248
9.002375000,0.063429505
9.002437500,0.063310020
9.002500000,0.063063353
9.002562500,0.062587708
9.002625000,0.061930425
9.002687500,0.061148148
9.002750000,0.060333744
9.002812500,0.059544541
9.002875000,0.058877997
9.002937500,0.058297172
9.003000000,0.057698261
9.003062500,0.056925513
9.003125000,0.055949699
9.003187500,0.054745417
9.003250000,0.053368539
9.003312500,0.051903844
9.003375000,0.050550148
9.003437500,0.049363717
9.003500000,0.048285823
9.003562500,0.047114976
9.003625000,0.045722093
9.003687500,0.043932550
9.003750000,0.041697115
9.003812500,0.039099917
9.003875000,0.036505293
9.003937500,0.034224197
9.004000000,0.032472920
9.004062500,0.031233205
9.004125000,0.030434493
9.004187500,0.029765334
9.004250000,0.028896192
9.004312500,0.027556319
9.004375000,0.025834925
9.004437500,0.023885965
9.004500000,0.021930987
9.004562500,0.020082977
9.004625000,0.018523511
9.004687500,0.017203838
9.004750000,0.016001150
9.004812500,0.014730503
9.004875000,0.013480954
9.004937500,0.012309828
9.005000000,0.011294928
9.005062500,0.010396127
9.005125000,0.009700082
9.005187500,0.009122947
9.005250000,0.008565322
9.005312500,0.007895493
9.005375000,0.007263985
9.005437500,0.006769475
9.005500000,0.006494584
9.005562500,0.006364812
9.005625000,0.006424727
9.005687500,0.006564253
9.005750000,0.006682833
9.005812500,0.006672441
9.005875000,0.006704350
9.005937500,0.006899264
9.006000000,0.007341704
9.006062500,0.007945945
9.006125000,0.008712927
9.006187500,0.009514390
9.006250000,0.010259560
9.006312500,0.010891000
9.006375000,0.011634578
9.006437500,0.012692366
9.006500000,0.014212786
9.006562500,0.016142374
9.006625000,0.018406618
9.006687500,0.020763237
9.006750000,0.022966355
9.006812500,0.024818979
9.006875000,0.026397955
9.006937500,0.027853070
9.007000000,0.029366815
9.007062500,0.031003190
9.007125000,0.032782502
9.007187500,0.034542456
9.007250000,0.036049645
9.007312500,0.037071060
9.007375000,0.037588146
9.007437500,0.037724953
9.007500000,0.037743889
9.007562500,0.037919704
9.007625000,0.038521782
9.007687500,0.039632026
9.007750000,0.041132364
9.007812500,0.042714957
9.007875000,0.044054441
9.007937500,0.044859324
9.008000000,0.044991467
9.008062500,0.044495050
9.008125000,0.043619346
9.008187500,0.042684413
9.008250000,0.041979488
9.008312500,0.041656516
9.008375000,0.041722197
9.008437500,0.042027757
9.008500000,0.042355984
9.008562500,0.042506911
9.008625000,0.042373806
9.008687500,0.041933522
9.008750000,0.041226488
9.008812500,0.040306035
9.008875000,0.039216492
9.008937500,0.037957035
9.009000000,0.036520272
9.009062500,0.034925707
9.009125000,0.033266809
9.009187500,0.031657543
9.009250000,0.030213933
9.009312500,0.029000487
9.009375000,0.028045001
9.009437500,0.027266577
9.009500000,0.026543085
9.009562500,0.025753694
9.009625000,0.024889335
9.009687500,0.023968631
9.009750000,0.023060480
9.009812500,0.022225058
9.009875000,0.021557363
9.009937500,0.021025244
9.010000000,0.020519121
9.010062500,0.019864075
9.010125000,0.018977745
9.010187500,0.017780773
9.010250000,0.016283523
9.010312500,0.014557931
9.010375000,0.012828061
9.010437500,0.011244273
9.010500000,0.009883063
9.010562500,0.008677287
9.010625000,0.007588624
9.010687500,0.006464467
9.010750000,0.005176842
9.010812500,0.003638767
9.010875000,0.002005961
9.010937500,0.000448796
9.011000000,-0.000847120
9.011062500,-0.001809000
9.011125000,-0.002321932
9.011187500,-0.002454140
9.011250000,-0.002353110
9.011312500,-0.002245412
9.011375000,-0.002172800
9.011437500,-0.002182026
9.011500000,-0.002258986
9.011562500,-0.002414167
9.011625000,-0.002509469
9.011687500,-0.002494299
9.011750000,-0.002353110
9.011812500,-0.002160058
9.011875000,-0.001860527
9.011937500,-0.001454857
9.012000000,-0.000941244
9.012062500,-0.000386167
9.012125000,0.000267658
9.012187500,0.001004946
9.012250000,0.001788364
9.012312500,0.002506732
9.012375000,0.003187782
9.012437500,0.003842015
9.012500000,0.004517972
9.012562500,0.005235925
9.012625000,0.006140951
9.012687500,0.007308005
9.012750000,0.008753570
9.012812500,0.010369116
9.012875000,0.012108671
9.012937500,0.013880541
9.013000000,0.015624652
9.013062500,0.017285172
9.013125000,0.018952422
9.013187500,0.020706050
9.013250000,0.022589857
9.013312500,0.024526212
9.013375000,0.026431566
9.013437500,0.028154988
9.013500000,0.029555064
9.013562500,0.030522009
9.013625000,0.031105055
9.013687500,0.031441707
9.013750000,0.031719927
9.013812500,0.032082893
9.013875000,0.032645479
9.013937500,0.033424366
9.014000000,0.034355409
9.014062500,0.035310503
9.014125000,0.036199987
9.014187500,0.036976822
9.014250000,0.037649762
9.014312500,0.038247947
9.014375000,0.038822737
9.014437500,0.039389409
9.014500000,0.039908748
9.014562500,0.040280420
9.014625000,0.040406719
9.014687500,0.040219076
9.014750000,0.039720498
9.014812500,0.038991898
9.014875000,0.038196299
9.014937500,0.037513342
9.015000000,0.037085015
9.015062500,0.036964029
9.015125000,0.037103605
9.015187500,0.037361339
9.015250000,0.037555639
9.015312500,0.037527792
9.015375000,0.037196368
9.015437500,0.036555655
9.015500000,0.035673149
9.015562500,0.034658335
9.015625000,0.033620343
9.015687500,0.032608729
9.015750000,0.031625804
9.015812500,0.030652113
9.015875000,0.029664833
9.015937500,0.028618680
9.016000000,0.027484328
9.016062500,0.026269635
9.016125000,0.025002772
9.016187500,0.023681503
9.016250000,0.022307485
9.016312500,0.020914448
9.016375000,0.019549534
9.016437500,0.018223768
9.016500000,0.016942395
9.016562500,0.015732516
9.016625000,0.014617996
9.016687500,0.013582048
9.016750000,0.012612671
9.016812500,0.011737455
9.016875000,0.010979895
9.016937500,0.010295178
9.017000000,0.009600690
9.017062500,0.008819888
9.017125000,0.007879223
9.017187500,0.006698441
9.017250000,0.005270967
9.017312500,0.003715449
9.017375000,0.002201861
9.017437500,0.000851490
9.017500000,-0.000282373
9.017562500,-0.001204381
9.017625000,-0.002020776
9.017687500,-0.002917142
9.017750000,-0.004047350
9.017812500,-0.005429557
9.017875000,-0.006991550
9.017937500,-0.008634480
9.018000000,-0.010259560
9.018062500,-0.011776742
9.018125000,-0.013206002
9.018187500,-0.014667075
9.018250000,-0.016283523
9.018312500,-0.018057274
9.018375000,-0.019926634
9.018437500,-0.021770619
9.018500000,-0.023436978
9.018562500,-0.024753228
9.018625000,-0.025697066
9.018687500,-0.026384573
9.018750000,-0.027013704
9.018812500,-0.027728323
9.018875000,-0.028666906
9.018937500,-0.029867670
9.019000000,-0.031249303
9.019062500,-0.032582503
9.019125000,-0.033701714
9.019187500,-0.034509230
9.019250000,-0.035014279
9.019312500,-0.035266135
9.019375000,-0.035462882
9.019437500,-0.035804864
9.019500000,-0.036426149
9.019562500,-0.037284628
9.019625000,-0.038303133
9.019687500,-0.039326627
9.019750000,-0.040191121
9.019812500,-0.040728260
9.019875000,-0.040950269
9.019937500,-0.040964309
9.020000000,-0.040944118
9.020062500,-0.041011106
9.020125000,-0.041315511
9.020187500,-0.041903596
9.020250000,-0.042732481
9.020312500,-0.043646790
9.020375000,-0.044566732
9.020437500,-0.045426715
9.020500000,-0.046215083
9.020562500,-0.046911314
9.020625000,-0.047606934
9.020687500,-0.048347455
9.020750000,-0.049132939
9.020812500,-0.049860962
9.020875000,-0.050491430
9.020937500,-0.050950851
9.021000000,-0.051203676
9.021062500,-0.051226828
9.021125000,-0.051156916
9.021187500,-0.051114649
9.021250000,-0.051203676
9.021312500,-0.051425166
9.021375000,-0.051804211
9.021437500,-0.052245874
9.021500000,-0.052615542
9.021562500,-0.052743275
9.021625000,-0.052610260
9.021687500,-0.052207574
9.021750000,-0.051580172
9.021812500,-0.050763022
9.021875000,-0.049894866
9.021937500,-0.049031228
9.022000000,-0.048191696
9.022062500,-0.047330696
9.022125000,-0.046485219
9.022187500,-0.045623314
9.022250000,-0.044709094
9.022312500,-0.043684386
9.022375000,-0.042603083
9.022437500,-0.041484348
9.022500000,-0.040379371
9.022562500,-0.039345257
9.022625000,-0.038527269
9.022687500,-0.037971370
9.022750000,-0.037649762
9.022812500,-0.037435994
9.022875000,-0.037224706
9.022937500,-0.036837403
9.023000000,-0.036143772
9.023062500,-0.035100732
9.023125000,-0.033836182
9.023187500,-0.032477092
9.023250000,-0.031155180
9.023312500,-0.029961558
9.023375000,-0.028966902
9.023437500,-0.028109048
9.023500000,-0.027296079
9.023562500,-0.026471913
9.023625000,-0.025664411
9.023687500,-0.024871059
9.023750000,-0.024095848
9.023812500,-0.023347454
9.023875000,-0.022640277
9.023937500,-0.021905523
9.024000000,-0.021083867
9.024062500,-0.020185128
9.024125000,-0.019295443
9.024187500,-0.018457932
9.024250000,-0.017695390
9.024312500,-0.017010707
9.024375000,-0.016363777
9.024437500,-0.015606153
9.024500000,-0.014589284
9.024562500,-0.013258184
9.024625000,-0.011665644
9.024687500,-0.009898014
9.024750000,-0.008094699
9.024812500,-0.006436986
9.024875000,-0.005055684
9.024937500,-0.003944940
9.025000000,-0.003011981
9.025062500,-0.002152473
9.025125000,-0.001245050
9.025187500,-0.000150261
9.025250000,0.001223617
9.025312500,0.002868036
9.025375000,0.004753987
9.025437500,0.006875226
9.025500000,0.009224192
9.025562500,0.011740939
9.025625000,0.014379383
9.025687500,0.017107345
9.025750000,0.019860249
9.025812500,0.022480479
9.025875000,0.024835795
9.025937500,0.026833611
9.026000000,0.028425572
9.026062500,0.029568020
9.026125000,0.030346204
9.026187500,0.030932751
9.026250000,0.031531677
9.026312500,0.032257047
9.026375000,0.033216167
9.026437500,0.034421042
9.026500000,0.035767276
9.026562500,0.036997087
9.026625000,0.037920963
9.026687500,0.038438991
9.026750000,0.038591005
9.026812500,0.038483169
9.026875000,0.038391702
9.026937500,0.038573869
9.027000000,0.039155755
9.027062500,0.039996792
9.027125000,0.040897753
9.027187500,0.041612204
9.027250000,0.041979488
9.027312500,0.041929472
9.027375000,0.041688010
9.027437500,0.041558854
9.027500000,0.041791238
9.027562500,0.042370632
9.027625000,0.043212093
9.027687500,0.044091206
9.027750000,0.044803217
9.027812500,0.045192044
9.027875000,0.045432545
9.027937500,0.045789439
9.028000000,0.046497457
9.028062500,0.047522303
9.028125000,0.048778221
9.028187500,0.049998078
9.028250000,0.050921306
9.028312500,0.051333949
9.028375000,0.051427528
9.028437500,0.051500678
9.028500000,0.051862549
9.028562500,0.052562434
9.028625000,0.053629480
9.028687500,0.054838974
9.028750000,0.055909898
9.028812500,0.056543779
9.028875000,0.056838911
9.028937500,0.056986317
9.029000000,0.057227641
9.029062500,0.057609074
9.029125000,0.058233488
9.029187500,0.058980562
9.029250000,0.059674874
9.029312500,0.060086850
9.029375000,0.060338516
9.029437500,0.060582303
9.029500000,0.060992617
9.029562500,0.061551128
9.029625000,0.062329240
9.029687500,0.063201256
9.029750000,0.064004600
9.029812500,0.064519785
9.029875000,0.064875647
9.029937500,0.065214455
9.030000000,0.065698840
9.030062500,0.066308886
9.030125000,0.067129336
9.030187500,0.068047047
9.030250000,0.068899065
9.030312500,0.069443390
9.030375000,0.069763407
9.030437500,0.069946863
9.030500000,0.070122682
9.030562500,0.070282407
9.030625000,0.070576012
9.030687500,0.070984274
9.030750000,0.071440428
9.030812500,0.071764886
9.030875000,0.072048984
9.030937500,0.072313011
9.031000000,0.072569914
9.031062500,0.072682507
9.031125000,0.072716258
9.031187500,0.072623380
9.031250000,0.072381668
9.031312500,0.071910590
9.031375000,0.071438305
9.031437500,0.071098484
9.031500000,0.070969805
9.031562500,0.070918642
9.031625000,0.070973195
9.031687500,0.071017444
9.031750000,0.070969805
9.031812500,0.070722088
9.031875000,0.070514917
9.031937500,0.070505343
9.032000000,0.070781559
9.032062500,0.071181707
9.032125000,0.071661316
9.032187500,0.071996890
9.032250000,0.072005168
9.032312500,0.071526468
9.032375000,0.070818417
9.032437500,0.070121281
9.032500000,0.069652058
9.032562500,0.069388792
9.032625000,0.069386229
9.032687500,0.069452196
9.032750000,0.069369689
9.032812500,0.068905152
9.032875000,0.068235941
9.032937500,0.067540020
9.033000000,0.067016579
9.033062500,0.066675618
9.033125000,0.066644259
9.033187500,0.066809118
9.033250000,0.067016579
9.033312500,0.067064509
9.033375000,0.067100286
9.033437500,0.067216188
9.033500000,0.067487195
9.033562500,0.067797713
9.033625000,0.068166144
9.033687500,0.068423286
9.033750000,0.068428449
9.033812500,0.068065390
9.033875000,0.067593530
9.033937500,0.067221567
9.034000000,0.067110702
9.034062500,0.067189589
9.034125000,0.067449294
9.034187500,0.067654915
9.034250000,0.067581318
9.034312500,0.067041628
9.034375000,0.066243395
9.034437500,0.065387137
9.034500000,0.064663462
9.034562500,0.064062327
9.034625000,0.063628174
9.034687500,0.063171782
9.034750000,0.062498607
9.034812500,0.061454050
9.034875000,0.060268730
9.034937500,0.059184525
9.035000000,0.058451258
9.035062500,0.058130812
9.035125000,0.058288049
9.035187500,0.058691047
9.035250000,0.059016004
9.035312500,0.058918916
9.035375000,0.058391199
9.035437500,0.057486989
9.035500000,0.056380518
9.035562500,0.055217084
9.035625000,0.054257479
9.035687500,0.053540796
9.035750000,0.052992042
9.035812500,0.052416258
9.035875000,0.051798370
9.035937500,0.051058598
9.036000000,0.050168309
9.036062500,0.049084317
9.036125000,0.047973063
9.036187500,0.046902217
9.036250000,0.045932710
9.036312500,0.045051914
9.036375000,0.044409890
9.036437500,0.044003714
9.036500000,0.043767847
9.036562500,0.043517407
9.036625000,0.043225806
9.036687500,0.042769548
9.036750000,0.042073611
9.036812500,0.041072816
9.036875000,0.039962240
9.036937500,0.038855683
9.037000000,0.037838012
9.037062500,0.036867492
9.037125000,0.036009103
9.037187500,0.035173289
9.037250000,0.034261286
9.037312500,0.033152707
9.037375000,0.031961281
9.037437500,0.030742904
9.037500000,0.029555064
9.037562500,0.028366799
9.037625000,0.027270710
9.037687500,0.026234375
9.037750000,0.025225341
9.037812500,0.024189880
9.037875000,0.023287825
9.037937500,0.022607354
9.038000000,0.022213360
9.038062500,0.022054907
9.038125000,0.022170387
9.038187500,0.022452241
9.038250000,0.022778107
9.038312500,0.023006180
9.038375000,0.023203969
9.038437500,0.023398599
9.038500000,0.023625227
9.038562500,0.023846820
9.038625000,0.024131954
9.038687500,0.024444930
9.038750000,0.024754720
9.038812500,0.025020877
9.038875000,0.025365578
9.038937500,0.025840025
9.039000000,0.026448958
9.039062500,0.027081745
9.039125000,0.027668621
9.039187500,0.028037559
9.039250000,0.028049074
9.039312500,0.027626254
9.039375000,0.026922408
9.039437500,0.026117427
9.039500000,0.025413590
9.039562500,0.024929151
9.039625000,0.024776703
9.039687500,0.024892859
9.039750000,0.025131216
9.039812500,0.025296984
9.039875000,0.025332326
9.039937500,0.025201848
9.040000000,0.024942968
9.040062500,0.024607655
9.040125000,0.024338430
9.040187500,0.024196643
9.040250000,0.024189973
9.040312500,0.024246585
9.040375000,0.024344338
9.040437500,0.024409804
9.040500000,0.024378221
9.040562500,0.024181366
9.040625000,0.023849308
9.040687500,0.023401055
9.040750000,0.022872232
9.040812500,0.022279004
9.040875000,0.021697883
9.040937500,0.021146560
9.041000000,0.020613244
9.041062500,0.020036096
9.041125000,0.019410288
9.041187500,0.018698158
9.041250000,0.017883638
9.041312500,0.016960789
9.041375000,0.016017102
9.041437500,0.015114180
9.041500000,0.014306910
9.041562500,0.013609275
9.041625000,0.013074331
9.041687500,0.012689190
9.041750000,0.012424421
9.041812500,0.012231056
9.041875000,0.012121021
9.041937500,0.012067830
9.042000000,0.012047924
9.042062500,0.012035226
9.042125000,0.012059419
9.042187500,0.012122874
9.042250000,0.012236172
9.042312500,0.012409434
9.042375000,0.012693042
9.042437500,0.013084932
9.042500000,0.013553915
9.042562500,0.014034916
9.042625000,0.014468654
9.042687500,0.014748053
9.042750000,0.014777532
9.042812500,0.014507604
9.042875000,0.013980278
9.042937500,0.013274115
9.043000000,0.012518546
9.043062500,0.011861843
9.043125000,0.011448277
9.043187500,0.011312319
9.043250000,0.011389053
9.043312500,0.011536235
9.043375000,0.011597041
9.043437500,0.011414259
9.043500000,0.010918431
9.043562500,0.010163718
9.043625000,0.009318445
9.043687500,0.008556110
9.043750000,0.008000575
9.043812500,0.007672660
9.043875000,0.007487434
9.043937500,0.007254341
9.044000000,0.006776957
9.044062500,0.005941327
9.044125000,0.004769744
9.044187500,0.003385372
9.044250000,0.001976613
9.044312500,0.000728897
9.044375000,-0.000230953
9.044437500,-0.000889186
9.044500000,-0.001317742
9.044562500,-0.001634349
9.044625000,-0.001945066
9.044687500,-0.002349844
9.044750000,-0.002917857
9.044812500,-0.003688478
9.044875000,-0.004650427
9.044937500,-0.005769841
9.045000000,-0.006965206
9.045062500,-0.008114502
9.045125000,-0.009050467
9.045187500,-0.009653472
9.045250000,-0.009883063
9.045312500,-0.009816762
9.045375000,-0.009588421
9.045437500,-0.009397251
9.045500000,-0.009412440
9.045562500,-0.009722310
9.045625000,-0.010256975
9.045687500,-0.010871743
9.045750000,-0.011389053
9.045812500,-0.011684863
9.045875000,-0.011675018
9.045937500,-0.011387878
9.046000000,-0.010918431
9.046062500,-0.010401902
9.046125000,-0.009907165
9.046187500,-0.009480685
9.046250000,-0.009130068
9.046312500,-0.008860582
9.046375000,-0.008629309
9.046437500,-0.008412534
9.046500000,-0.008188824
9.046562500,-0.007950454
9.046625000,-0.007645241
9.046687500,-0.007232260
9.046750000,-0.006682833
9.046812500,-0.006010252
9.046875000,-0.005245769
9.046937500,-0.004465168
9.047000000,-0.003764976
9.047062500,-0.003237497
9.047125000,-0.002922633
9.047187500,-0.002788864
9.047250000,-0.002729608
9.047312500,-0.002586087
9.047375000,-0.002209301
9.047437500,-0.001503226
9.047500000,-0.000470622
9.047562500,0.000794023
9.047625000,0.002095547
9.047687500,0.003249403
9.047750000,0.004141474
9.047812500,0.004798822
9.047875000,0.005297896
9.047937500,0.005788741
9.048000000,0.006400459
9.048062500,0.007220490
9.048125000,0.008153016
9.048187500,0.009055845
9.048250000,0.009788939
9.048312500,0.010338956
9.048375000,0.010691572
9.048437500,0.010940867
9.048500000,0.011200804
9.048562500,0.011601905
9.048625000,0.012072017
9.048687500,0.012489554
9.048750000,0.012706795
9.048812500,0.012685548
9.048875000,0.012362132
9.048937500,0.011796427
9.049000000,0.011106680
9.049062500,0.010475220
9.049125000,0.009920489
9.049187500,0.009409707
9.049250000,0.008847695
9.049312500,0.008182200
9.049375000,0.007286388
9.049437500,0.006118789
9.049500000,0.004706220
9.049562500,0.003182775
9.049625000,0.001607127
9.049687500,0.000038245
9.049750000,-0.001505991
9.049812500,-0.003001762
9.049875000,-0.004540746
9.049937500,-0.006212236
9.050000000,-0.008094699
9.050062500,-0.010192324
9.050125000,-0.012529752
9.050187500,-0.015080384
9.050250000,-0.017789513
9.050312500,-0.020560287
9.050375000,-0.023335062
9.050437500,-0.026063936
9.050500000,-0.028707944
9.050562500,-0.031219339
9.050625000,-0.033570074
9.050687500,-0.035745412
9.050750000,-0.037743889
9.050812500,-0.039571926
9.050875000,-0.041232940
9.050937500,-0.042732045
9.051000000,-0.044050224
9.051062500,-0.045141201
9.051125000,-0.045924492
9.051187500,-0.046347767
9.051250000,-0.046403330
9.051312500,-0.046154443
9.051375000,-0.045688320
9.051437500,-0.045136835
9.051500000,-0.044614971
9.051562500,-0.044198129
9.051625000,-0.043854181
9.051687500,-0.043517686
9.051750000,-0.043108981
9.051812500,-0.042588551
9.051875000,-0.041924693
9.051937500,-0.041142840
9.052000000,-0.040285248
9.052062500,-0.039395530
9.052125000,-0.038452931
9.052187500,-0.037416648
9.052250000,-0.036237895
9.052312500,-0.034897406
9.052375000,-0.033394124
9.052437500,-0.031757355
9.052500000,-0.030025685
9.052562500,-0.028227286
9.052625000,-0.026363825
9.052687500,-0.024402443
9.052750000,-0.022307485
9.052812500,-0.020064656
9.052875000,-0.017729269
9.052937500,-0.015371713
9.053000000,-0.013083293
9.053062500,-0.010938458
9.053125000,-0.009039576
9.053187500,-0.007407352
9.053250000,-0.006023962
9.053312500,-0.004825412
9.053375000,-0.003805902
9.053437500,-0.002887171
9.053500000,-0.001976613
9.053562500,-0.000955131
9.053625000,0.000185219
9.053687500,0.001481526
9.053750000,0.002917857
9.053812500,0.004450512
9.053875000,0.005883488
9.053937500,0.007092283
9.054000000,0.008000575
9.054062500,0.008644772
9.054125000,0.009018457
9.054187500,0.009234643
9.054250000,0.009412440
9.054312500,0.009672714
9.054375000,0.009944135
9.054437500,0.010166882
9.054500000,0.010259560
9.054562500,0.010206972
9.054625000,0.009912427
9.054687500,0.009403666
9.054750000,0.008753570
9.054812500,0.008100295
9.054875000,0.007433963
9.054937500,0.006775135
9.055000000,0.006118086
9.055062500,0.005499364
9.055125000,0.004830747
9.055187500,0.004094244
9.055250000,0.003294354
9.055312500,0.002507004
9.055375000,0.001708407
9.055437500,0.000925150
9.055500000,0.000188249
9.055562500,-0.000425769
9.055625000,-0.000943783
9.055687500,-0.001383753
9.055750000,-0.001788364
9.055812500,-0.002181689
9.055875000,-0.002670758
9.055937500,-0.003337480
9.056000000,-0.004235599
9.056062500,-0.005337464
9.056125000,-0.006628868
9.056187500,-0.008046073
9.056250000,-0.009506566
9.056312500,-0.010898115
9.056375000,-0.012185732
9.056437500,-0.013371072
9.056500000,-0.014495159
9.056562500,-0.015589206
9.056625000,-0.016719410
9.056687500,-0.017925449
9.056750000,-0.019201379
9.056812500,-0.020468401
9.056875000,-0.021661537
9.056937500,-0.022741262
9.057000000,-0.023719350
9.057062500,-0.024639623
9.057125000,-0.025601415
9.057187500,-0.026697140
9.057250000,-0.027954949
9.057312500,-0.029288424
9.057375000,-0.030554790
9.057437500,-0.031592816
9.057500000,-0.032284670
9.057562500,-0.032586444
9.057625000,-0.032574870
9.057687500,-0.032394920
9.057750000,-0.032190546
9.057812500,-0.032025896
9.057875000,-0.031889055
9.057937500,-0.031695426
9.058000000,-0.031343430
9.058062500,-0.030764090
9.058125000,-0.029990137
9.058187500,-0.029130772
9.058250000,-0.028331446
9.058312500,-0.027704347
9.058375000,-0.027306026
9.058437500,-0.027105337
9.058500000,-0.027013704
9.058562500,-0.026924873
9.058625000,-0.026782896
9.058687500,-0.026579907
9.058750000,-0.026354834
9.058812500,-0.026153807
9.058875000,-0.026024712
9.058937500,-0.025954705
9.059000000,-0.025884213
9.059062500,-0.025718424
9.059125000,-0.025401695
9.059187500,-0.024890386
9.059250000,-0.024189973
9.059312500,-0.023342021
9.059375000,-0.022458822
9.059437500,-0.021624386
9.059500000,-0.020895619
9.059562500,-0.020271776
9.059625000,-0.019754790
9.059687500,-0.019271463
9.059750000,-0.018730756
9.059812500,-0.018037761
9.059875000,-0.017196152
9.059937500,-0.016216721
9.060000000,-0.015154029
9.060062500,-0.014066271
9.060125000,-0.013085010
9.060187500,-0.012257699
9.060250000,-0.011577302
9.060312500,-0.010962293
9.060375000,-0.010381420
9.060437500,-0.009755490
9.060500000,-0.009035943
9.060562500,-0.008199340
9.060625000,-0.007344732
9.060687500,-0.006539939
9.060750000,-0.005835713
9.060812500,-0.005223729
9.060875000,-0.004722768
9.060937500,-0.004283231
9.061000000,-0.003859101
9.061062500,-0.003415696
9.061125000,-0.003021173
9.061187500,-0.002719935
9.061250000,-0.002541359
9.061312500,-0.002459390
9.061375000,-0.002463418
9.061437500,-0.002479847
9.061500000,-0.002447235
9.061562500,-0.002333879
9.061625000,-0.002214019
9.061687500,-0.002145325
9.061750000,-0.002164861
9.061812500,-0.002247347
9.061875000,-0.002367922
9.061937500,-0.002449107
9.062000000,-0.002447235
9.062062500,-0.002386897
9.062125000,-0.002399715
9.062187500,-0.002612109
9.062250000,-0.003106105
9.062312500,-0.003866993
9.062375000,-0.004802106
9.062437500,-0.005732746
9.062500000,-0.006494584
9.062562500,-0.007013278
9.062625000,-0.007328364
9.062687500,-0.007531803
9.062750000,-0.007718201
9.062812500,-0.007937453
9.062875000,-0.008146035
9.062937500,-0.008232309
9.063000000,-0.008094699
9.063062500,-0.007729797
9.063125000,-0.007215445
9.063187500,-0.006693641
9.063250000,-0.006306335
9.063312500,-0.006147377
9.063375000,-0.006167039
9.063437500,-0.006217050
9.063500000,-0.006118086
9.063562500,-0.005772105
9.063625000,-0.005155018
9.063687500,-0.004365049
9.063750000,-0.003576728
9.063812500,-0.002993588
9.063875000,-0.002706978
9.063937500,-0.002694864
9.064000000,-0.002823732
9.064062500,-0.002924903
9.064125000,-0.002800939
9.064187500,-0.002331336
9.064250000,-0.001505991
9.064312500,-0.000446042
9.064375000,0.000693991
9.064437500,0.001754668
9.064500000,0.002635483
9.064562500,0.003310848
9.064625000,0.003868468
9.064687500,0.004446222
9.064750000,0.005176842
9.064812500,0.006127442
9.064875000,0.007293974
9.064937500,0.008608468
9.065000000,0.009977187
9.065062500,0.011322484
9.065125000,0.012600451
9.065187500,0.013811669
9.065250000,0.014965781
9.065312500,0.016056836
9.065375000,0.017031221
9.065437500,0.017836859
9.065500000,0.018448384
9.065562500,0.018907826
9.065625000,0.019281032
9.065687500,0.019669017
9.065750000,0.020142624
9.065812500,0.020718928
9.065875000,0.021294625
9.065937500,0.021736123
9.066000000,0.021930987
9.066062500,0.021870544
9.066125000,0.021595389
9.066187500,0.021227932
9.066250000,0.020895619
9.066312500,0.020699814
9.066375000,0.020596081
9.066437500,0.020481218
9.066500000,0.020236747
9.066562500,0.019826131
9.066625000,0.019228321
9.066687500,0.018496053
9.066750000,0.017695390
9.066812500,0.016890835
9.066875000,0.016024815
9.066937500,0.015004477
9.067000000,0.013742164
9.067062500,0.012242898
9.067125000,0.010556910
9.067187500,0.008811167
9.067250000,0.007153455
9.067312500,0.005717250
9.067375000,0.004528826
9.067437500,0.003534636
9.067500000,0.002635483
9.067562500,0.001749283
9.067625000,0.000814844
9.067687500,-0.000202144
9.067750000,-0.001317742
9.067812500,-0.002542300
9.067875000,-0.003884386
9.067937500,-0.005363403
9.068000000,-0.006965206
9.068062500,-0.008624736
9.068125000,-0.010210695
9.068187500,-0.011618903
9.068250000,-0.012800919
9.068312500,-0.013802753
9.068375000,-0.014721995
9.068437500,-0.015723819
9.068500000,-0.016942395
9.068562500,-0.018429153
9.068625000,-0.020071600
9.068687500,-0.021705996
9.068750000,-0.023154603
9.068812500,-0.024315849
9.068875000,-0.025124984
9.068937500,-0.025642900
9.069000000,-0.025978338
9.069062500,-0.026252083
9.069125000,-0.026455920
9.069187500,-0.026547944
9.069250000,-0.026448958
9.069312500,-0.026114570
9.069375000,-0.025485765
9.069437500,-0.024596965
9.069500000,-0.023531102
9.069562500,-0.022409471
9.069625000,-0.021278575
9.069687500,-0.020175464
9.069750000,-0.019107254
9.069812500,-0.018082576
9.069875000,-0.017066551
9.069937500,-0.016036717
9.070000000,-0.014965781
9.070062500,-0.013834854
9.070125000,-0.012598714
9.070187500,-0.011240936
9.070250000,-0.009788939
9.070312500,-0.008334667
9.070375000,-0.006987882
9.070437500,-0.005854558
9.070500000,-0.004988594
9.070562500,-0.004367172
9.070625000,-0.003885986
9.070687500,-0.003388612
9.070750000,-0.002729608
9.070812500,-0.001821373
9.070875000,-0.000670374
9.070937500,0.000678463
9.071000000,0.002164861
9.071062500,0.003756445
9.071125000,0.005411677
9.071187500,0.007121241
9.071250000,0.008847695
9.071312500,0.010515425
9.071375000,0.011951601
9.071437500,0.013020174
9.071500000,0.013648040
9.071562500,0.013889933
9.071625000,0.013833203
9.071687500,0.013664222
9.071750000,0.013553915
9.071812500,0.013621261
9.071875000,0.013780515
9.071937500,0.013901569
9.072000000,0.013836288
9.072062500,0.013534444
9.072125000,0.012957797
9.072187500,0.012216823
9.072250000,0.011483178
9.072312500,0.010958956
9.072375000,0.010678448
9.072437500,0.010609339
9.072500000,0.010636058
9.072562500,0.010653635
9.072625000,0.010498088
9.072687500,0.010108033
9.072750000,0.009506566
9.072812500,0.008818422
9.072875000,0.008107440
9.072937500,0.007428567
9.073000000,0.006776957
9.073062500,0.006127550
9.073125000,0.005360924
9.073187500,0.004392301
9.073250000,0.003200230
9.073312500,0.001884391
9.073375000,0.000554697
9.073437500,-0.000643111
9.073500000,-0.001600115
9.073562500,-0.002264815
9.073625000,-0.002729205
9.073687500,-0.003163164
9.073750000,-0.003764976
9.073812500,-0.004679133
9.073875000,-0.005981224
9.073937500,-0.007654421
9.074000000,-0.009600690
9.074062500,-0.011672825
9.074125000,-0.013721411
9.074187500,-0.015650641
9.074250000,-0.017413015
9.074312500,-0.018995916
9.074375000,-0.020392049
9.074437500,-0.021616695
9.074500000,-0.022683984
9.074562500,-0.023609275
9.074625000,-0.024388265
9.074687500,-0.025043113
9.074750000,-0.025601838
9.074812500,-0.026091550
9.074875000,-0.026510008
9.074937500,-0.026854493
9.075000000,-0.027107829
9.075062500,-0.027253060
9.075125000,-0.027257204
9.075187500,-0.027130229
9.075250000,-0.026919581
9.075312500,-0.026714372
9.075375000,-0.026577221
9.075437500,-0.026555870
9.075500000,-0.026637208
9.075562500,-0.026750837
9.075625000,-0.026746487
9.075687500,-0.026485609
9.075750000,-0.025884213
9.075812500,-0.024958624
9.075875000,-0.023786107
9.075937500,-0.022491187
9.076000000,-0.021177992
9.076062500,-0.019892281
9.076125000,-0.018596971
9.076187500,-0.017220771
9.076250000,-0.015718777
9.076312500,-0.014120591
9.076375000,-0.012534955
9.076437500,-0.011093505
9.076500000,-0.009883063
9.076562500,-0.008884892
9.076625000,-0.008002788
9.076687500,-0.007084213
9.076750000,-0.006023962
9.076812500,-0.004823960
9.076875000,-0.003651762
9.076937500,-0.002711755
9.077000000,-0.002164861
9.077062500,-0.002021774
9.077125000,-0.002171226
9.077187500,-0.002344918
9.077250000,-0.002258986
9.077312500,-0.001715482
9.077375000,-0.000739803
9.077437500,0.000529391
9.077500000,0.001882488
9.077562500,0.003157713
9.077625000,0.004221363
9.077687500,0.005088392
9.077750000,0.005835713
9.077812500,0.006557990
9.077875000,0.007215083
9.077937500,0.007751285
9.078000000,0.008094699
9.078062500,0.008237964
9.078125000,0.008163527
9.078187500,0.007956795
9.078250000,0.007718201
9.078312500,0.007534984
9.078375000,0.007336603
9.078437500,0.007027743
9.078500000,0.006494584
9.078562500,0.005692033
9.078625000,0.004585195
9.078687500,0.003264959
9.078750000,0.001882488
9.078812500,0.000623151
9.078875000,-0.000430882
9.078937500,-0.001232037
9.079000000,-0.001788364
9.079062500,-0.002117539
9.079125000,-0.002292797
9.079187500,-0.002359755
9.079250000,-0.002353110
9.079312500,-0.002285348
9.079375000,-0.002206466
9.079437500,-0.002155028
9.079500000,-0.002164861
9.079562500,-0.002251164
9.079625000,-0.002437708
9.079687500,-0.002744131
9.079750000,-0.003200230
9.079812500,-0.003840582
9.079875000,-0.004704146
9.079937500,-0.005794167
9.080000000,-0.007059331
9.080062500,-0.008391604
9.080125000,-0.009639824
9.080187500,-0.010665220
9.080250000,-0.011389053
9.080312500,-0.011834844
9.080375000,-0.012084702
9.080437500,-0.012273436
9.080500000,-0.012518546
9.080562500,-0.012892498
9.080625000,-0.013342789
9.080687500,-0.013780537
9.080750000,-0.014118661
9.080812500,-0.014349048
9.080875000,-0.014475917
9.080937500,-0.014565842
9.081000000,-0.014683408
9.081062500,-0.014877987
9.081125000,-0.015079976
9.081187500,-0.015198375
9.081250000,-0.015154029
9.081312500,-0.014954528
9.081375000,-0.014623545
9.081437500,-0.014232292
9.081500000,-0.013836288
9.081562500,-0.013460362
9.081625000,-0.013008938
9.081687500,-0.012352647
9.081750000,-0.011389053
9.081812500,-0.010139103
9.081875000,-0.008684317
9.081937500,-0.007190980
9.082000000,-0.005835713
9.082062500,-0.004765117
9.082125000,-0.003970766
9.082187500,-0.003345901
9.082250000,-0.002729608
9.082312500,-0.002005291
9.082375000,-0.001082536
9.082437500,0.000043459
9.082500000,0.001317742
9.082562500,0.002644762
9.082625000,0.003984321
9.082687500,0.005346269
9.082750000,0.006776957
9.082812500,0.008308708
9.082875000,0.009956594
9.082937500,0.011697200
9.083000000,0.013459790
9.083062500,0.015133746
9.083125000,0.016614797
9.083187500,0.017846989
9.083250000,0.018824881
9.083312500,0.019581430
9.083375000,0.020167511
9.083437500,0.020652121
9.083500000,0.021083867
9.083562500,0.021481199
9.083625000,0.021817904
9.083687500,0.022087449
9.083750000,0.022307485
9.083812500,0.022537922
9.083875000,0.022827884
9.083937500,0.023244027
9.084000000,0.023813475
9.084062500,0.024510412
9.084125000,0.025207886
9.084187500,0.025768530
9.084250000,0.026072461
9.084312500,0.026078409
9.084375000,0.025782302
9.084437500,0.025269864
9.084500000,0.024660595
9.084562500,0.024081029
9.084625000,0.023569282
9.084687500,0.023119058
9.084750000,0.022683984
9.084812500,0.022225831
9.084875000,0.021690110
9.084937500,0.021057513
9.085000000,0.020330872
9.085062500,0.019534960
9.085125000,0.018672960
9.085187500,0.017744891
9.085250000,0.016754145
9.085312500,0.015722122
9.085375000,0.014692076
9.085437500,0.013707635
9.085500000,0.012800919
9.085562500,0.011968125
9.085625000,0.011183755
9.085687500,0.010364630
9.085750000,0.009412440
9.085812500,0.008236289
9.085875000,0.006838491
9.085937500,0.005255255
9.086000000,0.003576728
9.086062500,0.001901853
9.086125000,0.000387467
9.086187500,-0.000881471
9.086250000,-0.001882488
9.086312500,-0.002690518
9.086375000,-0.003361353
9.086437500,-0.004021685
9.086500000,-0.004800345
9.086562500,-0.005826690
9.086625000,-0.007081034
9.086687500,-0.008506502
9.086750000,-0.009977187
9.086812500,-0.011368805
9.086875000,-0.012468535
9.086937500,-0.013169324
9.087000000,-0.013459790
9.087062500,-0.013463562
9.087125000,-0.013266214
9.087187500,-0.012992849
9.087250000,-0.012706795
9.087312500,-0.012422163
9.087375000,-0.011980664
9.087437500,-0.011251152
9.087500000,-0.010165436
9.087562500,-0.008812456
9.087625000,-0.007302693
9.087687500,-0.005842947
9.087750000,-0.004612096
9.087812500,-0.003722345
9.087875000,-0.003070956
9.087937500,-0.002488964
9.088000000,-0.001788364
9.088062500,-0.000875990
9.088125000,0.000305410
9.088187500,0.001696262
9.088250000,0.003200230
9.088312500,0.004716788
9.088375000,0.006256859
9.088437500,0.007848519
9.088500000,0.009506566
9.088562500,0.011166189
9.088625000,0.012735169
9.088687500,0.014089635
9.088750000,0.015154029
9.088812500,0.015939562
9.088875000,0.016587514
9.088937500,0.017283902
9.089000000,0.018166009
9.089062500,0.019233650
9.089125000,0.020352140
9.089187500,0.021311084
9.089250000,0.021930987
9.089312500,0.022159668
9.089375000,0.022106033
9.089437500,0.022010088
9.089500000,0.022119237
9.089562500,0.022573378
9.089625000,0.023321934
9.089687500,0.024188153
9.089750000,0.024942968
9.089812500,0.025415841
9.089875000,0.025534844
9.089937500,0.025366718
9.090000000,0.025037091
9.090062500,0.024653589
9.090125000,0.024233660
9.090187500,0.023747303
9.090250000,0.023154603
9.090312500,0.022461997
9.090375000,0.021730531
9.090437500,0.021060141
9.090500000,0.020519121
9.090562500,0.020090565
9.090625000,0.019661237
9.090687500,0.019083574
9.090750000,0.018260136
9.090812500,0.017210472
9.090875000,0.016086504
9.090937500,0.015096026
9.091000000,0.014401034
9.091062500,0.014020197
9.091125000,0.013831641
9.091187500,0.013595697
9.091250000,0.013083293
9.091312500,0.012175873
9.091375000,0.010964211
9.091437500,0.009650934
9.091500000,0.008471197
9.091562500,0.007563306
9.091625000,0.006966307
9.091687500,0.006549869
9.091750000,0.006118086
9.091812500,0.005488812
9.091875000,0.004652569
9.091937500,0.003684489
9.092000000,0.002729608
9.092062500,0.001902282
9.092125000,0.001316051
9.092187500,0.000958675
9.092250000,0.000752995
9.092312500,0.000576857
9.092375000,0.000422949
9.092437500,0.000286753
9.092500000,0.000188249
9.092562500,0.000105006
9.092625000,0.000072076
9.092687500,0.000052081
9.092750000,-0.000000000
9.092812500,-0.000143430
9.092875000,-0.000308165
9.092937500,-0.000435893
9.093000000,-0.000470622
9.093062500,-0.000424464
9.093125000,-0.000271086
9.093187500,-0.000052254
9.093250000,0.000188249
9.093312500,0.000400088
9.093375000,0.000645670
9.093437500,0.000972260
9.093500000,0.001411866
9.093562500,0.001923775
9.093625000,0.002499894
9.093687500,0.003091204
9.093750000,0.003670852
9.093812500,0.004223827
9.093875000,0.004842759
9.093937500,0.005594004
9.094000000,0.006494584
9.094062500,0.007452925
9.094125000,0.008376127
9.094187500,0.009143794
9.094250000,0.009694814
9.094312500,0.010045535
9.094375000,0.010359127
9.094437500,0.010822973
9.094500000,0.011577302
9.094562500,0.012623721
9.094625000,0.013867726
9.094687500,0.015119256
9.094750000,0.016189398
9.094812500,0.016958941
9.094875000,0.017463662
9.094937500,0.017840715
9.095000000,0.018260136
9.095062500,0.018822560
9.095125000,0.019535523
9.095187500,0.020285748
9.095250000,0.020895619
9.095312500,0.021195063
9.095375000,0.021116804
9.095437500,0.020713743
9.095500000,0.020142624
9.095562500,0.019597095
9.095625000,0.019251198
9.095687500,0.019189944
9.095750000,0.019389628
9.095812500,0.019733526
9.095875000,0.020081948
9.095937500,0.020324044
9.096000000,0.020424996
9.096062500,0.020426087
9.096125000,0.020435611
9.096187500,0.020550629
9.096250000,0.020801496
9.096312500,0.021108443
9.096375000,0.021339582
9.096437500,0.021335198
9.096500000,0.020989744
9.096562500,0.020286156
9.096625000,0.019354859
9.096687500,0.018374776
9.096750000,0.017507140
9.096812500,0.016801329
9.096875000,0.016247431
9.096937500,0.015737494
9.097000000,0.015154029
9.097062500,0.014410132
9.097125000,0.013570966
9.097187500,0.012746236
9.097250000,0.012047924
9.097312500,0.011487023
9.097375000,0.011052120
9.097437500,0.010624361
9.097500000,0.010071312
9.097562500,0.009282080
9.097625000,0.008330076
9.097687500,0.007346178
9.097750000,0.006494584
9.097812500,0.005859565
9.097875000,0.005516444
9.097937500,0.005396985
9.098000000,0.005365091
9.098062500,0.005246472
9.098125000,0.005015636
9.098187500,0.004704228
9.098250000,0.004423847
9.098312500,0.004279691
9.098375000,0.004434987
9.098437500,0.004938780
9.098500000,0.005741589
9.098562500,0.006672794
9.098625000,0.007620036
9.098687500,0.008457921
9.098750000,0.009130068
9.098812500,0.009625294
9.098875000,0.010088488
9.098937500,0.010646165
9.099000000,0.011389053
9.099062500,0.012299138
9.099125000,0.013354055
9.099187500,0.014439504
9.099250000,0.015436403
9.099312500,0.016245726
9.099375000,0.016905166
9.099437500,0.017483871
9.099500000,0.018071886
9.099562500,0.018713793
9.099625000,0.019441210
9.099687500,0.020198423
9.099750000,0.020895619
9.099812500,0.021441394
9.099875000,0.021816051
9.099937500,0.022028754
9.100000000,0.022119237
9.100062500,0.022127988
9.100125000,0.022095744
9.100187500,0.022029402
9.100250000,0.021930987
9.100312500,0.021819046
9.100375000,0.021738768
9.100437500,0.021735087
9.100500000,0.021836862
9.100562500,0.022046557
9.100625000,0.022324525
9.100687500,0.022612732
9.100750000,0.022872232
9.100812500,0.023117376
9.100875000,0.023379726
9.100937500,0.023682997
9.101000000,0.024001725
9.101062500,0.024251413
9.101125000,0.024282025
9.101187500,0.023942122
9.101250000,0.023154603
9.101312500,0.021975975
9.101375000,0.020571524
9.101437500,0.019150021
9.101500000,0.017883638
9.101562500,0.016845720
9.101625000,0.015978929
9.101687500,0.015124609
9.101750000,0.014118661
9.101812500,0.012881525
9.101875000,0.011452721
9.101937500,0.009940192
9.102000000,0.008471197
9.102062500,0.007129594
9.102125000,0.005924522
9.102187500,0.004772077
9.102250000,0.003576728
9.102312500,0.002304055
9.102375000,0.001023863
9.102437500,-0.000156698
9.102500000,-0.001129493
9.102562500,-0.001846579
9.102625000,-0.002348070
9.102687500,-0.002796726
9.102750000,-0.003388479
9.102812500,-0.004261269
9.102875000,-0.005424679
9.102937500,-0.006791706
9.103000000,-0.008188824
9.103062500,-0.009413348
9.103125000,-0.010301180
9.103187500,-0.010813254
9.103250000,-0.011012556
9.103312500,-0.011018323
9.103375000,-0.010951146
9.103437500,-0.010929273
9.103500000,-0.011012556
9.103562500,-0.011186096
9.103625000,-0.011374719
9.103687500,-0.011519349
9.103750000,-0.011577302
9.103812500,-0.011530204
9.103875000,-0.011378413
9.103937500,-0.011181724
9.104000000,-0.011012556
9.104062500,-0.010919919
9.104125000,-0.010914027
9.104187500,-0.010988763
9.104250000,-0.011106680
9.104312500,-0.011201904
9.104375000,-0.011217302
9.104437500,-0.011143303
9.104500000,-0.011012556
9.104562500,-0.010871545
9.104625000,-0.010792998
9.104687500,-0.010835481
9.104750000,-0.011012556
9.104812500,-0.011261526
9.104875000,-0.011519581
9.104937500,-0.011726203
9.105000000,-0.011859675
9.105062500,-0.011921730
9.105125000,-0.012002766
9.105187500,-0.012187326
9.105250000,-0.012518546
9.105312500,-0.012940420
9.105375000,-0.013388220
9.105437500,-0.013768335
9.105500000,-0.014024537
9.105562500,-0.014140645
9.105625000,-0.014225415
9.105687500,-0.014386610
9.105750000,-0.014683408
9.105812500,-0.015046760
9.105875000,-0.015377181
9.105937500,-0.015514164
9.106000000,-0.015342278
9.106062500,-0.014828840
9.106125000,-0.014129021
9.106187500,-0.013451600
9.106250000,-0.012989169
9.106312500,-0.012803099
9.106375000,-0.012881611
9.106437500,-0.013089116
9.106500000,-0.013271542
9.106562500,-0.013317450
9.106625000,-0.013278908
9.106687500,-0.013278323
9.106750000,-0.013459790
9.106812500,-0.013891431
9.106875000,-0.014580878
9.106937500,-0.015424131
9.107000000,-0.016283523
9.107062500,-0.017048033
9.107125000,-0.017716881
9.107187500,-0.018345376
9.107250000,-0.019013131
9.107312500,-0.019755866
9.107375000,-0.020554146
9.107437500,-0.021295689
9.107500000,-0.021836862
9.107562500,-0.022067629
9.107625000,-0.021976054
9.107687500,-0.021632407
9.107750000,-0.021177992
9.107812500,-0.020776525
9.107875000,-0.020550756
9.107937500,-0.020520436
9.108000000,-0.020613244
9.108062500,-0.020713704
9.108125000,-0.020696480
9.108187500,-0.020474063
9.108250000,-0.020048497
9.108312500,-0.019531989
9.108375000,-0.019074777
9.108437500,-0.018794853
9.108500000,-0.018730756
9.108562500,-0.018837953
9.108625000,-0.018964497
9.108687500,-0.018914832
9.108750000,-0.018542508
9.108812500,-0.017836086
9.108875000,-0.016873842
9.108937500,-0.015785348
9.109000000,-0.014683408
9.109062500,-0.013629229
9.109125000,-0.012566002
9.109187500,-0.011377125
9.109250000,-0.009977187
9.109312500,-0.008410810
9.109375000,-0.006806543
9.109437500,-0.005338101
9.109500000,-0.004141474
9.109562500,-0.003268483
9.109625000,-0.002602088
9.109687500,-0.001924866
9.109750000,-0.001035369
9.109812500,0.000122026
9.109875000,0.001482162
9.109937500,0.002900416
9.110000000,0.004235599
9.110062500,0.005409309
9.110125000,0.006497463
9.110187500,0.007682857
9.110250000,0.009130068
9.110312500,0.010848828
9.110375000,0.012710039
9.110437500,0.014497686
9.110500000,0.016001150
9.110562500,0.017092189
9.110625000,0.017830903
9.110687500,0.018425791
9.110750000,0.019107254
9.110812500,0.019975780
9.110875000,0.020997204
9.110937500,0.022024516
9.111000000,0.022872232
9.111062500,0.023388246
9.111125000,0.023572508
9.111187500,0.023560164
9.111250000,0.023531102
9.111312500,0.023587925
9.111375000,0.023759434
9.111437500,0.024009885
9.111500000,0.024284096
9.111562500,0.024537982
9.111625000,0.024832340
9.111687500,0.025282966
9.111750000,0.025978338
9.111812500,0.026870910
9.111875000,0.027846629
9.111937500,0.028729586
9.112000000,0.029366815
9.112062500,0.029663254
9.112125000,0.029717159
9.112187500,0.029713230
9.112250000,0.029837437
9.112312500,0.030131085
9.112375000,0.030578369
9.112437500,0.031040145
9.112500000,0.031343430
9.112562500,0.031313859
9.112625000,0.030986039
9.112687500,0.030492159
9.112750000,0.030025685
9.112812500,0.029696384
9.112875000,0.029629577
9.112937500,0.029807545
9.113000000,0.030119810
9.113062500,0.030356161
9.113125000,0.030447355
9.113187500,0.030355817
9.113250000,0.030119810
9.113312500,0.029762389
9.113375000,0.029435184
9.113437500,0.029207785
9.113500000,0.029084442
9.113562500,0.028944943
9.113625000,0.028780352
9.113687500,0.028563375
9.113750000,0.028331446
9.113812500,0.028124979
9.113875000,0.028141180
9.113937500,0.028490134
9.114000000,0.029178567
9.114062500,0.030018346
9.114125000,0.030876286
9.114187500,0.031568296
9.114250000,0.032002300
9.114312500,0.032159138
9.114375000,0.032302927
9.114437500,0.032691263
9.114500000,0.033508290
9.114562500,0.034691285
9.114625000,0.036155235
9.114687500,0.037636999
9.114750000,0.038873378
9.114812500,0.039636422
9.114875000,0.040030740
9.114937500,0.040237743
9.115000000,0.040473495
9.115062500,0.040789936
9.115125000,0.041261345
9.115187500,0.041755587
9.115250000,0.042073611
9.115312500,0.041972116
9.115375000,0.041517042
9.115437500,0.040867995
9.115500000,0.040285248
9.115562500,0.039933167
9.115625000,0.040043943
9.115687500,0.040603627
9.115750000,0.041414738
9.115812500,0.042073634
9.115875000,0.042373542
9.115937500,0.042169258
9.116000000,0.041508865
9.116062500,0.040531926
9.116125000,0.039669327
9.116187500,0.039268557
9.116250000,0.039532252
9.116312500,0.040356047
9.116375000,0.041619875
9.116437500,0.043035619
9.116500000,0.044332597
9.116562500,0.045267966
9.116625000,0.045943152
9.116687500,0.046514798
9.116750000,0.047156330
9.116812500,0.047862180
9.116875000,0.048669934
9.116937500,0.049434744
9.117000000,0.049980059
9.117062500,0.050113611
9.117125000,0.049958944
9.117187500,0.049706060
9.117250000,0.049603563
9.117312500,0.049772747
9.117375000,0.050378300
9.117437500,0.051355202
9.117500000,0.052521419
9.117562500,0.053588048
9.117625000,0.054487616
9.117687500,0.055180136
9.117750000,0.055721652
9.117812500,0.056151636
9.117875000,0.056667332
9.117937500,0.057340082
9.118000000,0.058168884
9.118062500,0.059028830
9.118125000,0.059901152
9.118187500,0.060682405
9.118250000,0.061274990
9.118312500,0.061550662
9.118375000,0.061564740
9.118437500,0.061351955
9.118500000,0.060992617
9.118562500,0.060546134
9.118625000,0.060200918
9.118687500,0.060034346
9.118750000,0.060051370
9.118812500,0.060137186
9.118875000,0.060244557
9.118937500,0.060248233
9.119000000,0.060051370
9.119062500,0.059573732
9.119125000,0.058916830
9.119187500,0.058146093
9.119250000,0.057321765
9.119312500,0.056427795
9.119375000,0.055517890
9.119437500,0.054526035
9.119500000,0.053368539
9.119562500,0.051946830
9.119625000,0.050347976
9.119687500,0.048647732
9.119750000,0.046968080
9.119812500,0.045400750
9.119875000,0.044119824
9.119937500,0.043135848
9.120000000,0.042355984
9.120062500,0.041568771
9.120125000,0.040675752
9.120187500,0.039540555
9.120250000,0.038120385
9.120312500,0.036444642
9.120375000,0.034759074
9.120437500,0.033239443
9.120500000,0.032002300
9.120562500,0.031016180
9.120625000,0.030282326
9.120687500,0.029635647
9.120750000,0.028896192
9.120812500,0.027891150
9.120875000,0.026698418
9.120937500,0.025392460
9.121000000,0.024095848
9.121062500,0.022870997
9.121125000,0.021881435
9.121187500,0.021102702
9.121250000,0.020424996
9.121312500,0.019647591
9.121375000,0.018762412
9.121437500,0.017743956
9.121500000,0.016660020
9.121562500,0.015590453
9.121625000,0.014797616
9.121687500,0.014379281
9.121750000,0.014306910
9.121812500,0.014364778
9.121875000,0.014440330
9.121937500,0.014351310
9.122000000,0.014024537
9.122062500,0.013473593
9.122125000,0.013001409
9.122187500,0.012834021
9.122250000,0.013083293
9.122312500,0.013604110
9.122375000,0.014241955
9.122437500,0.014684120
9.122500000,0.014683408
9.122562500,0.014113105
9.122625000,0.013231517
9.122687500,0.012370287
9.122750000,0.011859675
9.122812500,0.011819421
9.122875000,0.012306813
9.122937500,0.013128901
9.123000000,0.014024537
9.123062500,0.014737105
9.123125000,0.015300232
9.123187500,0.015825890
9.123250000,0.016471772
9.123312500,0.017271262
9.123375000,0.018260373
9.123437500,0.019305307
9.123500000,0.020236747
9.123562500,0.020890864
9.123625000,0.021353107
9.123687500,0.021768674
9.123750000,0.022307485
9.123812500,0.023012334
9.123875000,0.023914263
9.123937500,0.024892472
9.124000000,0.025790086
9.124062500,0.026451482
9.124125000,0.026940104
9.124187500,0.027386235
9.124250000,0.027954949
9.124312500,0.028708471
9.124375000,0.029707607
9.124437500,0.030878944
9.124500000,0.032096423
9.124562500,0.033191770
9.124625000,0.034156263
9.124687500,0.035004202
9.124750000,0.035767276
9.124812500,0.036394514
9.124875000,0.036896419
9.124937500,0.037228920
9.125000000,0.037367389
9.125062500,0.037283424
9.125125000,0.037116881
9.125187500,0.036992088
9.125250000,0.036990892
9.125312500,0.037049860
9.125375000,0.037122749
9.125437500,0.037096776
9.125500000,0.036896769
9.125562500,0.036481667
9.125625000,0.036023356
9.125687500,0.035706639
9.125750000,0.035673149
9.125812500,0.035878379
9.125875000,0.036261864
9.125937500,0.036633130
9.126000000,0.036802646
9.126062500,0.036597904
9.126125000,0.036127094
9.126187500,0.035563488
9.126250000,0.035108406
9.126312500,0.034816682
9.126375000,0.034778025
9.126437500,0.034918416
9.126500000,0.035108406
9.126562500,0.035156645
9.126625000,0.035106786
9.126687500,0.035025414
9.126750000,0.035014279
9.126812500,0.035071049
9.126875000,0.035288572
9.126937500,0.035636265
9.127000000,0.036049645
9.127062500,0.036396381
9.127125000,0.036741864
9.127187500,0.037118804
9.127250000,0.037555639
9.127312500,0.037962805
9.127375000,0.038366750
9.127437500,0.038692776
9.127500000,0.038873378
9.127562500,0.038810425
9.127625000,0.038646672
9.127687500,0.038502142
9.127750000,0.038496882
9.127812500,0.038625527
9.127875000,0.038981013
9.127937500,0.039524738
9.128000000,0.040191121
9.128062500,0.040857792
9.128125000,0.041608073
9.128187500,0.042495657
9.128250000,0.043579601
9.128312500,0.044818375
9.128375000,0.046254907
9.128437500,0.047800351
9.128500000,0.049321190
9.128562500,0.050617240
9.128625000,0.051664323
9.128687500,0.052422881
9.128750000,0.052897915
9.128812500,0.053066295
9.128875000,0.053038701
9.128937500,0.052851345
9.129000000,0.052521419
9.129062500,0.052003697
9.129125000,0.051376548
9.129187500,0.050662007
9.129250000,0.049885936
9.129312500,0.049031291
9.129375000,0.048206538
9.129437500,0.047467452
9.129500000,0.046873957
9.129562500,0.046439871
9.129625000,0.046272062
9.129687500,0.046373464
9.129750000,0.046685707
9.129812500,0.047054853
9.129875000,0.047407795
9.129937500,0.047622506
9.130000000,0.047626950
9.130062500,0.047377437
9.130125000,0.047001645
9.130187500,0.046573091
9.130250000,0.046120960
9.130312500,0.045562461
9.130375000,0.044869535
9.130437500,0.043942034
9.130500000,0.042732481
9.130562500,0.041250013
9.130625000,0.039713565
9.130687500,0.038311224
9.130750000,0.037179142
9.130812500,0.036292944
9.130875000,0.035620257
9.130937500,0.034973584
9.131000000,0.034167159
9.131062500,0.033056378
9.131125000,0.031767521
9.131187500,0.030449372
9.131250000,0.029272690
9.131312500,0.028293725
9.131375000,0.027612098
9.131437500,0.027138311
9.131500000,0.026731333
9.131562500,0.026211660
9.131625000,0.025621926
9.131687500,0.024972936
9.131750000,0.024284096
9.131812500,0.023482019
9.131875000,0.022612678
9.131937500,0.021627478
9.132000000,0.020519121
9.132062500,0.019305611
9.132125000,0.018245917
9.132187500,0.017540993
9.132250000,0.017318891
9.132312500,0.017500291
9.132375000,0.018010840
9.132437500,0.018598342
9.132500000,0.019013131
9.132562500,0.019044442
9.132625000,0.018795799
9.132687500,0.018411700
9.132750000,0.018071886
9.132812500,0.017834209
9.132875000,0.017810384
9.132937500,0.017929109
9.133000000,0.018071886
9.133062500,0.018083610
9.133125000,0.018053297
9.133187500,0.018073136
9.133250000,0.018260136
9.133312500,0.018624403
9.133375000,0.019244317
9.133437500,0.020043408
9.133500000,0.020895619
9.133562500,0.021624578
9.133625000,0.022256773
9.133687500,0.022831762
9.133750000,0.023436978
9.133812500,0.024106190
9.133875000,0.024947939
9.133937500,0.025945188
9.134000000,0.027013704
9.134062500,0.027985511
9.134125000,0.028817913
9.134187500,0.029463794
9.134250000,0.029931562
9.134312500,0.030228922
9.134375000,0.030487405
9.134437500,0.030782962
9.134500000,0.031155180
9.134562500,0.031556696
9.134625000,0.031993125
9.134687500,0.032410499
9.134750000,0.032755297
9.134812500,0.032959383
9.134875000,0.033069566
9.134937500,0.033135042
9.135000000,0.033225916
9.135062500,0.033380099
9.135125000,0.033682510
9.135187500,0.034143914
9.135250000,0.034731906
9.135312500,0.035359424
9.135375000,0.035992485
9.135437500,0.036578070
9.135500000,0.037085015
9.135562500,0.037480269
9.135625000,0.037789114
9.135687500,0.037988920
9.135750000,0.038026262
9.135812500,0.037807796
9.135875000,0.037290968
9.135937500,0.036442298
9.136000000,0.035296652
9.136062500,0.033955298
9.136125000,0.032617565
9.136187500,0.031456131
9.136250000,0.030590432
9.136312500,0.030037638
9.136375000,0.029754573
9.136437500,0.029588556
9.136500000,0.029366815
9.136562500,0.028950803
9.136625000,0.028334308
9.136687500,0.027560750
9.136750000,0.026731333
9.136812500,0.025947474
9.136875000,0.025322935
9.136937500,0.024856223
9.137000000,0.024472345
9.137062500,0.024047507
9.137125000,0.023501620
9.137187500,0.022744644
9.137250000,0.021742739
9.137312500,0.020524994
9.137375000,0.019203749
9.137437500,0.017861292
9.137500000,0.016565897
9.137562500,0.015359370
9.137625000,0.014296033
9.137687500,0.013359662
9.137750000,0.012518546
9.137812500,0.011741867
9.137875000,0.011039487
9.137937500,0.010372486
9.138000000,0.009694814
9.138062500,0.008959888
9.138125000,0.008163278
9.138187500,0.007257624
9.138250000,0.006212211
9.138312500,0.005034261
9.138375000,0.003802375
9.138437500,0.002572218
9.138500000,0.001411866
9.138562500,0.000399747
9.138625000,-0.000382091
9.138687500,-0.000937862
9.138750000,-0.001317742
9.138812500,-0.001583590
9.138875000,-0.001781442
9.138937500,-0.001969113
9.139000000,-0.002164861
9.139062500,-0.002334873
9.139125000,-0.002434317
9.139187500,-0.002498439
9.139250000,-0.002635483
9.139312500,-0.002990818
9.139375000,-0.003709488
9.139437500,-0.004891884
9.139500000,-0.006494584
9.139562500,-0.008285203
9.139625000,-0.009925826
9.139687500,-0.011111601
9.139750000,-0.011671427
9.139812500,-0.011619549
9.139875000,-0.011189189
9.139937500,-0.010749253
9.140000000,-0.010636058
9.140062500,-0.010988990
9.140125000,-0.011748799
9.140187500,-0.012695340
9.140250000,-0.013553915
9.140312500,-0.014098153
9.140375000,-0.014301411
9.140437500,-0.014319099
9.140500000,-0.014401034
9.140562500,-0.014738758
9.140625000,-0.015437073
9.140687500,-0.016447717
9.140750000,-0.017601265
9.140812500,-0.018653501
9.140875000,-0.019455731
9.140937500,-0.019963164
9.141000000,-0.020236747
9.141062500,-0.020363037
9.141125000,-0.020481825
9.141187500,-0.020681793
9.141250000,-0.020989744
9.141312500,-0.021345085
9.141375000,-0.021718759
9.141437500,-0.022075642
9.141500000,-0.022401609
9.141562500,-0.022668531
9.141625000,-0.022922389
9.141687500,-0.023200421
9.141750000,-0.023531102
9.141812500,-0.023890104
9.141875000,-0.024289427
9.141937500,-0.024711953
9.142000000,-0.025131216
9.142062500,-0.025487505
9.142125000,-0.025788600
9.142187500,-0.026040247
9.142250000,-0.026260709
9.142312500,-0.026436253
9.142375000,-0.026609590
9.142437500,-0.026778614
9.142500000,-0.026919581
9.142562500,-0.026967250
9.142625000,-0.026925083
9.142687500,-0.026800860
9.142750000,-0.026637208
9.142812500,-0.026473442
9.142875000,-0.026420271
9.142937500,-0.026536260
9.143000000,-0.026825456
9.143062500,-0.027197922
9.143125000,-0.027573243
9.143187500,-0.027826881
9.143250000,-0.027860826
9.143312500,-0.027612682
9.143375000,-0.027159527
9.143437500,-0.026605248
9.143500000,-0.026072461
9.143562500,-0.025633954
9.143625000,-0.025382180
9.143687500,-0.025320914
9.143750000,-0.025413590
9.143812500,-0.025576474
9.143875000,-0.025795115
9.143937500,-0.026014658
9.144000000,-0.026166586
9.144062500,-0.026139235
9.144125000,-0.025896005
9.144187500,-0.025395490
9.144250000,-0.024660595
9.144312500,-0.023763854
9.144375000,-0.022903280
9.144437500,-0.022233285
9.144500000,-0.021836862
9.144562500,-0.021655453
9.144625000,-0.021608680
9.144687500,-0.021527087
9.144750000,-0.021272115
9.144812500,-0.020772707
9.144875000,-0.020148166
9.144937500,-0.019546054
9.145000000,-0.019107254
9.145062500,-0.018865598
9.145125000,-0.018819949
9.145187500,-0.018831642
9.145250000,-0.018730756
9.145312500,-0.018366743
9.145375000,-0.017760919
9.145437500,-0.016990591
9.145500000,-0.016189398
9.145562500,-0.015461310
9.145625000,-0.014929169
9.145687500,-0.014595512
9.145750000,-0.014401034
9.145812500,-0.014241730
9.145875000,-0.014117095
9.145937500,-0.014030478
9.146000000,-0.014024537
9.146062500,-0.014124203
9.146125000,-0.014391059
9.146187500,-0.014775431
9.146250000,-0.015154029
9.146312500,-0.015340563
9.146375000,-0.015242816
9.146437500,-0.014811876
9.146500000,-0.014118661
9.146562500,-0.013318593
9.146625000,-0.012699357
9.146687500,-0.012468389
9.146750000,-0.012706795
9.146812500,-0.013298200
9.146875000,-0.014057036
9.146937500,-0.014693705
9.147000000,-0.014965781
9.147062500,-0.014744144
9.147125000,-0.014146931
9.147187500,-0.013386386
9.147250000,-0.012706795
9.147312500,-0.012252251
9.147375000,-0.012099182
9.147437500,-0.012151171
9.147500000,-0.012236172
9.147562500,-0.012168437
9.147625000,-0.011918018
9.147687500,-0.011526921
9.147750000,-0.011106680
9.147812500,-0.010745783
9.147875000,-0.010554453
9.147937500,-0.010536505
9.148000000,-0.010636058
9.148062500,-0.010744847
9.148125000,-0.010840805
9.148187500,-0.010900545
9.148250000,-0.010918431
9.148312500,-0.010857548
9.148375000,-0.010740914
9.148437500,-0.010566261
9.148500000,-0.010353684
9.148562500,-0.010131059
9.148625000,-0.010019694
9.148687500,-0.010110856
9.148750000,-0.010447809
9.148812500,-0.010966370
9.148875000,-0.011597853
9.148937500,-0.012213238
9.149000000,-0.012706795
9.149062500,-0.013009758
9.149125000,-0.013195143
9.149187500,-0.013351601
9.149250000,-0.013553915
9.149312500,-0.013788098
9.149375000,-0.014031098
9.149437500,-0.014196190
9.149500000,-0.014212786
9.149562500,-0.014046076
9.149625000,-0.013808233
9.149687500,-0.013634169
9.149750000,-0.013648040
9.149812500,-0.013876741
9.149875000,-0.014311477
9.149937500,-0.014843246
9.150000000,-0.015342278
9.150062500,-0.015692888
9.150125000,-0.015923252
9.150187500,-0.016114429
9.150250000,-0.016377648
9.150312500,-0.016762303
9.150375000,-0.017306358
9.150437500,-0.017941106
9.150500000,-0.018542508
9.150562500,-0.018948805
9.150625000,-0.019108780
9.150687500,-0.019017134
9.150750000,-0.018730756
9.150812500,-0.018306693
9.150875000,-0.017875696
9.150937500,-0.017526630
9.151000000,-0.017318891
9.151062500,-0.017246123
9.151125000,-0.017338006
9.151187500,-0.017569738
9.151250000,-0.017883638
9.151312500,-0.018164266
9.151375000,-0.018352451
9.151437500,-0.018388636
9.151500000,-0.018260136
9.151562500,-0.017980056
9.151625000,-0.017667539
9.151687500,-0.017424572
9.151750000,-0.017318891
9.151812500,-0.017326208
9.151875000,-0.017419618
9.151937500,-0.017508464
9.152000000,-0.017507140
9.152062500,-0.017350415
9.152125000,-0.017096026
9.152187500,-0.016830519
9.152250000,-0.016660020
9.152312500,-0.016648469
9.152375000,-0.016856160
9.152437500,-0.017259309
9.152500000,-0.017789513
9.152562500,-0.018349130
9.152625000,-0.018897919
9.152687500,-0.019402394
9.152750000,-0.019860249
9.152812500,-0.020276181
9.152875000,-0.020696031
9.152937500,-0.021126553
9.153000000,-0.021554491
9.153062500,-0.021939835
9.153125000,-0.022276852
9.153187500,-0.022533329
9.153250000,-0.022683984
9.153312500,-0.022706781
9.153375000,-0.022621747
9.153437500,-0.022426002
9.153500000,-0.022119237
9.153562500,-0.021703668
9.153625000,-0.021218449
9.153687500,-0.020687759
9.153750000,-0.020142624
9.153812500,-0.019615322
9.153875000,-0.019155810
9.153937500,-0.018772079
9.154000000,-0.018448384
9.154062500,-0.018151635
9.154125000,-0.017852047
9.154187500,-0.017494548
9.154250000,-0.017036518
9.154312500,-0.016471427
9.154375000,-0.015819315
9.154437500,-0.015093414
9.154500000,-0.014306910
9.154562500,-0.013480177
9.154625000,-0.012613707
9.154687500,-0.011675923
9.154750000,-0.010636058
9.154812500,-0.009506807
9.154875000,-0.008321874
9.154937500,-0.007134520
9.155000000,-0.006023962
9.155062500,-0.005103243
9.155125000,-0.004435856
9.155187500,-0.004013970
9.155250000,-0.003764976
9.155312500,-0.003599066
9.155375000,-0.003383566
9.155437500,-0.002990431
9.155500000,-0.002353110
9.155562500,-0.001523795
9.155625000,-0.000597205
9.155687500,0.000318890
9.155750000,0.001129493
9.155812500,0.001747663
9.155875000,0.002179030
9.155937500,0.002503467
9.156000000,0.002823732
9.156062500,0.003189509
9.156125000,0.003641943
9.156187500,0.004207388
9.156250000,0.004894469
9.156312500,0.005677185
9.156375000,0.006568993
9.156437500,0.007613538
9.156500000,0.008847695
9.156562500,0.010236936
9.156625000,0.011730064
9.156687500,0.013246458
9.156750000,0.014683408
9.156812500,0.015909238
9.156875000,0.016877275
9.156937500,0.017625136
9.157000000,0.018260136
9.157062500,0.018888388
9.157125000,0.019653786
9.157187500,0.020660205
9.157250000,0.021930987
9.157312500,0.023358878
9.157375000,0.024824833
9.157437500,0.026199594
9.157500000,0.027390203
9.157562500,0.028330933
9.157625000,0.029077806
9.157687500,0.029732365
9.157750000,0.030402184
9.157812500,0.031119652
9.157875000,0.031915613
9.157937500,0.032762814
9.158000000,0.033602413
9.158062500,0.034332033
9.158125000,0.034916967
9.158187500,0.035335869
9.158250000,0.035579026
9.158312500,0.035599679
9.158375000,0.035400707
9.158437500,0.034979083
9.158500000,0.034355409
9.158562500,0.033559874
9.158625000,0.032722052
9.158687500,0.031994652
9.158750000,0.031531677
9.158812500,0.031412955
9.158875000,0.031686049
9.158937500,0.032281090
9.159000000,0.033037666
9.159062500,0.033723079
9.159125000,0.034178548
9.159187500,0.034314666
9.159250000,0.034167159
9.159312500,0.033859193
9.159375000,0.033621095
9.159437500,0.033616018
9.159500000,0.033884790
9.159562500,0.034289565
9.159625000,0.034636889
9.159687500,0.034679893
9.159750000,0.034261286
9.159812500,0.033367112
9.159875000,0.032223497
9.159937500,0.031116981
9.160000000,0.030308058
9.160062500,0.029897280
9.160125000,0.029872635
9.160187500,0.030030798
9.160250000,0.030119810
9.160312500,0.029930374
9.160375000,0.029460769
9.160437500,0.028788801
9.160500000,0.028049074
9.160562500,0.027325122
9.160625000,0.026691889
9.160687500,0.026086831
9.160750000,0.025413590
9.160812500,0.024592156
9.160875000,0.023704285
9.160937500,0.022845354
9.161000000,0.022119237
9.161062500,0.021550585
9.161125000,0.021150459
9.161187500,0.020794580
9.161250000,0.020330872
9.161312500,0.019626101
9.161375000,0.018721253
9.161437500,0.017693948
9.161500000,0.016660020
9.161562500,0.015686916
9.161625000,0.014873658
9.161687500,0.014207894
9.161750000,0.013648040
9.161812500,0.013133035
9.161875000,0.012727540
9.161937500,0.012458413
9.162000000,0.012330297
9.162062500,0.012262194
9.162125000,0.012209831
9.162187500,0.012047004
9.162250000,0.011671427
9.162312500,0.011023706
9.162375000,0.010223664
9.162437500,0.009394705
9.162500000,0.008659446
9.162562500,0.008074271
9.162625000,0.007668689
9.162687500,0.007362559
9.162750000,0.007059331
9.162812500,0.006694033
9.162875000,0.006317904
9.162937500,0.005983939
9.163000000,0.005741589
9.163062500,0.005590585
9.163125000,0.005521012
9.163187500,0.005459756
9.163250000,0.005365091
9.163312500,0.005267523
9.163375000,0.005315786
9.163437500,0.005640396
9.163500000,0.006306335
9.163562500,0.007252829
9.163625000,0.008335764
9.163687500,0.009331698
9.163750000,0.010071312
9.163812500,0.010517732
9.163875000,0.010801026
9.163937500,0.011085075
9.164000000,0.011483178
9.164062500,0.011983072
9.164125000,0.012468214
9.164187500,0.012767500
9.164250000,0.012800919
9.164312500,0.012660949
9.164375000,0.012590645
9.164437500,0.012811744
9.164500000,0.013365666
9.164562500,0.014011024
9.164625000,0.014272651
9.164687500,0.013605583
9.164750000,0.011671427
9.164812500,0.008542572
9.164875000,0.004736896
9.164937500,0.001019347
9.165000000,-0.001882488
9.165062500,-0.003560291
9.165125000,-0.004053430
9.165187500,-0.003799577
9.165250000,-0.003388479
9.165312500,-0.003283749
9.165375000,-0.003626760
9.165437500,-0.004246752
9.165500000,-0.004800345
9.165562500,-0.004986244
9.165625000,-0.004703538
9.165687500,-0.004102854
9.165750000,-0.003482603
9.165812500,-0.003131937
9.165875000,-0.003170623
9.165937500,-0.003537483
9.166000000,-0.004047350
9.166062500,-0.004517550
9.166125000,-0.004844123
9.166187500,-0.005059078
9.166250000,-0.005270967
9.166312500,-0.005587894
9.166375000,-0.006005290
9.166437500,-0.006442806
9.166500000,-0.006776957
9.166562500,-0.006927090
9.166625000,-0.006860227
9.166687500,-0.006647248
9.166750000,-0.006400459
9.166812500,-0.006228375
9.166875000,-0.006141864
9.166937500,-0.006118881
9.167000000,-0.006118086
9.167062500,-0.006129693
9.167125000,-0.006126134
9.167187500,-0.006103348
9.167250000,-0.006023962
9.167312500,-0.005817322
9.167375000,-0.005357543
9.167437500,-0.004589411
9.167500000,-0.003576728
9.167562500,-0.002526608
9.167625000,-0.001709360
9.167687500,-0.001350392
9.167750000,-0.001505991
9.167812500,-0.002012815
9.167875000,-0.002507322
9.167937500,-0.002583124
9.168000000,-0.001976613
9.168062500,-0.000713368
9.168125000,0.000911630
9.168187500,0.002446653
9.168250000,0.003482603
9.168312500,0.003818702
9.168375000,0.003575673
9.168437500,0.003107130
9.168500000,0.002823732
9.168562500,0.002981938
9.168625000,0.003611652
9.168687500,0.004509585
9.168750000,0.005365091
9.168812500,0.005909552
9.168875000,0.006068641
9.168937500,0.005965780
9.169000000,0.005835713
9.169062500,0.005880077
9.169125000,0.006186917
9.169187500,0.006696564
9.169250000,0.007247579
9.169312500,0.007658700
9.169375000,0.007833952
9.169437500,0.007790409
9.169500000,0.007624077
9.169562500,0.007436215
9.169625000,0.007293597
9.169687500,0.007208274
9.169750000,0.007153455
9.169812500,0.007096800
9.169875000,0.007049380
9.169937500,0.007072738
9.170000000,0.007247579
9.170062500,0.007624271
9.170125000,0.008203368
9.170187500,0.008926372
9.170250000,0.009694814
9.170312500,0.010402237
9.170375000,0.010982115
9.170437500,0.011422993
9.170500000,0.011765551
9.170562500,0.012075727
9.170625000,0.012424557
9.170687500,0.012855548
9.170750000,0.013365666
9.170812500,0.013894324
9.170875000,0.014363814
9.170937500,0.014681686
9.171000000,0.014777532
9.171062500,0.014617171
9.171125000,0.014240638
9.171187500,0.013727386
9.171250000,0.013177417
9.171312500,0.012666959
9.171375000,0.012263143
9.171437500,0.011974320
9.171500000,0.011765551
9.171562500,0.011563171
9.171625000,0.011324375
9.171687500,0.011016068
9.171750000,0.010636058
9.171812500,0.010194165
9.171875000,0.009751631
9.171937500,0.009355402
9.172000000,0.009035943
9.172062500,0.008778317
9.172125000,0.008579945
9.172187500,0.008400744
9.172250000,0.008188824
9.172312500,0.007872811
9.172375000,0.007444851
9.172437500,0.006910634
9.172500000,0.006306335
9.172562500,0.005666393
9.172625000,0.005083147
9.172687500,0.004623841
9.172750000,0.004329723
9.172812500,0.004176315
9.172875000,0.004167529
9.172937500,0.004265070
9.173000000,0.004423847
9.173062500,0.004572353
9.173125000,0.004723999
9.173187500,0.004887025
9.173250000,0.005082718
9.173312500,0.005298240
9.173375000,0.005587511
9.173437500,0.005959553
9.173500000,0.006400459
9.173562500,0.006837015
9.173625000,0.007266250
9.173687500,0.007659102
9.173750000,0.008000575
9.173812500,0.008257024
9.173875000,0.008482449
9.173937500,0.008705147
9.174000000,0.008941819
9.174062500,0.009158744
9.174125000,0.009381234
9.174187500,0.009615066
9.174250000,0.009883063
9.174312500,0.010193089
9.174375000,0.010624944
9.174437500,0.011215102
9.174500000,0.011953799
9.174562500,0.012741967
9.174625000,0.013510498
9.174687500,0.014171892
9.174750000,0.014683408
9.174812500,0.015037893
9.174875000,0.015357664
9.174937500,0.015771387
9.175000000,0.016377648
9.175062500,0.017165396
9.175125000,0.018092411
9.175187500,0.019035377
9.175250000,0.019860249
9.175312500,0.020448793
9.175375000,0.020818178
9.175437500,0.021051368
9.175500000,0.021272115
9.175562500,0.021563169
9.175625000,0.021995090
9.175687500,0.022551002
9.175750000,0.023154603
9.175812500,0.023680484
9.175875000,0.024063775
9.175937500,0.024264760
9.176000000,0.024284096
9.176062500,0.024125813
9.176125000,0.023844764
9.176187500,0.023478491
9.176250000,0.023060480
9.176312500,0.022602718
9.176375000,0.022168072
9.176437500,0.021805167
9.176500000,0.021554491
9.176562500,0.021415984
9.176625000,0.021411549
9.176687500,0.021527629
9.176750000,0.021742739
9.176812500,0.022014860
9.176875000,0.022346009
9.176937500,0.022709886
9.177000000,0.023060480
9.177062500,0.023313537
9.177125000,0.023428388
9.177187500,0.023369998
9.177250000,0.023154603
9.177312500,0.022835102
9.177375000,0.022541560
9.177437500,0.022359872
9.177500000,0.022307485
9.177562500,0.022294622
9.177625000,0.022215530
9.177687500,0.021931227
9.177750000,0.021366240
9.177812500,0.020534255
9.177875000,0.019608354
9.177937500,0.018772149
9.178000000,0.018166009
9.178062500,0.017800089
9.178125000,0.017618196
9.178187500,0.017450223
9.178250000,0.017130643
9.178312500,0.016559506
9.178375000,0.015826980
9.178437500,0.015082705
9.178500000,0.014495159
9.178562500,0.014146484
9.178625000,0.014067836
9.178687500,0.014144442
9.178750000,0.014212786
9.178812500,0.014119160
9.178875000,0.013859374
9.178937500,0.013482389
9.179000000,0.013083293
9.179062500,0.012722463
9.179125000,0.012461970
9.179187500,0.012262576
9.179250000,0.012047924
9.179312500,0.011732155
9.179375000,0.011335005
9.179437500,0.010889115
9.179500000,0.010447809
9.179562500,0.010031038
9.179625000,0.009686371
9.179687500,0.009394713
9.179750000,0.009130068
9.179812500,0.008867649
9.179875000,0.008668400
9.179937500,0.008564911
9.180000000,0.008565322
9.180062500,0.008614834
9.180125000,0.008677294
9.180187500,0.008674691
9.180250000,0.008565322
9.180312500,0.008356914
9.180375000,0.008174875
9.180437500,0.008128504
9.180500000,0.008282948
9.180562500,0.008599104
9.180625000,0.008996164
9.180687500,0.009314327
9.180750000,0.009412440
9.180812500,0.009219177
9.180875000,0.008819032
9.180937500,0.008356793
9.181000000,0.008000575
9.181062500,0.007861001
9.181125000,0.007985798
9.181187500,0.008298660
9.181250000,0.008659446
9.181312500,0.008920146
9.181375000,0.009015817
9.181437500,0.008939950
9.181500000,0.008753570
9.181562500,0.008542432
9.181625000,0.008401716
9.181687500,0.008357455
9.181750000,0.008377072
9.181812500,0.008385231
9.181875000,0.008320587
9.181937500,0.008131255
9.182000000,0.007812326
9.182062500,0.007406285
9.182125000,0.007004180
9.182187500,0.006683791
9.182250000,0.006494584
9.182312500,0.006440650
9.182375000,0.006496222
9.182437500,0.006597628
9.182500000,0.006682833
9.182562500,0.006715876
9.182625000,0.006708622
9.182687500,0.006687562
9.182750000,0.006682833
9.182812500,0.006705467
9.182875000,0.006746280
9.182937500,0.006757429
9.183000000,0.006682833
9.183062500,0.006483605
9.183125000,0.006156194
9.183187500,0.005712507
9.183250000,0.005176842
9.183312500,0.004579173
9.183375000,0.003937196
9.183437500,0.003253426
9.183500000,0.002541359
9.183562500,0.001850884
9.183625000,0.001244821
9.183687500,0.000777025
9.183750000,0.000470622
9.183812500,0.000310602
9.183875000,0.000226548
9.183937500,0.000118260
9.184000000,-0.000094124
9.184062500,-0.000422892
9.184125000,-0.000820839
9.184187500,-0.001208060
9.184250000,-0.001505991
9.184312500,-0.001667389
9.184375000,-0.001705761
9.184437500,-0.001688861
9.184500000,-0.001694239
9.184562500,-0.001762177
9.184625000,-0.001887665
9.184687500,-0.002036242
9.184750000,-0.002164861
9.184812500,-0.002239637
9.184875000,-0.002270409
9.184937500,-0.002296349
9.185000000,-0.002353110
9.185062500,-0.002436218
9.185125000,-0.002521448
9.185187500,-0.002585321
9.185250000,-0.002635483
9.185312500,-0.002722361
9.185375000,-0.002956858
9.185437500,-0.003466209
9.185500000,-0.004329723
9.185562500,-0.005517909
9.185625000,-0.006904185
9.185687500,-0.008297958
9.185750000,-0.009506566
9.185812500,-0.010391762
9.185875000,-0.010927227
9.185937500,-0.011186904
9.186000000,-0.011294928
9.186062500,-0.011355168
9.186125000,-0.011429307
9.186187500,-0.011516969
9.186250000,-0.011577302
9.186312500,-0.011551770
9.186375000,-0.011424368
9.186437500,-0.011205263
9.186500000,-0.010918431
9.186562500,-0.010568332
9.186625000,-0.010164049
9.186687500,-0.009708284
9.186750000,-0.009224192
9.186812500,-0.008759206
9.186875000,-0.008417420
9.186937500,-0.008301030
9.187000000,-0.008471197
9.187062500,-0.008898429
9.187125000,-0.009495918
9.187187500,-0.010121132
9.187250000,-0.010636058
9.187312500,-0.010943973
9.187375000,-0.011056256
9.187437500,-0.011046190
9.187500000,-0.011012556
9.187562500,-0.011015764
9.187625000,-0.011087101
9.187687500,-0.011198239
9.187750000,-0.011294928
9.187812500,-0.011315681
9.187875000,-0.011253174
9.187937500,-0.011116714
9.188000000,-0.010918431
9.188062500,-0.010639540
9.188125000,-0.010268981
9.188187500,-0.009790428
9.188250000,-0.009224192
9.188312500,-0.008632695
9.188375000,-0.008157016
9.188437500,-0.007923122
9.188500000,-0.008000575
9.188562500,-0.008345081
9.188625000,-0.008855511
9.188687500,-0.009357892
9.188750000,-0.009694814
9.188812500,-0.009774915
9.188875000,-0.009646900
9.188937500,-0.009420050
9.189000000,-0.009224192
9.189062500,-0.009134537
9.189125000,-0.009188730
9.189187500,-0.009338402
9.189250000,-0.009506566
9.189312500,-0.009624346
9.189375000,-0.009700116
9.189437500,-0.009770328
9.189500000,-0.009883063
9.189562500,-0.010049650
9.189625000,-0.010261040
9.189687500,-0.010451187
9.189750000,-0.010541934
9.189812500,-0.010471106
9.189875000,-0.010268379
9.189937500,-0.010006104
9.190000000,-0.009788939
9.190062500,-0.009695119
9.190125000,-0.009775505
9.190187500,-0.009976131
9.190250000,-0.010165436
9.190312500,-0.010169414
9.190375000,-0.009883115
9.190437500,-0.009282446
9.190500000,-0.008471197
9.190562500,-0.007649905
9.190625000,-0.007079243
9.190687500,-0.006936081
9.190750000,-0.007247579
9.190812500,-0.007858190
9.190875000,-0.008508158
9.190937500,-0.008902503
9.191000000,-0.008847695
9.191062500,-0.008329705
9.191125000,-0.007543573
9.191187500,-0.006779818
9.191250000,-0.006306335
9.191312500,-0.006242929
9.191375000,-0.006537396
9.191437500,-0.006964416
9.191500000,-0.007247579
9.191562500,-0.007181800
9.191625000,-0.006742226
9.191687500,-0.006059452
9.191750000,-0.005365091
9.191812500,-0.004879833
9.191875000,-0.004747043
9.191937500,-0.004953417
9.192000000,-0.005365091
9.192062500,-0.005790267
9.192125000,-0.006089831
9.192187500,-0.006192174
9.192250000,-0.006118086
9.192312500,-0.005943068
9.192375000,-0.005778377
9.192437500,-0.005681359
9.192500000,-0.005647464
9.192562500,-0.005613194
9.192625000,-0.005511792
9.192687500,-0.005278217
9.192750000,-0.004894469
9.192812500,-0.004398996
9.192875000,-0.003884497
9.192937500,-0.003435617
9.193000000,-0.003106105
9.193062500,-0.002900800
9.193125000,-0.002782625
9.193187500,-0.002681337
9.193250000,-0.002541359
9.193312500,-0.002356693
9.193375000,-0.002168304
9.193437500,-0.002029932
9.193500000,-0.001976613
9.193562500,-0.002001564
9.193625000,-0.002041251
9.193687500,-0.001995707
9.193750000,-0.001788364
9.193812500,-0.001425643
9.193875000,-0.000984244
9.193937500,-0.000591817
9.194000000,-0.000376498
9.194062500,-0.000426455
9.194125000,-0.000723314
9.194187500,-0.001161687
9.194250000,-0.001600115
9.194312500,-0.001940829
9.194375000,-0.002129047
9.194437500,-0.002182040
9.194500000,-0.002164861
9.194562500,-0.002169383
9.194625000,-0.002218145
9.194687500,-0.002274961
9.194750000,-0.002258986
9.194812500,-0.002105169
9.194875000,-0.001744514
9.194937500,-0.001156890
9.195000000,-0.000376498
9.195062500,0.000494219
9.195125000,0.001374845
9.195187500,0.002196772
9.195250000,0.002917857
9.195312500,0.003495525
9.195375000,0.003954536
9.195437500,0.004339586
9.195500000,0.004706220
9.195562500,0.005073981
9.195625000,0.005496916
9.195687500,0.006001991
9.195750000,0.006588709
9.195812500,0.007196257
9.195875000,0.007808923
9.195937500,0.008417113
9.196000000,0.009035943
9.196062500,0.009662805
9.196125000,0.010359388
9.196187500,0.011158630
9.196250000,0.012047924
9.196312500,0.012923150
9.196375000,0.013708201
9.196437500,0.014331886
9.196500000,0.014777532
9.196562500,0.015064124
9.196625000,0.015326345
9.196687500,0.015702313
9.196750000,0.016283523
9.196812500,0.017036675
9.196875000,0.017889434
9.196937500,0.018712474
9.197000000,0.019389628
9.197062500,0.019842029
9.197125000,0.020121159
9.197187500,0.020338157
9.197250000,0.020613244
9.197312500,0.020989479
9.197375000,0.021473309
9.197437500,0.022002781
9.197500000,0.022495734
9.197562500,0.022874983
9.197625000,0.023157448
9.197687500,0.023409715
9.197750000,0.023719350
9.197812500,0.024127457
9.197875000,0.024657246
9.197937500,0.025266573
9.198000000,0.025884213
9.198062500,0.026427642
9.198125000,0.026894318
9.198187500,0.027319266
9.198250000,0.027766701
9.198312500,0.028270999
9.198375000,0.028860249
9.198437500,0.029481910
9.198500000,0.030025685
9.198562500,0.030339159
9.198625000,0.030345086
9.198687500,0.030026069
9.198750000,0.029460939
9.198812500,0.028783729
9.198875000,0.028194645
9.198937500,0.027819281
9.199000000,0.027672576
9.199062500,0.027624190
9.199125000,0.027513724
9.199187500,0.027154930
9.199250000,0.026448958
9.199312500,0.025416549
9.199375000,0.024264092
9.199437500,0.023227820
9.199500000,0.022495734
9.199562500,0.022096729
9.199625000,0.021958906
9.199687500,0.021859476
9.199750000,0.021554491
9.199812500,0.020859705
9.199875000,0.019810736
9.199937500,0.018555438
9.200000000,0.017318891
9.200062500,0.016279330
9.200125000,0.015586454
9.200187500,0.015221179
9.200250000,0.015059905
9.200312500,0.014915617
9.200375000,0.014709141
9.200437500,0.014399939
9.200500000,0.014024537
9.200562500,0.013631272
9.200625000,0.013346101
9.200687500,0.013204537
9.200750000,0.013177417
9.200812500,0.013149561
9.200875000,0.013081986
9.200937500,0.012909644
9.201000000,0.012612671
9.201062500,0.012186020
9.201125000,0.011757893
9.201187500,0.011411493
9.201250000,0.011200804
9.201312500,0.011091986
9.201375000,0.011101061
9.201437500,0.011161313
9.201500000,0.011200804
9.201562500,0.011132772
9.201625000,0.011013281
9.201687500,0.010889462
9.201750000,0.010824307
9.201812500,0.010829150
9.201875000,0.010982194
9.201937500,0.011276267
9.202000000,0.011671427
9.202062500,0.012072966
9.202125000,0.012480114
9.202187500,0.012858759
9.202250000,0.013177417
9.202312500,0.013364278
9.202375000,0.013433331
9.202437500,0.013368412
9.202500000,0.013177417
9.202562500,0.012872087
9.202625000,0.012582501
9.202687500,0.012428612
9.202750000,0.012518546
9.202812500,0.012880064
9.202875000,0.013543293
9.202937500,0.014437065
9.203000000,0.015436403
9.203062500,0.016367406
9.203125000,0.017138544
9.203187500,0.017679015
9.203250000,0.017977761
9.203312500,0.018054767
9.203375000,0.018026331
9.203437500,0.017999910
9.203500000,0.018071886
9.203562500,0.018282959
9.203625000,0.018678043
9.203687500,0.019227918
9.203750000,0.019860249
9.203812500,0.020462822
9.203875000,0.020971624
9.203937500,0.021336000
9.204000000,0.021554491
9.204062500,0.021658706
9.204125000,0.021745868
9.204187500,0.021888321
9.204250000,0.022119237
9.204312500,0.022403253
9.204375000,0.022685247
9.204437500,0.022868630
9.204500000,0.022872232
9.204562500,0.022655062
9.204625000,0.022271037
9.204687500,0.021806763
9.204750000,0.021366240
9.204812500,0.021024270
9.204875000,0.020836689
9.204937500,0.020783292
9.205000000,0.020801496
9.205062500,0.020805318
9.205125000,0.020744083
9.205187500,0.020565713
9.205250000,0.020236747
9.205312500,0.019735593
9.205375000,0.019079633
9.205437500,0.018289391
9.205500000,0.017413015
9.205562500,0.016521640
9.205625000,0.015721055
9.205687500,0.015073611
9.205750000,0.014589284
9.205812500,0.014210519
9.205875000,0.013857158
9.205937500,0.013413200
9.206000000,0.012800919
9.206062500,0.012018434
9.206125000,0.011157497
9.206187500,0.010322598
9.206250000,0.009600690
9.206312500,0.009025233
9.206375000,0.008570030
9.206437500,0.008135335
9.206500000,0.007624077
9.206562500,0.007000466
9.206625000,0.006317731
9.206687500,0.005652404
9.206750000,0.005082718
9.206812500,0.004652312
9.206875000,0.004350663
9.206937500,0.004087408
9.207000000,0.003764976
9.207062500,0.003338641
9.207125000,0.002851823
9.207187500,0.002372626
9.207250000,0.001976613
9.207312500,0.001707945
9.207375000,0.001557889
9.207437500,0.001432958
9.207500000,0.001223617
9.207562500,0.000865457
9.207625000,0.000377246
9.207687500,-0.000187866
9.207750000,-0.000752995
9.207812500,-0.001251588
9.207875000,-0.001645493
9.207937500,-0.001965025
9.208000000,-0.002258986
9.208062500,-0.002556406
9.208125000,-0.002857491
9.208187500,-0.003182298
9.208250000,-0.003576728
9.208312500,-0.004111747
9.208375000,-0.004871058
9.208437500,-0.005922540
9.208500000,-0.007247579
9.208562500,-0.008701808
9.208625000,-0.010063426
9.208687500,-0.011123358
9.208750000,-0.011765551
9.208812500,-0.012008552
9.208875000,-0.012026588
9.208937500,-0.012067565
9.209000000,-0.012330297
9.209062500,-0.012852121
9.209125000,-0.013517108
9.209187500,-0.014105516
9.209250000,-0.014401034
9.209312500,-0.014280849
9.209375000,-0.013812739
9.209437500,-0.013204719
9.209500000,-0.012706795
9.209562500,-0.012475723
9.209625000,-0.012548121
9.209687500,-0.012813792
9.209750000,-0.013083293
9.209812500,-0.013163299
9.209875000,-0.012985985
9.209937500,-0.012600921
9.210000000,-0.012142048
9.210062500,-0.011737877
9.210125000,-0.011491814
9.210187500,-0.011423017
9.210250000,-0.011483178
9.210312500,-0.011582611
9.210375000,-0.011668883
9.210437500,-0.011723821
9.210500000,-0.011765551
9.210562500,-0.011816191
9.210625000,-0.011915532
9.210687500,-0.012083829
9.210750000,-0.012330297
9.210812500,-0.012649992
9.210875000,-0.013050486
9.210937500,-0.013520006
9.211000000,-0.014024537
9.211062500,-0.014496358
9.211125000,-0.014876118
9.211187500,-0.015103070
9.211250000,-0.015154029
9.211312500,-0.015050585
9.211375000,-0.014889584
9.211437500,-0.014770676
9.211500000,-0.014777532
9.211562500,-0.014939051
9.211625000,-0.015251358
9.211687500,-0.015638975
9.211750000,-0.016001150
9.211812500,-0.016245309
9.211875000,-0.016344316
9.211937500,-0.016306752
9.212000000,-0.016189398
9.212062500,-0.016071526
9.212125000,-0.016027911
9.212187500,-0.016059780
9.212250000,-0.016095273
9.212312500,-0.016010439
9.212375000,-0.015681593
9.212437500,-0.015017526
9.212500000,-0.014024537
9.212562500,-0.012826358
9.212625000,-0.011625642
9.212687500,-0.010609197
9.212750000,-0.009883063
9.212812500,-0.009436290
9.212875000,-0.009142212
9.212937500,-0.008809001
9.213000000,-0.008282948
9.213062500,-0.007533581
9.213125000,-0.006650058
9.213187500,-0.005785099
9.213250000,-0.005082718
9.213312500,-0.004620105
9.213375000,-0.004352050
9.213437500,-0.004143370
9.213500000,-0.003859101
9.213562500,-0.003460176
9.213625000,-0.003002824
9.213687500,-0.002599294
9.213750000,-0.002353110
9.213812500,-0.002301263
9.213875000,-0.002352119
9.213937500,-0.002310397
9.214000000,-0.001976613
9.214062500,-0.001263010
9.214125000,-0.000209069
9.214187500,0.001033743
9.214250000,0.002258986
9.214312500,0.003275081
9.214375000,0.004002432
9.214437500,0.004497108
9.214500000,0.004894469
9.214562500,0.005317711
9.214625000,0.005841521
9.214687500,0.006473866
9.214750000,0.007153455
9.214812500,0.007771956
9.214875000,0.008252678
9.214937500,0.008592300
9.215000000,0.008847695
9.215062500,0.009089482
9.215125000,0.009400738
9.215187500,0.009847108
9.215250000,0.010447809
9.215312500,0.011151834
9.215375000,0.011910814
9.215437500,0.012685910
9.215500000,0.013459790
9.215562500,0.014212377
9.215625000,0.014961667
9.215687500,0.015720133
9.215750000,0.016471772
9.215812500,0.017136263
9.215875000,0.017658757
9.215937500,0.017999675
9.216000000,0.018166009
9.216062500,0.018187579
9.216125000,0.018191686
9.216187500,0.018310944
9.216250000,0.018636633
9.216312500,0.019139608
9.216375000,0.019749941
9.216437500,0.020324461
9.216500000,0.020707369
9.216562500,0.020753570
9.216625000,0.020468432
9.216687500,0.019955227
9.216750000,0.019389628
9.216812500,0.018915849
9.216875000,0.018687237
9.216937500,0.018742755
9.217000000,0.019013131
9.217062500,0.019310495
9.217125000,0.019511564
9.217187500,0.019532772
9.217250000,0.019389628
9.217312500,0.019148458
9.217375000,0.019008510
9.217437500,0.019128596
9.217500000,0.019577878
9.217562500,0.020248972
9.217625000,0.021010829
9.217687500,0.021659112
9.217750000,0.022025112
9.217812500,0.021996204
9.217875000,0.021696109
9.217937500,0.021337975
9.218000000,0.021177992
9.218062500,0.021367647
9.218125000,0.022037245
9.218187500,0.023132870
9.218250000,0.024472345
9.218312500,0.025754832
9.218375000,0.026808647
9.218437500,0.027512819
9.218500000,0.027860826
9.218562500,0.027888047
9.218625000,0.027791508
9.218687500,0.027720556
9.218750000,0.027766701
9.218812500,0.027887447
9.218875000,0.028090192
9.218937500,0.028316295
9.219000000,0.028519696
9.219062500,0.028633904
9.219125000,0.028753260
9.219187500,0.028948499
9.219250000,0.029272690
9.219312500,0.029673371
9.219375000,0.030155685
9.219437500,0.030644717
9.219500000,0.031061055
9.219562500,0.031302519
9.219625000,0.031436540
9.219687500,0.031542566
9.219750000,0.031719927
9.219812500,0.031990945
9.219875000,0.032434661
9.219937500,0.033027120
9.220000000,0.033696536
9.220062500,0.034304265
9.220125000,0.034831326
9.220187500,0.035253573
9.220250000,0.035579026
9.220312500,0.035782237
9.220375000,0.035945226
9.220437500,0.036094353
9.220500000,0.036237895
9.220562500,0.036322869
9.220625000,0.036387265
9.220687500,0.036424633
9.220750000,0.036426149
9.220812500,0.036338978
9.220875000,0.036216605
9.220937500,0.036078468
9.221000000,0.035955522
9.221062500,0.035842922
9.221125000,0.035837889
9.221187500,0.035970669
9.221250000,0.036237895
9.221312500,0.036556363
9.221375000,0.036907334
9.221437500,0.037205141
9.221500000,0.037367389
9.221562500,0.037303373
9.221625000,0.037066232
9.221687500,0.036712021
9.221750000,0.036332019
9.221812500,0.035986695
9.221875000,0.035800274
9.221937500,0.035782229
9.222000000,0.035861399
9.222062500,0.035867147
9.222125000,0.035706453
9.222187500,0.035272669
9.222250000,0.034543656
9.222312500,0.033564828
9.222375000,0.032558531
9.222437500,0.031712171
9.222500000,0.031155180
9.222562500,0.030869305
9.222625000,0.030816523
9.222687500,0.030819302
9.222750000,0.030684557
9.222812500,0.030241095
9.222875000,0.029526984
9.222937500,0.028624419
9.223000000,0.027672576
9.223062500,0.026771253
9.223125000,0.026068132
9.223187500,0.025572905
9.223250000,0.025225341
9.223312500,0.024897585
9.223375000,0.024567962
9.223437500,0.024183469
9.223500000,0.023719350
9.223562500,0.023138264
9.223625000,0.022510486
9.223687500,0.021851204
9.223750000,0.021177992
9.223812500,0.020484516
9.223875000,0.019871239
9.223937500,0.019376174
9.224000000,0.019013131
9.224062500,0.018727783
9.224125000,0.018533453
9.224187500,0.018365961
9.224250000,0.018166009
9.224312500,0.017874194
9.224375000,0.017561721
9.224437500,0.017268708
9.224500000,0.017036518
9.224562500,0.016860275
9.224625000,0.016793672
9.224687500,0.016805511
9.224750000,0.016848268
9.224812500,0.016854005
9.224875000,0.016856683
9.224937500,0.016853800
9.225000000,0.016848268
9.225062500,0.016815165
9.225125000,0.016792601
9.225187500,0.016753688
9.225250000,0.016660020
9.225312500,0.016453272
9.225375000,0.016169751
9.225437500,0.015820926
9.225500000,0.015436403
9.225562500,0.015033036
9.225625000,0.014690364
9.225687500,0.014422284
9.225750000,0.014212786
9.225812500,0.014004632
9.225875000,0.013802429
9.225937500,0.013586930
9.226000000,0.013365666
9.226062500,0.013153286
9.226125000,0.013037166
9.226187500,0.013049417
9.226250000,0.013177417
9.226312500,0.013336862
9.226375000,0.013459431
9.226437500,0.013433733
9.226500000,0.013177417
9.226562500,0.012651845
9.226625000,0.011945582
9.226687500,0.011169809
9.226750000,0.010447809
9.226812500,0.009852550
9.226875000,0.009448625
9.226937500,0.009203302
9.227000000,0.009035943
9.227062500,0.008836661
9.227125000,0.008578099
9.227187500,0.008254337
9.227250000,0.007906451
9.227312500,0.007581609
9.227375000,0.007377142
9.227437500,0.007331194
9.227500000,0.007435828
9.227562500,0.007620617
9.227625000,0.007840998
9.227687500,0.008019582
9.227750000,0.008094699
9.227812500,0.008017896
9.227875000,0.007831166
9.227937500,0.007583215
9.228000000,0.007341704
9.228062500,0.007155524
9.228125000,0.007097387
9.228187500,0.007173148
9.228250000,0.007341704
9.228312500,0.007509732
9.228375000,0.007624800
9.228437500,0.007634046
9.228500000,0.007529953
9.228562500,0.007338706
9.228625000,0.007163235
9.228687500,0.007085294
9.228750000,0.007153455
9.228812500,0.007348287
9.228875000,0.007639148
9.228937500,0.007944812
9.229000000,0.008188824
9.229062500,0.008316785
9.229125000,0.008365488
9.229187500,0.008392756
9.229250000,0.008471197
9.229312500,0.008642586
9.229375000,0.008937459
9.229437500,0.009315390
9.229500000,0.009694814
9.229562500,0.009973359
9.229625000,0.010099731
9.229687500,0.010057017
9.229750000,0.009883063
9.229812500,0.009646041
9.229875000,0.009444690
9.229937500,0.009334929
9.230000000,0.009318316
9.230062500,0.009335830
9.230125000,0.009317650
9.230187500,0.009193287
9.230250000,0.008941819
9.230312500,0.008606412
9.230375000,0.008300398
9.230437500,0.008137004
9.230500000,0.008188824
9.230562500,0.008449187
9.230625000,0.008836908
9.230687500,0.009206319
9.230750000,0.009412440
9.230812500,0.009367068
9.230875000,0.009076438
9.230937500,0.008614677
9.231000000,0.008094699
9.231062500,0.007623983
9.231125000,0.007267260
9.231187500,0.007026875
9.231250000,0.006871082
9.231312500,0.006772159
9.231375000,0.006714544
9.231437500,0.006688907
9.231500000,0.006682833
9.231562500,0.006674886
9.231625000,0.006614701
9.231687500,0.006440194
9.231750000,0.006118086
9.231812500,0.005682201
9.231875000,0.005212213
9.231937500,0.004801424
9.232000000,0.004517972
9.232062500,0.004384987
9.232125000,0.004337921
9.232187500,0.004260644
9.232250000,0.004047350
9.232312500,0.003672648
9.232375000,0.003168633
9.232437500,0.002609735
9.232500000,0.002070737
9.232562500,0.001607043
9.232625000,0.001186252
9.232687500,0.000733393
9.232750000,0.000188249
9.232812500,-0.000419484
9.232875000,-0.001024171
9.232937500,-0.001533101
9.233000000,-0.001882488
9.233062500,-0.002053998
9.233125000,-0.002153975
9.233187500,-0.002336726
9.233250000,-0.002729608
9.233312500,-0.003337718
9.233375000,-0.004101265
9.233437500,-0.004905032
9.233500000,-0.005647464
9.233562500,-0.006264926
9.233625000,-0.006825206
9.233687500,-0.007440721
9.233750000,-0.008188824
9.233812500,-0.009012544
9.233875000,-0.009799380
9.233937500,-0.010400857
9.234000000,-0.010730183
9.234062500,-0.010803010
9.234125000,-0.010817151
9.234187500,-0.011037219
9.234250000,-0.011671427
9.234312500,-0.012733698
9.234375000,-0.014082645
9.234437500,-0.015449396
9.234500000,-0.016565897
9.234562500,-0.017260009
9.234625000,-0.017591003
9.234687500,-0.017773809
9.234750000,-0.018071886
9.234812500,-0.018639643
9.234875000,-0.019514559
9.234937500,-0.020580605
9.235000000,-0.021648614
9.235062500,-0.022528086
9.235125000,-0.023176640
9.235187500,-0.023658680
9.235250000,-0.024095848
9.235312500,-0.024557620
9.235375000,-0.025079751
9.235437500,-0.025611982
9.235500000,-0.026072461
9.235562500,-0.026381990
9.235625000,-0.026578225
9.235687500,-0.026753249
9.235750000,-0.027013704
9.235812500,-0.027391616
9.235875000,-0.027881360
9.235937500,-0.028391698
9.236000000,-0.028802069
9.236062500,-0.028991925
9.236125000,-0.028948933
9.236187500,-0.028707573
9.236250000,-0.028331446
9.236312500,-0.027850606
9.236375000,-0.027309580
9.236437500,-0.026713295
9.236500000,-0.026072461
9.236562500,-0.025406318
9.236625000,-0.024818072
9.236687500,-0.024396155
9.236750000,-0.024189973
9.236812500,-0.024154022
9.236875000,-0.024220487
9.236937500,-0.024265751
9.237000000,-0.024189973
9.237062500,-0.023941886
9.237125000,-0.023612536
9.237187500,-0.023315752
9.237250000,-0.023154603
9.237312500,-0.023140615
9.237375000,-0.023252079
9.237437500,-0.023365626
9.237500000,-0.023342853
9.237562500,-0.023150092
9.237625000,-0.022735339
9.237687500,-0.022112006
9.237750000,-0.021366240
9.237812500,-0.020700363
9.237875000,-0.020254044
9.237937500,-0.020087108
9.238000000,-0.020142624
9.238062500,-0.020302938
9.238125000,-0.020329645
9.238187500,-0.020010950
9.238250000,-0.019295502
9.238312500,-0.018402759
9.238375000,-0.017618582
9.238437500,-0.017163036
9.238500000,-0.017036518
9.238562500,-0.017033672
9.238625000,-0.016733877
9.238687500,-0.015809588
9.238750000,-0.014306910
9.238812500,-0.012793044
9.238875000,-0.011984401
9.238937500,-0.012371792
9.239000000,-0.013836288
9.239062500,-0.015627777
9.239125000,-0.016538067
9.239187500,-0.015628988
9.239250000,-0.012895043
9.239312500,-0.009567131
9.239375000,-0.007511351
9.239437500,-0.008315698
9.239500000,-0.012236172
9.239562500,-0.017717373
9.239625000,-0.021566775
9.239687500,-0.020247463
9.239750000,-0.011483178
9.239812500,0.004438874
9.239875000,0.024648938
9.239937500,0.044574749
9.240000000,0.059674874
9.240062500,0.067085683
9.240125000,0.066770084
9.240187500,0.061202511
9.240250000,0.054121532
9.240312500,0.048813459
9.240375000,0.047060266
9.240437500,0.048675112
9.240500000,0.052050799
9.240562500,0.055142872
9.240625000,0.056678958
9.240687500,0.056532905
9.240750000,0.055533402
9.240812500,0.054744743
9.240875000,0.055001829
9.240937500,0.056454714
9.241000000,0.058639508
9.241062500,0.060764626
9.241125000,0.062310558
9.241187500,0.063156247
9.241250000,0.063533977
9.241312500,0.063723572
9.241375000,0.063982747
9.241437500,0.064343303
9.241500000,0.064663462
9.241562500,0.064709850
9.241625000,0.064445749
9.241687500,0.064003713
9.241750000,0.063628100
9.241812500,0.063504554
9.241875000,0.063783243
9.241937500,0.064482145
9.242000000,0.065510593
9.242062500,0.066678710
9.242125000,0.067849971
9.242187500,0.068924397
9.242250000,0.069840305
9.242312500,0.070530437
9.242375000,0.070997722
9.242437500,0.071280494
9.242500000,0.071440428
9.242562500,0.071474552
9.242625000,0.071519285
9.242687500,0.071578629
9.242750000,0.071628675
9.242812500,0.071592592
9.242875000,0.071549490
9.242937500,0.071500704
9.243000000,0.071440428
9.243062500,0.071301743
9.243125000,0.071119435
9.243187500,0.070818760
9.243250000,0.070310935
9.243312500,0.069483213
9.243375000,0.068390623
9.243437500,0.067048647
9.243500000,0.065510593
9.243562500,0.063816667
9.243625000,0.062133092
9.243687500,0.060503915
9.243750000,0.058921877
9.243812500,0.057301667
9.243875000,0.055663690
9.243937500,0.053931363
9.244000000,0.052050799
9.244062500,0.049986694
9.244125000,0.047874808
9.244187500,0.045781422
9.244250000,0.043767847
9.244312500,0.041846439
9.244375000,0.040110275
9.244437500,0.038516700
9.244500000,0.036990892
9.244562500,0.035432287
9.244625000,0.033877421
9.244687500,0.032296363
9.244750000,0.030684557
9.244812500,0.029039918
9.244875000,0.027478114
9.244937500,0.025997117
9.245000000,0.024566470
9.245062500,0.023125742
9.245125000,0.021726433
9.245187500,0.020330422
9.245250000,0.018919006
9.245312500,0.017491868
9.245375000,0.016174613
9.245437500,0.014988667
9.245500000,0.013930413
9.245562500,0.012964445
9.245625000,0.012135968
9.245687500,0.011380391
9.245750000,0.010636058
9.245812500,0.009861368
9.245875000,0.009130965
9.245937500,0.008427723
9.246000000,0.007718201
9.246062500,0.006952921
9.246125000,0.006147487
9.246187500,0.005227710
9.246250000,0.004141474
9.246312500,0.002897587
9.246375000,0.001632113
9.246437500,0.000444197
9.246500000,-0.000564746
9.246562500,-0.001317059
9.246625000,-0.001748526
9.246687500,-0.001946743
9.246750000,-0.002070737
9.246812500,-0.002295112
9.246875000,-0.002726317
9.246937500,-0.003462669
9.247000000,-0.004517972
9.247062500,-0.005809183
9.247125000,-0.007167548
9.247187500,-0.008462753
9.247250000,-0.009600690
9.247312500,-0.010536049
9.247375000,-0.011260754
9.247437500,-0.011855758
9.247500000,-0.012424421
9.247562500,-0.013045749
9.247625000,-0.013741814
9.247687500,-0.014518156
9.247750000,-0.015342278
9.247812500,-0.016151881
9.247875000,-0.016879303
9.247937500,-0.017510325
9.248000000,-0.018071886
9.248062500,-0.018610008
9.248125000,-0.019175265
9.248187500,-0.019811593
9.248250000,-0.020519121
9.248312500,-0.021236314
9.248375000,-0.021883070
9.248437500,-0.022401493
9.248500000,-0.022778107
9.248562500,-0.023033721
9.248625000,-0.023240577
9.248687500,-0.023465529
9.248750000,-0.023719350
9.248812500,-0.023913017
9.248875000,-0.023937216
9.248937500,-0.023692107
9.249000000,-0.023154603
9.249062500,-0.022385877
9.249125000,-0.021580681
9.249187500,-0.020945663
9.249250000,-0.020613244
9.249312500,-0.020546464
9.249375000,-0.020606929
9.249437500,-0.020569013
9.249500000,-0.020236747
9.249562500,-0.019512303
9.249625000,-0.018501192
9.249687500,-0.017412350
9.249750000,-0.016471772
9.249812500,-0.015797030
9.249875000,-0.015401531
9.249937500,-0.015152882
9.250000000,-0.014871657
9.250062500,-0.014414990
9.250125000,-0.013792708
9.250187500,-0.013108059
9.250250000,-0.012518546
9.250312500,-0.012142655
9.250375000,-0.012047243
9.250437500,-0.012177892
9.250500000,-0.012424421
9.250562500,-0.012675127
9.250625000,-0.012920370
9.250687500,-0.013191200
9.250750000,-0.013553915
9.250812500,-0.014047909
9.250875000,-0.014708624
9.250937500,-0.015482618
9.251000000,-0.016283523
9.251062500,-0.017024178
9.251125000,-0.017687503
9.251187500,-0.018256832
9.251250000,-0.018730756
9.251312500,-0.019091964
9.251375000,-0.019364089
9.251437500,-0.019529268
9.251500000,-0.019577878
9.251562500,-0.019514760
9.251625000,-0.019401368
9.251687500,-0.019264787
9.251750000,-0.019107254
9.251812500,-0.018886594
9.251875000,-0.018561251
9.251937500,-0.018037291
9.252000000,-0.017224766
9.252062500,-0.016070995
9.252125000,-0.014613518
9.252187500,-0.012939111
9.252250000,-0.011200804
9.252312500,-0.009587604
9.252375000,-0.008268910
9.252437500,-0.007295989
9.252500000,-0.006588709
9.252562500,-0.005970956
9.252625000,-0.005256373
9.252687500,-0.004338558
9.252750000,-0.003294354
9.252812500,-0.002391680
9.252875000,-0.001969159
9.252937500,-0.002232939
9.253000000,-0.003106105
9.253062500,-0.004193972
9.253125000,-0.004907466
9.253187500,-0.004705573
9.253250000,-0.003388479
9.253312500,-0.001253584
9.253375000,0.000980642
9.253437500,0.002494413
9.253500000,0.002729608
9.253562500,0.001667691
9.253625000,-0.000158708
9.253687500,-0.001863694
9.253750000,-0.002635483
9.253812500,-0.002101644
9.253875000,-0.000530269
9.253937500,0.001378027
9.254000000,0.002823732
9.254062500,0.003318028
9.254125000,0.002844295
9.254187500,0.001905768
9.254250000,0.001223617
9.254312500,0.001405272
9.254375000,0.002580039
9.254437500,0.004461873
9.254500000,0.006494584
9.254562500,0.008174090
9.254625000,0.009168077
9.254687500,0.009515905
9.254750000,0.009506566
9.254812500,0.009526034
9.254875000,0.009750543
9.254937500,0.010175036
9.255000000,0.010636058
9.255062500,0.010982138
9.255125000,0.011062345
9.255187500,0.010879832
9.255250000,0.010541934
9.255312500,0.010236349
9.255375000,0.010010078
9.255437500,0.009850752
9.255500000,0.009694814
9.255562500,0.009542250
9.255625000,0.009318614
9.255687500,0.008999593
9.255750000,0.008565322
9.255812500,0.008053539
9.255875000,0.007350074
9.255937500,0.006370152
9.256000000,0.005082718
9.256062500,0.003626427
9.256125000,0.002084117
9.256187500,0.000571723
9.256250000,-0.000847120
9.256312500,-0.002113733
9.256375000,-0.003405144
9.256437500,-0.004911286
9.256500000,-0.006776957
9.256562500,-0.008938424
9.256625000,-0.011340218
9.256687500,-0.013817130
9.256750000,-0.016189398
9.256812500,-0.018238630
9.256875000,-0.019988626
9.256937500,-0.021525670
9.257000000,-0.022966355
9.257062500,-0.024302874
9.257125000,-0.025597706
9.257187500,-0.026849525
9.257250000,-0.028049074
9.257312500,-0.029129906
9.257375000,-0.030204497
9.257437500,-0.031406853
9.257500000,-0.032849420
9.257562500,-0.034477249
9.257625000,-0.036270872
9.257687500,-0.038142148
9.257750000,-0.040002871
9.257812500,-0.041728687
9.257875000,-0.043410879
9.257937500,-0.045199748
9.258000000,-0.047250453
9.258062500,-0.049549893
9.258125000,-0.052095857
9.258187500,-0.054755308
9.258250000,-0.057321765
9.258312500,-0.059491467
9.258375000,-0.061165560
9.258437500,-0.062348444
9.258500000,-0.063157476
9.258562500,-0.063680321
9.258625000,-0.064158037
9.258687500,-0.064768389
9.258750000,-0.065604717
9.258812500,-0.066558160
9.258875000,-0.067600347
9.258937500,-0.068633817
9.259000000,-0.069557935
9.259062500,-0.070191316
9.259125000,-0.070562653
9.259187500,-0.070707195
9.259250000,-0.070687436
9.259312500,-0.070466347
9.259375000,-0.070176318
9.259437500,-0.069886655
9.259500000,-0.069652058
9.259562500,-0.069414258
9.259625000,-0.069283292
9.259687500,-0.069296189
9.259750000,-0.069463812
9.259812500,-0.069670402
9.259875000,-0.069952697
9.259937500,-0.070272021
9.260000000,-0.070593305
9.260062500,-0.070811346
9.260125000,-0.071018234
9.260187500,-0.071250491
9.260250000,-0.071534552
9.260312500,-0.071785562
9.260375000,-0.072059385
9.260437500,-0.072308175
9.260500000,-0.072475791
9.260562500,-0.072446153
9.260625000,-0.072325870
9.260687500,-0.072180085
9.260750000,-0.072099291
9.260812500,-0.072094917
9.260875000,-0.072334044
9.260937500,-0.072826155
9.261000000,-0.073511161
9.261062500,-0.074197985
9.261125000,-0.074874140
9.261187500,-0.075427026
9.261250000,-0.075770147
9.261312500,-0.075780883
9.261375000,-0.075577512
9.261437500,-0.075189106
9.261500000,-0.074640654
9.261562500,-0.073864862
9.261625000,-0.072985224
9.261687500,-0.071994424
9.261750000,-0.070875682
9.261812500,-0.069541872
9.261875000,-0.068140045
9.261937500,-0.066717669
9.262000000,-0.065322340
9.262062500,-0.063904658
9.262125000,-0.062599115
9.262187500,-0.061374176
9.262250000,-0.060145497
9.262312500,-0.058718771
9.262375000,-0.057141215
9.262437500,-0.055400398
9.262500000,-0.053556789
9.262562500,-0.051645394
9.262625000,-0.049948905
9.262687500,-0.048578911
9.262750000,-0.047532827
9.262812500,-0.046590935
9.262875000,-0.045684598
9.262937500,-0.044622365
9.263000000,-0.043297227
9.263062500,-0.041654360
9.263125000,-0.040016111
9.263187500,-0.038643692
9.263250000,-0.037743889
9.263312500,-0.037282947
9.263375000,-0.037291110
9.263437500,-0.037537351
9.263500000,-0.037743889
9.263562500,-0.037599299
9.263625000,-0.037179966
9.263687500,-0.036576662
9.263750000,-0.035955522
9.263812500,-0.035370316
9.263875000,-0.035059843
9.263937500,-0.035029925
9.264000000,-0.035202529
9.264062500,-0.035367992
9.264125000,-0.035606530
9.264187500,-0.035918098
9.264250000,-0.036332019
9.264312500,-0.036772661
9.264375000,-0.037383933
9.264437500,-0.038138673
9.264500000,-0.038967505
9.264562500,-0.039689299
9.264625000,-0.040384807
9.264687500,-0.041049860
9.264750000,-0.041697115
9.264812500,-0.042240866
9.264875000,-0.042808458
9.264937500,-0.043392185
9.265000000,-0.043956097
9.265062500,-0.044360649
9.265125000,-0.044691138
9.265187500,-0.044955991
9.265250000,-0.045179714
9.265312500,-0.045304213
9.265375000,-0.045477461
9.265437500,-0.045744408
9.265500000,-0.046120960
9.265562500,-0.046502199
9.265625000,-0.046957713
9.265687500,-0.047465149
9.265750000,-0.048003450
9.265812500,-0.048474248
9.265875000,-0.048992202
9.265937500,-0.049607433
9.266000000,-0.050356556
9.266062500,-0.051147651
9.266125000,-0.052037235
9.266187500,-0.052964151
9.266250000,-0.053839162
9.266312500,-0.054478377
9.266375000,-0.054910924
9.266437500,-0.055129033
9.266500000,-0.055156901
9.266562500,-0.054953448
9.266625000,-0.054672390
9.266687500,-0.054400478
9.266750000,-0.054215658
9.266812500,-0.054089352
9.266875000,-0.054132082
9.266937500,-0.054327037
9.267000000,-0.054592159
9.267062500,-0.054715529
9.267125000,-0.054657131
9.267187500,-0.054354720
9.267250000,-0.053839162
9.267312500,-0.053165656
9.267375000,-0.052617017
9.267437500,-0.052376974
9.267500000,-0.052521419
9.267562500,-0.052907098
9.267625000,-0.053428337
9.267687500,-0.053857569
9.267750000,-0.054027408
9.267812500,-0.053848341
9.267875000,-0.053542711
9.267937500,-0.053344268
9.268000000,-0.053462666
9.268062500,-0.053922299
9.268125000,-0.054734744
9.268187500,-0.055698708
9.268250000,-0.056568768
9.268312500,-0.057101086
9.268375000,-0.057338480
9.268437500,-0.057365842
9.268500000,-0.057321765
9.268562500,-0.057254594
9.268625000,-0.057267990
9.268687500,-0.057276193
9.268750000,-0.057133518
9.268812500,-0.056661882
9.268875000,-0.055915866
9.268937500,-0.054962661
9.269000000,-0.053933285
9.269062500,-0.052915562
9.269125000,-0.052087203
9.269187500,-0.051449828
9.269250000,-0.050921306
9.269312500,-0.050333995
9.269375000,-0.049663015
9.269437500,-0.048833903
9.269500000,-0.047815196
9.269562500,-0.046576995
9.269625000,-0.045240983
9.269687500,-0.043851968
9.269750000,-0.042450108
9.269812500,-0.041040514
9.269875000,-0.039728265
9.269937500,-0.038513817
9.270000000,-0.037367389
9.270062500,-0.036218297
9.270125000,-0.035102326
9.270187500,-0.034002952
9.270250000,-0.032943543
9.270312500,-0.031972900
9.270375000,-0.031250257
9.270437500,-0.030827463
9.270500000,-0.030684557
9.270562500,-0.030706894
9.270625000,-0.030796351
9.270687500,-0.030752234
9.270750000,-0.030402184
9.270812500,-0.029652834
9.270875000,-0.028586181
9.270937500,-0.027288415
9.271000000,-0.025884213
9.271062500,-0.024500895
9.271125000,-0.023280274
9.271187500,-0.022222614
9.271250000,-0.021272115
9.271312500,-0.020368306
9.271375000,-0.019519139
9.271437500,-0.018691648
9.271500000,-0.017883638
9.271562500,-0.017128566
9.271625000,-0.016485108
9.271687500,-0.015896190
9.271750000,-0.015248154
9.271812500,-0.014426988
9.271875000,-0.013355967
9.271937500,-0.011959597
9.272000000,-0.010259560
9.272062500,-0.008418007
9.272125000,-0.006663129
9.272187500,-0.005152099
9.272250000,-0.003953225
9.272312500,-0.003056074
9.272375000,-0.002334050
9.272437500,-0.001565476
9.272500000,-0.000564746
9.272562500,0.000695819
9.272625000,0.002132409
9.272687500,0.003610749
9.272750000,0.004988594
9.272812500,0.006143468
9.272875000,0.007100692
9.272937500,0.008025520
9.273000000,0.009130068
9.273062500,0.010528369
9.273125000,0.012283624
9.273187500,0.014367561
9.273250000,0.016660020
9.273312500,0.018937476
9.273375000,0.021042027
9.273437500,0.022893749
9.273500000,0.024472345
9.273562500,0.025738748
9.273625000,0.026727024
9.273687500,0.027502572
9.273750000,0.028143197
9.273812500,0.028686099
9.273875000,0.029237598
9.273937500,0.029927619
9.274000000,0.030872805
9.274062500,0.032089315
9.274125000,0.033581883
9.274187500,0.035288841
9.274250000,0.037085015
9.274312500,0.038760107
9.274375000,0.040178627
9.274437500,0.041275419
9.274500000,0.042073611
9.274562500,0.042622257
9.274625000,0.043065835
9.274687500,0.043526042
9.274750000,0.044050224
9.274812500,0.044547398
9.274875000,0.044927713
9.274937500,0.045106322
9.275000000,0.045085590
9.275062500,0.044948012
9.275125000,0.044947270
9.275187500,0.045344915
9.275250000,0.046309207
9.275312500,0.047779135
9.275375000,0.049580786
9.275437500,0.051395450
9.275500000,0.052897915
9.275562500,0.053819593
9.275625000,0.054151095
9.275687500,0.054004934
9.275750000,0.053556789
9.275812500,0.052893631
9.275875000,0.052118283
9.275937500,0.051219136
9.276000000,0.050168309
9.276062500,0.048934937
9.276125000,0.047689106
9.276187500,0.046606500
9.276250000,0.045838587
9.276312500,0.045380052
9.276375000,0.045216303
9.276437500,0.045180712
9.276500000,0.045085590
9.276562500,0.044747584
9.276625000,0.044220228
9.276687500,0.043581933
9.276750000,0.042920731
9.276812500,0.042199418
9.276875000,0.041433800
9.276937500,0.040513713
9.277000000,0.039344002
9.277062500,0.037857808
9.277125000,0.036268752
9.277187500,0.034805588
9.277250000,0.033696536
9.277312500,0.033007104
9.277375000,0.032825712
9.277437500,0.033027526
9.277500000,0.033414163
9.277562500,0.033727579
9.277625000,0.033960450
9.277687500,0.034118019
9.277750000,0.034261286
9.277812500,0.034377094
9.277875000,0.034582999
9.277937500,0.034851804
9.278000000,0.035108406
9.278062500,0.035193361
9.278125000,0.035155855
9.278187500,0.034993373
9.278250000,0.034731906
9.278312500,0.034340899
9.278375000,0.033949804
9.278437500,0.033577524
9.278500000,0.033225916
9.278562500,0.032839999
9.278625000,0.032537725
9.278687500,0.032368604
9.278750000,0.032378796
9.278812500,0.032536704
9.278875000,0.032908492
9.278937500,0.033427879
9.279000000,0.033978913
9.279062500,0.034377791
9.279125000,0.034600720
9.279187500,0.034610718
9.279250000,0.034449533
9.279312500,0.034188673
9.279375000,0.034062892
9.279437500,0.034219582
9.279500000,0.034731906
9.279562500,0.035532828
9.279625000,0.036564499
9.279687500,0.037645154
9.279750000,0.038591005
9.279812500,0.039248727
9.279875000,0.039650716
9.279937500,0.039864480
9.280000000,0.040002871
9.280062500,0.040141802
9.280125000,0.040374946
9.280187500,0.040653870
9.280250000,0.040849991
9.280312500,0.040777653
9.280375000,0.040349029
9.280437500,0.039490066
9.280500000,0.038214508
9.280562500,0.036601644
9.280625000,0.034860756
9.280687500,0.033158064
9.280750000,0.031625804
9.280812500,0.030321039
9.280875000,0.029301053
9.280937500,0.028511606
9.281000000,0.027860826
9.281062500,0.027240651
9.281125000,0.026628340
9.281187500,0.025988679
9.281250000,0.025319466
9.281312500,0.024628170
9.281375000,0.023981908
9.281437500,0.023377780
9.281500000,0.022778107
9.281562500,0.022107627
9.281625000,0.021346748
9.281687500,0.020445002
9.281750000,0.019389628
9.281812500,0.018203547
9.281875000,0.017008115
9.281937500,0.015880786
9.282000000,0.014871657
9.282062500,0.013975162
9.282125000,0.013195978
9.282187500,0.012455671
9.282250000,0.011671427
9.282312500,0.010780793
9.282375000,0.009830858
9.282437500,0.008855155
9.282500000,0.007906451
9.282562500,0.006969182
9.282625000,0.006186558
9.282687500,0.005595475
9.282750000,0.005176842
9.282812500,0.004778808
9.282875000,0.004372868
9.282937500,0.003861125
9.283000000,0.003200230
9.283062500,0.002370902
9.283125000,0.001566773
9.283187500,0.000916527
9.283250000,0.000470622
9.283312500,0.000109355
9.283375000,-0.000247194
9.283437500,-0.000721623
9.283500000,-0.001317742
9.283562500,-0.001923331
9.283625000,-0.002235150
9.283687500,-0.002075935
9.283750000,-0.001505991
9.283812500,-0.000900149
9.283875000,-0.000673451
9.283937500,-0.001148092
9.284000000,-0.002258986
9.284062500,-0.003530996
9.284125000,-0.004179033
9.284187500,-0.003665149
9.284250000,-0.002070737
9.284312500,-0.000254511
9.284375000,0.000561830
9.284437500,-0.000661510
9.284500000,-0.004047350
9.284562500,-0.008467678
9.284625000,-0.011693004
9.284687500,-0.011305661
9.284750000,-0.005741589
9.284812500,0.004868493
9.284875000,0.018626796
9.284937500,0.032422841
9.285000000,0.043108981
9.285062500,0.048643544
9.285125000,0.048833653
9.285187500,0.045158684
9.285250000,0.040002871
9.285312500,0.035570718
9.285375000,0.033135626
9.285437500,0.032697979
9.285500000,0.033320040
9.285562500,0.033762466
9.285625000,0.033219282
9.285687500,0.031565707
9.285750000,0.029272690
9.285812500,0.026997739
9.285875000,0.025270168
9.285937500,0.024218267
9.286000000,0.023625227
9.286062500,0.023118941
9.286125000,0.022484645
9.286187500,0.021720620
9.286250000,0.020989744
9.286312500,0.020436695
9.286375000,0.020134717
9.286437500,0.019998478
9.286500000,0.019860249
9.286562500,0.019554723
9.286625000,0.019069828
9.286687500,0.018500099
9.286750000,0.017977761
9.286812500,0.017556470
9.286875000,0.017225593
9.286937500,0.016894937
9.287000000,0.016471772
9.287062500,0.015915073
9.287125000,0.015309813
9.287187500,0.014814195
9.287250000,0.014589284
9.287312500,0.014714195
9.287375000,0.015180707
9.287437500,0.015900835
9.287500000,0.016754145
9.287562500,0.017600080
9.287625000,0.018458029
9.287687500,0.019329069
9.287750000,0.020236747
9.287812500,0.021158352
9.287875000,0.022134345
9.287937500,0.023088695
9.288000000,0.023907598
9.288062500,0.024450680
9.288125000,0.024711154
9.288187500,0.024695439
9.288250000,0.024472345
9.288312500,0.024127146
9.288375000,0.023823503
9.288437500,0.023646636
9.288500000,0.023625227
9.288562500,0.023712149
9.288625000,0.023870856
9.288687500,0.024001494
9.288750000,0.024001725
9.288812500,0.023781644
9.288875000,0.023341769
9.288937500,0.022703111
9.289000000,0.021930987
9.289062500,0.021106686
9.289125000,0.020335838
9.289187500,0.019649189
9.289250000,0.019013131
9.289312500,0.018337179
9.289375000,0.017546622
9.289437500,0.016576018
9.289500000,0.015436403
9.289562500,0.014227193
9.289625000,0.013138925
9.289687500,0.012344384
9.289750000,0.011953799
9.289812500,0.011972763
9.289875000,0.012307990
9.289937500,0.012773593
9.290000000,0.013177417
9.290062500,0.013395756
9.290125000,0.013405264
9.290187500,0.013244290
9.290250000,0.012989169
9.290312500,0.012713049
9.290375000,0.012443359
9.290437500,0.012124443
9.290500000,0.011671427
9.290562500,0.011032079
9.290625000,0.010217282
9.290687500,0.009271911
9.290750000,0.008282948
9.290812500,0.007361101
9.290875000,0.006584483
9.290937500,0.005942075
9.291000000,0.005365091
9.291062500,0.004783202
9.291125000,0.004120801
9.291187500,0.003313928
9.291250000,0.002353110
9.291312500,0.001321022
9.291375000,0.000314005
9.291437500,-0.000586600
9.291500000,-0.001317742
9.291562500,-0.001804488
9.291625000,-0.002057290
9.291687500,-0.002145512
9.291750000,-0.002164861
9.291812500,-0.002165792
9.291875000,-0.002237458
9.291937500,-0.002465718
9.292000000,-0.002917857
9.292062500,-0.003583409
9.292125000,-0.004487786
9.292187500,-0.005629532
9.292250000,-0.006965206
9.292312500,-0.008354944
9.292375000,-0.009698285
9.292437500,-0.010910045
9.292500000,-0.011953799
9.292562500,-0.012805349
9.292625000,-0.013556560
9.292687500,-0.014316298
9.292750000,-0.015154029
9.292812500,-0.016014095
9.292875000,-0.016837439
9.292937500,-0.017558709
9.293000000,-0.018166009
9.293062500,-0.018686678
9.293125000,-0.019286091
9.293187500,-0.020144144
9.293250000,-0.021366240
9.293312500,-0.022873964
9.293375000,-0.024533208
9.293437500,-0.026168795
9.293500000,-0.027672576
9.293562500,-0.029022558
9.293625000,-0.030390747
9.293687500,-0.031977002
9.293750000,-0.033884790
9.293812500,-0.035981208
9.293875000,-0.038021557
9.293937500,-0.039686654
9.294000000,-0.040755868
9.294062500,-0.041191716
9.294125000,-0.041253820
9.294187500,-0.041316647
9.294250000,-0.041697115
9.294312500,-0.042461071
9.294375000,-0.043451086
9.294437500,-0.044316489
9.294500000,-0.044709094
9.294562500,-0.044445720
9.294625000,-0.043651711
9.294687500,-0.042665496
9.294750000,-0.041885361
9.294812500,-0.041567832
9.294875000,-0.041749503
9.294937500,-0.042216033
9.295000000,-0.042638354
9.295062500,-0.042731252
9.295125000,-0.042417601
9.295187500,-0.041806046
9.295250000,-0.041132364
9.295312500,-0.040619034
9.295375000,-0.040405575
9.295437500,-0.040445350
9.295500000,-0.040567622
9.295562500,-0.040562194
9.295625000,-0.040327616
9.295687500,-0.039856058
9.295750000,-0.039249878
9.295812500,-0.038648974
9.295875000,-0.038210470
9.295937500,-0.037967015
9.296000000,-0.037838012
9.296062500,-0.037641224
9.296125000,-0.037225831
9.296187500,-0.036436077
9.296250000,-0.035202529
9.296312500,-0.033540066
9.296375000,-0.031634375
9.296437500,-0.029659489
9.296500000,-0.027766701
9.296562500,-0.026002541
9.296625000,-0.024426457
9.296687500,-0.022953968
9.296750000,-0.021460366
9.296812500,-0.019798378
9.296875000,-0.017986758
9.296937500,-0.016041830
9.297000000,-0.014024537
9.297062500,-0.011967676
9.297125000,-0.010024051
9.297187500,-0.008251023
9.297250000,-0.006682833
9.297312500,-0.005294378
9.297375000,-0.004191790
9.297437500,-0.003401064
9.297500000,-0.002917857
9.297562500,-0.002642855
9.297625000,-0.002571019
9.297687500,-0.002601184
9.297750000,-0.002635483
9.297812500,-0.002560220
9.297875000,-0.002444736
9.297937500,-0.002328419
9.298000000,-0.002258986
9.298062500,-0.002210518
9.298125000,-0.002253364
9.298187500,-0.002350870
9.298250000,-0.002447235
9.298312500,-0.002449673
9.298375000,-0.002443349
9.298437500,-0.002500456
9.298500000,-0.002729608
9.298562500,-0.003191902
9.298625000,-0.004034578
9.298687500,-0.005260935
9.298750000,-0.006776957
9.298812500,-0.008363034
9.298875000,-0.009884740
9.298937500,-0.011174214
9.299000000,-0.012142048
9.299062500,-0.012765177
9.299125000,-0.013226226
9.299187500,-0.013713446
9.299250000,-0.014401034
9.299312500,-0.015353656
9.299375000,-0.016617764
9.299437500,-0.018105630
9.299500000,-0.019672001
9.299562500,-0.021138201
9.299625000,-0.022424968
9.299687500,-0.023478096
9.299750000,-0.024284096
9.299812500,-0.024831692
9.299875000,-0.025152300
9.299937500,-0.025269626
9.300000000,-0.025225341
9.300062500,-0.025076518
9.300125000,-0.024932643
9.300187500,-0.024896940
9.300250000,-0.025037091
9.300312500,-0.025342921
9.300375000,-0.025761267
9.300437500,-0.026192702
9.300500000,-0.026543085
9.300562500,-0.026745638
9.300625000,-0.026817493
9.300687500,-0.026801355
9.300750000,-0.026731333
9.300812500,-0.026587037
9.300875000,-0.026329454
9.300937500,-0.025908068
9.301000000,-0.025319466
9.301062500,-0.024629559
9.301125000,-0.023993038
9.301187500,-0.023566844
9.301250000,-0.023436978
9.301312500,-0.023548167
9.301375000,-0.023753393
9.301437500,-0.023836859
9.301500000,-0.023625227
9.301562500,-0.023051601
9.301625000,-0.022221010
9.301687500,-0.021297183
9.301750000,-0.020424996
9.301812500,-0.019634206
9.301875000,-0.018870074
9.301937500,-0.017982902
9.302000000,-0.016848268
9.302062500,-0.015442194
9.302125000,-0.013923409
9.302187500,-0.012506530
9.302250000,-0.011389053
9.302312500,-0.010642641
9.302375000,-0.010241888
9.302437500,-0.010017131
9.302500000,-0.009788939
9.302562500,-0.009456325
9.302625000,-0.009113249
9.302687500,-0.008918880
9.302750000,-0.009035943
9.302812500,-0.009507013
9.302875000,-0.010266768
9.302937500,-0.011061459
9.303000000,-0.011577302
9.303062500,-0.011546824
9.303125000,-0.010938675
9.303187500,-0.009882124
9.303250000,-0.008659446
9.303312500,-0.007579930
9.303375000,-0.006948825
9.303437500,-0.006867405
9.303500000,-0.007247579
9.303562500,-0.007833343
9.303625000,-0.008384802
9.303687500,-0.008667460
9.303750000,-0.008565322
9.303812500,-0.008086742
9.303875000,-0.007414933
9.303937500,-0.006739448
9.304000000,-0.006212211
9.304062500,-0.005871977
9.304125000,-0.005707242
9.304187500,-0.005588429
9.304250000,-0.005365091
9.304312500,-0.004921741
9.304375000,-0.004281621
9.304437500,-0.003533083
9.304500000,-0.002823732
9.304562500,-0.002291461
9.304625000,-0.002053778
9.304687500,-0.002106806
9.304750000,-0.002353110
9.304812500,-0.002637815
9.304875000,-0.002848306
9.304937500,-0.002927522
9.305000000,-0.002917857
9.305062500,-0.002935659
9.305125000,-0.003146478
9.305187500,-0.003647445
9.305250000,-0.004423847
9.305312500,-0.005332269
9.305375000,-0.006181698
9.305437500,-0.006784474
9.305500000,-0.007059331
9.305562500,-0.007066927
9.305625000,-0.007016459
9.305687500,-0.007126850
9.305750000,-0.007529953
9.305812500,-0.008191807
9.305875000,-0.008930065
9.305937500,-0.009472887
9.306000000,-0.009600690
9.306062500,-0.009258253
9.306125000,-0.008584778
9.306187500,-0.007832862
9.306250000,-0.007247579
9.306312500,-0.006950056
9.306375000,-0.006873466
9.306437500,-0.006800643
9.306500000,-0.006494584
9.306562500,-0.005846653
9.306625000,-0.004908475
9.306687500,-0.003880425
9.306750000,-0.003011981
9.306812500,-0.002503091
9.306875000,-0.002370249
9.306937500,-0.002480930
9.307000000,-0.002635483
9.307062500,-0.002706006
9.307125000,-0.002632583
9.307187500,-0.002475573
9.307250000,-0.002353110
9.307312500,-0.002397581
9.307375000,-0.002601940
9.307437500,-0.002879222
9.307500000,-0.003106105
9.307562500,-0.003237074
9.307625000,-0.003233961
9.307687500,-0.003136726
9.307750000,-0.003011981
9.307812500,-0.002948337
9.307875000,-0.002892473
9.307937500,-0.002735630
9.308000000,-0.002353110
9.308062500,-0.001721715
9.308125000,-0.000825360
9.308187500,0.000261230
9.308250000,0.001411866
9.308312500,0.002443792
9.308375000,0.003307572
9.308437500,0.004029440
9.308500000,0.004706220
9.308562500,0.005404563
9.308625000,0.006264628
9.308687500,0.007374922
9.308750000,0.008753570
9.308812500,0.010277221
9.308875000,0.011875603
9.308937500,0.013460608
9.309000000,0.014965781
9.309062500,0.016289704
9.309125000,0.017474521
9.309187500,0.018580515
9.309250000,0.019672001
9.309312500,0.020717060
9.309375000,0.021772074
9.309437500,0.022860598
9.309500000,0.024001725
9.309562500,0.025137957
9.309625000,0.026337598
9.309687500,0.027646447
9.309750000,0.029084442
9.309812500,0.030545412
9.309875000,0.032015748
9.309937500,0.033451967
9.310000000,0.034826029
9.310062500,0.036054973
9.310125000,0.037219010
9.310187500,0.038392741
9.310250000,0.039626375
9.310312500,0.040824909
9.310375000,0.041964248
9.310437500,0.042967729
9.310500000,0.043767847
9.310562500,0.044256885
9.310625000,0.044543315
9.310687500,0.044787575
9.310750000,0.045179714
9.310812500,0.045782227
9.310875000,0.046723377
9.310937500,0.047999676
9.311000000,0.049509440
9.311062500,0.050990354
9.311125000,0.052326296
9.311187500,0.053412601
9.311250000,0.054215658
9.311312500,0.054677144
9.311375000,0.054948065
9.311437500,0.055162899
9.311500000,0.055439275
9.311562500,0.055756807
9.311625000,0.056199785
9.311687500,0.056763276
9.311750000,0.057415888
9.311812500,0.058032960
9.311875000,0.058663193
9.311937500,0.059326075
9.312000000,0.060051370
9.312062500,0.060777042
9.312125000,0.061572198
9.312187500,0.062415704
9.312250000,0.063251607
9.312312500,0.063928634
9.312375000,0.064456835
9.312437500,0.064818710
9.312500000,0.065039963
9.312562500,0.065115236
9.312625000,0.065211318
9.312687500,0.065419823
9.312750000,0.065792963
9.312812500,0.066263728
9.312875000,0.066863306
9.312937500,0.067518182
9.313000000,0.068146072
9.313062500,0.068624303
9.313125000,0.069009438
9.313187500,0.069313087
9.313250000,0.069557935
9.313312500,0.069704093
9.313375000,0.069827624
9.313437500,0.069894545
9.313500000,0.069840305
9.313562500,0.069537967
9.313625000,0.069019571
9.313687500,0.068267293
9.313750000,0.067298949
9.313812500,0.066114582
9.313875000,0.064877912
9.313937500,0.063658878
9.314000000,0.062498607
9.314062500,0.061357297
9.314125000,0.060303733
9.314187500,0.059292652
9.314250000,0.058263011
9.314312500,0.057113569
9.314375000,0.055896502
9.314437500,0.054589551
9.314500000,0.053180292
9.314562500,0.051627252
9.314625000,0.050033782
9.314687500,0.048413832
9.314750000,0.046779834
9.314812500,0.045108367
9.314875000,0.043514710
9.314937500,0.042006318
9.315000000,0.040567622
9.315062500,0.039126754
9.315125000,0.037736572
9.315187500,0.036347814
9.315250000,0.034920152
9.315312500,0.033405531
9.315375000,0.031929832
9.315437500,0.030538784
9.315500000,0.029272690
9.315562500,0.028115571
9.315625000,0.027163625
9.315687500,0.026378067
9.315750000,0.025695963
9.315812500,0.025012380
9.315875000,0.024386941
9.315937500,0.023781754
9.316000000,0.023154603
9.316062500,0.022420537
9.316125000,0.021643234
9.316187500,0.020792125
9.316250000,0.019860249
9.316312500,0.018844044
9.316375000,0.017902318
9.316437500,0.017081689
9.316500000,0.016377648
9.316562500,0.015696745
9.316625000,0.015028305
9.316687500,0.014269368
9.316750000,0.013365666
9.316812500,0.012320437
9.316875000,0.011324906
9.316937500,0.010494907
9.317000000,0.009883063
9.317062500,0.009412596
9.317125000,0.009034827
9.317187500,0.008596543
9.317250000,0.008000575
9.317312500,0.007238736
9.317375000,0.006520193
9.317437500,0.006018349
9.317500000,0.005835713
9.317562500,0.005905370
9.317625000,0.006120043
9.317687500,0.006248858
9.317750000,0.006118086
9.317812500,0.005687136
9.317875000,0.005180001
9.317937500,0.004868709
9.318000000,0.004988594
9.318062500,0.005588595
9.318125000,0.006573273
9.318187500,0.007625657
9.318250000,0.008377072
9.318312500,0.008535437
9.318375000,0.008077207
9.318437500,0.007148307
9.318500000,0.006023962
9.318562500,0.004959915
9.318625000,0.004175460
9.318687500,0.003691324
9.318750000,0.003388479
9.318812500,0.003063141
9.318875000,0.002619770
9.318937500,0.002036670
9.319000000,0.001411866
9.319062500,0.000898325
9.319125000,0.000707669
9.319187500,0.000947014
9.319250000,0.001600115
9.319312500,0.002510787
9.319375000,0.003506726
9.319437500,0.004400705
9.319500000,0.005082718
9.319562500,0.005533492
9.319625000,0.005877485
9.319687500,0.006257587
9.319750000,0.006776957
9.319812500,0.007420090
9.319875000,0.008112035
9.319937500,0.008698480
9.320000000,0.009035943
9.320062500,0.009037438
9.320125000,0.008777097
9.320187500,0.008405264
9.320250000,0.008094699
9.320312500,0.007940326
9.320375000,0.007977371
9.320437500,0.008130694
9.320500000,0.008282948
9.320562500,0.008325669
9.320625000,0.008279392
9.320687500,0.008245974
9.320750000,0.008377072
9.320812500,0.008778530
9.320875000,0.009517822
9.320937500,0.010533456
9.321000000,0.011671427
9.321062500,0.012714280
9.321125000,0.013510060
9.321187500,0.013955543
9.321250000,0.014024537
9.321312500,0.013736543
9.321375000,0.013203719
9.321437500,0.012560340
9.321500000,0.011953799
9.321562500,0.011498476
9.321625000,0.011306479
9.321687500,0.011412753
9.321750000,0.011765551
9.321812500,0.012214629
9.321875000,0.012622204
9.321937500,0.012883083
9.322000000,0.012989169
9.322062500,0.013012069
9.322125000,0.013148056
9.322187500,0.013561497
9.322250000,0.014306910
9.322312500,0.015244408
9.322375000,0.016161909
9.322437500,0.016790116
9.322500000,0.016942395
9.322562500,0.016567344
9.322625000,0.015871471
9.322687500,0.015150976
9.322750000,0.014683408
9.322812500,0.014570878
9.322875000,0.014792040
9.322937500,0.015156950
9.323000000,0.015436403
9.323062500,0.015443873
9.323125000,0.015213357
9.323187500,0.014893841
9.323250000,0.014683408
9.323312500,0.014685783
9.323375000,0.014947249
9.323437500,0.015372880
9.323500000,0.015812902
9.323562500,0.016109779
9.323625000,0.016263185
9.323687500,0.016326575
9.323750000,0.016377648
9.323812500,0.016418081
9.323875000,0.016461447
9.323937500,0.016456379
9.324000000,0.016377648
9.324062500,0.016245766
9.324125000,0.016236393
9.324187500,0.016526319
9.324250000,0.017224766
9.324312500,0.018267414
9.324375000,0.019509088
9.324437500,0.020705009
9.324500000,0.021648614
9.324562500,0.022237221
9.324625000,0.022590909
9.324687500,0.022901649
9.324750000,0.023342853
9.324812500,0.023937149
9.324875000,0.024612090
9.324937500,0.025166953
9.325000000,0.025413590
9.325062500,0.025261516
9.325125000,0.024850633
9.325187500,0.024413357
9.325250000,0.024189973
9.325312500,0.024288684
9.325375000,0.024693737
9.325437500,0.025213312
9.325500000,0.025601838
9.325562500,0.025661595
9.325625000,0.025387099
9.325687500,0.024894625
9.325750000,0.024378221
9.325812500,0.024001468
9.325875000,0.023858938
9.325937500,0.023901895
9.326000000,0.024001725
9.326062500,0.024021076
9.326125000,0.023906318
9.326187500,0.023660734
9.326250000,0.023342853
9.326312500,0.023020739
9.326375000,0.022744786
9.326437500,0.022493470
9.326500000,0.022213360
9.326562500,0.021862688
9.326625000,0.021438748
9.326687500,0.020951208
9.326750000,0.020424996
9.326812500,0.019890966
9.326875000,0.019364363
9.326937500,0.018825896
9.327000000,0.018260136
9.327062500,0.017688213
9.327125000,0.017150339
9.327187500,0.016656948
9.327250000,0.016189398
9.327312500,0.015713178
9.327375000,0.015169613
9.327437500,0.014487195
9.327500000,0.013648040
9.327562500,0.012732597
9.327625000,0.011871241
9.327687500,0.011162274
9.327750000,0.010636058
9.327812500,0.010244471
9.327875000,0.009839481
9.327937500,0.009209419
9.328000000,0.008188824
9.328062500,0.006757215
9.328125000,0.005032722
9.328187500,0.003209691
9.328250000,0.001505991
9.328312500,0.000103473
9.328375000,-0.000943128
9.328437500,-0.001733221
9.328500000,-0.002447235
9.328562500,-0.003241899
9.328625000,-0.004213512
9.328687500,-0.005383477
9.328750000,-0.006682833
9.328812500,-0.007969840
9.328875000,-0.009119394
9.328937500,-0.010090439
9.329000000,-0.010918431
9.329062500,-0.011674074
9.329125000,-0.012451050
9.329187500,-0.013345332
9.329250000,-0.014401034
9.329312500,-0.015585783
9.329375000,-0.016811501
9.329437500,-0.018002318
9.329500000,-0.019107254
9.329562500,-0.020115895
9.329625000,-0.021034781
9.329687500,-0.021911172
9.329750000,-0.022778107
9.329812500,-0.023631223
9.329875000,-0.024397677
9.329937500,-0.025008474
9.330000000,-0.025413590
9.330062500,-0.025618492
9.330125000,-0.025655845
9.330187500,-0.025618203
9.330250000,-0.025601838
9.330312500,-0.025685571
9.330375000,-0.025844945
9.330437500,-0.026027093
9.330500000,-0.026166586
9.330562500,-0.026256947
9.330625000,-0.026266966
9.330687500,-0.026223177
9.330750000,-0.026166586
9.330812500,-0.026164433
9.330875000,-0.026182324
9.330937500,-0.026169552
9.331000000,-0.026072461
9.331062500,-0.025910540
9.331125000,-0.025669433
9.331187500,-0.025370684
9.331250000,-0.025037091
9.331312500,-0.024713475
9.331375000,-0.024325831
9.331437500,-0.023757080
9.331500000,-0.022872232
9.331562500,-0.021615786
9.331625000,-0.019927260
9.331687500,-0.017830780
9.331750000,-0.015436403
9.331812500,-0.012970190
9.331875000,-0.010616697
9.331937500,-0.008524779
9.332000000,-0.006776957
9.332062500,-0.005424090
9.332125000,-0.004399639
9.332187500,-0.003578451
9.332250000,-0.002823732
9.332312500,-0.002052364
9.332375000,-0.001175120
9.332437500,-0.000088748
9.332500000,0.001317742
9.332562500,0.003129365
9.332625000,0.005420062
9.332687500,0.008226943
9.332750000,0.011483178
9.332812500,0.014980489
9.332875000,0.018426839
9.332937500,0.021555958
9.333000000,0.024189973
9.333062500,0.026284309
9.333125000,0.027926413
9.333187500,0.029325034
9.333250000,0.030684557
9.333312500,0.032114044
9.333375000,0.033568066
9.333437500,0.034947168
9.333500000,0.036143772
9.333562500,0.037122495
9.333625000,0.037906684
9.333687500,0.038631868
9.333750000,0.039438128
9.333812500,0.040402770
9.333875000,0.041435033
9.333937500,0.042390965
9.334000000,0.043108981
9.334062500,0.043503601
9.334125000,0.043537248
9.334187500,0.043300852
9.334250000,0.042920731
9.334312500,0.042506747
9.334375000,0.042022280
9.334437500,0.041380115
9.334500000,0.040473495
9.334562500,0.039276719
9.334625000,0.037793860
9.334687500,0.036134113
9.334750000,0.034449533
9.334812500,0.032908697
9.334875000,0.031547286
9.334937500,0.030332541
9.335000000,0.029178567
9.335062500,0.028033534
9.335125000,0.026810199
9.335187500,0.025469396
9.335250000,0.024001725
9.335312500,0.022451075
9.335375000,0.020808430
9.335437500,0.019063020
9.335500000,0.017224766
9.335562500,0.015378406
9.335625000,0.013596395
9.335687500,0.011920857
9.335750000,0.010353684
9.335812500,0.008883379
9.335875000,0.007437107
9.335937500,0.005907770
9.336000000,0.004235599
9.336062500,0.002482561
9.336125000,0.000783114
9.336187500,-0.000734434
9.336250000,-0.001976613
9.336312500,-0.002908717
9.336375000,-0.003611479
9.336437500,-0.004310893
9.336500000,-0.005270967
9.336562500,-0.006679306
9.336625000,-0.008591572
9.336687500,-0.010969449
9.336750000,-0.013648040
9.336812500,-0.016365498
9.336875000,-0.018841185
9.336937500,-0.020925418
9.337000000,-0.022589857
9.337062500,-0.023898330
9.337125000,-0.024964368
9.337187500,-0.025961040
9.337250000,-0.027013704
9.337312500,-0.028139981
9.337375000,-0.029271495
9.337437500,-0.030350342
9.337500000,-0.031343430
9.337562500,-0.032252394
9.337625000,-0.033123553
9.337687500,-0.034054793
9.337750000,-0.035108406
9.337812500,-0.036248446
9.337875000,-0.037346985
9.337937500,-0.038261365
9.338000000,-0.038873378
9.338062500,-0.039128564
9.338125000,-0.039071970
9.338187500,-0.038842101
9.338250000,-0.038591005
9.338312500,-0.038402501
9.338375000,-0.038277622
9.338437500,-0.038151175
9.338500000,-0.037932139
9.338562500,-0.037546452
9.338625000,-0.037003778
9.338687500,-0.036378752
9.338750000,-0.035767276
9.338812500,-0.035216670
9.338875000,-0.034726307
9.338937500,-0.034221832
9.339000000,-0.033602413
9.339062500,-0.032786988
9.339125000,-0.031789001
9.339187500,-0.030695518
9.339250000,-0.029649187
9.339312500,-0.028785357
9.339375000,-0.028221153
9.339437500,-0.027968884
9.339500000,-0.027954949
9.339562500,-0.028034275
9.339625000,-0.028083971
9.339687500,-0.027963826
9.339750000,-0.027578451
9.339812500,-0.026886504
9.339875000,-0.025948929
9.339937500,-0.024832169
9.340000000,-0.023625227
9.340062500,-0.022413891
9.340125000,-0.021309378
9.340187500,-0.020339072
9.340250000,-0.019483753
9.340312500,-0.018683197
9.340375000,-0.017917905
9.340437500,-0.017128259
9.340500000,-0.016283523
9.340562500,-0.015387499
9.340625000,-0.014537859
9.340687500,-0.013788660
9.340750000,-0.013177417
9.340812500,-0.012695663
9.340875000,-0.012366974
9.340937500,-0.012120605
9.341000000,-0.011859675
9.341062500,-0.011469789
9.341125000,-0.010933258
9.341187500,-0.010213884
9.341250000,-0.009318316
9.341312500,-0.008278588
9.341375000,-0.007225855
9.341437500,-0.006237901
9.341500000,-0.005365091
9.341562500,-0.004602302
9.341625000,-0.003975203
9.341687500,-0.003433407
9.341750000,-0.002917857
9.341812500,-0.002365825
9.341875000,-0.001783918
9.341937500,-0.001136074
9.342000000,-0.000376498
9.342062500,0.000554894
9.342125000,0.001644507
9.342187500,0.002870319
9.342250000,0.004141474
9.342312500,0.005315728
9.342375000,0.006183928
9.342437500,0.006635504
9.342500000,0.006682833
9.342562500,0.006481318
9.342625000,0.006241894
9.342687500,0.006204383
9.342750000,0.006494584
9.342812500,0.007049905
9.342875000,0.007609132
9.342937500,0.007855495
9.343000000,0.007529953
9.343062500,0.006543106
9.343125000,0.005018931
9.343187500,0.003277935
9.343250000,0.001694239
9.343312500,0.000540453
9.343375000,-0.000093115
9.343437500,-0.000296024
9.343500000,-0.000282373
9.343562500,-0.000295873
9.343625000,-0.000487737
9.343687500,-0.000864239
9.343750000,-0.001317742
9.343812500,-0.001710275
9.343875000,-0.001915820
9.343937500,-0.001872771
9.344000000,-0.001600115
9.344062500,-0.001193018
9.344125000,-0.000744477
9.344187500,-0.000331063
9.344250000,0.000000000
9.344312500,0.000210993
9.344375000,0.000309316
9.344437500,0.000319170
9.344500000,0.000282373
9.344562500,0.000241895
9.344625000,0.000275584
9.344687500,0.000458117
9.344750000,0.000847120
9.344812500,0.001448523
9.344875000,0.002256092
9.344937500,0.003212959
9.345000000,0.004235599
9.345062500,0.005219385
9.345125000,0.006109660
9.345187500,0.006875306
9.345250000,0.007529953
9.345312500,0.008110582
9.345375000,0.008706317
9.345437500,0.009382645
9.345500000,0.010165436
9.345562500,0.011014493
9.345625000,0.011870774
9.345687500,0.012645469
9.345750000,0.013271542
9.345812500,0.013723220
9.345875000,0.014048192
9.345937500,0.014317623
9.346000000,0.014589284
9.346062500,0.014866213
9.346125000,0.015116175
9.346187500,0.015285159
9.346250000,0.015342278
9.346312500,0.015298175
9.346375000,0.015225921
9.346437500,0.015201481
9.346500000,0.015248154
9.346562500,0.015294744
9.346625000,0.015210976
9.346687500,0.014866030
9.346750000,0.014212786
9.346812500,0.013330436
9.346875000,0.012425800
9.346937500,0.011730880
9.347000000,0.011389053
9.347062500,0.011366742
9.347125000,0.011482320
9.347187500,0.011486072
9.347250000,0.011200804
9.347312500,0.010616718
9.347375000,0.009923043
9.347437500,0.009391475
9.347500000,0.009224192
9.347562500,0.009411454
9.347625000,0.009758535
9.347687500,0.009943018
9.347750000,0.009694814
9.347812500,0.008918998
9.347875000,0.007826213
9.347937500,0.006776030
9.348000000,0.006118086
9.348062500,0.005987255
9.348125000,0.006324775
9.348187500,0.006851332
9.348250000,0.007247579
9.348312500,0.007286967
9.348375000,0.007043508
9.348437500,0.006749828
9.348500000,0.006682833
9.348562500,0.006965061
9.348625000,0.007568547
9.348687500,0.008240561
9.348750000,0.008659446
9.348812500,0.008570159
9.348875000,0.007984935
9.348937500,0.007097499
9.349000000,0.006212211
9.349062500,0.005573499
9.349125000,0.005345958
9.349187500,0.005489090
9.349250000,0.005835713
9.349312500,0.006158727
9.349375000,0.006355710
9.349437500,0.006391376
9.349500000,0.006306335
9.349562500,0.006142327
9.349625000,0.006011105
9.349687500,0.006000467
9.349750000,0.006212211
9.349812500,0.006736111
9.349875000,0.007720804
9.349937500,0.009229190
9.350000000,0.011200804
9.350062500,0.013407178
9.350125000,0.015562831
9.350187500,0.017365832
9.350250000,0.018636633
9.350312500,0.019378746
9.350375000,0.019825408
9.350437500,0.020281209
9.350500000,0.020989744
9.350562500,0.021994371
9.350625000,0.023136722
9.350687500,0.024081899
9.350750000,0.024472345
9.350812500,0.024071913
9.350875000,0.022898370
9.350937500,0.021183984
9.351000000,0.019295502
9.351062500,0.017593147
9.351125000,0.016337244
9.351187500,0.015608707
9.351250000,0.015342278
9.351312500,0.015396062
9.351375000,0.015640961
9.351437500,0.015982175
9.351500000,0.016377648
9.351562500,0.016819019
9.351625000,0.017314285
9.351687500,0.017859338
9.351750000,0.018448384
9.351812500,0.019080076
9.351875000,0.019757511
9.351937500,0.020451650
9.352000000,0.021083867
9.352062500,0.021518515
9.352125000,0.021593526
9.352187500,0.021157684
9.352250000,0.020142624
9.352312500,0.018608207
9.352375000,0.016747179
9.352437500,0.014820252
9.352500000,0.013083293
9.352562500,0.011706888
9.352625000,0.010749977
9.352687500,0.010131519
9.352750000,0.009694814
9.352812500,0.009271429
9.352875000,0.008778184
9.352937500,0.008184881
9.353000000,0.007529953
9.353062500,0.006877500
9.353125000,0.006310153
9.353187500,0.005827161
9.353250000,0.005365091
9.353312500,0.004812690
9.353375000,0.004105146
9.353437500,0.003186228
9.353500000,0.002070737
9.353562500,0.000840746
9.353625000,-0.000332829
9.353687500,-0.001304764
9.353750000,-0.001976613
9.353812500,-0.002336037
9.353875000,-0.002412770
9.353937500,-0.002314740
9.354000000,-0.002164861
9.354062500,-0.002073234
9.354125000,-0.002054653
9.354187500,-0.002098363
9.354250000,-0.002164861
9.354312500,-0.002231233
9.354375000,-0.002253016
9.354437500,-0.002248619
9.354500000,-0.002258986
9.354562500,-0.002339227
9.354625000,-0.002465113
9.354687500,-0.002611500
9.354750000,-0.002729608
9.354812500,-0.002779755
9.354875000,-0.002703189
9.354937500,-0.002512028
9.355000000,-0.002258986
9.355062500,-0.002024138
9.355125000,-0.001857655
9.355187500,-0.001805979
9.355250000,-0.001882488
9.355312500,-0.002072274
9.355375000,-0.002307459
9.355437500,-0.002518640
9.355500000,-0.002635483
9.355562500,-0.002613285
9.355625000,-0.002406149
9.355687500,-0.002020868
9.355750000,-0.001505991
9.355812500,-0.000954480
9.355875000,-0.000424784
9.355937500,0.000045432
9.356000000,0.000470622
9.356062500,0.000895689
9.356125000,0.001416431
9.356187500,0.002093445
9.356250000,0.002917857
9.356312500,0.003785385
9.356375000,0.004557276
9.356437500,0.005102823
9.356500000,0.005365091
9.356562500,0.005379695
9.356625000,0.005295802
9.356687500,0.005285956
9.356750000,0.005459215
9.356812500,0.005776089
9.356875000,0.006096039
9.356937500,0.006207459
9.357000000,0.005929837
9.357062500,0.005178070
9.357125000,0.004062556
9.357187500,0.002813568
9.357250000,0.001694239
9.357312500,0.000868575
9.357375000,0.000424117
9.357437500,0.000324506
9.357500000,0.000470622
9.357562500,0.000733448
9.357625000,0.001102581
9.357687500,0.001621785
9.357750000,0.002353110
9.357812500,0.003275902
9.357875000,0.004373828
9.357937500,0.005569670
9.358000000,0.006776957
9.358062500,0.007896132
9.358125000,0.008949135
9.358187500,0.009979936
9.358250000,0.011012556
9.358312500,0.011953315
9.358375000,0.012711996
9.358437500,0.013153437
9.358500000,0.013177417
9.358562500,0.012726267
9.358625000,0.011962498
9.358687500,0.011139465
9.358750000,0.010541934
9.358812500,0.010325015
9.358875000,0.010625841
9.358937500,0.011409460
9.359000000,0.012518546
9.359062500,0.013662043
9.359125000,0.014702442
9.359187500,0.015564688
9.359250000,0.016283523
9.359312500,0.016897088
9.359375000,0.017605210
9.359437500,0.018544706
9.359500000,0.019766126
9.359562500,0.021135461
9.359625000,0.022583200
9.359687500,0.023999190
9.359750000,0.025319466
9.359812500,0.026478209
9.359875000,0.027596179
9.359937500,0.028788269
9.360000000,0.030119810
9.360062500,0.031481367
9.360125000,0.032793242
9.360187500,0.033913616
9.360250000,0.034731906
9.360312500,0.035148147
9.360375000,0.035298783
9.360437500,0.035376005
9.360500000,0.035579026
9.360562500,0.035953883
9.360625000,0.036575411
9.360687500,0.037391905
9.360750000,0.038308635
9.360812500,0.039170712
9.360875000,0.040039368
9.360937500,0.041021105
9.361000000,0.042261858
9.361062500,0.043790385
9.361125000,0.045691039
9.361187500,0.047881946
9.361250000,0.050168309
9.361312500,0.052216928
9.361375000,0.053871740
9.361437500,0.055050880
9.361500000,0.055815775
9.361562500,0.056261137
9.361625000,0.056669284
9.361687500,0.057226978
9.361750000,0.057980634
9.361812500,0.058730699
9.361875000,0.059307694
9.361937500,0.059497982
9.362000000,0.059204251
9.362062500,0.058435954
9.362125000,0.057514112
9.362187500,0.056775488
9.362250000,0.056474645
9.362312500,0.056593195
9.362375000,0.057055127
9.362437500,0.057600390
9.362500000,0.057980634
9.362562500,0.058003221
9.362625000,0.057830799
9.362687500,0.057689048
9.362750000,0.057792384
9.362812500,0.058124922
9.362875000,0.058659445
9.362937500,0.059162017
9.363000000,0.059392504
9.363062500,0.059154194
9.363125000,0.058629096
9.363187500,0.058080669
9.363250000,0.057792384
9.363312500,0.057838939
9.363375000,0.058277082
9.363437500,0.058913600
9.363500000,0.059486628
9.363562500,0.059716418
9.363625000,0.059649758
9.363687500,0.059394512
9.363750000,0.059110127
9.363812500,0.058822460
9.363875000,0.058613345
9.363937500,0.058357872
9.364000000,0.057886511
9.364062500,0.057017159
9.364125000,0.055868968
9.364187500,0.054587051
9.364250000,0.053368539
9.364312500,0.052312110
9.364375000,0.051590364
9.364437500,0.051165268
9.364500000,0.050921306
9.364562500,0.050676227
9.364625000,0.050476678
9.364687500,0.050346702
9.364750000,0.050356556
9.364812500,0.050520416
9.364875000,0.050961629
9.364937500,0.051635828
9.365000000,0.052427296
9.365062500,0.053138603
9.365125000,0.053735118
9.365187500,0.054134835
9.365250000,0.054309785
9.365312500,0.054239191
9.365375000,0.054065283
9.365437500,0.053833608
9.365500000,0.053556789
9.365562500,0.053175837
9.365625000,0.052730694
9.365687500,0.052156355
9.365750000,0.051391926
9.365812500,0.050378386
9.365875000,0.049205206
9.365937500,0.047900848
9.366000000,0.046497457
9.366062500,0.044994075
9.366125000,0.043477669
9.366187500,0.041922018
9.366250000,0.040285248
9.366312500,0.038519155
9.366375000,0.036716145
9.366437500,0.034924999
9.366500000,0.033225916
9.366562500,0.031694278
9.366625000,0.030491009
9.366687500,0.029638981
9.366750000,0.029084442
9.366812500,0.028689994
9.366875000,0.028375475
9.366937500,0.027982816
9.367000000,0.027390203
9.367062500,0.026527237
9.367125000,0.025480874
9.367187500,0.024306089
9.367250000,0.023060480
9.367312500,0.021761023
9.367375000,0.020483816
9.367437500,0.019203264
9.367500000,0.017883638
9.367562500,0.016484072
9.367625000,0.015085469
9.367687500,0.013701236
9.367750000,0.012330297
9.367812500,0.010918393
9.367875000,0.009504427
9.367937500,0.008039970
9.368000000,0.006494584
9.368062500,0.004847782
9.368125000,0.003251247
9.368187500,0.001798381
9.368250000,0.000564746
9.368312500,-0.000465345
9.368375000,-0.001236144
9.368437500,-0.001828949
9.368500000,-0.002353110
9.368562500,-0.002950129
9.368625000,-0.003563702
9.368687500,-0.004147639
9.368750000,-0.004612096
9.368812500,-0.004920744
9.368875000,-0.004935240
9.368937500,-0.004669935
9.369000000,-0.004235599
9.369062500,-0.003868646
9.369125000,-0.003670328
9.369187500,-0.003735708
9.369250000,-0.004047350
9.369312500,-0.004536537
9.369375000,-0.004925217
9.369437500,-0.005011792
9.369500000,-0.004706220
9.369562500,-0.004147251
9.369625000,-0.003452574
9.369687500,-0.002836707
9.369750000,-0.002447235
9.369812500,-0.002358433
9.369875000,-0.002342031
9.369937500,-0.002134170
9.370000000,-0.001505991
9.370062500,-0.000440178
9.370125000,0.001031682
9.370187500,0.002701094
9.370250000,0.004329723
9.370312500,0.005695509
9.370375000,0.006845414
9.370437500,0.007925406
9.370500000,0.009130068
9.370562500,0.010535686
9.370625000,0.012215541
9.370687500,0.014107006
9.370750000,0.016095273
9.370812500,0.018025063
9.370875000,0.019911876
9.370937500,0.021818338
9.371000000,0.023813475
9.371062500,0.025848033
9.371125000,0.027859779
9.371187500,0.029706849
9.371250000,0.031249303
9.371312500,0.032382727
9.371375000,0.033182636
9.371437500,0.033828586
9.371500000,0.034543656
9.371562500,0.035473835
9.371625000,0.036710251
9.371687500,0.038225316
9.371750000,0.039908748
9.371812500,0.041589126
9.371875000,0.043160461
9.371937500,0.044556398
9.372000000,0.045744464
9.372062500,0.046669181
9.372125000,0.047315605
9.372187500,0.047666095
9.372250000,0.047721073
9.372312500,0.047485251
9.372375000,0.047055624
9.372437500,0.046557788
9.372500000,0.046120960
9.372562500,0.045813013
9.372625000,0.045689587
9.372687500,0.045744572
9.372750000,0.045932710
9.372812500,0.046162665
9.372875000,0.046407714
9.372937500,0.046647392
9.373000000,0.046873957
9.373062500,0.047038797
9.373125000,0.047129728
9.373187500,0.047076896
9.373250000,0.046779834
9.373312500,0.046098135
9.373375000,0.044981238
9.373437500,0.043403756
9.373500000,0.041414738
9.373562500,0.039102104
9.373625000,0.036688957
9.373687500,0.034365680
9.373750000,0.032284670
9.373812500,0.030490926
9.373875000,0.029049203
9.373937500,0.027913239
9.374000000,0.027013704
9.374062500,0.026252506
9.374125000,0.025685333
9.374187500,0.025336806
9.374250000,0.025225341
9.374312500,0.025278084
9.374375000,0.025497956
9.374437500,0.025773762
9.374500000,0.025978338
9.374562500,0.025956020
9.374625000,0.025738530
9.374687500,0.025328467
9.374750000,0.024754720
9.374812500,0.024005696
9.374875000,0.023217477
9.374937500,0.022462893
9.375000000,0.021836862
9.375062500,0.021402400
9.375125000,0.021333491
9.375187500,0.021644378
9.375250000,0.022213360
9.375312500,0.022743082
9.375375000,0.022998942
9.375437500,0.022725672
9.375500000,0.021836862
9.375562500,0.020437598
9.375625000,0.018942298
9.375687500,0.017746648
9.375750000,0.017130643
9.375812500,0.017102871
9.375875000,0.017533287
9.375937500,0.018064363
9.376000000,0.018354259
9.376062500,0.018214330
9.376125000,0.017812796
9.376187500,0.017457506
9.376250000,0.017507140
9.376312500,0.018175056
9.376375000,0.019521980
9.376437500,0.021311658
9.376500000,0.023154603
9.376562500,0.024636853
9.376625000,0.025556093
9.376687500,0.025866613
9.376750000,0.025695963
9.376812500,0.025234418
9.376875000,0.024731770
9.376937500,0.024313305
9.377000000,0.024001725
9.377062500,0.023720751
9.377125000,0.023448635
9.377187500,0.023139380
9.377250000,0.022778107
9.377312500,0.022344261
9.377375000,0.021893827
9.377437500,0.021421786
9.377500000,0.020895619
9.377562500,0.020242151
9.377625000,0.019461090
9.377687500,0.018541301
9.377750000,0.017507140
9.377812500,0.016396184
9.377875000,0.015324411
9.377937500,0.014364148
9.378000000,0.013553915
9.378062500,0.012871567
9.378125000,0.012299974
9.378187500,0.011765104
9.378250000,0.011200804
9.378312500,0.010574884
9.378375000,0.009940646
9.378437500,0.009368892
9.378500000,0.008941819
9.378562500,0.008712908
9.378625000,0.008719136
9.378687500,0.008916801
9.378750000,0.009224192
9.378812500,0.009546770
9.378875000,0.009843526
9.378937500,0.010081876
9.379000000,0.010259560
9.379062500,0.010384432
9.379125000,0.010510515
9.379187500,0.010653679
9.379250000,0.010824307
9.379312500,0.011025626
9.379375000,0.011301642
9.379437500,0.011649950
9.379500000,0.012047924
9.379562500,0.012451538
9.379625000,0.012823666
9.379687500,0.013087401
9.379750000,0.013177417
9.379812500,0.013068940
9.379875000,0.012785257
9.379937500,0.012343882
9.380000000,0.011765551
9.380062500,0.011076699
9.380125000,0.010285375
9.380187500,0.009362464
9.380250000,0.008282948
9.380312500,0.007072293
9.380375000,0.005771684
9.380437500,0.004430138
9.380500000,0.003106105
9.380562500,0.001884421
9.380625000,0.000807971
9.380687500,-0.000105729
9.380750000,-0.000847120
9.380812500,-0.001375122
9.380875000,-0.001681021
9.380937500,-0.001775515
9.381000000,-0.001694239
9.381062500,-0.001473520
9.381125000,-0.001199942
9.381187500,-0.000967210
9.381250000,-0.000847120
9.381312500,-0.000848825
9.381375000,-0.000960500
9.381437500,-0.001154998
9.381500000,-0.001411866
9.381562500,-0.001724102
9.381625000,-0.002135588
9.381687500,-0.002727016
9.381750000,-0.003576728
9.381812500,-0.004711193
9.381875000,-0.006103454
9.381937500,-0.007677281
9.382000000,-0.009318316
9.382062500,-0.010899566
9.382125000,-0.012325222
9.382187500,-0.013572764
9.382250000,-0.014683408
9.382312500,-0.015739059
9.382375000,-0.016819458
9.382437500,-0.017997188
9.382500000,-0.019295502
9.382562500,-0.020679260
9.382625000,-0.022050833
9.382687500,-0.023311429
9.382750000,-0.024378221
9.382812500,-0.025207201
9.382875000,-0.025787553
9.382937500,-0.026154321
9.383000000,-0.026354834
9.383062500,-0.026424533
9.383125000,-0.026366036
9.383187500,-0.026162611
9.383250000,-0.025790086
9.383312500,-0.025240440
9.383375000,-0.024518969
9.383437500,-0.023653273
9.383500000,-0.022683984
9.383562500,-0.021661930
9.383625000,-0.020616604
9.383687500,-0.019569661
9.383750000,-0.018542508
9.383812500,-0.017576557
9.383875000,-0.016703399
9.383937500,-0.015954249
9.384000000,-0.015342278
9.384062500,-0.014863068
9.384125000,-0.014458482
9.384187500,-0.014048817
9.384250000,-0.013553915
9.384312500,-0.012933879
9.384375000,-0.012164556
9.384437500,-0.011259543
9.384500000,-0.010259560
9.384562500,-0.009232986
9.384625000,-0.008222465
9.384687500,-0.007245614
9.384750000,-0.006306335
9.384812500,-0.005430064
9.384875000,-0.004628546
9.384937500,-0.003910626
9.385000000,-0.003294354
9.385062500,-0.002823257
9.385125000,-0.002511550
9.385187500,-0.002319277
9.385250000,-0.002164861
9.385312500,-0.001956649
9.385375000,-0.001597868
9.385437500,-0.000990589
9.385500000,-0.000094124
9.385562500,0.001040636
9.385625000,0.002292479
9.385687500,0.003546386
9.385750000,0.004706220
9.385812500,0.005705024
9.385875000,0.006523886
9.385937500,0.007209848
9.386000000,0.007812326
9.386062500,0.008332512
9.386125000,0.008741496
9.386187500,0.009031122
9.386250000,0.009224192
9.386312500,0.009372276
9.386375000,0.009572136
9.386437500,0.009940345
9.386500000,0.010541934
9.386562500,0.011335548
9.386625000,0.012207489
9.386687500,0.013034736
9.386750000,0.013742164
9.386812500,0.014342152
9.386875000,0.014947184
9.386937500,0.015735060
9.387000000,0.016848268
9.387062500,0.018305674
9.387125000,0.019980697
9.387187500,0.021648992
9.387250000,0.023060480
9.387312500,0.024022976
9.387375000,0.024470912
9.387437500,0.024475308
9.387500000,0.024189973
9.387562500,0.023773005
9.387625000,0.023334462
9.387687500,0.022913747
9.387750000,0.022495734
9.387812500,0.022051970
9.387875000,0.021582667
9.387937500,0.021137884
9.388000000,0.020801496
9.388062500,0.020656118
9.388125000,0.020735027
9.388187500,0.021004057
9.388250000,0.021366240
9.388312500,0.021694703
9.388375000,0.021880018
9.388437500,0.021860860
9.388500000,0.021648614
9.388562500,0.021317305
9.388625000,0.020970389
9.388687500,0.020673400
9.388750000,0.020424996
9.388812500,0.020149030
9.388875000,0.019726735
9.388937500,0.019027175
9.389000000,0.017977761
9.389062500,0.016607163
9.389125000,0.015054476
9.389187500,0.013505680
9.389250000,0.012142048
9.389312500,0.011078800
9.389375000,0.010340867
9.389437500,0.009835093
9.389500000,0.009412440
9.389562500,0.008935058
9.389625000,0.008341797
9.389687500,0.007631795
9.389750000,0.006871082
9.389812500,0.006151837
9.389875000,0.005566360
9.389937500,0.005110289
9.390000000,0.004706220
9.390062500,0.004233886
9.390125000,0.003606050
9.390187500,0.002754790
9.390250000,0.001694239
9.390312500,0.000524441
9.390375000,-0.000576848
9.390437500,-0.001468337
9.390500000,-0.002070737
9.390562500,-0.002395312
9.390625000,-0.002507398
9.390687500,-0.002544943
9.390750000,-0.002635483
9.390812500,-0.002849791
9.390875000,-0.003151956
9.390937500,-0.003480838
9.391000000,-0.003764976
9.391062500,-0.003966976
9.391125000,-0.004070954
9.391187500,-0.004136470
9.391250000,-0.004235599
9.391312500,-0.004416008
9.391375000,-0.004644977
9.391437500,-0.004881623
9.391500000,-0.005082718
9.391562500,-0.005241716
9.391625000,-0.005369575
9.391687500,-0.005541383
9.391750000,-0.005835713
9.391812500,-0.006295770
9.391875000,-0.006873318
9.391937500,-0.007478880
9.392000000,-0.008000575
9.392062500,-0.008361449
9.392125000,-0.008511780
9.392187500,-0.008487493
9.392250000,-0.008377072
9.392312500,-0.008297031
9.392375000,-0.008303276
9.392437500,-0.008408423
9.392500000,-0.008565322
9.392562500,-0.008701833
9.392625000,-0.008707199
9.392687500,-0.008510090
9.392750000,-0.008094699
9.392812500,-0.007523187
9.392875000,-0.006875656
9.392937500,-0.006253869
9.393000000,-0.005741589
9.393062500,-0.005398511
9.393125000,-0.005208928
9.393187500,-0.005123352
9.393250000,-0.005082718
9.393312500,-0.005060242
9.393375000,-0.005029562
9.393437500,-0.004979366
9.393500000,-0.004894469
9.393562500,-0.004762306
9.393625000,-0.004533959
9.393687500,-0.004170282
9.393750000,-0.003670852
9.393812500,-0.003110131
9.393875000,-0.002570299
9.393937500,-0.002124876
9.394000000,-0.001788364
9.394062500,-0.001514501
9.394125000,-0.001149492
9.394187500,-0.000523618
9.394250000,0.000470622
9.394312500,0.001791816
9.394375000,0.003307089
9.394437500,0.004812300
9.394500000,0.006118086
9.394562500,0.007098659
9.394625000,0.007781546
9.394687500,0.008287708
9.394750000,0.008753570
9.394812500,0.009230794
9.394875000,0.009711615
9.394937500,0.010134825
9.395000000,0.010447809
9.395062500,0.010645349
9.395125000,0.010824866
9.395187500,0.011131275
9.395250000,0.011671427
9.395312500,0.012428124
9.395375000,0.013266733
9.395437500,0.013984677
9.395500000,0.014401034
9.395562500,0.014438451
9.395625000,0.014173120
9.395687500,0.013803001
9.395750000,0.013553915
9.395812500,0.013580793
9.395875000,0.013905743
9.395937500,0.014443032
9.396000000,0.015059905
9.396062500,0.015661826
9.396125000,0.016224787
9.396187500,0.016810911
9.396250000,0.017507140
9.396312500,0.018362409
9.396375000,0.019326998
9.396437500,0.020281475
9.396500000,0.021083867
9.396562500,0.021645328
9.396625000,0.021947583
9.396687500,0.022065183
9.396750000,0.022119237
9.396812500,0.022225756
9.396875000,0.022423131
9.396937500,0.022671474
9.397000000,0.022872232
9.397062500,0.022918830
9.397125000,0.022729002
9.397187500,0.022267655
9.397250000,0.021554491
9.397312500,0.020652579
9.397375000,0.019634077
9.397437500,0.018546559
9.397500000,0.017413015
9.397562500,0.016243601
9.397625000,0.015041121
9.397687500,0.013798587
9.397750000,0.012518546
9.397812500,0.011221179
9.397875000,0.009929953
9.397937500,0.008643151
9.398000000,0.007341704
9.398062500,0.006002768
9.398125000,0.004619915
9.398187500,0.003198387
9.398250000,0.001788364
9.398312500,0.000486122
9.398375000,-0.000582318
9.398437500,-0.001340376
9.398500000,-0.001788364
9.398562500,-0.002026319
9.398625000,-0.002197308
9.398687500,-0.002482813
9.398750000,-0.003011981
9.398812500,-0.003826523
9.398875000,-0.004796649
9.398937500,-0.005745140
9.399000000,-0.006494584
9.399062500,-0.006974082
9.399125000,-0.007140702
9.399187500,-0.007089166
9.399250000,-0.006965206
9.399312500,-0.006940510
9.399375000,-0.007030373
9.399437500,-0.007216653
9.399500000,-0.007435828
9.399562500,-0.007673943
9.399625000,-0.007839886
9.399687500,-0.007935168
9.399750000,-0.008000575
9.399812500,-0.008149219
9.399875000,-0.008352549
9.399937500,-0.008596939
9.400000000,-0.008847695
9.400062500,-0.009137839
9.400125000,-0.009375940
9.400187500,-0.009532779
9.400250000,-0.009600690
9.400312500,-0.009655911
9.400375000,-0.009640719
9.400437500,-0.009515438
9.400500000,-0.009224192
9.400562500,-0.008779686
9.400625000,-0.008090674
9.400687500,-0.007132171
9.400750000,-0.005929837
9.400812500,-0.004620179
9.400875000,-0.003232899
9.400937500,-0.001776251
9.401000000,-0.000188249
9.401062500,0.001579416
9.401125000,0.003701015
9.401187500,0.006266531
9.401250000,0.009224192
9.401312500,0.012278154
9.401375000,0.015142871
9.401437500,0.017530248
9.401500000,0.019295502
9.401562500,0.020437643
9.401625000,0.021263387
9.401687500,0.022158179
9.401750000,0.023436978
9.401812500,0.025148788
9.401875000,0.027207103
9.401937500,0.029377799
9.402000000,0.031437553
9.402062500,0.033249754
9.402125000,0.034938928
9.402187500,0.036743470
9.402250000,0.038873378
9.402312500,0.041322179
9.402375000,0.043914653
9.402437500,0.046317074
9.402500000,0.048191696
9.402562500,0.049317703
9.402625000,0.049755353
9.402687500,0.049769934
9.402750000,0.049697686
9.402812500,0.049757224
9.402875000,0.050022259
9.402937500,0.050401203
9.403000000,0.050733056
9.403062500,0.050884575
9.403125000,0.050897889
9.403187500,0.050957616
9.403250000,0.051297802
9.403312500,0.052051879
9.403375000,0.053232923
9.403437500,0.054693297
9.403500000,0.056192271
9.403562500,0.057464313
9.403625000,0.058379259
9.403687500,0.058911137
9.403750000,0.059110127
9.403812500,0.059003066
9.403875000,0.058639169
9.403937500,0.057997581
9.404000000,0.057039391
9.404062500,0.055713985
9.404125000,0.054108229
9.404187500,0.052319121
9.404250000,0.050450683
9.404312500,0.048530225
9.404375000,0.046621189
9.404437500,0.044699576
9.404500000,0.042732481
9.404562500,0.040673029
9.404625000,0.038629711
9.404687500,0.036687084
9.404750000,0.034920152
9.404812500,0.033312652
9.404875000,0.031916134
9.404937500,0.030680586
9.405000000,0.029555064
9.405062500,0.028468801
9.405125000,0.027533690
9.405187500,0.026793959
9.405250000,0.026260709
9.405312500,0.025828337
9.405375000,0.025487117
9.405437500,0.025124919
9.405500000,0.024660595
9.405562500,0.024032749
9.405625000,0.023413531
9.405687500,0.022931064
9.405750000,0.022683984
9.405812500,0.022629783
9.405875000,0.022777889
9.405937500,0.022977052
9.406000000,0.023060480
9.406062500,0.022859100
9.406125000,0.022467962
9.406187500,0.021985259
9.406250000,0.021554491
9.406312500,0.021239521
9.406375000,0.021210019
9.406437500,0.021444216
9.406500000,0.021836862
9.406562500,0.022183107
9.406625000,0.022468172
9.406687500,0.022635050
9.406750000,0.022683984
9.406812500,0.022599710
9.406875000,0.022535380
9.406937500,0.022534223
9.407000000,0.022589857
9.407062500,0.022603339
9.407125000,0.022599222
9.407187500,0.022554789
9.407250000,0.022495734
9.407312500,0.022453839
9.407375000,0.022602737
9.407437500,0.023025442
9.407500000,0.023719350
9.407562500,0.024530683
9.407625000,0.025338696
9.407687500,0.025957009
9.407750000,0.026260709
9.407812500,0.026189603
9.407875000,0.025918741
9.407937500,0.025637312
9.408000000,0.025507715
9.408062500,0.025531938
9.408125000,0.025717316
9.408187500,0.025940172
9.408250000,0.026072461
9.408312500,0.025996421
9.408375000,0.025834180
9.408437500,0.025743032
9.408500000,0.025884213
9.408562500,0.026266987
9.408625000,0.026925061
9.408687500,0.027733982
9.408750000,0.028519696
9.408812500,0.029051075
9.408875000,0.029335309
9.408937500,0.029413434
9.409000000,0.029366815
9.409062500,0.029163808
9.409125000,0.028894581
9.409187500,0.028538736
9.409250000,0.028049074
9.409312500,0.027290488
9.409375000,0.026384307
9.409437500,0.025456525
9.409500000,0.024660595
9.409562500,0.024005497
9.409625000,0.023649190
9.409687500,0.023604887
9.409750000,0.023813475
9.409812500,0.024054887
9.409875000,0.024358291
9.409937500,0.024749961
9.410000000,0.025319466
9.410062500,0.026054323
9.410125000,0.027158009
9.410187500,0.028689884
9.410250000,0.030590432
9.410312500,0.032543473
9.410375000,0.034416582
9.410437500,0.036023878
9.410500000,0.037273265
9.410562500,0.038064186
9.410625000,0.038682256
9.410687500,0.039405011
9.410750000,0.040473495
9.410812500,0.041850746
9.410875000,0.043620288
9.410937500,0.045665767
9.411000000,0.047815196
9.411062500,0.049762145
9.411125000,0.051569421
9.411187500,0.053321809
9.411250000,0.055156901
9.411312500,0.057034254
9.411375000,0.059127960
9.411437500,0.061442904
9.411500000,0.063910469
9.411562500,0.066271022
9.411625000,0.068567820
9.411687500,0.070809372
9.411750000,0.073040545
9.411812500,0.075150356
9.411875000,0.077281974
9.411937500,0.079448640
9.412000000,0.081605859
9.412062500,0.083508626
9.412125000,0.085184447
9.412187500,0.086613990
9.412250000,0.087818071
9.412312500,0.088696808
9.412375000,0.089437939
9.412437500,0.090153106
9.412500000,0.090924181
9.412562500,0.091639936
9.412625000,0.092412755
9.412687500,0.093264759
9.412750000,0.094218530
9.412812500,0.095164329
9.412875000,0.096263237
9.412937500,0.097595170
9.413000000,0.099207126
9.413062500,0.100946598
9.413125000,0.102847673
9.413187500,0.104796402
9.413250000,0.106642954
9.413312500,0.108110897
9.413375000,0.109212324
9.413437500,0.109932438
9.413500000,0.110313803
9.413562500,0.110317841
9.413625000,0.110152684
9.413687500,0.109912314
9.413750000,0.109654933
9.413812500,0.109298714
9.413875000,0.108974330
9.413937500,0.108706743
9.414000000,0.108525448
9.414062500,0.108365566
9.414125000,0.108387969
9.414187500,0.108610086
9.414250000,0.108996063
9.414312500,0.109360069
9.414375000,0.109708928
9.414437500,0.109909333
9.414500000,0.109843187
9.414562500,0.109353498
9.414625000,0.108584143
9.414687500,0.107593305
9.414750000,0.106454708
9.414812500,0.105148278
9.414875000,0.103857346
9.414937500,0.102580197
9.415000000,0.101277865
9.415062500,0.099831864
9.415125000,0.098362178
9.415187500,0.096865572
9.415250000,0.095348023
9.415312500,0.093759015
9.415375000,0.092239358
9.415437500,0.090753950
9.415500000,0.089229941
9.415562500,0.087527260
9.415625000,0.085706092
9.415687500,0.083689280
9.415750000,0.081417613
9.415812500,0.078825049
9.415875000,0.076079935
9.415937500,0.073222943
9.416000000,0.070310935
9.416062500,0.067382596
9.416125000,0.064664513
9.416187500,0.062194303
9.416250000,0.059957247
9.416312500,0.057872910
9.416375000,0.055998314
9.416437500,0.054219089
9.416500000,0.052427296
9.416562500,0.050545797
9.416625000,0.048696555
9.416687500,0.046877626
9.416750000,0.045085590
9.416812500,0.043303739
9.416875000,0.041647054
9.416937500,0.040064685
9.417000000,0.038496882
9.417062500,0.036894172
9.417125000,0.035358045
9.417187500,0.033824105
9.417250000,0.032190546
9.417312500,0.030330133
9.417375000,0.028257009
9.417437500,0.025874591
9.417500000,0.023154603
9.417562500,0.020167891
9.417625000,0.017193316
9.417687500,0.014389599
9.417750000,0.011859675
9.417812500,0.009619595
9.417875000,0.007692624
9.417937500,0.005899413
9.418000000,0.004047350
9.418062500,0.002018112
9.418125000,-0.000098389
9.418187500,-0.002243991
9.418250000,-0.004329723
9.418312500,-0.006280490
9.418375000,-0.008007401
9.418437500,-0.009620992
9.418500000,-0.011294928
9.418562500,-0.013177221
9.418625000,-0.015278440
9.418687500,-0.017599354
9.418750000,-0.020048497
9.418812500,-0.022455204
9.418875000,-0.024592282
9.418937500,-0.026364380
9.419000000,-0.027766701
9.419062500,-0.028861012
9.419125000,-0.029715456
9.419187500,-0.030474683
9.419250000,-0.031249303
9.419312500,-0.032064866
9.419375000,-0.032824539
9.419437500,-0.033434074
9.419500000,-0.033790659
9.419562500,-0.033824012
9.419625000,-0.033495732
9.419687500,-0.032916889
9.419750000,-0.032284670
9.419812500,-0.031829104
9.419875000,-0.031706795
9.419937500,-0.032023523
9.420000000,-0.032755297
9.420062500,-0.033749491
9.420125000,-0.034733307
9.420187500,-0.035461213
9.420250000,-0.035767276
9.420312500,-0.035618637
9.420375000,-0.035101805
9.420437500,-0.034417197
9.420500000,-0.033790659
9.420562500,-0.033398338
9.420625000,-0.033304498
9.420687500,-0.033472177
9.420750000,-0.033790659
9.420812500,-0.034127664
9.420875000,-0.034367736
9.420937500,-0.034427799
9.421000000,-0.034261286
9.421062500,-0.033851095
9.421125000,-0.033207629
9.421187500,-0.032352518
9.421250000,-0.031343430
9.421312500,-0.030277522
9.421375000,-0.029274030
9.421437500,-0.028385030
9.421500000,-0.027578451
9.421562500,-0.026733106
9.421625000,-0.025699263
9.421687500,-0.024308819
9.421750000,-0.022495734
9.421812500,-0.020354932
9.421875000,-0.018143034
9.421937500,-0.016124018
9.422000000,-0.014495159
9.422062500,-0.013304667
9.422125000,-0.012465863
9.422187500,-0.011726995
9.422250000,-0.010824307
9.422312500,-0.009597688
9.422375000,-0.008098494
9.422437500,-0.006486020
9.422500000,-0.004988594
9.422562500,-0.003800419
9.422625000,-0.003028869
9.422687500,-0.002583494
9.422750000,-0.002258986
9.422812500,-0.001821518
9.422875000,-0.001161258
9.422937500,-0.000242879
9.423000000,0.000847120
9.423062500,0.001954374
9.423125000,0.002882669
9.423187500,0.003564371
9.423250000,0.004047350
9.423312500,0.004482194
9.423375000,0.004991766
9.423437500,0.005710306
9.423500000,0.006682833
9.423562500,0.007862565
9.423625000,0.009049787
9.423687500,0.010075853
9.423750000,0.010824307
9.423812500,0.011296008
9.423875000,0.011544222
9.423937500,0.011756820
9.424000000,0.012142048
9.424062500,0.012853025
9.424125000,0.013840294
9.424187500,0.014927754
9.424250000,0.015812902
9.424312500,0.016177554
9.424375000,0.015759090
9.424437500,0.014548132
9.424500000,0.012800919
9.424562500,0.010994992
9.424625000,0.009620328
9.424687500,0.009059479
9.424750000,0.009412440
9.424812500,0.010462223
9.424875000,0.011695135
9.424937500,0.012548707
9.425000000,0.012612671
9.425062500,0.011813950
9.425125000,0.010369749
9.425187500,0.008744149
9.425250000,0.007435828
9.425312500,0.006799152
9.425375000,0.006839652
9.425437500,0.007269898
9.425500000,0.007624077
9.425562500,0.007479249
9.425625000,0.006565704
9.425687500,0.004912689
9.425750000,0.002823732
9.425812500,0.000782629
9.425875000,-0.000794403
9.425937500,-0.001673787
9.426000000,-0.001882488
9.426062500,-0.001645655
9.426125000,-0.001328282
9.426187500,-0.001240328
9.426250000,-0.001505991
9.426312500,-0.001987531
9.426375000,-0.002442153
9.426437500,-0.002627962
9.426500000,-0.002447235
9.426562500,-0.001981620
9.426625000,-0.001541338
9.426687500,-0.001491080
9.426750000,-0.002070737
9.426812500,-0.003225791
9.426875000,-0.004706943
9.426937500,-0.006148629
9.427000000,-0.007247579
9.427062500,-0.007871071
9.427125000,-0.008227450
9.427187500,-0.008726796
9.427250000,-0.009788939
9.427312500,-0.011588036
9.427375000,-0.014031347
9.427437500,-0.016721077
9.427500000,-0.019107254
9.427562500,-0.020669961
9.427625000,-0.021198435
9.427687500,-0.020842880
9.427750000,-0.020048497
9.427812500,-0.019334843
9.427875000,-0.019168198
9.427937500,-0.019737298
9.428000000,-0.020895619
9.428062500,-0.022186143
9.428125000,-0.023161562
9.428187500,-0.023518194
9.428250000,-0.023248728
9.428312500,-0.022600967
9.428375000,-0.022110755
9.428437500,-0.022293080
9.428500000,-0.023436978
9.428562500,-0.025411392
9.428625000,-0.027846223
9.428687500,-0.030178441
9.428750000,-0.031908173
9.428812500,-0.032746721
9.428875000,-0.032871738
9.428937500,-0.032747179
9.429000000,-0.032943543
9.429062500,-0.033828806
9.429125000,-0.035552956
9.429187500,-0.037875898
9.429250000,-0.040285248
9.429312500,-0.042130239
9.429375000,-0.043017522
9.429437500,-0.042834885
9.429500000,-0.041791238
9.429562500,-0.040240206
9.429625000,-0.038674936
9.429687500,-0.037412621
9.429750000,-0.036520272
9.429812500,-0.035767432
9.429875000,-0.034928028
9.429937500,-0.033818457
9.430000000,-0.032472920
9.430062500,-0.031126892
9.430125000,-0.030304009
9.430187500,-0.030478459
9.430250000,-0.031908173
9.430312500,-0.034439597
9.430375000,-0.037678368
9.430437500,-0.040971275
9.430500000,-0.043673724
9.430562500,-0.045312706
9.430625000,-0.045887269
9.430687500,-0.045686390
9.430750000,-0.045179714
9.430812500,-0.044746928
9.430875000,-0.044699758
9.430937500,-0.045039173
9.431000000,-0.045556214
9.431062500,-0.045913626
9.431125000,-0.045973826
9.431187500,-0.045732688
9.431250000,-0.045367967
9.431312500,-0.045097101
9.431375000,-0.045228414
9.431437500,-0.045858175
9.431500000,-0.046873957
9.431562500,-0.047936987
9.431625000,-0.048775930
9.431687500,-0.049136821
9.431750000,-0.048944689
9.431812500,-0.048276853
9.431875000,-0.047474574
9.431937500,-0.046807978
9.432000000,-0.046403330
9.432062500,-0.046115894
9.432125000,-0.045765527
9.432187500,-0.045048203
9.432250000,-0.043767847
9.432312500,-0.041919809
9.432375000,-0.039834663
9.432437500,-0.037914503
9.432500000,-0.036520272
9.432562500,-0.035787135
9.432625000,-0.035699584
9.432687500,-0.035990577
9.432750000,-0.036332019
9.432812500,-0.036460236
9.432875000,-0.036397558
9.432937500,-0.036304373
9.433000000,-0.036426149
9.433062500,-0.036915537
9.433125000,-0.037819058
9.433187500,-0.038870793
9.433250000,-0.039626375
9.433312500,-0.039609682
9.433375000,-0.038623769
9.433437500,-0.036734227
9.433500000,-0.034355409
9.433562500,-0.032111689
9.433625000,-0.030673875
9.433687500,-0.030347334
9.433750000,-0.030966930
9.433812500,-0.031921260
9.433875000,-0.032475106
9.433937500,-0.031990096
9.434000000,-0.030308058
9.434062500,-0.027862441
9.434125000,-0.025601860
9.434187500,-0.024438251
9.434250000,-0.024848843
9.434312500,-0.026571389
9.434375000,-0.028728800
9.434437500,-0.030043814
9.434500000,-0.029460939
9.434562500,-0.026628686
9.434625000,-0.022172391
9.434687500,-0.017340938
9.434750000,-0.013553915
9.434812500,-0.011809273
9.434875000,-0.012354421
9.434937500,-0.014509024
9.435000000,-0.017036518
9.435062500,-0.018659920
9.435125000,-0.018607819
9.435187500,-0.016760798
9.435250000,-0.013648040
9.435312500,-0.010149657
9.435375000,-0.007162725
9.435437500,-0.005184799
9.435500000,-0.004235599
9.435562500,-0.003930491
9.435625000,-0.003748314
9.435687500,-0.003164808
9.435750000,-0.001882488
9.435812500,0.000099373
9.435875000,0.002459312
9.435937500,0.004788236
9.436000000,0.006682833
9.436062500,0.007870983
9.436125000,0.008238390
9.436187500,0.007930866
9.436250000,0.007247579
9.436312500,0.006534854
9.436375000,0.006020345
9.436437500,0.005829357
9.436500000,0.005929837
9.436562500,0.006179033
9.436625000,0.006379962
9.436687500,0.006445270
9.436750000,0.006400459
9.436812500,0.006360753
9.436875000,0.006438412
9.436937500,0.006732740
9.437000000,0.007247579
9.437062500,0.007877753
9.437125000,0.008436555
9.437187500,0.008783833
9.437250000,0.008847695
9.437312500,0.008631234
9.437375000,0.008238141
9.437437500,0.007842800
9.437500000,0.007624077
9.437562500,0.007688894
9.437625000,0.008042239
9.437687500,0.008587053
9.437750000,0.009130068
9.437812500,0.009431225
9.437875000,0.009325439
9.437937500,0.008816317
9.438000000,0.008094699
9.438062500,0.007463620
9.438125000,0.007255051
9.438187500,0.007649662
9.438250000,0.008565322
9.438312500,0.009624648
9.438375000,0.010363289
9.438437500,0.010391543
9.438500000,0.009600690
9.438562500,0.008224257
9.438625000,0.006819382
9.438687500,0.005986921
9.438750000,0.006118086
9.438812500,0.007183849
9.438875000,0.008798308
9.438937500,0.010329628
9.439000000,0.011200804
9.439062500,0.011137812
9.439125000,0.010336841
9.439187500,0.009347472
9.439250000,0.008847695
9.439312500,0.009339375
9.439375000,0.010961926
9.439437500,0.013396201
9.439500000,0.016001150
9.439562500,0.018059442
9.439625000,0.019086415
9.439687500,0.018983157
9.439750000,0.018071886
9.439812500,0.016942263
9.439875000,0.016205112
9.439937500,0.016198240
9.440000000,0.016848268
9.440062500,0.017709831
9.440125000,0.018198989
9.440187500,0.017884206
9.440250000,0.016754145
9.440312500,0.015290720
9.440375000,0.014284163
9.440437500,0.014457515
9.440500000,0.016095273
9.440562500,0.018842116
9.440625000,0.021778150
9.440687500,0.023776354
9.440750000,0.024001725
9.440812500,0.022309177
9.440875000,0.019310690
9.440937500,0.016113713
9.441000000,0.013836288
9.441062500,0.013126223
9.441125000,0.013877915
9.441187500,0.015313782
9.441250000,0.016377648
9.441312500,0.016243182
9.441375000,0.014644949
9.441437500,0.011969093
9.441500000,0.009035943
9.441562500,0.006723058
9.441625000,0.005554031
9.441687500,0.005513300
9.441750000,0.006118086
9.441812500,0.006698517
9.441875000,0.006667525
9.441937500,0.005768003
9.442000000,0.004141474
9.442062500,0.002238972
9.442125000,0.000572868
9.442187500,-0.000508854
9.442250000,-0.000941244
9.442312500,-0.000925629
9.442375000,-0.000849194
9.442437500,-0.001119380
9.442500000,-0.001976613
9.442562500,-0.003378242
9.442625000,-0.005046649
9.442687500,-0.006602190
9.442750000,-0.007718201
9.442812500,-0.008240810
9.442875000,-0.008285846
9.442937500,-0.008177917
9.443000000,-0.008282948
9.443062500,-0.008814647
9.443125000,-0.009764777
9.443187500,-0.010918272
9.443250000,-0.011953799
9.443312500,-0.012588832
9.443375000,-0.012715664
9.443437500,-0.012471871
9.443500000,-0.012142048
9.443562500,-0.012008270
9.443625000,-0.012247427
9.443687500,-0.012890741
9.443750000,-0.013836288
9.443812500,-0.014915365
9.443875000,-0.015966652
9.443937500,-0.016904926
9.444000000,-0.017695390
9.444062500,-0.018313058
9.444125000,-0.018741239
9.444187500,-0.018988738
9.444250000,-0.019107254
9.444312500,-0.019194895
9.444375000,-0.019377926
9.444437500,-0.019755922
9.444500000,-0.020330872
9.444562500,-0.020977357
9.444625000,-0.021479208
9.444687500,-0.021635374
9.444750000,-0.021366240
9.444812500,-0.020775605
9.444875000,-0.020138059
9.444937500,-0.019784022
9.445000000,-0.019954374
9.445062500,-0.020685323
9.445125000,-0.021771424
9.445187500,-0.022845350
9.445250000,-0.023531102
9.445312500,-0.023599220
9.445375000,-0.023058400
9.445437500,-0.022117347
9.445500000,-0.021083867
9.445562500,-0.020222761
9.445625000,-0.019649211
9.445687500,-0.019283077
9.445750000,-0.018919006
9.445812500,-0.018348455
9.445875000,-0.017445341
9.445937500,-0.016211247
9.446000000,-0.014777532
9.446062500,-0.013357801
9.446125000,-0.012159052
9.446187500,-0.011305850
9.446250000,-0.010824307
9.446312500,-0.010653494
9.446375000,-0.010670079
9.446437500,-0.010694434
9.446500000,-0.010541934
9.446562500,-0.010067361
9.446625000,-0.009207781
9.446687500,-0.007976484
9.446750000,-0.006494584
9.446812500,-0.004977340
9.446875000,-0.003681350
9.446937500,-0.002787499
9.447000000,-0.002353110
9.447062500,-0.002290872
9.447125000,-0.002386359
9.447187500,-0.002337439
9.447250000,-0.001882488
9.447312500,-0.000917308
9.447375000,0.000473065
9.447437500,0.002051763
9.447500000,0.003482603
9.447562500,0.004420759
9.447625000,0.004667388
9.447687500,0.004263849
9.447750000,0.003482603
9.447812500,0.002729799
9.447875000,0.002454594
9.447937500,0.003012418
9.448000000,0.004517972
9.448062500,0.006759801
9.448125000,0.009313485
9.448187500,0.011666819
9.448250000,0.013365666
9.448312500,0.014112654
9.448375000,0.013904792
9.448437500,0.012993057
9.448500000,0.011765551
9.448562500,0.010576354
9.448625000,0.009699949
9.448687500,0.009258471
9.448750000,0.009224192
9.448812500,0.009441780
9.448875000,0.009773952
9.448937500,0.010123517
9.449000000,0.010447809
9.449062500,0.010711617
9.449125000,0.010950307
9.449187500,0.011217942
9.449250000,0.011577302
9.449312500,0.012059253
9.449375000,0.012738362
9.449437500,0.013670724
9.449500000,0.014871657
9.449562500,0.016254857
9.449625000,0.017738353
9.449687500,0.019199256
9.449750000,0.020519121
9.449812500,0.021583550
9.449875000,0.022399452
9.449937500,0.023038585
9.450000000,0.023625227
9.450062500,0.024261991
9.450125000,0.025086738
9.450187500,0.026164729
9.450250000,0.027484328
9.450312500,0.028922806
9.450375000,0.030368887
9.450437500,0.031684753
9.450500000,0.032755297
9.450562500,0.033469010
9.450625000,0.033825312
9.450687500,0.033833679
9.450750000,0.033508290
9.450812500,0.032817323
9.450875000,0.031832702
9.450937500,0.030653635
9.451000000,0.029460939
9.451062500,0.028457291
9.451125000,0.027927989
9.451187500,0.028025908
9.451250000,0.028707944
9.451312500,0.029674552
9.451375000,0.030558664
9.451437500,0.030988345
9.451500000,0.030778680
9.451562500,0.029993391
9.451625000,0.029026920
9.451687500,0.028353084
9.451750000,0.028331446
9.451812500,0.028996352
9.451875000,0.030118270
9.451937500,0.031219762
9.452000000,0.031814050
9.452062500,0.031583417
9.452125000,0.030600492
9.452187500,0.029184565
9.452250000,0.027766701
9.452312500,0.026657553
9.452375000,0.026032848
9.452437500,0.025810312
9.452500000,0.025790086
9.452562500,0.025767768
9.452625000,0.025736295
9.452687500,0.025769634
9.452750000,0.025978338
9.452812500,0.026378373
9.452875000,0.026939111
9.452937500,0.027490294
9.453000000,0.027860826
9.453062500,0.027953824
9.453125000,0.027901514
9.453187500,0.027880121
9.453250000,0.028049074
9.453312500,0.028419197
9.453375000,0.028912591
9.453437500,0.029280242
9.453500000,0.029272690
9.453562500,0.028751019
9.453625000,0.027834784
9.453687500,0.026755854
9.453750000,0.025790086
9.453812500,0.025117902
9.453875000,0.024809267
9.453937500,0.024729300
9.454000000,0.024660595
9.454062500,0.024407152
9.454125000,0.023942353
9.454187500,0.023323508
9.454250000,0.022683984
9.454312500,0.022144498
9.454375000,0.021802358
9.454437500,0.021614121
9.454500000,0.021460366
9.454562500,0.021194758
9.454625000,0.020755578
9.454687500,0.020091563
9.454750000,0.019201379
9.454812500,0.018113138
9.454875000,0.016911907
9.454937500,0.015652375
9.455000000,0.014401034
9.455062500,0.013245816
9.455125000,0.012301774
9.455187500,0.011622297
9.455250000,0.011200804
9.455312500,0.010966744
9.455375000,0.010814450
9.455437500,0.010587827
9.455500000,0.010165436
9.455562500,0.009514850
9.455625000,0.008704458
9.455687500,0.007823156
9.455750000,0.006965206
9.455812500,0.006199757
9.455875000,0.005539217
9.455937500,0.004894129
9.456000000,0.004141474
9.456062500,0.003199754
9.456125000,0.002065746
9.456187500,0.000795659
9.456250000,-0.000470622
9.456312500,-0.001524259
9.456375000,-0.002195460
9.456437500,-0.002441312
9.456500000,-0.002353110
9.456562500,-0.002104005
9.456625000,-0.001923088
9.456687500,-0.002013524
9.456750000,-0.002447235
9.456812500,-0.003098628
9.456875000,-0.003765193
9.456937500,-0.004263381
9.457000000,-0.004517972
9.457062500,-0.004580671
9.457125000,-0.004674970
9.457187500,-0.005088846
9.457250000,-0.006023962
9.457312500,-0.007450173
9.457375000,-0.009168320
9.457437500,-0.010865370
9.457500000,-0.012236172
9.457562500,-0.013069111
9.457625000,-0.013416178
9.457687500,-0.013528620
9.457750000,-0.013742164
9.457812500,-0.014286751
9.457875000,-0.015267911
9.457937500,-0.016583946
9.458000000,-0.017977761
9.458062500,-0.019113038
9.458125000,-0.019808277
9.458187500,-0.020079074
9.458250000,-0.020142624
9.458312500,-0.020293931
9.458375000,-0.020854544
9.458437500,-0.021988196
9.458500000,-0.023625227
9.458562500,-0.025441920
9.458625000,-0.027068054
9.458687500,-0.028192051
9.458750000,-0.028707944
9.458812500,-0.028732909
9.458875000,-0.028649900
9.458937500,-0.028887041
9.459000000,-0.029743314
9.459062500,-0.031213708
9.459125000,-0.033056065
9.459187500,-0.034820996
9.459250000,-0.036049645
9.459312500,-0.036430884
9.459375000,-0.036012683
9.459437500,-0.035124931
9.459500000,-0.034261286
9.459562500,-0.033852760
9.459625000,-0.034167752
9.459687500,-0.035160948
9.459750000,-0.036520272
9.459812500,-0.037777059
9.459875000,-0.038553301
9.459937500,-0.038649514
9.460000000,-0.038120385
9.460062500,-0.037212037
9.460125000,-0.036302045
9.460187500,-0.035686098
9.460250000,-0.035484903
9.460312500,-0.035592772
9.460375000,-0.035775591
9.460437500,-0.035723273
9.460500000,-0.035202529
9.460562500,-0.034144945
9.460625000,-0.032725465
9.460687500,-0.031241300
9.460750000,-0.030025685
9.460812500,-0.029312037
9.460875000,-0.029186197
9.460937500,-0.029494710
9.461000000,-0.029931562
9.461062500,-0.030152798
9.461125000,-0.029940378
9.461187500,-0.029226139
9.461250000,-0.028143197
9.461312500,-0.026968284
9.461375000,-0.026038239
9.461437500,-0.025548751
9.461500000,-0.025507715
9.461562500,-0.025739511
9.461625000,-0.025964726
9.461687500,-0.025861342
9.461750000,-0.025225341
9.461812500,-0.024055846
9.461875000,-0.022569753
9.461937500,-0.021031441
9.462000000,-0.019672001
9.462062500,-0.018595560
9.462125000,-0.017767347
9.462187500,-0.016979920
9.462250000,-0.016001150
9.462312500,-0.014696340
9.462375000,-0.013114043
9.462437500,-0.011385974
9.462500000,-0.009694814
9.462562500,-0.008193187
9.462625000,-0.006970257
9.462687500,-0.005967568
9.462750000,-0.005082718
9.462812500,-0.004253763
9.462875000,-0.003509676
9.462937500,-0.002874590
9.463000000,-0.002353110
9.463062500,-0.001890417
9.463125000,-0.001387606
9.463187500,-0.000671800
9.463250000,0.000376498
9.463312500,0.001743479
9.463375000,0.003252278
9.463437500,0.004699904
9.463500000,0.005929837
9.463562500,0.006918390
9.463625000,0.007773633
9.463687500,0.008746685
9.463750000,0.010071312
9.463812500,0.011832053
9.463875000,0.013877141
9.463937500,0.015917446
9.464000000,0.017601265
9.464062500,0.018646656
9.464125000,0.018922281
9.464187500,0.018543545
9.464250000,0.017789513
9.464312500,0.016996032
9.464375000,0.016406268
9.464437500,0.016167674
9.464500000,0.016283523
9.464562500,0.016651735
9.464625000,0.017095845
9.464687500,0.017493030
9.464750000,0.017789513
9.464812500,0.018013109
9.464875000,0.018202178
9.464937500,0.018427158
9.465000000,0.018730756
9.465062500,0.019112203
9.465125000,0.019492697
9.465187500,0.019775087
9.465250000,0.019860249
9.465312500,0.019686598
9.465375000,0.019221159
9.465437500,0.018498156
9.465500000,0.017601265
9.465562500,0.016645739
9.465625000,0.015733756
9.465687500,0.014942897
9.465750000,0.014306910
9.465812500,0.013825709
9.465875000,0.013456200
9.465937500,0.013154357
9.466000000,0.012895043
9.466062500,0.012689528
9.466125000,0.012544766
9.466187500,0.012443908
9.466250000,0.012330297
9.466312500,0.012122077
9.466375000,0.011722798
9.466437500,0.011065548
9.466500000,0.010165436
9.466562500,0.009137335
9.466625000,0.008151543
9.466687500,0.007327844
9.466750000,0.006682833
9.466812500,0.006114862
9.466875000,0.005439970
9.466937500,0.004462416
9.467000000,0.003106105
9.467062500,0.001491156
9.467125000,-0.000105302
9.467187500,-0.001386457
9.467250000,-0.002164861
9.467312500,-0.002449955
9.467375000,-0.002458490
9.467437500,-0.002526415
9.467500000,-0.002917857
9.467562500,-0.003666914
9.467625000,-0.004560650
9.467687500,-0.005259727
9.467750000,-0.005459215
9.467812500,-0.005045412
9.467875000,-0.004184292
9.467937500,-0.003288305
9.468000000,-0.002823732
9.468062500,-0.003096106
9.468125000,-0.004141570
9.468187500,-0.005743967
9.468250000,-0.007529953
9.468312500,-0.009117687
9.468375000,-0.010275799
9.468437500,-0.010987009
9.468500000,-0.011389053
9.468562500,-0.011657942
9.468625000,-0.011920528
9.468687500,-0.012220150
9.468750000,-0.012518546
9.468812500,-0.012743506
9.468875000,-0.012851697
9.468937500,-0.012875749
9.469000000,-0.012895043
9.469062500,-0.012983298
9.469125000,-0.013171711
9.469187500,-0.013444716
9.469250000,-0.013742164
9.469312500,-0.013985374
9.469375000,-0.014127427
9.469437500,-0.014181417
9.469500000,-0.014212786
9.469562500,-0.014305725
9.469625000,-0.014541075
9.469687500,-0.014957418
9.469750000,-0.015530528
9.469812500,-0.016166797
9.469875000,-0.016756805
9.469937500,-0.017192716
9.470000000,-0.017413015
9.470062500,-0.017415592
9.470125000,-0.017282005
9.470187500,-0.017122367
9.470250000,-0.017036518
9.470312500,-0.017064329
9.470375000,-0.017194413
9.470437500,-0.017345877
9.470500000,-0.017413015
9.470562500,-0.017302908
9.470625000,-0.016983086
9.470687500,-0.016469454
9.470750000,-0.015812902
9.470812500,-0.015064077
9.470875000,-0.014273121
9.470937500,-0.013454801
9.471000000,-0.012612671
9.471062500,-0.011755284
9.471125000,-0.010932582
9.471187500,-0.010196665
9.471250000,-0.009600690
9.471312500,-0.009173630
9.471375000,-0.008926920
9.471437500,-0.008812482
9.471500000,-0.008753570
9.471562500,-0.008668668
9.471625000,-0.008512838
9.471687500,-0.008256713
9.471750000,-0.007906451
9.471812500,-0.007497194
9.471875000,-0.007096307
9.471937500,-0.006751085
9.472000000,-0.006494584
9.472062500,-0.006342206
9.472125000,-0.006300396
9.472187500,-0.006335876
9.472250000,-0.006400459
9.472312500,-0.006445490
9.472375000,-0.006439257
9.472437500,-0.006339492
9.472500000,-0.006118086
9.472562500,-0.005774340
9.472625000,-0.005338788
9.472687500,-0.004841541
9.472750000,-0.004329723
9.472812500,-0.003864101
9.472875000,-0.003508977
9.472937500,-0.003271332
9.473000000,-0.003106105
9.473062500,-0.002926554
9.473125000,-0.002644508
9.473187500,-0.002176111
9.473250000,-0.001505991
9.473312500,-0.000710794
9.473375000,0.000057351
9.473437500,0.000663168
9.473500000,0.001035369
9.473562500,0.001199369
9.473625000,0.001264137
9.473687500,0.001389791
9.473750000,0.001694239
9.473812500,0.002187270
9.473875000,0.002769594
9.473937500,0.003300752
9.474000000,0.003670852
9.474062500,0.003860377
9.474125000,0.003952761
9.474187500,0.004099241
9.474250000,0.004423847
9.474312500,0.004948210
9.474375000,0.005575579
9.474437500,0.006159979
9.474500000,0.006588709
9.474562500,0.006856712
9.474625000,0.007078117
9.474687500,0.007441361
9.474750000,0.008094699
9.474812500,0.009050675
9.474875000,0.010136772
9.474937500,0.011072153
9.475000000,0.011577302
9.475062500,0.011504003
9.475125000,0.010888492
9.475187500,0.009959920
9.475250000,0.009035943
9.475312500,0.008398305
9.475375000,0.008172937
9.475437500,0.008317749
9.475500000,0.008659446
9.475562500,0.008990394
9.475625000,0.009139010
9.475687500,0.009044746
9.475750000,0.008753570
9.475812500,0.008385000
9.475875000,0.008048725
9.475937500,0.007820157
9.476000000,0.007718201
9.476062500,0.007724010
9.476125000,0.007771687
9.476187500,0.007789916
9.476250000,0.007718201
9.476312500,0.007533138
9.476375000,0.007219518
9.476437500,0.006795028
9.476500000,0.006306335
9.476562500,0.005832261
9.476625000,0.005429529
9.476687500,0.005124016
9.476750000,0.004894469
9.476812500,0.004687507
9.476875000,0.004405784
9.476937500,0.003957290
9.477000000,0.003294354
9.477062500,0.002450268
9.477125000,0.001510967
9.477187500,0.000593764
9.477250000,-0.000188249
9.477312500,-0.000751459
9.477375000,-0.001083558
9.477437500,-0.001241060
9.477500000,-0.001317742
9.477562500,-0.001399914
9.477625000,-0.001550086
9.477687500,-0.001804957
9.477750000,-0.002164861
9.477812500,-0.002593633
9.477875000,-0.003057515
9.477937500,-0.003541762
9.478000000,-0.004047350
9.478062500,-0.004573269
9.478125000,-0.005130894
9.478187500,-0.005736901
9.478250000,-0.006400459
9.478312500,-0.007107221
9.478375000,-0.007841291
9.478437500,-0.008586400
9.478500000,-0.009318316
9.478562500,-0.009995462
9.478625000,-0.010578843
9.478687500,-0.011045222
9.478750000,-0.011389053
9.478812500,-0.011621209
9.478875000,-0.011766241
9.478937500,-0.011865310
9.479000000,-0.011953799
9.479062500,-0.012045852
9.479125000,-0.012133265
9.479187500,-0.012202016
9.479250000,-0.012236172
9.479312500,-0.012221565
9.479375000,-0.012158813
9.479437500,-0.012063522
9.479500000,-0.011953799
9.479562500,-0.011840489
9.479625000,-0.011722825
9.479687500,-0.011601329
9.479750000,-0.011483178
9.479812500,-0.011390092
9.479875000,-0.011346803
9.479937500,-0.011375734
9.480000000,-0.011483178
9.480062500,-0.011656981
9.480125000,-0.011854981
9.480187500,-0.012028146
9.480250000,-0.012142048
9.480312500,-0.012206884
9.480375000,-0.012240076
9.480437500,-0.012273548
9.480500000,-0.012330297
9.480562500,-0.012425206
9.480625000,-0.012509109
9.480687500,-0.012504733
9.480750000,-0.012330297
9.480812500,-0.011953789
9.480875000,-0.011344662
9.480937500,-0.010513146
9.481000000,-0.009506566
9.481062500,-0.008430623
9.481125000,-0.007364628
9.481187500,-0.006383097
9.481250000,-0.005553340
9.481312500,-0.004966985
9.481375000,-0.004655686
9.481437500,-0.004614674
9.481500000,-0.004800345
9.481562500,-0.005163889
9.481625000,-0.005572408
9.481687500,-0.005854774
9.481750000,-0.005835713
9.481812500,-0.005420521
9.481875000,-0.004545125
9.481937500,-0.003250900
9.482000000,-0.001694239
9.482062500,-0.000157800
9.482125000,0.001126864
9.482187500,0.002020848
9.482250000,0.002541359
9.482312500,0.002821692
9.482375000,0.003161055
9.482437500,0.003857148
9.482500000,0.005082718
9.482562500,0.006761691
9.482625000,0.008693696
9.482687500,0.010595907
9.482750000,0.012236172
9.482812500,0.013490397
9.482875000,0.014481063
9.482937500,0.015456589
9.483000000,0.016660020
9.483062500,0.018152585
9.483125000,0.019879300
9.483187500,0.021650808
9.483250000,0.023248728
9.483312500,0.024486044
9.483375000,0.025387097
9.483437500,0.026104568
9.483500000,0.026825456
9.483562500,0.027607871
9.483625000,0.028457496
9.483687500,0.029273396
9.483750000,0.029931562
9.483812500,0.030314431
9.483875000,0.030515553
9.483937500,0.030724989
9.484000000,0.031155180
9.484062500,0.031871378
9.484125000,0.032895513
9.484187500,0.034102503
9.484250000,0.035296652
9.484312500,0.036237046
9.484375000,0.036872126
9.484437500,0.037262946
9.484500000,0.037555639
9.484562500,0.037836913
9.484625000,0.038235582
9.484687500,0.038764995
9.484750000,0.039344002
9.484812500,0.039773747
9.484875000,0.039977137
9.484937500,0.039932713
9.485000000,0.039720498
9.485062500,0.039431956
9.485125000,0.039297622
9.485187500,0.039473779
9.485250000,0.040002871
9.485312500,0.040717717
9.485375000,0.041478496
9.485437500,0.042094525
9.485500000,0.042450108
9.485562500,0.042485118
9.485625000,0.042398561
9.485687500,0.042397913
9.485750000,0.042638354
9.485812500,0.043074168
9.485875000,0.043669648
9.485937500,0.044279322
9.486000000,0.044803217
9.486062500,0.045194153
9.486125000,0.045667756
9.486187500,0.046416547
9.486250000,0.047532827
9.486312500,0.048848737
9.486375000,0.050154049
9.486437500,0.051112127
9.486500000,0.051486049
9.486562500,0.051208101
9.486625000,0.050597854
9.486687500,0.050048057
9.486750000,0.049885936
9.486812500,0.050139543
9.486875000,0.050698727
9.486937500,0.051202435
9.487000000,0.051297802
9.487062500,0.050770491
9.487125000,0.049832109
9.487187500,0.048842158
9.487250000,0.048191696
9.487312500,0.048051916
9.487375000,0.048463844
9.487437500,0.049162548
9.487500000,0.049791813
9.487562500,0.050033595
9.487625000,0.049913231
9.487687500,0.049592573
9.487750000,0.049321190
9.487812500,0.049231980
9.487875000,0.049411871
9.487937500,0.049690269
9.488000000,0.049791813
9.488062500,0.049423609
9.488125000,0.048579175
9.488187500,0.047367245
9.488250000,0.046026833
9.488312500,0.044764005
9.488375000,0.043834530
9.488437500,0.043263793
9.488500000,0.042920731
9.488562500,0.042532481
9.488625000,0.041979022
9.488687500,0.041158058
9.488750000,0.040096994
9.488812500,0.038888577
9.488875000,0.037819125
9.488937500,0.037067492
9.489000000,0.036708519
9.489062500,0.036630999
9.489125000,0.036752746
9.489187500,0.036848363
9.489250000,0.036708519
9.489312500,0.036161676
9.489375000,0.035300594
9.489437500,0.034238812
9.489500000,0.033131793
9.489562500,0.032060340
9.489625000,0.031177465
9.489687500,0.030464699
9.489750000,0.029837437
9.489812500,0.029148443
9.489875000,0.028423591
9.489937500,0.027665425
9.490000000,0.026919581
9.490062500,0.026198698
9.490125000,0.025639206
9.490187500,0.025259161
9.490250000,0.025037091
9.490312500,0.024884252
9.490375000,0.024862563
9.490437500,0.024972729
9.490500000,0.025225341
9.490562500,0.025570981
9.490625000,0.026072295
9.490687500,0.026658095
9.490750000,0.027201954
9.490812500,0.027499128
9.490875000,0.027494883
9.490937500,0.027112368
9.491000000,0.026354834
9.491062500,0.025269123
9.491125000,0.024095565
9.491187500,0.023025256
9.491250000,0.022213360
9.491312500,0.021695364
9.491375000,0.021530025
9.491437500,0.021625055
9.491500000,0.021836862
9.491562500,0.021983573
9.491625000,0.022037044
9.491687500,0.021975741
9.491750000,0.021836862
9.491812500,0.021649523
9.491875000,0.021546409
9.491937500,0.021556841
9.492000000,0.021648614
9.492062500,0.021702852
9.492125000,0.021688564
9.492187500,0.021546125
9.492250000,0.021272115
9.492312500,0.020892849
9.492375000,0.020574156
9.492437500,0.020429483
9.492500000,0.020519121
9.492562500,0.020809401
9.492625000,0.021241264
9.492687500,0.021682043
9.492750000,0.022025112
9.492812500,0.022227796
9.492875000,0.022375207
9.492937500,0.022546012
9.493000000,0.022778107
9.493062500,0.023009015
9.493125000,0.023143971
9.493187500,0.023031324
9.493250000,0.022589857
9.493312500,0.021858914
9.493375000,0.021061476
9.493437500,0.020414870
9.493500000,0.020048497
9.493562500,0.019908242
9.493625000,0.019844441
9.493687500,0.019621938
9.493750000,0.019107254
9.493812500,0.018352602
9.493875000,0.017647281
9.493937500,0.017285340
9.494000000,0.017413015
9.494062500,0.017894773
9.494125000,0.018430704
9.494187500,0.018645192
9.494250000,0.018354259
9.494312500,0.017686617
9.494375000,0.017116763
9.494437500,0.017119108
9.494500000,0.017883638
9.494562500,0.019081291
9.494625000,0.019995352
9.494687500,0.019715006
9.494750000,0.017601265
9.494812500,0.013615832
9.494875000,0.008494623
9.494937500,0.003407422
9.495000000,-0.000470622
9.495062500,-0.002447646
9.495125000,-0.002485442
9.495187500,-0.001227086
9.495250000,0.000376498
9.495312500,0.001482838
9.495375000,0.001758814
9.495437500,0.001354046
9.495500000,0.000752995
9.495562500,0.000444151
9.495625000,0.000734457
9.495687500,0.001545985
9.495750000,0.002541359
9.495812500,0.003314209
9.495875000,0.003675647
9.495937500,0.003653474
9.496000000,0.003482603
9.496062500,0.003444979
9.496125000,0.003787845
9.496187500,0.004541163
9.496250000,0.005553340
9.496312500,0.006563854
9.496375000,0.007384499
9.496437500,0.007912236
9.496500000,0.008188824
9.496562500,0.008354746
9.496625000,0.008624657
9.496687500,0.009129865
9.496750000,0.009883063
9.496812500,0.010755626
9.496875000,0.011577781
9.496937500,0.012145237
9.497000000,0.012330297
9.497062500,0.012121397
9.497125000,0.011677173
9.497187500,0.011190635
9.497250000,0.010824307
9.497312500,0.010620910
9.497375000,0.010541653
9.497437500,0.010437595
9.497500000,0.010165436
9.497562500,0.009670874
9.497625000,0.009040922
9.497687500,0.008455154
9.497750000,0.008094699
9.497812500,0.008042345
9.497875000,0.008247671
9.497937500,0.008547415
9.498000000,0.008753570
9.498062500,0.008742208
9.498125000,0.008528078
9.498187500,0.008230765
9.498250000,0.008000575
9.498312500,0.007914295
9.498375000,0.007958183
9.498437500,0.008008654
9.498500000,0.007906451
9.498562500,0.007525551
9.498625000,0.006877402
9.498687500,0.006071564
9.498750000,0.005270967
9.498812500,0.004597209
9.498875000,0.004136861
9.498937500,0.003880004
9.499000000,0.003764976
9.499062500,0.003707365
9.499125000,0.003695726
9.499187500,0.003739107
9.499250000,0.003859101
9.499312500,0.004035407
9.499375000,0.004265356
9.499437500,0.004503347
9.499500000,0.004706220
9.499562500,0.004831101
9.499625000,0.004927268
9.499687500,0.005035326
9.499750000,0.005176842
9.499812500,0.005303235
9.499875000,0.005368730
9.499937500,0.005285168
9.500000000,0.004988594
9.500062500,0.004463025
9.500125000,0.003825643
9.500187500,0.003246498
9.500250000,0.002917857
9.500312500,0.002972385
9.500375000,0.003486494
9.500437500,0.004401110
9.500500000,0.005553340
9.500562500,0.006710269
9.500625000,0.007704834
9.500687500,0.008441084
9.500750000,0.008941819
9.500812500,0.009312099
9.500875000,0.009741069
9.500937500,0.010362432
9.501000000,0.011200804
9.501062500,0.012130217
9.501125000,0.012962803
9.501187500,0.013481611
9.501250000,0.013553915
9.501312500,0.013187765
9.501375000,0.012579435
9.501437500,0.012013260
9.501500000,0.011765551
9.501562500,0.011991197
9.501625000,0.012692458
9.501687500,0.013705035
9.501750000,0.014777532
9.501812500,0.015660943
9.501875000,0.016212370
9.501937500,0.016399523
9.502000000,0.016283523
9.502062500,0.015954223
9.502125000,0.015506495
9.502187500,0.014985088
9.502250000,0.014401034
9.502312500,0.013750821
9.502375000,0.013072141
9.502437500,0.012419881
9.502500000,0.011859675
9.502562500,0.011433426
9.502625000,0.011173780
9.502687500,0.011072981
9.502750000,0.011106680
9.502812500,0.011241813
9.502875000,0.011472547
9.502937500,0.011784463
9.503000000,0.012142048
9.503062500,0.012470546
9.503125000,0.012682369
9.503187500,0.012684021
9.503250000,0.012424421
9.503312500,0.011918669
9.503375000,0.011266194
9.503437500,0.010585857
9.503500000,0.009977187
9.503562500,0.009475048
9.503625000,0.009055546
9.503687500,0.008626749
9.503750000,0.008094699
9.503812500,0.007407478
9.503875000,0.006622177
9.503937500,0.005838965
9.504000000,0.005176842
9.504062500,0.004712439
9.504125000,0.004492972
9.504187500,0.004483463
9.504250000,0.004612096
9.504312500,0.004792332
9.504375000,0.004998130
9.504437500,0.005198771
9.504500000,0.005365091
9.504562500,0.005446442
9.504625000,0.005427153
9.504687500,0.005292053
9.504750000,0.005082718
9.504812500,0.004900043
9.504875000,0.004903346
9.504937500,0.005189647
9.505000000,0.005741589
9.505062500,0.006394487
9.505125000,0.006899599
9.505187500,0.006985708
9.505250000,0.006494584
9.505312500,0.005457476
9.505375000,0.004111357
9.505437500,0.002768740
9.505500000,0.001694239
9.505562500,0.000988639
9.505625000,0.000580353
9.505687500,0.000256476
9.505750000,-0.000188249
9.505812500,-0.000826312
9.505875000,-0.001523833
9.505937500,-0.002027049
9.506000000,-0.002070737
9.506062500,-0.001512532
9.506125000,-0.000398367
9.506187500,0.001029429
9.506250000,0.002447235
9.506312500,0.003588019
9.506375000,0.004333992
9.506437500,0.004722163
9.506500000,0.004894469
9.506562500,0.005008727
9.506625000,0.005143294
9.506687500,0.005266205
9.506750000,0.005270967
9.506812500,0.005053075
9.506875000,0.004557975
9.506937500,0.003813217
9.507000000,0.002917857
9.507062500,0.002004879
9.507125000,0.001185740
9.507187500,0.000516226
9.507250000,-0.000000000
9.507312500,-0.000388008
9.507375000,-0.000676630
9.507437500,-0.000889352
9.507500000,-0.001035369
9.507562500,-0.001117848
9.507625000,-0.001139763
9.507687500,-0.001128837
9.507750000,-0.001129493
9.507812500,-0.001191974
9.507875000,-0.001342225
9.507937500,-0.001584030
9.508000000,-0.001882488
9.508062500,-0.002174485
9.508125000,-0.002383737
9.508187500,-0.002468091
9.508250000,-0.002447235
9.508312500,-0.002413250
9.508375000,-0.002492858
9.508437500,-0.002801998
9.508500000,-0.003388479
9.508562500,-0.004206117
9.508625000,-0.005110213
9.508687500,-0.005919882
9.508750000,-0.006494584
9.508812500,-0.006808330
9.508875000,-0.006919309
9.508937500,-0.006960770
9.509000000,-0.007059331
9.509062500,-0.007289855
9.509125000,-0.007580996
9.509187500,-0.007800496
9.509250000,-0.007812326
9.509312500,-0.007572724
9.509375000,-0.007091920
9.509437500,-0.006472463
9.509500000,-0.005835713
9.509562500,-0.005282616
9.509625000,-0.004795726
9.509687500,-0.004311212
9.509750000,-0.003764976
9.509812500,-0.003173952
9.509875000,-0.002587186
9.509937500,-0.002100870
9.510000000,-0.001788364
9.510062500,-0.001670742
9.510125000,-0.001630524
9.510187500,-0.001499133
9.510250000,-0.001129493
9.510312500,-0.000501738
9.510375000,0.000328234
9.510437500,0.001208991
9.510500000,0.001976613
9.510562500,0.002503259
9.510625000,0.002814926
9.510687500,0.003028053
9.510750000,0.003294354
9.510812500,0.003696266
9.510875000,0.004288890
9.510937500,0.005050655
9.511000000,0.005929837
9.511062500,0.006858963
9.511125000,0.007866652
9.511187500,0.009013870
9.511250000,0.010353684
9.511312500,0.011846448
9.511375000,0.013408260
9.511437500,0.014883584
9.511500000,0.016095273
9.511562500,0.016875580
9.511625000,0.017199222
9.511687500,0.017159846
9.511750000,0.016942395
9.511812500,0.016724207
9.511875000,0.016688352
9.511937500,0.016925251
9.512000000,0.017413015
9.512062500,0.018000325
9.512125000,0.018557969
9.512187500,0.018992282
9.512250000,0.019295502
9.512312500,0.019511901
9.512375000,0.019792574
9.512437500,0.020269016
9.512500000,0.020989744
9.512562500,0.021847604
9.512625000,0.022689233
9.512687500,0.023325052
9.512750000,0.023625227
9.512812500,0.023552131
9.512875000,0.023259763
9.512937500,0.022986086
9.513000000,0.022966355
9.513062500,0.023299273
9.513125000,0.023991134
9.513187500,0.024895033
9.513250000,0.025790086
9.513312500,0.026432419
9.513375000,0.026738720
9.513437500,0.026734501
9.513500000,0.026543085
9.513562500,0.026278753
9.513625000,0.026105165
9.513687500,0.026098380
9.513750000,0.026260709
9.513812500,0.026494186
9.513875000,0.026784215
9.513937500,0.027110893
9.514000000,0.027484328
9.514062500,0.027875666
9.514125000,0.028354732
9.514187500,0.028926373
9.514250000,0.029555064
9.514312500,0.030110924
9.514375000,0.030565692
9.514437500,0.030861944
9.514500000,0.030966930
9.514562500,0.030818444
9.514625000,0.030496756
9.514687500,0.030057842
9.514750000,0.029555064
9.514812500,0.028964231
9.514875000,0.028362820
9.514937500,0.027771037
9.515000000,0.027201954
9.515062500,0.026610726
9.515125000,0.026089352
9.515187500,0.025700111
9.515250000,0.025507715
9.515312500,0.025495980
9.515375000,0.025739044
9.515437500,0.026209366
9.515500000,0.026825456
9.515562500,0.027408008
9.515625000,0.027923675
9.515687500,0.028342890
9.515750000,0.028707944
9.515812500,0.029050149
9.515875000,0.029559836
9.515937500,0.030327585
9.516000000,0.031343430
9.516062500,0.032411490
9.516125000,0.033412628
9.516187500,0.034180675
9.516250000,0.034637783
9.516312500,0.034766134
9.516375000,0.034817465
9.516437500,0.035030756
9.516500000,0.035579026
9.516562500,0.036406472
9.516625000,0.037450064
9.516687500,0.038478017
9.516750000,0.039249878
9.516812500,0.039540119
9.516875000,0.039445646
9.516937500,0.039144289
9.517000000,0.038873378
9.517062500,0.038742531
9.517125000,0.038900539
9.517187500,0.039283983
9.517250000,0.039720498
9.517312500,0.039939389
9.517375000,0.039890587
9.517437500,0.039585870
9.517500000,0.039155755
9.517562500,0.038728315
9.517625000,0.038568147
9.517687500,0.038803529
9.517750000,0.039438128
9.517812500,0.040290084
9.517875000,0.041242238
9.517937500,0.042124510
9.518000000,0.042826608
9.518062500,0.043265801
9.518125000,0.043574981
9.518187500,0.043869555
9.518250000,0.044238474
9.518312500,0.044640321
9.518375000,0.045090109
9.518437500,0.045509897
9.518500000,0.045838587
9.518562500,0.046019889
9.518625000,0.046203624
9.518687500,0.046518337
9.518750000,0.047062203
9.518812500,0.047787149
9.518875000,0.048677295
9.518937500,0.049584500
9.519000000,0.050356556
9.519062500,0.050847124
9.519125000,0.051133133
9.519187500,0.051290642
9.519250000,0.051391926
9.519312500,0.051389046
9.519375000,0.051288277
9.519437500,0.050976492
9.519500000,0.050356556
9.519562500,0.049361117
9.519625000,0.048169319
9.519687500,0.046966985
9.519750000,0.045932710
9.519812500,0.045105860
9.519875000,0.044538524
9.519937500,0.044112612
9.520000000,0.043673724
9.520062500,0.043059781
9.520125000,0.042330064
9.520187500,0.041559640
9.520250000,0.040849991
9.520312500,0.040215448
9.520375000,0.039718281
9.520437500,0.039277814
9.520500000,0.038779255
9.520562500,0.038087867
9.520625000,0.037270505
9.520687500,0.036398072
9.520750000,0.035579026
9.520812500,0.034858532
9.520875000,0.034361653
9.520937500,0.034065560
9.521000000,0.033884790
9.521062500,0.033660620
9.521125000,0.033386599
9.521187500,0.033021726
9.521250000,0.032567047
9.521312500,0.032007582
9.521375000,0.031470977
9.521437500,0.030995229
9.521500000,0.030590432
9.521562500,0.030194974
9.521625000,0.029871970
9.521687500,0.029601356
9.521750000,0.029366815
9.521812500,0.029111464
9.521875000,0.028924868
9.521937500,0.028801367
9.522000000,0.028707944
9.522062500,0.028539112
9.522125000,0.028319057
9.522187500,0.028003259
9.522250000,0.027578451
9.522312500,0.027029091
9.522375000,0.026498899
9.522437500,0.026049936
9.522500000,0.025695963
9.522562500,0.025343122
9.522625000,0.024977196
9.522687500,0.024511129
9.522750000,0.023907598
9.522812500,0.023172708
9.522875000,0.022513414
9.522937500,0.022094253
9.523000000,0.022025112
9.523062500,0.022260372
9.523125000,0.022744114
9.523187500,0.023270767
9.523250000,0.023625227
9.523312500,0.023624562
9.523375000,0.023310009
9.523437500,0.022765718
9.523500000,0.022119237
9.523562500,0.021443300
9.523625000,0.020847404
9.523687500,0.020328077
9.523750000,0.019860249
9.523812500,0.019414173
9.523875000,0.019094143
9.523937500,0.018975897
9.524000000,0.019107254
9.524062500,0.019436849
9.524125000,0.019906223
9.524187500,0.020351356
9.524250000,0.020613244
9.524312500,0.020581536
9.524375000,0.020323552
9.524437500,0.019945048
9.524500000,0.019577878
9.524562500,0.019295156
9.524625000,0.019171001
9.524687500,0.019164490
9.524750000,0.019201379
9.524812500,0.019200521
9.524875000,0.019196820
9.524937500,0.019218408
9.525000000,0.019295502
9.525062500,0.019405693
9.525125000,0.019549213
9.525187500,0.019657878
9.525250000,0.019672001
9.525312500,0.019556938
9.525375000,0.019395398
9.525437500,0.019259915
9.525500000,0.019201379
9.525562500,0.019189557
9.525625000,0.019177223
9.525687500,0.019034300
9.525750000,0.018636633
9.525812500,0.017906390
9.525875000,0.016918255
9.525937500,0.015792545
9.526000000,0.014683408
9.526062500,0.013703468
9.526125000,0.012949164
9.526187500,0.012396163
9.526250000,0.011953799
9.526312500,0.011496892
9.526375000,0.010975462
9.526437500,0.010364089
9.526500000,0.009694814
9.526562500,0.009028876
9.526625000,0.008475829
9.526687500,0.008095100
9.526750000,0.007906451
9.526812500,0.007881426
9.526875000,0.007997826
9.526937500,0.008186537
9.527000000,0.008377072
9.527062500,0.008508010
9.527125000,0.008572649
9.527187500,0.008558604
9.527250000,0.008471197
9.527312500,0.008327467
9.527375000,0.008175016
9.527437500,0.008031615
9.527500000,0.007906451
9.527562500,0.007802783
9.527625000,0.007735885
9.527687500,0.007685855
9.527750000,0.007624077
9.527812500,0.007524506
9.527875000,0.007379342
9.527937500,0.007164250
9.528000000,0.006871082
9.528062500,0.006523376
9.528125000,0.006177350
9.528187500,0.005874139
9.528250000,0.005647464
9.528312500,0.005520917
9.528375000,0.005498433
9.528437500,0.005531909
9.528500000,0.005553340
9.528562500,0.005502820
9.528625000,0.005337170
9.528687500,0.005015422
9.528750000,0.004517972
9.528812500,0.003858448
9.528875000,0.003073287
9.528937500,0.002206131
9.529000000,0.001317742
9.529062500,0.000488168
9.529125000,-0.000210500
9.529187500,-0.000745399
9.529250000,-0.001129493
9.529312500,-0.001413661
9.529375000,-0.001684630
9.529437500,-0.002039027
9.529500000,-0.002541359
9.529562500,-0.003192455
9.529625000,-0.003941368
9.529687500,-0.004717774
9.529750000,-0.005459215
9.529812500,-0.006131282
9.529875000,-0.006746018
9.529937500,-0.007353473
9.530000000,-0.008000575
9.530062500,-0.008691425
9.530125000,-0.009393172
9.530187500,-0.010056009
9.530250000,-0.010636058
9.530312500,-0.011108919
9.530375000,-0.011499653
9.530437500,-0.011861852
9.530500000,-0.012236172
9.530562500,-0.012604793
9.530625000,-0.012914387
9.530687500,-0.013092459
9.530750000,-0.013083293
9.530812500,-0.012867569
9.530875000,-0.012505846
9.530937500,-0.012104133
9.531000000,-0.011765551
9.531062500,-0.011529493
9.531125000,-0.011384027
9.531187500,-0.011267770
9.531250000,-0.011106680
9.531312500,-0.010843168
9.531375000,-0.010489671
9.531437500,-0.010110892
9.531500000,-0.009788939
9.531562500,-0.009568379
9.531625000,-0.009461832
9.531687500,-0.009430810
9.531750000,-0.009412440
9.531812500,-0.009338330
9.531875000,-0.009199078
9.531937500,-0.009019494
9.532000000,-0.008847695
9.532062500,-0.008713903
9.532125000,-0.008653970
9.532187500,-0.008671000
9.532250000,-0.008753570
9.532312500,-0.008876329
9.532375000,-0.009059387
9.532437500,-0.009324783
9.532500000,-0.009694814
9.532562500,-0.010159650
9.532625000,-0.010711914
9.532687500,-0.011300661
9.532750000,-0.011859675
9.532812500,-0.012312851
9.532875000,-0.012647075
9.532937500,-0.012863219
9.533000000,-0.012989169
9.533062500,-0.013048037
9.533125000,-0.013102852
9.533187500,-0.013177671
9.533250000,-0.013271542
9.533312500,-0.013338951
9.533375000,-0.013370628
9.533437500,-0.013328393
9.533500000,-0.013177417
9.533562500,-0.012873817
9.533625000,-0.012447114
9.533687500,-0.011932367
9.533750000,-0.011389053
9.533812500,-0.010867391
9.533875000,-0.010463882
9.533937500,-0.010227857
9.534000000,-0.010165436
9.534062500,-0.010216117
9.534125000,-0.010335648
9.534187500,-0.010458281
9.534250000,-0.010541934
9.534312500,-0.010560906
9.534375000,-0.010564383
9.534437500,-0.010587112
9.534500000,-0.010636058
9.534562500,-0.010652230
9.534625000,-0.010586724
9.534687500,-0.010371431
9.534750000,-0.009977187
9.534812500,-0.009418359
9.534875000,-0.008818923
9.534937500,-0.008311343
9.535000000,-0.008000575
9.535062500,-0.007895537
9.535125000,-0.007980231
9.535187500,-0.008169012
9.535250000,-0.008377072
9.535312500,-0.008539860
9.535375000,-0.008715151
9.535437500,-0.008981489
9.535500000,-0.009412440
9.535562500,-0.010001470
9.535625000,-0.010725761
9.535687500,-0.011479240
9.535750000,-0.012142048
9.535812500,-0.012603382
9.535875000,-0.012885137
9.535937500,-0.013047825
9.536000000,-0.013177417
9.536062500,-0.013308773
9.536125000,-0.013481246
9.536187500,-0.013650646
9.536250000,-0.013742164
9.536312500,-0.013667711
9.536375000,-0.013444288
9.536437500,-0.013125030
9.536500000,-0.012800919
9.536562500,-0.012537085
9.536625000,-0.012418927
9.536687500,-0.012457351
9.536750000,-0.012612671
9.536812500,-0.012790344
9.536875000,-0.012955834
9.536937500,-0.013081553
9.537000000,-0.013177417
9.537062500,-0.013257024
9.537125000,-0.013406681
9.537187500,-0.013684127
9.537250000,-0.014118661
9.537312500,-0.014669112
9.537375000,-0.015305924
9.537437500,-0.015941869
9.537500000,-0.016471772
9.537562500,-0.016773846
9.537625000,-0.016820252
9.537687500,-0.016628701
9.537750000,-0.016283523
9.537812500,-0.015891321
9.537875000,-0.015618686
9.537937500,-0.015579131
9.538000000,-0.015812902
9.538062500,-0.016247952
9.538125000,-0.016787851
9.538187500,-0.017283395
9.538250000,-0.017601265
9.538312500,-0.017641233
9.538375000,-0.017437415
9.538437500,-0.017071044
9.538500000,-0.016660020
9.538562500,-0.016290700
9.538625000,-0.016067052
9.538687500,-0.016011715
9.538750000,-0.016095273
9.538812500,-0.016230142
9.538875000,-0.016388910
9.538937500,-0.016536130
9.539000000,-0.016660020
9.539062500,-0.016742118
9.539125000,-0.016824698
9.539187500,-0.016921615
9.539250000,-0.017036518
9.539312500,-0.017143236
9.539375000,-0.017260769
9.539437500,-0.017384250
9.539500000,-0.017507140
9.539562500,-0.017599525
9.539625000,-0.017680233
9.539687500,-0.017744744
9.539750000,-0.017789513
9.539812500,-0.017789608
9.539875000,-0.017768838
9.539937500,-0.017715232
9.540000000,-0.017601265
9.540062500,-0.017369485
9.540125000,-0.017019445
9.540187500,-0.016549896
9.540250000,-0.016001150
9.540312500,-0.015439725
9.540375000,-0.014991488
9.540437500,-0.014733493
9.540500000,-0.014683408
9.540562500,-0.014777206
9.540625000,-0.014935819
9.540687500,-0.015050687
9.540750000,-0.015059905
9.540812500,-0.014971426
9.540875000,-0.014903198
9.540937500,-0.014970933
9.541000000,-0.015248154
9.541062500,-0.015710792
9.541125000,-0.016258601
9.541187500,-0.016700210
9.541250000,-0.016848268
9.541312500,-0.016594164
9.541375000,-0.015967946
9.541437500,-0.015085689
9.541500000,-0.014118661
9.541562500,-0.013232877
9.541625000,-0.012543742
9.541687500,-0.012067659
9.541750000,-0.011765551
9.541812500,-0.011596041
9.541875000,-0.011537383
9.541937500,-0.011568513
9.542000000,-0.011671427
9.542062500,-0.011823022
9.542125000,-0.011968870
9.542187500,-0.012011558
9.542250000,-0.011859675
9.542312500,-0.011475736
9.542375000,-0.010878446
9.542437500,-0.010109192
9.542500000,-0.009224192
9.542562500,-0.008282968
9.542625000,-0.007322897
9.542687500,-0.006346611
9.542750000,-0.005365091
9.542812500,-0.004433271
9.542875000,-0.003632856
9.542937500,-0.003026387
9.543000000,-0.002635483
9.543062500,-0.002430889
9.543125000,-0.002307253
9.543187500,-0.002107746
9.543250000,-0.001694239
9.543312500,-0.001017088
9.543375000,-0.000113125
9.543437500,0.000923888
9.543500000,0.001976613
9.543562500,0.002944813
9.543625000,0.003791941
9.543687500,0.004568205
9.543750000,0.005365091
9.543812500,0.006265181
9.543875000,0.007295622
9.543937500,0.008453231
9.544000000,0.009694814
9.544062500,0.010956853
9.544125000,0.012160718
9.544187500,0.013258447
9.544250000,0.014212786
9.544312500,0.014992401
9.544375000,0.015551560
9.544437500,0.015879523
9.544500000,0.016001150
9.544562500,0.015987104
9.544625000,0.015913401
9.544687500,0.015869841
9.544750000,0.015907025
9.544812500,0.016019896
9.544875000,0.016123252
9.544937500,0.016133290
9.545000000,0.016001150
9.545062500,0.015755080
9.545125000,0.015476137
9.545187500,0.015299349
9.545250000,0.015342278
9.545312500,0.015655667
9.545375000,0.016179284
9.545437500,0.016785076
9.545500000,0.017318891
9.545562500,0.017658468
9.545625000,0.017735532
9.545687500,0.017548591
9.545750000,0.017130643
9.545812500,0.016516291
9.545875000,0.015714150
9.545937500,0.014722748
9.546000000,0.013553915
9.546062500,0.012255380
9.546125000,0.010922731
9.546187500,0.009665056
9.546250000,0.008565322
9.546312500,0.007637295
9.546375000,0.006840125
9.546437500,0.006080344
9.546500000,0.005270967
9.546562500,0.004367531
9.546625000,0.003426087
9.546687500,0.002536274
9.546750000,0.001788364
9.546812500,0.001210246
9.546875000,0.000802613
9.546937500,0.000490266
9.547000000,0.000188249
9.547062500,-0.000171671
9.547125000,-0.000548209
9.547187500,-0.000885612
9.547250000,-0.001129493
9.547312500,-0.001288869
9.547375000,-0.001373398
9.547437500,-0.001455503
9.547500000,-0.001600115
9.547562500,-0.001845565
9.547625000,-0.002111034
9.547687500,-0.002305960
9.547750000,-0.002353110
9.547812500,-0.002257325
9.547875000,-0.002038065
9.547937500,-0.001788986
9.548000000,-0.001600115
9.548062500,-0.001536355
9.548125000,-0.001519106
9.548187500,-0.001448004
9.548250000,-0.001223617
9.548312500,-0.000833760
9.548375000,-0.000268426
9.548437500,0.000388403
9.548500000,0.001035369
9.548562500,0.001571846
9.548625000,0.002027170
9.548687500,0.002454585
9.548750000,0.002917857
9.548812500,0.003421205
9.548875000,0.003969914
9.548937500,0.004510846
9.549000000,0.004988594
9.549062500,0.005361535
9.549125000,0.005691841
9.549187500,0.006070757
9.549250000,0.006588709
9.549312500,0.007264744
9.549375000,0.008085018
9.549437500,0.008963794
9.549500000,0.009788939
9.549562500,0.010442427
9.549625000,0.010901297
9.549687500,0.011195018
9.549750000,0.011389053
9.549812500,0.011523032
9.549875000,0.011651308
9.549937500,0.011793497
9.550000000,0.011953799
9.550062500,0.012116455
9.550125000,0.012322497
9.550187500,0.012626628
9.550250000,0.013083293
9.550312500,0.013699451
9.550375000,0.014479168
9.550437500,0.015389550
9.550500000,0.016377648
9.550562500,0.017360397
9.550625000,0.018297186
9.550687500,0.019146312
9.550750000,0.019860249
9.550812500,0.020352157
9.550875000,0.020575970
9.550937500,0.020501258
9.551000000,0.020142624
9.551062500,0.019542078
9.551125000,0.018831238
9.551187500,0.018147429
9.551250000,0.017601265
9.551312500,0.017215947
9.551375000,0.016996630
9.551437500,0.016893113
9.551500000,0.016848268
9.551562500,0.016807646
9.551625000,0.016804222
9.551687500,0.016892297
9.551750000,0.017130643
9.551812500,0.017525073
9.551875000,0.018070990
9.551937500,0.018695885
9.552000000,0.019295502
9.552062500,0.019746982
9.552125000,0.020005859
9.552187500,0.020061752
9.552250000,0.019954374
9.552312500,0.019731848
9.552375000,0.019490775
9.552437500,0.019279853
9.552500000,0.019107254
9.552562500,0.018928116
9.552625000,0.018737243
9.552687500,0.018532090
9.552750000,0.018354259
9.552812500,0.018263966
9.552875000,0.018382363
9.552937500,0.018766711
9.553000000,0.019389628
9.553062500,0.020107649
9.553125000,0.020764746
9.553187500,0.021184225
9.553250000,0.021272115
9.553312500,0.021038439
9.553375000,0.020670073
9.553437500,0.020359298
9.553500000,0.020236747
9.553562500,0.020273853
9.553625000,0.020370129
9.553687500,0.020320121
9.553750000,0.019954374
9.553812500,0.019206211
9.553875000,0.018224081
9.553937500,0.017217845
9.554000000,0.016377648
9.554062500,0.015749913
9.554125000,0.015297791
9.554187500,0.014863778
9.554250000,0.014306910
9.554312500,0.013571907
9.554375000,0.012810607
9.554437500,0.012220079
9.554500000,0.011953799
9.554562500,0.011988041
9.554625000,0.012211174
9.554687500,0.012388804
9.554750000,0.012330297
9.554812500,0.011964352
9.554875000,0.011490039
9.554937500,0.011167344
9.555000000,0.011200804
9.555062500,0.011567816
9.555125000,0.012108747
9.555187500,0.012493196
9.555250000,0.012424421
9.555312500,0.011764679
9.555375000,0.010724486
9.555437500,0.009679436
9.555500000,0.009035943
9.555562500,0.009007796
9.555625000,0.009634625
9.555687500,0.010674624
9.555750000,0.011765551
9.555812500,0.012549062
9.555875000,0.012933241
9.555937500,0.012984495
9.556000000,0.012895043
9.556062500,0.012819073
9.556125000,0.012919269
9.556187500,0.013194590
9.556250000,0.013553915
9.556312500,0.013837601
9.556375000,0.014046393
9.556437500,0.014210764
9.556500000,0.014401034
9.556562500,0.014623402
9.556625000,0.014944603
9.556687500,0.015350649
9.556750000,0.015812902
9.556812500,0.016273007
9.556875000,0.016817639
9.556937500,0.017524632
9.557000000,0.018448384
9.557062500,0.019519104
9.557125000,0.020681277
9.557187500,0.021787990
9.557250000,0.022683984
9.557312500,0.023210809
9.557375000,0.023391142
9.557437500,0.023300309
9.557500000,0.023060480
9.557562500,0.022740342
9.557625000,0.022473801
9.557687500,0.022321565
9.557750000,0.022307485
9.557812500,0.022380875
9.557875000,0.022580301
9.557937500,0.022906082
9.558000000,0.023342853
9.558062500,0.023804203
9.558125000,0.024283361
9.558187500,0.024755931
9.558250000,0.025225341
9.558312500,0.025682490
9.558375000,0.026245655
9.558437500,0.027012294
9.558500000,0.028049074
9.558562500,0.029301831
9.558625000,0.030732391
9.558687500,0.032196175
9.558750000,0.033508290
9.558812500,0.034446150
9.558875000,0.034956481
9.558937500,0.035067026
9.559000000,0.034920152
9.559062500,0.034677573
9.559125000,0.034603823
9.559187500,0.034843322
9.559250000,0.035390779
9.559312500,0.036030978
9.559375000,0.036559802
9.559437500,0.036754951
9.559500000,0.036520272
9.559562500,0.035888620
9.559625000,0.035157405
9.559687500,0.034635652
9.559750000,0.034543656
9.559812500,0.034854423
9.559875000,0.035453752
9.559937500,0.036063757
9.560000000,0.036426149
9.560062500,0.036366813
9.560125000,0.036018129
9.560187500,0.035591695
9.560250000,0.035296652
9.560312500,0.035162918
9.560375000,0.035177834
9.560437500,0.035178110
9.560500000,0.035014279
9.560562500,0.034603219
9.560625000,0.034142684
9.560687500,0.033871811
9.560750000,0.033978913
9.560812500,0.034418747
9.560875000,0.035062026
9.560937500,0.035603445
9.561000000,0.035767276
9.561062500,0.035395555
9.561125000,0.034703363
9.561187500,0.034023453
9.561250000,0.033696536
9.561312500,0.033833083
9.561375000,0.034444712
9.561437500,0.035266604
9.561500000,0.035955522
9.561562500,0.036183957
9.561625000,0.035973124
9.561687500,0.035471309
9.561750000,0.034920152
9.561812500,0.034453414
9.561875000,0.034231514
9.561937500,0.034208499
9.562000000,0.034261286
9.562062500,0.034212135
9.562125000,0.034132279
9.562187500,0.034111079
9.562250000,0.034261286
9.562312500,0.034562457
9.562375000,0.035059772
9.562437500,0.035637841
9.562500000,0.036143772
9.562562500,0.036379814
9.562625000,0.036412995
9.562687500,0.036326397
9.562750000,0.036237895
9.562812500,0.036149047
9.562875000,0.036168464
9.562937500,0.036257289
9.563000000,0.036332019
9.563062500,0.036229234
9.563125000,0.036027566
9.563187500,0.035803176
9.563250000,0.035673149
9.563312500,0.035655688
9.563375000,0.035914838
9.563437500,0.036472134
9.563500000,0.037273265
9.563562500,0.038110860
9.563625000,0.038959235
9.563687500,0.039733306
9.563750000,0.040379371
9.563812500,0.040779825
9.563875000,0.041041531
9.563937500,0.041209947
9.564000000,0.041320615
9.564062500,0.041291542
9.564125000,0.041234128
9.564187500,0.041192170
9.564250000,0.041226488
9.564312500,0.041315515
9.564375000,0.041637171
9.564437500,0.042264611
9.564500000,0.043203104
9.564562500,0.044277489
9.564625000,0.045443442
9.564687500,0.046564132
9.564750000,0.047532827
9.564812500,0.048219737
9.564875000,0.048762850
9.564937500,0.049280379
9.565000000,0.049885936
9.565062500,0.050547551
9.565125000,0.051343467
9.565187500,0.052216694
9.565250000,0.053086169
9.565312500,0.053804744
9.565375000,0.054465774
9.565437500,0.055139922
9.565500000,0.055909898
9.565562500,0.056736924
9.565625000,0.057702173
9.565687500,0.058747265
9.565750000,0.059769001
9.565812500,0.060577814
9.565875000,0.061196037
9.565937500,0.061630916
9.566000000,0.061933860
9.566062500,0.062092908
9.566125000,0.062254414
9.566187500,0.062455583
9.566250000,0.062686861
9.566312500,0.062827326
9.566375000,0.062916309
9.566437500,0.062931426
9.566500000,0.062875107
9.566562500,0.062703378
9.566625000,0.062546447
9.566687500,0.062445927
9.566750000,0.062404484
9.566812500,0.062312219
9.566875000,0.062175669
9.566937500,0.061914459
9.567000000,0.061463237
9.567062500,0.060738564
9.567125000,0.059858691
9.567187500,0.058907729
9.567250000,0.057980634
9.567312500,0.057098448
9.567375000,0.056394126
9.567437500,0.055879693
9.567500000,0.055533402
9.567562500,0.055262834
9.567625000,0.055121519
9.567687500,0.055073347
9.567750000,0.055062778
9.567812500,0.054958850
9.567875000,0.054765962
9.567937500,0.054407980
9.568000000,0.053839162
9.568062500,0.053018164
9.568125000,0.052104216
9.568187500,0.051191904
9.568250000,0.050356556
9.568312500,0.049575094
9.568375000,0.048913695
9.568437500,0.048295684
9.568500000,0.047626950
9.568562500,0.046791773
9.568625000,0.045870129
9.568687500,0.044883326
9.568750000,0.043861974
9.568812500,0.042779706
9.568875000,0.041731972
9.568937500,0.040692691
9.569000000,0.039626375
9.569062500,0.038471952
9.569125000,0.037337799
9.569187500,0.036245987
9.569250000,0.035202529
9.569312500,0.034144942
9.569375000,0.033123158
9.569437500,0.032078762
9.569500000,0.030966930
9.569562500,0.029751619
9.569625000,0.028584670
9.569687500,0.027553530
9.569750000,0.026731333
9.569812500,0.026114216
9.569875000,0.025741927
9.569937500,0.025497893
9.570000000,0.025225341
9.570062500,0.024759639
9.570125000,0.024097815
9.570187500,0.023230696
9.570250000,0.022213360
9.570312500,0.021122042
9.570375000,0.020132337
9.570437500,0.019303259
9.570500000,0.018636633
9.570562500,0.018070715
9.570625000,0.017606283
9.570687500,0.017159587
9.570750000,0.016660020
9.570812500,0.016063057
9.570875000,0.015438125
9.570937500,0.014810400
9.571000000,0.014212786
9.571062500,0.013669415
9.571125000,0.013248394
9.571187500,0.012917873
9.571250000,0.012612671
9.571312500,0.012259998
9.571375000,0.011854378
9.571437500,0.011369023
9.571500000,0.010824307
9.571562500,0.010292822
9.571625000,0.009890830
9.571687500,0.009644937
9.571750000,0.009506566
9.571812500,0.009366622
9.571875000,0.009091086
9.571937500,0.008511486
9.572000000,0.007529953
9.572062500,0.006182709
9.572125000,0.004627200
9.572187500,0.003043726
9.572250000,0.001600115
9.572312500,0.000414555
9.572375000,-0.000485525
9.572437500,-0.001182467
9.572500000,-0.001788364
9.572562500,-0.002365421
9.572625000,-0.002923800
9.572687500,-0.003457596
9.572750000,-0.003953225
9.572812500,-0.004398352
9.572875000,-0.004839780
9.572937500,-0.005381124
9.573000000,-0.006118086
9.573062500,-0.007056814
9.573125000,-0.008146824
9.573187500,-0.009287163
9.573250000,-0.010353684
9.573312500,-0.011219157
9.573375000,-0.011856706
9.573437500,-0.012339246
9.573500000,-0.012800919
9.573562500,-0.013350320
9.573625000,-0.014088077
9.573687500,-0.015049505
9.573750000,-0.016189398
9.573812500,-0.017369987
9.573875000,-0.018475918
9.573937500,-0.019434597
9.574000000,-0.020236747
9.574062500,-0.020902704
9.574125000,-0.021511128
9.574187500,-0.022131549
9.574250000,-0.022778107
9.574312500,-0.023366967
9.574375000,-0.023798667
9.574437500,-0.023986673
9.574500000,-0.023907598
9.574562500,-0.023604596
9.574625000,-0.023229996
9.574687500,-0.022969035
9.574750000,-0.022966355
9.574812500,-0.023242937
9.574875000,-0.023748355
9.574937500,-0.024357386
9.575000000,-0.024942968
9.575062500,-0.025412848
9.575125000,-0.025804080
9.575187500,-0.026210358
9.575250000,-0.026731333
9.575312500,-0.027384460
9.575375000,-0.028131494
9.575437500,-0.028842993
9.575500000,-0.029366815
9.575562500,-0.029582882
9.575625000,-0.029506434
9.575687500,-0.029249271
9.575750000,-0.028990317
9.575812500,-0.028887808
9.575875000,-0.029051585
9.575937500,-0.029449644
9.576000000,-0.029931562
9.576062500,-0.030271016
9.576125000,-0.030284781
9.576187500,-0.029854693
9.576250000,-0.028990317
9.576312500,-0.027816020
9.576375000,-0.026570980
9.576437500,-0.025471440
9.576500000,-0.024660595
9.576562500,-0.024152812
9.576625000,-0.023888864
9.576687500,-0.023705866
9.576750000,-0.023436978
9.576812500,-0.022966804
9.576875000,-0.022325318
9.576937500,-0.021594705
9.577000000,-0.020895619
9.577062500,-0.020321419
9.577125000,-0.019944493
9.577187500,-0.019726941
9.577250000,-0.019577878
9.577312500,-0.019393368
9.577375000,-0.019131582
9.577437500,-0.018756857
9.577500000,-0.018260136
9.577562500,-0.017636079
9.577625000,-0.016907550
9.577687500,-0.016053734
9.577750000,-0.015059905
9.577812500,-0.013935512
9.577875000,-0.012758034
9.577937500,-0.011581932
9.578000000,-0.010447809
9.578062500,-0.009360614
9.578125000,-0.008333503
9.578187500,-0.007324023
9.578250000,-0.006306335
9.578312500,-0.005294293
9.578375000,-0.004392509
9.578437500,-0.003678883
9.578500000,-0.003200230
9.578562500,-0.002934225
9.578625000,-0.002843425
9.578687500,-0.002810709
9.578750000,-0.002729608
9.578812500,-0.002544025
9.578875000,-0.002315036
9.578937500,-0.002106701
9.579000000,-0.001976613
9.579062500,-0.001928997
9.579125000,-0.001932928
9.579187500,-0.001867157
9.579250000,-0.001600115
9.579312500,-0.001045696
9.579375000,-0.000234227
9.579437500,0.000753486
9.579500000,0.001788364
9.579562500,0.002739292
9.579625000,0.003495528
9.579687500,0.004041767
9.579750000,0.004423847
9.579812500,0.004718693
9.579875000,0.004974425
9.579937500,0.005243799
9.580000000,0.005553340
9.580062500,0.005907946
9.580125000,0.006274345
9.580187500,0.006635515
9.580250000,0.006965206
9.580312500,0.007227440
9.580375000,0.007352116
9.580437500,0.007299342
9.580500000,0.007059331
9.580562500,0.006665877
9.580625000,0.006169900
9.580687500,0.005651453
9.580750000,0.005176842
9.580812500,0.004781177
9.580875000,0.004451328
9.580937500,0.004173336
9.581000000,0.003953225
9.581062500,0.003833842
9.581125000,0.003870314
9.581187500,0.004104415
9.581250000,0.004517972
9.581312500,0.005020585
9.581375000,0.005462688
9.581437500,0.005716261
9.581500000,0.005741589
9.581562500,0.005628061
9.581625000,0.005546845
9.581687500,0.005680982
9.581750000,0.006118086
9.581812500,0.006793323
9.581875000,0.007482881
9.581937500,0.007916894
9.582000000,0.007906451
9.582062500,0.007447771
9.582125000,0.006720921
9.582187500,0.006008399
9.582250000,0.005553340
9.582312500,0.005441054
9.582375000,0.005547942
9.582437500,0.005609373
9.582500000,0.005365091
9.582562500,0.004707396
9.582625000,0.003725698
9.582687500,0.002661996
9.582750000,0.001788364
9.582812500,0.001281025
9.582875000,0.001119920
9.582937500,0.001117814
9.583000000,0.001035369
9.583062500,0.000724878
9.583125000,0.000187732
9.583187500,-0.000433913
9.583250000,-0.000941244
9.583312500,-0.001181475
9.583375000,-0.001147363
9.583437500,-0.000970792
9.583500000,-0.000847120
9.583562500,-0.000922036
9.583625000,-0.001248847
9.583687500,-0.001767406
9.583750000,-0.002353110
9.583812500,-0.002879472
9.583875000,-0.003297456
9.583937500,-0.003634363
9.584000000,-0.003953225
9.584062500,-0.004287408
9.584125000,-0.004625576
9.584187500,-0.004912521
9.584250000,-0.005082718
9.584312500,-0.005099171
9.584375000,-0.004991990
9.584437500,-0.004854642
9.584500000,-0.004800345
9.584562500,-0.004913247
9.584625000,-0.005210819
9.584687500,-0.005663468
9.584750000,-0.006212211
9.584812500,-0.006802936
9.584875000,-0.007410201
9.584937500,-0.008050527
9.585000000,-0.008753570
9.585062500,-0.009527968
9.585125000,-0.010331606
9.585187500,-0.011082028
9.585250000,-0.011671427
9.585312500,-0.012004674
9.585375000,-0.012027846
9.585437500,-0.011760866
9.585500000,-0.011294928
9.585562500,-0.010773387
9.585625000,-0.010336041
9.585687500,-0.010088970
9.585750000,-0.010071312
9.585812500,-0.010251883
9.585875000,-0.010532293
9.585937500,-0.010789517
9.586000000,-0.010918431
9.586062500,-0.010877752
9.586125000,-0.010674899
9.586187500,-0.010375325
9.586250000,-0.010071312
9.586312500,-0.009857059
9.586375000,-0.009759212
9.586437500,-0.009738183
9.586500000,-0.009694814
9.586562500,-0.009515642
9.586625000,-0.009087079
9.586687500,-0.008352771
9.586750000,-0.007341704
9.586812500,-0.006179270
9.586875000,-0.005031860
9.586937500,-0.004063645
9.587000000,-0.003388479
9.587062500,-0.003050263
9.587125000,-0.002991045
9.587187500,-0.003088011
9.587250000,-0.003200230
9.587312500,-0.003226073
9.587375000,-0.003094138
9.587437500,-0.002772947
9.587500000,-0.002258986
9.587562500,-0.001577735
9.587625000,-0.000746256
9.587687500,0.000208167
9.587750000,0.001223617
9.587812500,0.002179758
9.587875000,0.002951309
9.587937500,0.003451657
9.588000000,0.003670852
9.588062500,0.003679691
9.588125000,0.003654889
9.588187500,0.003814656
9.588250000,0.004329723
9.588312500,0.005232870
9.588375000,0.006440902
9.588437500,0.007776873
9.588500000,0.009035943
9.588562500,0.010038011
9.588625000,0.010724467
9.588687500,0.011142033
9.588750000,0.011389053
9.588812500,0.011530031
9.588875000,0.011600967
9.588937500,0.011594032
9.589000000,0.011483178
9.589062500,0.011243547
9.589125000,0.010923122
9.589187500,0.010621826
9.589250000,0.010447809
9.589312500,0.010450242
9.589375000,0.010638029
9.589437500,0.010970858
9.589500000,0.011389053
9.589562500,0.011828719
9.589625000,0.012289030
9.589687500,0.012794514
9.589750000,0.013365666
9.589812500,0.013969264
9.589875000,0.014563221
9.589937500,0.015092823
9.590000000,0.015530528
9.590062500,0.015877090
9.590125000,0.016219972
9.590187500,0.016653167
9.590250000,0.017224766
9.590312500,0.017868239
9.590375000,0.018488163
9.590437500,0.018957684
9.590500000,0.019201379
9.590562500,0.019216059
9.590625000,0.019153548
9.590687500,0.019197056
9.590750000,0.019483753
9.590812500,0.020001810
9.590875000,0.020650599
9.590937500,0.021231150
9.591000000,0.021554491
9.591062500,0.021501783
9.591125000,0.021150569
9.591187500,0.020666257
9.591250000,0.020236747
9.591312500,0.019951340
9.591375000,0.019837018
9.591437500,0.019791279
9.591500000,0.019672001
9.591562500,0.019350614
9.591625000,0.018850548
9.591687500,0.018259054
9.591750000,0.017695390
9.591812500,0.017218912
9.591875000,0.016870249
9.591937500,0.016607787
9.592000000,0.016377648
9.592062500,0.016144406
9.592125000,0.015994998
9.592187500,0.016040372
9.592250000,0.016377648
9.592312500,0.017006226
9.592375000,0.017879471
9.592437500,0.018852184
9.592500000,0.019766126
9.592562500,0.020491878
9.592625000,0.021034732
9.592687500,0.021435175
9.592750000,0.021742739
9.592812500,0.021945735
9.592875000,0.022027226
9.592937500,0.021912582
9.593000000,0.021554491
9.593062500,0.020964989
9.593125000,0.020292556
9.593187500,0.019694941
9.593250000,0.019295502
9.593312500,0.019109176
9.593375000,0.019083507
9.593437500,0.019067185
9.593500000,0.018919006
9.593562500,0.018574623
9.593625000,0.018121509
9.593687500,0.017691275
9.593750000,0.017413015
9.593812500,0.017333090
9.593875000,0.017421564
9.593937500,0.017533161
9.594000000,0.017507140
9.594062500,0.017242910
9.594125000,0.016781276
9.594187500,0.016227880
9.594250000,0.015718777
9.594312500,0.015346480
9.594375000,0.015141705
9.594437500,0.015023874
9.594500000,0.014871657
9.594562500,0.014587855
9.594625000,0.014163380
9.594687500,0.013637083
9.594750000,0.013083293
9.594812500,0.012567647
9.594875000,0.012126106
9.594937500,0.011722262
9.595000000,0.011294928
9.595062500,0.010798925
9.595125000,0.010252246
9.595187500,0.009683209
9.595250000,0.009130068
9.595312500,0.008611828
9.595375000,0.008127495
9.595437500,0.007606664
9.595500000,0.006965206
9.595562500,0.006144597
9.595625000,0.005164388
9.595687500,0.004065472
9.595750000,0.002917857
9.595812500,0.001794403
9.595875000,0.000775776
9.595937500,-0.000108562
9.596000000,-0.000847120
9.596062500,-0.001435414
9.596125000,-0.001841807
9.596187500,-0.002073204
9.596250000,-0.002164861
9.596312500,-0.002188640
9.596375000,-0.002209684
9.596437500,-0.002311766
9.596500000,-0.002541359
9.596562500,-0.002892444
9.596625000,-0.003283351
9.596687500,-0.003647616
9.596750000,-0.003953225
9.596812500,-0.004230602
9.596875000,-0.004529313
9.596937500,-0.004927758
9.597000000,-0.005459215
9.597062500,-0.006088363
9.597125000,-0.006674417
9.597187500,-0.007085278
9.597250000,-0.007247579
9.597312500,-0.007209302
9.597375000,-0.007083489
9.597437500,-0.007050241
9.597500000,-0.007247579
9.597562500,-0.007712049
9.597625000,-0.008303554
9.597687500,-0.008812637
9.597750000,-0.009035943
9.597812500,-0.008885298
9.597875000,-0.008378183
9.597937500,-0.007670803
9.598000000,-0.006965206
9.598062500,-0.006434794
9.598125000,-0.006108521
9.598187500,-0.005919250
9.598250000,-0.005741589
9.598312500,-0.005483394
9.598375000,-0.005086037
9.598437500,-0.004580079
9.598500000,-0.004047350
9.598562500,-0.003594167
9.598625000,-0.003252090
9.598687500,-0.003008526
9.598750000,-0.002823732
9.598812500,-0.002690020
9.598875000,-0.002585155
9.598937500,-0.002507586
9.599000000,-0.002447235
9.599062500,-0.002387768
9.599125000,-0.002233750
9.599187500,-0.001874512
9.599250000,-0.001223617
9.599312500,-0.000290517
9.599375000,0.000873109
9.599437500,0.002147321
9.599500000,0.003388479
9.599562500,0.004446917
9.599625000,0.005276866
9.599687500,0.005903104
9.599750000,0.006400459
9.599812500,0.006825357
9.599875000,0.007248988
9.599937500,0.007705002
9.600000000,0.008188824
9.600062500,0.008642455
9.600125000,0.009043501
9.600187500,0.009388214
9.600250000,0.009694814
9.600312500,0.009967830
9.600375000,0.010250492
9.600437500,0.010587290
9.600500000,0.011012556
9.600562500,0.011515475
9.600625000,0.012114220
9.600687500,0.012822358
9.600750000,0.013648040
9.600812500,0.014555851
9.600875000,0.015538527
9.600937500,0.016569233
9.601000000,0.017601265
9.601062500,0.018535905
9.601125000,0.019322738
9.601187500,0.019923445
9.601250000,0.020330872
9.601312500,0.020539511
9.601375000,0.020633552
9.601437500,0.020716896
9.601500000,0.020895619
9.601562500,0.021212138
9.601625000,0.021714991
9.601687500,0.022386869
9.601750000,0.023154603
9.601812500,0.023872342
9.601875000,0.024445243
9.601937500,0.024805207
9.602000000,0.024942968
9.602062500,0.024872670
9.602125000,0.024708197
9.602187500,0.024552301
9.602250000,0.024472345
9.602312500,0.024444317
9.602375000,0.024451524
9.602437500,0.024440443
9.602500000,0.024378221
9.602562500,0.024248920
9.602625000,0.024139985
9.602687500,0.024134386
9.602750000,0.024284096
9.602812500,0.024545491
9.602875000,0.024876093
9.602937500,0.025186591
9.603000000,0.025413590
9.603062500,0.025526522
9.603125000,0.025624949
9.603187500,0.025813961
9.603250000,0.026166586
9.603312500,0.026644558
9.603375000,0.027187791
9.603437500,0.027662583
9.603500000,0.027954949
9.603562500,0.028000752
9.603625000,0.027898930
9.603687500,0.027779704
9.603750000,0.027766701
9.603812500,0.027882136
9.603875000,0.028116588
9.603937500,0.028345419
9.604000000,0.028425572
9.604062500,0.028239435
9.604125000,0.027836483
9.604187500,0.027319307
9.604250000,0.026825456
9.604312500,0.026427301
9.604375000,0.026186571
9.604437500,0.026023807
9.604500000,0.025790086
9.604562500,0.025302080
9.604625000,0.024522452
9.604687500,0.023479505
9.604750000,0.022307485
9.604812500,0.021174816
9.604875000,0.020324869
9.604937500,0.019884741
9.605000000,0.019860249
9.605062500,0.020103846
9.605125000,0.020474235
9.605187500,0.020781592
9.605250000,0.020895619
9.605312500,0.020751430
9.605375000,0.020460213
9.605437500,0.020134173
9.605500000,0.019860249
9.605562500,0.019617906
9.605625000,0.019387433
9.605687500,0.019059842
9.605750000,0.018542508
9.605812500,0.017785421
9.605875000,0.016917368
9.605937500,0.016086420
9.606000000,0.015436403
9.606062500,0.015007623
9.606125000,0.014828431
9.606187500,0.014795683
9.606250000,0.014777532
9.606312500,0.014646890
9.606375000,0.014451979
9.606437500,0.014271695
9.606500000,0.014212786
9.606562500,0.014311865
9.606625000,0.014616253
9.606687500,0.015038094
9.606750000,0.015436403
9.606812500,0.015645692
9.606875000,0.015645355
9.606937500,0.015452980
9.607000000,0.015154029
9.607062500,0.014833242
9.607125000,0.014645207
9.607187500,0.014655611
9.607250000,0.014871657
9.607312500,0.015223484
9.607375000,0.015686600
9.607437500,0.016188776
9.607500000,0.016660020
9.607562500,0.017016826
9.607625000,0.017255576
9.607687500,0.017356899
9.607750000,0.017318891
9.607812500,0.017136604
9.607875000,0.016876716
9.607937500,0.016579229
9.608000000,0.016283523
9.608062500,0.016007764
9.608125000,0.015812475
9.608187500,0.015714960
9.608250000,0.015718777
9.608312500,0.015800649
9.608375000,0.015979867
9.608437500,0.016241534
9.608500000,0.016565897
9.608562500,0.016913675
9.608625000,0.017280268
9.608687500,0.017622842
9.608750000,0.017883638
9.608812500,0.017985273
9.608875000,0.017900264
9.608937500,0.017607514
9.609000000,0.017130643
9.609062500,0.016529359
9.609125000,0.015933076
9.609187500,0.015450079
9.609250000,0.015154029
9.609312500,0.015047988
9.609375000,0.015108736
9.609437500,0.015242650
9.609500000,0.015342278
9.609562500,0.015309849
9.609625000,0.015132521
9.609687500,0.014818450
9.609750000,0.014401034
9.609812500,0.013897831
9.609875000,0.013349082
9.609937500,0.012742739
9.610000000,0.012047924
9.610062500,0.011218404
9.610125000,0.010283655
9.610187500,0.009281896
9.610250000,0.008282948
9.610312500,0.007355345
9.610375000,0.006609177
9.610437500,0.006098387
9.610500000,0.005835713
9.610562500,0.005776880
9.610625000,0.005889914
9.610687500,0.006095318
9.610750000,0.006306335
9.610812500,0.006426889
9.610875000,0.006437683
9.610937500,0.006327395
9.611000000,0.006118086
9.611062500,0.005831687
9.611125000,0.005556159
9.611187500,0.005334745
9.611250000,0.005176842
9.611312500,0.005028799
9.611375000,0.004878216
9.611437500,0.004682486
9.611500000,0.004423847
9.611562500,0.004097592
9.611625000,0.003798746
9.611687500,0.003605220
9.611750000,0.003576728
9.611812500,0.003707410
9.611875000,0.004004988
9.611937500,0.004419318
9.612000000,0.004894469
9.612062500,0.005368172
9.612125000,0.005864191
9.612187500,0.006395320
9.612250000,0.006965206
9.612312500,0.007521782
9.612375000,0.008030361
9.612437500,0.008405291
9.612500000,0.008565322
9.612562500,0.008447597
9.612625000,0.008096555
9.612687500,0.007594240
9.612750000,0.007059331
9.612812500,0.006596378
9.612875000,0.006327850
9.612937500,0.006318750
9.613000000,0.006588709
9.613062500,0.007099699
9.613125000,0.007826665
9.613187500,0.008714385
9.613250000,0.009694814
9.613312500,0.010669598
9.613375000,0.011580830
9.613437500,0.012367007
9.613500000,0.012989169
9.613562500,0.013418276
9.613625000,0.013698256
9.613687500,0.013881534
9.613750000,0.014024537
9.613812500,0.014150335
9.613875000,0.014285785
9.613937500,0.014413891
9.614000000,0.014495159
9.614062500,0.014471845
9.614125000,0.014336187
9.614187500,0.014106137
9.614250000,0.013836288
9.614312500,0.013590672
9.614375000,0.013448132
9.614437500,0.013443051
9.614500000,0.013553915
9.614562500,0.013695187
9.614625000,0.013769474
9.614687500,0.013677281
9.614750000,0.013365666
9.614812500,0.012843560
9.614875000,0.012216525
9.614937500,0.011622896
9.615000000,0.011200804
9.615062500,0.011033134
9.615125000,0.011152022
9.615187500,0.011496951
9.615250000,0.011953799
9.615312500,0.012391476
9.615375000,0.012733301
9.615437500,0.012952324
9.615500000,0.013083293
9.615562500,0.013193999
9.615625000,0.013363857
9.615687500,0.013620749
9.615750000,0.013930413
9.615812500,0.014200255
9.615875000,0.014328860
9.615937500,0.014220031
9.616000000,0.013836288
9.616062500,0.013215405
9.616125000,0.012482802
9.616187500,0.011773708
9.616250000,0.011200804
9.616312500,0.010809685
9.616375000,0.010584161
9.616437500,0.010416234
9.616500000,0.010165436
9.616562500,0.009708815
9.616625000,0.009017237
9.616687500,0.008128108
9.616750000,0.007153455
9.616812500,0.006235430
9.616875000,0.005531371
9.616937500,0.005118142
9.617000000,0.004988594
9.617062500,0.005049864
9.617125000,0.005196268
9.617187500,0.005299984
9.617250000,0.005270967
9.617312500,0.005072176
9.617375000,0.004756082
9.617437500,0.004391110
9.617500000,0.004047350
9.617562500,0.003757487
9.617625000,0.003538620
9.617687500,0.003345603
9.617750000,0.003106105
9.617812500,0.002737510
9.617875000,0.002223057
9.617937500,0.001573945
9.618000000,0.000847120
9.618062500,0.000112558
9.618125000,-0.000521355
9.618187500,-0.000999593
9.618250000,-0.001317742
9.618312500,-0.001535733
9.618375000,-0.001697456
9.618437500,-0.001865597
9.618500000,-0.002070737
9.618562500,-0.002311589
9.618625000,-0.002510563
9.618687500,-0.002602018
9.618750000,-0.002541359
9.618812500,-0.002335736
9.618875000,-0.001998307
9.618937500,-0.001580941
9.619000000,-0.001129493
9.619062500,-0.000672051
9.619125000,-0.000182987
9.619187500,0.000355533
9.619250000,0.000941244
9.619312500,0.001526951
9.619375000,0.002045606
9.619437500,0.002405689
9.619500000,0.002541359
9.619562500,0.002442881
9.619625000,0.002193273
9.619687500,0.001925829
9.619750000,0.001788364
9.619812500,0.001882424
9.619875000,0.002255025
9.619937500,0.002857564
9.620000000,0.003576728
9.620062500,0.004269180
9.620125000,0.004842572
9.620187500,0.005259895
9.620250000,0.005553340
9.620312500,0.005793825
9.620375000,0.006072570
9.620437500,0.006437008
9.620500000,0.006871082
9.620562500,0.007296205
9.620625000,0.007603188
9.620687500,0.007694678
9.620750000,0.007529953
9.620812500,0.007150107
9.620875000,0.006657304
9.620937500,0.006183741
9.621000000,0.005835713
9.621062500,0.005654540
9.621125000,0.005589413
9.621187500,0.005532787
9.621250000,0.005365091
9.621312500,0.005011814
9.621375000,0.004463091
9.621437500,0.003789170
9.621500000,0.003106105
9.621562500,0.002534035
9.621625000,0.002147816
9.621687500,0.001969841
9.621750000,0.001976613
9.621812500,0.002126365
9.621875000,0.002377892
9.621937500,0.002707185
9.622000000,0.003106105
9.622062500,0.003571756
9.622125000,0.004093171
9.622187500,0.004641564
9.622250000,0.005176842
9.622312500,0.005658537
9.622375000,0.006047690
9.622437500,0.006307202
9.622500000,0.006400459
9.622562500,0.006292504
9.622625000,0.005951677
9.622687500,0.005357190
9.622750000,0.004517972
9.622812500,0.003486312
9.622875000,0.002351908
9.622937500,0.001218841
9.623000000,0.000188249
9.623062500,-0.000663269
9.623125000,-0.001293802
9.623187500,-0.001715628
9.623250000,-0.001976613
9.623312500,-0.002139663
9.623375000,-0.002253253
9.623437500,-0.002353444
9.623500000,-0.002447235
9.623562500,-0.002515847
9.623625000,-0.002526521
9.623687500,-0.002466915
9.623750000,-0.002353110
9.623812500,-0.002228079
9.623875000,-0.002145240
9.623937500,-0.002152233
9.624000000,-0.002258986
9.624062500,-0.002422306
9.624125000,-0.002566893
9.624187500,-0.002619033
9.624250000,-0.002541359
9.624312500,-0.002347647
9.624375000,-0.002113483
9.624437500,-0.001934868
9.624500000,-0.001882488
9.624562500,-0.001962462
9.624625000,-0.002127641
9.624687500,-0.002306305
9.624750000,-0.002447235
9.624812500,-0.002548937
9.624875000,-0.002671678
9.624937500,-0.002902818
9.625000000,-0.003294354
9.625062500,-0.003811062
9.625125000,-0.004333014
9.625187500,-0.004704919
9.625250000,-0.004800345
9.625312500,-0.004575474
9.625375000,-0.004107772
9.625437500,-0.003560204
9.625500000,-0.003106105
9.625562500,-0.002842928
9.625625000,-0.002781866
9.625687500,-0.002843626
9.625750000,-0.002917857
9.625812500,-0.002912795
9.625875000,-0.002834837
9.625937500,-0.002747058
9.626000000,-0.002729608
9.626062500,-0.002809484
9.626125000,-0.002983441
9.626187500,-0.003195270
9.626250000,-0.003388479
9.626312500,-0.003532775
9.626375000,-0.003686961
9.626437500,-0.003933122
9.626500000,-0.004329723
9.626562500,-0.004843183
9.626625000,-0.005395087
9.626687500,-0.005855857
9.626750000,-0.006118086
9.626812500,-0.006131183
9.626875000,-0.005980496
9.626937500,-0.005805739
9.627000000,-0.005741589
9.627062500,-0.005830027
9.627125000,-0.006052049
9.627187500,-0.006309328
9.627250000,-0.006494584
9.627312500,-0.006536175
9.627375000,-0.006479181
9.627437500,-0.006427357
9.627500000,-0.006494584
9.627562500,-0.006787693
9.627625000,-0.007222079
9.627687500,-0.007644711
9.627750000,-0.007906451
9.627812500,-0.008010110
9.627875000,-0.008007858
9.627937500,-0.008050563
9.628000000,-0.008282948
9.628062500,-0.008808627
9.628125000,-0.009510966
9.628187500,-0.010203379
9.628250000,-0.010730183
9.628312500,-0.011119213
9.628375000,-0.011447035
9.628437500,-0.011839603
9.628500000,-0.012330297
9.628562500,-0.012845192
9.628625000,-0.013118450
9.628687500,-0.012958512
9.628750000,-0.012424421
9.628812500,-0.011941108
9.628875000,-0.012012706
9.628937500,-0.012993935
9.629000000,-0.014777532
9.629062500,-0.016768491
9.629125000,-0.018006392
9.629187500,-0.017756412
9.629250000,-0.016001150
9.629312500,-0.013667209
9.629375000,-0.012168135
9.629437500,-0.012722797
9.629500000,-0.015530528
9.629562500,-0.019392522
9.629625000,-0.021862922
9.629687500,-0.020262279
9.629750000,-0.012895043
9.629812500,-0.000019228
9.629875000,0.016128067
9.629937500,0.032029495
9.630000000,0.044238474
9.630062500,0.050654177
9.630125000,0.051317111
9.630187500,0.048127744
9.630250000,0.043861974
9.630312500,0.040881038
9.630375000,0.040324815
9.630437500,0.041851953
9.630500000,0.044144347
9.630562500,0.045727286
9.630625000,0.045821849
9.630687500,0.044577461
9.630750000,0.042826608
9.630812500,0.041483570
9.630875000,0.041100085
9.630937500,0.041604441
9.631000000,0.042450108
9.631062500,0.042962037
9.631125000,0.042783950
9.631187500,0.042004064
9.631250000,0.041038241
9.631312500,0.040321935
9.631375000,0.040111624
9.631437500,0.040353999
9.631500000,0.040755868
9.631562500,0.040943980
9.631625000,0.040716808
9.631687500,0.040111028
9.631750000,0.039344002
9.631812500,0.038651299
9.631875000,0.038212758
9.631937500,0.038069718
9.632000000,0.038120385
9.632062500,0.038153809
9.632125000,0.037990429
9.632187500,0.037536711
9.632250000,0.036802646
9.632312500,0.035864677
9.632375000,0.034898330
9.632437500,0.034114748
9.632500000,0.033696536
9.632562500,0.033679768
9.632625000,0.034101974
9.632687500,0.034791358
9.632750000,0.035484903
9.632812500,0.035860226
9.632875000,0.035812549
9.632937500,0.035304859
9.633000000,0.034449533
9.633062500,0.033413444
9.633125000,0.032522611
9.633187500,0.031950671
9.633250000,0.031719927
9.633312500,0.031645335
9.633375000,0.031569231
9.633437500,0.031261031
9.633500000,0.030590432
9.633562500,0.029550796
9.633625000,0.028412919
9.633687500,0.027456354
9.633750000,0.026919581
9.633812500,0.026862748
9.633875000,0.027274268
9.633937500,0.027924033
9.634000000,0.028519696
9.634062500,0.028786955
9.634125000,0.028694008
9.634187500,0.028299041
9.634250000,0.027766701
9.634312500,0.027254980
9.634375000,0.026960839
9.634437500,0.026909092
9.634500000,0.027013704
9.634562500,0.027097696
9.634625000,0.027078820
9.634687500,0.026867814
9.634750000,0.026448958
9.634812500,0.025851563
9.634875000,0.025229000
9.634937500,0.024681821
9.635000000,0.024284096
9.635062500,0.024051787
9.635125000,0.024036204
9.635187500,0.024199771
9.635250000,0.024472345
9.635312500,0.024746951
9.635375000,0.024977459
9.635437500,0.025068896
9.635500000,0.024942968
9.635562500,0.024540797
9.635625000,0.023902794
9.635687500,0.023050256
9.635750000,0.022025112
9.635812500,0.020873515
9.635875000,0.019708987
9.635937500,0.018599106
9.636000000,0.017601265
9.636062500,0.016744912
9.636125000,0.016081812
9.636187500,0.015577211
9.636250000,0.015154029
9.636312500,0.014705634
9.636375000,0.014184345
9.636437500,0.013544871
9.636500000,0.012800919
9.636562500,0.012013818
9.636625000,0.011320794
9.636687500,0.010795792
9.636750000,0.010447809
9.636812500,0.010199378
9.636875000,0.009964542
9.636937500,0.009606926
9.637000000,0.009035943
9.637062500,0.008241087
9.637125000,0.007351647
9.637187500,0.006508335
9.637250000,0.005835713
9.637312500,0.005375023
9.637375000,0.005107723
9.637437500,0.004884565
9.637500000,0.004517972
9.637562500,0.003854175
9.637625000,0.002877792
9.637687500,0.001661652
9.637750000,0.000376498
9.637812500,-0.000769829
9.637875000,-0.001571496
9.637937500,-0.001956082
9.638000000,-0.001976613
9.638062500,-0.001788800
9.638125000,-0.001560172
9.638187500,-0.001466605
9.638250000,-0.001600115
9.638312500,-0.001939575
9.638375000,-0.002346826
9.638437500,-0.002678338
9.638500000,-0.002823732
9.638562500,-0.002747602
9.638625000,-0.002492461
9.638687500,-0.002188644
9.638750000,-0.001976613
9.638812500,-0.001937121
9.638875000,-0.002065963
9.638937500,-0.002300899
9.639000000,-0.002541359
9.639062500,-0.002678165
9.639125000,-0.002665392
9.639187500,-0.002532582
9.639250000,-0.002353110
9.639312500,-0.002175947
9.639375000,-0.002058692
9.639437500,-0.002026181
9.639500000,-0.002070737
9.639562500,-0.002137175
9.639625000,-0.002220288
9.639687500,-0.002341541
9.639750000,-0.002541359
9.639812500,-0.002825614
9.639875000,-0.003224758
9.639937500,-0.003737102
9.640000000,-0.004329723
9.640062500,-0.004912938
9.640125000,-0.005447564
9.640187500,-0.005910498
9.640250000,-0.006306335
9.640312500,-0.006620959
9.640375000,-0.006909756
9.640437500,-0.007208794
9.640500000,-0.007529953
9.640562500,-0.007811559
9.640625000,-0.008049819
9.640687500,-0.008233505
9.640750000,-0.008377072
9.640812500,-0.008479677
9.640875000,-0.008637534
9.640937500,-0.008931431
9.641000000,-0.009412440
9.641062500,-0.010036522
9.641125000,-0.010797260
9.641187500,-0.011660255
9.641250000,-0.012612671
9.641312500,-0.013638593
9.641375000,-0.014835492
9.641437500,-0.016295800
9.641500000,-0.018071886
9.641562500,-0.020083306
9.641625000,-0.022225441
9.641687500,-0.024297943
9.641750000,-0.026072461
9.641812500,-0.027311286
9.641875000,-0.027952690
9.641937500,-0.028048549
9.642000000,-0.027766701
9.642062500,-0.027291933
9.642125000,-0.026880814
9.642187500,-0.026704973
9.642250000,-0.026825456
9.642312500,-0.027145758
9.642375000,-0.027571969
9.642437500,-0.027988350
9.642500000,-0.028331446
9.642562500,-0.028575465
9.642625000,-0.028835068
9.642687500,-0.029229417
9.642750000,-0.029837437
9.642812500,-0.030613190
9.642875000,-0.031491112
9.642937500,-0.032338798
9.643000000,-0.033037666
9.643062500,-0.033497259
9.643125000,-0.033777449
9.643187500,-0.033971522
9.643250000,-0.034167159
9.643312500,-0.034358080
9.643375000,-0.034524173
9.643437500,-0.034578741
9.643500000,-0.034449533
9.643562500,-0.034105275
9.643625000,-0.033665985
9.643687500,-0.033291359
9.643750000,-0.033131793
9.643812500,-0.033229675
9.643875000,-0.033572715
9.643937500,-0.034031894
9.644000000,-0.034449533
9.644062500,-0.034686260
9.644125000,-0.034751598
9.644187500,-0.034704868
9.644250000,-0.034637783
9.644312500,-0.034591701
9.644375000,-0.034608036
9.644437500,-0.034622237
9.644500000,-0.034543656
9.644562500,-0.034289613
9.644625000,-0.033894550
9.644687500,-0.033397753
9.644750000,-0.032849420
9.644812500,-0.032259420
9.644875000,-0.031652588
9.644937500,-0.030983787
9.645000000,-0.030213933
9.645062500,-0.029333754
9.645125000,-0.028448148
9.645187500,-0.027649932
9.645250000,-0.027013704
9.645312500,-0.026537063
9.645375000,-0.026206460
9.645437500,-0.025905836
9.645500000,-0.025507715
9.645562500,-0.024909744
9.645625000,-0.024150645
9.645687500,-0.023285998
9.645750000,-0.022401609
9.645812500,-0.021553354
9.645875000,-0.020823801
9.645937500,-0.020187713
9.646000000,-0.019577878
9.646062500,-0.018904252
9.646125000,-0.018166877
9.646187500,-0.017351013
9.646250000,-0.016471772
9.646312500,-0.015546621
9.646375000,-0.014641370
9.646437500,-0.013742433
9.646500000,-0.012800919
9.646562500,-0.011744519
9.646625000,-0.010571698
9.646687500,-0.009275318
9.646750000,-0.007906451
9.646812500,-0.006558781
9.646875000,-0.005405577
9.646937500,-0.004534823
9.647000000,-0.003953225
9.647062500,-0.003564130
9.647125000,-0.003278530
9.647187500,-0.002960243
9.647250000,-0.002541359
9.647312500,-0.002045708
9.647375000,-0.001652993
9.647437500,-0.001511060
9.647500000,-0.001694239
9.647562500,-0.002131117
9.647625000,-0.002689979
9.647687500,-0.003138978
9.647750000,-0.003294354
9.647812500,-0.003094865
9.647875000,-0.002690814
9.647937500,-0.002286692
9.648000000,-0.002070737
9.648062500,-0.002103575
9.648125000,-0.002342831
9.648187500,-0.002591973
9.648250000,-0.002635483
9.648312500,-0.002334087
9.648375000,-0.001734593
9.648437500,-0.000965959
9.648500000,-0.000188249
9.648562500,0.000506013
9.648625000,0.001094424
9.648687500,0.001672995
9.648750000,0.002353110
9.648812500,0.003178745
9.648875000,0.004045553
9.648937500,0.004776421
9.649000000,0.005176842
9.649062500,0.005125986
9.649125000,0.004622506
9.649187500,0.003814208
9.649250000,0.002917857
9.649312500,0.002122118
9.649375000,0.001518808
9.649437500,0.001094160
9.649500000,0.000752995
9.649562500,0.000373536
9.649625000,-0.000114380
9.649687500,-0.000702817
9.649750000,-0.001317742
9.649812500,-0.001865069
9.649875000,-0.002257758
9.649937500,-0.002450661
9.650000000,-0.002447235
9.650062500,-0.002295206
9.650125000,-0.002050214
9.650187500,-0.001769855
9.650250000,-0.001505991
9.650312500,-0.001307119
9.650375000,-0.001199585
9.650437500,-0.001182225
9.650500000,-0.001223617
9.650562500,-0.001276970
9.650625000,-0.001274170
9.650687500,-0.001165031
9.650750000,-0.000941244
9.650812500,-0.000659044
9.650875000,-0.000379990
9.650937500,-0.000157504
9.651000000,-0.000000000
9.651062500,0.000120843
9.651125000,0.000316295
9.651187500,0.000695212
9.651250000,0.001317742
9.651312500,0.002129110
9.651375000,0.003048155
9.651437500,0.003944327
9.651500000,0.004706220
9.651562500,0.005249904
9.651625000,0.005635265
9.651687500,0.005956952
9.651750000,0.006306335
9.651812500,0.006678056
9.651875000,0.007061482
9.651937500,0.007375501
9.652000000,0.007529953
9.652062500,0.007432509
9.652125000,0.007135422
9.652187500,0.006746696
9.652250000,0.006400459
9.652312500,0.006156710
9.652375000,0.006072412
9.652437500,0.006117841
9.652500000,0.006212211
9.652562500,0.006225669
9.652625000,0.006140679
9.652687500,0.006004530
9.652750000,0.005929837
9.652812500,0.006007892
9.652875000,0.006380252
9.652937500,0.007113633
9.653000000,0.008188824
9.653062500,0.009464394
9.653125000,0.010822223
9.653187500,0.012144277
9.653250000,0.013365666
9.653312500,0.014448936
9.653375000,0.015484409
9.653437500,0.016573859
9.653500000,0.017789513
9.653562500,0.019091759
9.653625000,0.020435082
9.653687500,0.021723207
9.653750000,0.022872232
9.653812500,0.023813827
9.653875000,0.024619058
9.653937500,0.025398059
9.654000000,0.026260709
9.654062500,0.027221464
9.654125000,0.028285587
9.654187500,0.029377820
9.654250000,0.030402184
9.654312500,0.031245550
9.654375000,0.031915788
9.654437500,0.032439858
9.654500000,0.032849420
9.654562500,0.033110831
9.654625000,0.033237327
9.654687500,0.033228431
9.654750000,0.033131793
9.654812500,0.033022653
9.654875000,0.033086739
9.654937500,0.033460692
9.655000000,0.034167159
9.655062500,0.035030100
9.655125000,0.035808690
9.655187500,0.036212426
9.655250000,0.036049645
9.655312500,0.035290454
9.655375000,0.034176860
9.655437500,0.033062447
9.655500000,0.032284670
9.655562500,0.031992968
9.655625000,0.032177616
9.655687500,0.032622684
9.655750000,0.033037666
9.655812500,0.033153661
9.655875000,0.032921534
9.655937500,0.032419726
9.656000000,0.031814050
9.656062500,0.031223729
9.656125000,0.030764114
9.656187500,0.030419830
9.656250000,0.030119810
9.656312500,0.029767644
9.656375000,0.029406013
9.656437500,0.029092554
9.656500000,0.028896192
9.656562500,0.028810926
9.656625000,0.028838515
9.656687500,0.028874505
9.656750000,0.028802069
9.656812500,0.028525302
9.656875000,0.028114423
9.656937500,0.027664796
9.657000000,0.027296079
9.657062500,0.027067276
9.657125000,0.027044605
9.657187500,0.027160792
9.657250000,0.027296079
9.657312500,0.027304696
9.657375000,0.027160339
9.657437500,0.026838331
9.657500000,0.026354834
9.657562500,0.025726326
9.657625000,0.025042327
9.657687500,0.024332816
9.657750000,0.023625227
9.657812500,0.022943249
9.657875000,0.022390136
9.657937500,0.022013918
9.658000000,0.021836862
9.658062500,0.021829901
9.658125000,0.021975489
9.658187500,0.022172669
9.658250000,0.022307485
9.658312500,0.022275038
9.658375000,0.022072785
9.658437500,0.021697078
9.658500000,0.021177992
9.658562500,0.020553393
9.658625000,0.019904198
9.658687500,0.019240469
9.658750000,0.018542508
9.658812500,0.017770069
9.658875000,0.016928177
9.658937500,0.015993696
9.659000000,0.014965781
9.659062500,0.013867237
9.659125000,0.012788125
9.659187500,0.011787717
9.659250000,0.010918431
9.659312500,0.010207162
9.659375000,0.009699916
9.659437500,0.009364210
9.659500000,0.009130068
9.659562500,0.008896404
9.659625000,0.008603645
9.659687500,0.008166797
9.659750000,0.007529953
9.659812500,0.006669715
9.659875000,0.005646487
9.659937500,0.004504561
9.660000000,0.003294354
9.660062500,0.002056920
9.660125000,0.000876157
9.660187500,-0.000202194
9.660250000,-0.001129493
9.660312500,-0.001860392
9.660375000,-0.002319396
9.660437500,-0.002499029
9.660500000,-0.002447235
9.660562500,-0.002276422
9.660625000,-0.002097787
9.660687500,-0.002056656
9.660750000,-0.002258986
9.660812500,-0.002743545
9.660875000,-0.003431862
9.660937500,-0.004220213
9.661000000,-0.004988594
9.661062500,-0.005647462
9.661125000,-0.006112985
9.661187500,-0.006383813
9.661250000,-0.006494584
9.661312500,-0.006492781
9.661375000,-0.006380132
9.661437500,-0.006163247
9.661500000,-0.005835713
9.661562500,-0.005396415
9.661625000,-0.004845415
9.661687500,-0.004240085
9.661750000,-0.003670852
9.661812500,-0.003238888
9.661875000,-0.003001379
9.661937500,-0.002974602
9.662000000,-0.003106105
9.662062500,-0.003288978
9.662125000,-0.003390245
9.662187500,-0.003329335
9.662250000,-0.003106105
9.662312500,-0.002805167
9.662375000,-0.002547913
9.662437500,-0.002448490
9.662500000,-0.002541359
9.662562500,-0.002751772
9.662625000,-0.002925783
9.662687500,-0.002910427
9.662750000,-0.002635483
9.662812500,-0.002155334
9.662875000,-0.001656535
9.662937500,-0.001359426
9.663000000,-0.001411866
9.663062500,-0.001791832
9.663125000,-0.002331805
9.663187500,-0.002758658
9.663250000,-0.002823732
9.663312500,-0.002408061
9.663375000,-0.001621422
9.663437500,-0.000738134
9.663500000,-0.000094124
9.663562500,0.000067127
9.663625000,-0.000348500
9.663687500,-0.001216177
9.663750000,-0.002258986
9.663812500,-0.003139130
9.663875000,-0.003634750
9.663937500,-0.003661236
9.664000000,-0.003294354
9.664062500,-0.002699384
9.664125000,-0.002114654
9.664187500,-0.001719698
9.664250000,-0.001600115
9.664312500,-0.001716165
9.664375000,-0.001991358
9.664437500,-0.002304037
9.664500000,-0.002541359
9.664562500,-0.002607806
9.664625000,-0.002509037
9.664687500,-0.002298600
9.664750000,-0.002070737
9.664812500,-0.001905652
9.664875000,-0.001913425
9.664937500,-0.002153718
9.665000000,-0.002635483
9.665062500,-0.003294375
9.665125000,-0.004084502
9.665187500,-0.004946618
9.665250000,-0.005835713
9.665312500,-0.006697254
9.665375000,-0.007531925
9.665437500,-0.008323339
9.665500000,-0.009035943
9.665562500,-0.009589528
9.665625000,-0.009947904
9.665687500,-0.010095960
9.665750000,-0.010071312
9.665812500,-0.009940986
9.665875000,-0.009851305
9.665937500,-0.009931695
9.666000000,-0.010259560
9.666062500,-0.010806555
9.666125000,-0.011505246
9.666187500,-0.012238347
9.666250000,-0.012895043
9.666312500,-0.013390431
9.666375000,-0.013745007
9.666437500,-0.014023683
9.666500000,-0.014306910
9.666562500,-0.014628420
9.666625000,-0.015009560
9.666687500,-0.015419424
9.666750000,-0.015812902
9.666812500,-0.016145002
9.666875000,-0.016441112
9.666937500,-0.016751714
9.667000000,-0.017130643
9.667062500,-0.017580621
9.667125000,-0.018089499
9.667187500,-0.018593349
9.667250000,-0.019013131
9.667312500,-0.019269176
9.667375000,-0.019365558
9.667437500,-0.019348903
9.667500000,-0.019295502
9.667562500,-0.019256694
9.667625000,-0.019283976
9.667687500,-0.019373614
9.667750000,-0.019483753
9.667812500,-0.019535782
9.667875000,-0.019505050
9.667937500,-0.019384686
9.668000000,-0.019201379
9.668062500,-0.018977925
9.668125000,-0.018789196
9.668187500,-0.018673271
9.668250000,-0.018636633
9.668312500,-0.018624505
9.668375000,-0.018611459
9.668437500,-0.018539444
9.668500000,-0.018354259
9.668562500,-0.017993715
9.668625000,-0.017482735
9.668687500,-0.016859647
9.668750000,-0.016189398
9.668812500,-0.015520675
9.668875000,-0.014947899
9.668937500,-0.014511493
9.669000000,-0.014212786
9.669062500,-0.013991985
9.669125000,-0.013838554
9.669187500,-0.013724748
9.669250000,-0.013648040
9.669312500,-0.013606588
9.669375000,-0.013672423
9.669437500,-0.013876635
9.669500000,-0.014212786
9.669562500,-0.014604121
9.669625000,-0.014989074
9.669687500,-0.015263095
9.669750000,-0.015342278
9.669812500,-0.015176642
9.669875000,-0.014834616
9.669937500,-0.014410407
9.670000000,-0.014024537
9.670062500,-0.013768376
9.670125000,-0.013740092
9.670187500,-0.013940613
9.670250000,-0.014306910
9.670312500,-0.014722780
9.670375000,-0.015124789
9.670437500,-0.015456905
9.670500000,-0.015718777
9.670562500,-0.015944779
9.670625000,-0.016229250
9.670687500,-0.016604822
9.670750000,-0.017036518
9.670812500,-0.017408093
9.670875000,-0.017609801
9.670937500,-0.017527614
9.671000000,-0.017130643
9.671062500,-0.016493205
9.671125000,-0.015822224
9.671187500,-0.015325679
9.671250000,-0.015154029
9.671312500,-0.015329401
9.671375000,-0.015765645
9.671437500,-0.016253967
9.671500000,-0.016565897
9.671562500,-0.016535033
9.671625000,-0.016130894
9.671687500,-0.015411655
9.671750000,-0.014495159
9.671812500,-0.013495770
9.671875000,-0.012500028
9.671937500,-0.011520389
9.672000000,-0.010541934
9.672062500,-0.009564572
9.672125000,-0.008651438
9.672187500,-0.007883202
9.672250000,-0.007341704
9.672312500,-0.007063411
9.672375000,-0.007034172
9.672437500,-0.007145097
9.672500000,-0.007247579
9.672562500,-0.007205950
9.672625000,-0.006961719
9.672687500,-0.006514635
9.672750000,-0.005929837
9.672812500,-0.005306522
9.672875000,-0.004749153
9.672937500,-0.004301208
9.673000000,-0.003953225
9.673062500,-0.003661826
9.673125000,-0.003377782
9.673187500,-0.003044039
9.673250000,-0.002635483
9.673312500,-0.002176566
9.673375000,-0.001721472
9.673437500,-0.001305352
9.673500000,-0.000941244
9.673562500,-0.000623413
9.673625000,-0.000320128
9.673687500,0.000029648
9.673750000,0.000470622
9.673812500,0.000990851
9.673875000,0.001545017
9.673937500,0.002079092
9.674000000,0.002541359
9.674062500,0.002886433
9.674125000,0.003111775
9.674187500,0.003261810
9.674250000,0.003388479
9.674312500,0.003501003
9.674375000,0.003596384
9.674437500,0.003660099
9.674500000,0.003670852
9.674562500,0.003595164
9.674625000,0.003450565
9.674687500,0.003293771
9.674750000,0.003200230
9.674812500,0.003213907
9.674875000,0.003378480
9.674937500,0.003699109
9.675000000,0.004141474
9.675062500,0.004623816
9.675125000,0.005104730
9.675187500,0.005585363
9.675250000,0.006118086
9.675312500,0.006762408
9.675375000,0.007608889
9.675437500,0.008696763
9.675500000,0.009977187
9.675562500,0.011278821
9.675625000,0.012433181
9.675687500,0.013299383
9.675750000,0.013836288
9.675812500,0.014091045
9.675875000,0.014266649
9.675937500,0.014576652
9.676000000,0.015154029
9.676062500,0.015941836
9.676125000,0.016813602
9.676187500,0.017572723
9.676250000,0.018071886
9.676312500,0.018251749
9.676375000,0.018278871
9.676437500,0.018397534
9.676500000,0.018824881
9.676562500,0.019588191
9.676625000,0.020607509
9.676687500,0.021639491
9.676750000,0.022401609
9.676812500,0.022647677
9.676875000,0.022382198
9.676937500,0.021770554
9.677000000,0.021083867
9.677062500,0.020539690
9.677125000,0.020322638
9.677187500,0.020448351
9.677250000,0.020801496
9.677312500,0.021166235
9.677375000,0.021416420
9.677437500,0.021498235
9.677500000,0.021460366
9.677562500,0.021388877
9.677625000,0.021445269
9.677687500,0.021738902
9.677750000,0.022307485
9.677812500,0.023080584
9.677875000,0.024000010
9.677937500,0.024983874
9.678000000,0.025978338
9.678062500,0.026933916
9.678125000,0.027907537
9.678187500,0.028936449
9.678250000,0.030025685
9.678312500,0.031085810
9.678375000,0.032061577
9.678437500,0.032857649
9.678500000,0.033414163
9.678562500,0.033703189
9.678625000,0.033851847
9.678687500,0.033997923
9.678750000,0.034261286
9.678812500,0.034649562
9.678875000,0.035158806
9.678937500,0.035672951
9.679000000,0.036049645
9.679062500,0.036140531
9.679125000,0.035958160
9.679187500,0.035553284
9.679250000,0.035014279
9.679312500,0.034375519
9.679375000,0.033720430
9.679437500,0.033037975
9.679500000,0.032284670
9.679562500,0.031379919
9.679625000,0.030362260
9.679687500,0.029265938
9.679750000,0.028143197
9.679812500,0.027008656
9.679875000,0.025938503
9.679937500,0.024958396
9.680000000,0.024095848
9.680062500,0.023363994
9.680125000,0.022874352
9.680187500,0.022698961
9.680250000,0.022872232
9.680312500,0.023331385
9.680375000,0.024013499
9.680437500,0.024763225
9.680500000,0.025413590
9.680562500,0.025803901
9.680625000,0.025926609
9.680687500,0.025804214
9.680750000,0.025507715
9.680812500,0.025087873
9.680875000,0.024670836
9.680937500,0.024302736
9.681000000,0.024001725
9.681062500,0.023738608
9.681125000,0.023574274
9.681187500,0.023509625
9.681250000,0.023531102
9.681312500,0.023575645
9.681375000,0.023667803
9.681437500,0.023781596
9.681500000,0.023907598
9.681562500,0.024021393
9.681625000,0.024201643
9.681687500,0.024438195
9.681750000,0.024660595
9.681812500,0.024706075
9.681875000,0.024482949
9.681937500,0.023878077
9.682000000,0.022872232
9.682062500,0.021544889
9.682125000,0.020164417
9.682187500,0.018977931
9.682250000,0.018166009
9.682312500,0.017748078
9.682375000,0.017661896
9.682437500,0.017691357
9.682500000,0.017601265
9.682562500,0.017216029
9.682625000,0.016565641
9.682687500,0.015779169
9.682750000,0.015059905
9.682812500,0.014581399
9.682875000,0.014476779
9.682937500,0.014715094
9.683000000,0.015154029
9.683062500,0.015584381
9.683125000,0.015874354
9.683187500,0.015923711
9.683250000,0.015718777
9.683312500,0.015308139
9.683375000,0.014827028
9.683437500,0.014374329
9.683500000,0.014024537
9.683562500,0.013811210
9.683625000,0.013778434
9.683687500,0.013900626
9.683750000,0.014118661
9.683812500,0.014343800
9.683875000,0.014522451
9.683937500,0.014584269
9.684000000,0.014495159
9.684062500,0.014263917
9.684125000,0.013955591
9.684187500,0.013596196
9.684250000,0.013177417
9.684312500,0.012655866
9.684375000,0.012011386
9.684437500,0.011225972
9.684500000,0.010353684
9.684562500,0.009528799
9.684625000,0.008938075
9.684687500,0.008686580
9.684750000,0.008753570
9.684812500,0.008979608
9.684875000,0.009117049
9.684937500,0.008900789
9.685000000,0.008188824
9.685062500,0.007047211
9.685125000,0.005738210
9.685187500,0.004587501
9.685250000,0.003859101
9.685312500,0.003645189
9.685375000,0.003810086
9.685437500,0.004031003
9.685500000,0.003953225
9.685562500,0.003360350
9.685625000,0.002259525
9.685687500,0.000866956
9.685750000,-0.000470622
9.685812500,-0.001409917
9.685875000,-0.001761682
9.685937500,-0.001581377
9.686000000,-0.001129493
9.686062500,-0.000753425
9.686125000,-0.000772693
9.686187500,-0.001374205
9.686250000,-0.002541359
9.686312500,-0.004053130
9.686375000,-0.005595626
9.686437500,-0.006878228
9.686500000,-0.007718201
9.686562500,-0.008072237
9.686625000,-0.008063749
9.686687500,-0.007927296
9.686750000,-0.007906451
9.686812500,-0.008147335
9.686875000,-0.008683977
9.686937500,-0.009439424
9.687000000,-0.010259560
9.687062500,-0.010955584
9.687125000,-0.011417695
9.687187500,-0.011632839
9.687250000,-0.011671427
9.687312500,-0.011618408
9.687375000,-0.011595745
9.687437500,-0.011694216
9.687500000,-0.011953799
9.687562500,-0.012332920
9.687625000,-0.012800882
9.687687500,-0.013316716
9.687750000,-0.013836288
9.687812500,-0.014277757
9.687875000,-0.014610196
9.687937500,-0.014809206
9.688000000,-0.014871657
9.688062500,-0.014786887
9.688125000,-0.014624159
9.688187500,-0.014467820
9.688250000,-0.014401034
9.688312500,-0.014444187
9.688375000,-0.014646192
9.688437500,-0.015013663
9.688500000,-0.015530528
9.688562500,-0.016127452
9.688625000,-0.016789811
9.688687500,-0.017484164
9.688750000,-0.018166009
9.688812500,-0.018739006
9.688875000,-0.019167807
9.688937500,-0.019417342
9.689000000,-0.019483753
9.689062500,-0.019361565
9.689125000,-0.019163139
9.689187500,-0.019006995
9.689250000,-0.019013131
9.689312500,-0.019229924
9.689375000,-0.019735839
9.689437500,-0.020529369
9.689500000,-0.021554491
9.689562500,-0.022669092
9.689625000,-0.023802333
9.689687500,-0.024865076
9.689750000,-0.025790086
9.689812500,-0.026490735
9.689875000,-0.026992546
9.689937500,-0.027313573
9.690000000,-0.027484328
9.690062500,-0.027497247
9.690125000,-0.027433660
9.690187500,-0.027349111
9.690250000,-0.027296079
9.690312500,-0.027274583
9.690375000,-0.027353467
9.690437500,-0.027551144
9.690500000,-0.027860826
9.690562500,-0.028205642
9.690625000,-0.028576659
9.690687500,-0.028920140
9.690750000,-0.029178567
9.690812500,-0.029261006
9.690875000,-0.029187001
9.690937500,-0.028981978
9.691000000,-0.028707944
9.691062500,-0.028407831
9.691125000,-0.028210659
9.691187500,-0.028182035
9.691250000,-0.028331446
9.691312500,-0.028565653
9.691375000,-0.028843336
9.691437500,-0.029090093
9.691500000,-0.029272690
9.691562500,-0.029377561
9.691625000,-0.029522857
9.691687500,-0.029791184
9.691750000,-0.030213933
9.691812500,-0.030703185
9.691875000,-0.031184349
9.691937500,-0.031523731
9.692000000,-0.031625804
9.692062500,-0.031440292
9.692125000,-0.031092204
9.692187500,-0.030711256
9.692250000,-0.030402184
9.692312500,-0.030152414
9.692375000,-0.029949471
9.692437500,-0.029685603
9.692500000,-0.029272690
9.692562500,-0.028669415
9.692625000,-0.028030055
9.692687500,-0.027523080
9.692750000,-0.027296079
9.692812500,-0.027361533
9.692875000,-0.027694283
9.692937500,-0.028117701
9.693000000,-0.028425572
9.693062500,-0.028432846
9.693125000,-0.028170461
9.693187500,-0.027738366
9.693250000,-0.027296079
9.693312500,-0.026941689
9.693375000,-0.026796283
9.693437500,-0.026826631
9.693500000,-0.026919581
9.693562500,-0.026891988
9.693625000,-0.026703957
9.693687500,-0.026326945
9.693750000,-0.025790086
9.693812500,-0.025108922
9.693875000,-0.024416076
9.693937500,-0.023780128
9.694000000,-0.023248728
9.694062500,-0.022800829
9.694125000,-0.022515859
9.694187500,-0.022395227
9.694250000,-0.022401609
9.694312500,-0.022404741
9.694375000,-0.022365931
9.694437500,-0.022194711
9.694500000,-0.021836862
9.694562500,-0.021249646
9.694625000,-0.020570872
9.694687500,-0.019916115
9.694750000,-0.019389628
9.694812500,-0.019000262
9.694875000,-0.018808495
9.694937500,-0.018771289
9.695000000,-0.018824881
9.695062500,-0.018872213
9.695125000,-0.018956533
9.695187500,-0.019092755
9.695250000,-0.019295502
9.695312500,-0.019516787
9.695375000,-0.019790307
9.695437500,-0.020094851
9.695500000,-0.020424996
9.695562500,-0.020762442
9.695625000,-0.021221574
9.695687500,-0.021859618
9.695750000,-0.022683984
9.695812500,-0.023582021
9.695875000,-0.024484843
9.695937500,-0.025254251
9.696000000,-0.025790086
9.696062500,-0.026032256
9.696125000,-0.026123328
9.696187500,-0.026215348
9.696250000,-0.026448958
9.696312500,-0.026843885
9.696375000,-0.027419642
9.696437500,-0.028060330
9.696500000,-0.028613821
9.696562500,-0.028914874
9.696625000,-0.028966781
9.696687500,-0.028807599
9.696750000,-0.028519696
9.696812500,-0.028147198
9.696875000,-0.027784999
9.696937500,-0.027444024
9.697000000,-0.027107829
9.697062500,-0.026725734
9.697125000,-0.026354654
9.697187500,-0.026031779
9.697250000,-0.025790086
9.697312500,-0.025594028
9.697375000,-0.025455950
9.697437500,-0.025321295
9.697500000,-0.025131216
9.697562500,-0.024814071
9.697625000,-0.024435405
9.697687500,-0.024070486
9.697750000,-0.023813475
9.697812500,-0.023699585
9.697875000,-0.023808036
9.697937500,-0.024120901
9.698000000,-0.024566470
9.698062500,-0.025003051
9.698125000,-0.025382647
9.698187500,-0.025649358
9.698250000,-0.025790086
9.698312500,-0.025790783
9.698375000,-0.025754899
9.698437500,-0.025743283
9.698500000,-0.025790086
9.698562500,-0.025846681
9.698625000,-0.025923224
9.698687500,-0.025958162
9.698750000,-0.025884213
9.698812500,-0.025609756
9.698875000,-0.025164749
9.698937500,-0.024557937
9.699000000,-0.023813475
9.699062500,-0.022925327
9.699125000,-0.021997821
9.699187500,-0.021102699
9.699250000,-0.020330872
9.699312500,-0.019745169
9.699375000,-0.019503867
9.699437500,-0.019672191
9.699500000,-0.020236747
9.699562500,-0.021053556
9.699625000,-0.022007218
9.699687500,-0.022913553
9.699750000,-0.023625227
9.699812500,-0.024040306
9.699875000,-0.024246765
9.699937500,-0.024352772
9.700000000,-0.024472345
9.700062500,-0.024634387
9.700125000,-0.024872310
9.700187500,-0.025105491
9.700250000,-0.025225341
9.700312500,-0.025121618
9.700375000,-0.024831099
9.700437500,-0.024421953
9.700500000,-0.024001725
9.700562500,-0.023642343
9.700625000,-0.023442607
9.700687500,-0.023395106
9.700750000,-0.023436978
9.700812500,-0.023458026
9.700875000,-0.023419574
9.700937500,-0.023265235
9.701000000,-0.022966355
9.701062500,-0.022504613
9.701125000,-0.021948801
9.701187500,-0.021354452
9.701250000,-0.020801496
9.701312500,-0.020371221
9.701375000,-0.020193040
9.701437500,-0.020313991
9.701500000,-0.020707369
9.701562500,-0.021256475
9.701625000,-0.021838726
9.701687500,-0.022290185
9.701750000,-0.022495734
9.701812500,-0.022425119
9.701875000,-0.022169834
9.701937500,-0.021844201
9.702000000,-0.021554491
9.702062500,-0.021350861
9.702125000,-0.021218704
9.702187500,-0.021047719
9.702250000,-0.020707369
9.702312500,-0.020118872
9.702375000,-0.019297995
9.702437500,-0.018319873
9.702500000,-0.017318891
9.702562500,-0.016453857
9.702625000,-0.015839839
9.702687500,-0.015471846
9.702750000,-0.015248154
9.702812500,-0.015022328
9.702875000,-0.014644111
9.702937500,-0.013981249
9.703000000,-0.012989169
9.703062500,-0.011745674
9.703125000,-0.010396700
9.703187500,-0.009081624
9.703250000,-0.007906451
9.703312500,-0.006937532
9.703375000,-0.006165822
9.703437500,-0.005512419
9.703500000,-0.004894469
9.703562500,-0.004295572
9.703625000,-0.003724804
9.703687500,-0.003198027
9.703750000,-0.002729608
9.703812500,-0.002343601
9.703875000,-0.001988428
9.703937500,-0.001558149
9.704000000,-0.000941244
9.704062500,-0.000105583
9.704125000,0.000965539
9.704187500,0.002246108
9.704250000,0.003670852
9.704312500,0.005114187
9.704375000,0.006531275
9.704437500,0.007943349
9.704500000,0.009412440
9.704562500,0.010948128
9.704625000,0.012583324
9.704687500,0.014298742
9.704750000,0.016001150
9.704812500,0.017485617
9.704875000,0.018620502
9.704937500,0.019358741
9.705000000,0.019766126
9.705062500,0.019949272
9.705125000,0.020140290
9.705187500,0.020548280
9.705250000,0.021272115
9.705312500,0.022190593
9.705375000,0.023146259
9.705437500,0.023948278
9.705500000,0.024472345
9.705562500,0.024653360
9.705625000,0.024684895
9.705687500,0.024850260
9.705750000,0.025413590
9.705812500,0.026421495
9.705875000,0.027853491
9.705937500,0.029518118
9.706000000,0.031155180
9.706062500,0.032462656
9.706125000,0.033401709
9.706187500,0.034082603
9.706250000,0.034731906
9.706312500,0.035504851
9.706375000,0.036612302
9.706437500,0.038109176
9.706500000,0.039908748
9.706562500,0.041733004
9.706625000,0.043428782
9.706687500,0.044871874
9.706750000,0.046026833
9.706812500,0.046842836
9.706875000,0.047481488
9.706937500,0.048084185
9.707000000,0.048756443
9.707062500,0.049429350
9.707125000,0.050136771
9.707187500,0.050818443
9.707250000,0.051391926
9.707312500,0.051675644
9.707375000,0.051748291
9.707437500,0.051719200
9.707500000,0.051768426
9.707562500,0.051976867
9.707625000,0.052616645
9.707687500,0.053808048
9.707750000,0.055533402
9.707812500,0.057503685
9.707875000,0.059555586
9.707937500,0.061441813
9.708000000,0.062969230
9.708062500,0.063925177
9.708125000,0.064438514
9.708187500,0.064658664
9.708250000,0.064757593
9.708312500,0.064747535
9.708375000,0.064790554
9.708437500,0.064919837
9.708500000,0.065134093
9.708562500,0.065309130
9.708625000,0.065574035
9.708687500,0.066000022
9.708750000,0.066640079
9.708812500,0.067367516
9.708875000,0.068230353
9.708937500,0.069148496
9.709000000,0.070028558
9.709062500,0.070671752
9.709125000,0.071192838
9.709187500,0.071669027
9.709250000,0.072193421
9.709312500,0.072698183
9.709375000,0.073349245
9.709437500,0.074179620
9.709500000,0.075205401
9.709562500,0.076306656
9.709625000,0.077645533
9.709687500,0.079262473
9.709750000,0.081135243
9.709812500,0.083015099
9.709875000,0.084849603
9.709937500,0.086444698
9.710000000,0.087629817
9.710062500,0.088180944
9.710125000,0.088247716
9.710187500,0.087953687
9.710250000,0.087441571
9.710312500,0.086681329
9.710375000,0.085864216
9.710437500,0.085017785
9.710500000,0.084147222
9.710562500,0.083130218
9.710625000,0.082184367
9.710687500,0.081425831
9.710750000,0.080946989
9.710812500,0.080627970
9.710875000,0.080587894
9.710937500,0.080757529
9.711000000,0.081041120
9.711062500,0.081211254
9.711125000,0.081418633
9.711187500,0.081739619
9.711250000,0.082264729
9.711312500,0.082896970
9.711375000,0.083790198
9.711437500,0.084880866
9.711500000,0.086029708
9.711562500,0.086909615
9.711625000,0.087550044
9.711687500,0.087907523
9.711750000,0.088006318
9.711812500,0.087764099
9.711875000,0.087445125
9.711937500,0.087141894
9.712000000,0.086876824
9.712062500,0.086441502
9.712125000,0.085929751
9.712187500,0.085293815
9.712250000,0.084523715
9.712312500,0.083508350
9.712375000,0.082554869
9.712437500,0.081841566
9.712500000,0.081511736
9.712562500,0.081462853
9.712625000,0.081853054
9.712687500,0.082582392
9.712750000,0.083488353
9.712812500,0.084243238
9.712875000,0.084944166
9.712937500,0.085607864
9.713000000,0.086312085
9.713062500,0.086991690
9.713125000,0.087902978
9.713187500,0.089058675
9.713250000,0.090359427
9.713312500,0.091464937
9.713375000,0.092356019
9.713437500,0.092908211
9.713500000,0.093089037
9.713562500,0.092824236
9.713625000,0.092462137
9.713687500,0.092218265
9.713750000,0.092241921
9.713812500,0.092414171
9.713875000,0.092819862
9.713937500,0.093297407
9.714000000,0.093653791
9.714062500,0.093597814
9.714125000,0.093293235
9.714187500,0.092868678
9.714250000,0.092524290
9.714312500,0.092306353
9.714375000,0.092522845
9.714437500,0.093179777
9.714500000,0.094124407
9.714562500,0.094950080
9.714625000,0.095561951
9.714687500,0.095776439
9.714750000,0.095536269
9.714812500,0.094793543
9.714875000,0.093937144
9.714937500,0.093237974
9.715000000,0.092900790
9.715062500,0.092865340
9.715125000,0.093222439
9.715187500,0.093788236
9.715250000,0.094312660
9.715312500,0.094438374
9.715375000,0.094206601
9.715437500,0.093628660
9.715500000,0.092806660
9.715562500,0.091755308
9.715625000,0.090781115
9.715687500,0.089971945
9.715750000,0.089324065
9.715812500,0.088632062
9.715875000,0.087974176
9.715937500,0.087277927
9.716000000,0.086500332
9.716062500,0.085516244
9.716125000,0.084568538
9.716187500,0.083765537
9.716250000,0.083205983
9.716312500,0.082823917
9.716375000,0.082809202
9.716437500,0.083109505
9.716500000,0.083582476
9.716562500,0.083896264
9.716625000,0.084031612
9.716687500,0.083851874
9.716750000,0.083300106
9.716812500,0.082290836
9.716875000,0.081129767
9.716937500,0.079983823
9.717000000,0.078970380
9.717062500,0.077994823
9.717125000,0.077178515
9.717187500,0.076415785
9.717250000,0.075581901
9.717312500,0.074472405
9.717375000,0.073269516
9.717437500,0.072063349
9.717500000,0.070969805
9.717562500,0.069964290
9.717625000,0.069273464
9.717687500,0.068885528
9.717750000,0.068710819
9.717812500,0.068498664
9.717875000,0.068315625
9.717937500,0.068107128
9.718000000,0.067863703
9.718062500,0.067496739
9.718125000,0.067231216
9.718187500,0.067108311
9.718250000,0.067110702
9.718312500,0.067054078
9.718375000,0.067013912
9.718437500,0.066919796
9.718500000,0.066734202
9.718562500,0.066362150
9.718625000,0.066040881
9.718687500,0.065866590
9.718750000,0.065887086
9.718812500,0.065962680
9.718875000,0.066154182
9.718937500,0.066331141
9.719000000,0.066357709
9.719062500,0.066037372
9.719125000,0.065514535
9.719187500,0.064845905
9.719250000,0.064098723
9.719312500,0.063223027
9.719375000,0.062382452
9.719437500,0.061575957
9.719500000,0.060804367
9.719562500,0.060022112
9.719625000,0.059454538
9.719687500,0.059199885
9.719750000,0.059298374
9.719812500,0.059618007
9.719875000,0.060147572
9.719937500,0.060697295
9.720000000,0.061086740
9.720062500,0.061137084
9.720125000,0.060977533
9.720187500,0.060685731
9.720250000,0.060333744
9.720312500,0.059860226
9.720375000,0.059339426
9.720437500,0.058697283
9.720500000,0.057886511
9.720562500,0.056871895
9.720625000,0.055915155
9.720687500,0.055204585
9.720750000,0.054874528
9.720812500,0.054865170
9.720875000,0.055172604
9.720937500,0.055590980
9.721000000,0.055909898
9.721062500,0.055933211
9.721125000,0.055778358
9.721187500,0.055528637
9.721250000,0.055251025
9.721312500,0.054852758
9.721375000,0.054313544
9.721437500,0.053436633
9.721500000,0.052050799
9.721562500,0.050046213
9.721625000,0.047665950
9.721687500,0.045168277
9.721750000,0.042826608
9.721812500,0.040762927
9.721875000,0.039126847
9.721937500,0.037827130
9.722000000,0.036708519
9.722062500,0.035593092
9.722125000,0.034568910
9.722187500,0.033714622
9.722250000,0.033131793
9.722312500,0.032821838
9.722375000,0.032847852
9.722437500,0.033094421
9.722500000,0.033414163
9.722562500,0.033646248
9.722625000,0.033855759
9.722687500,0.034059007
9.722750000,0.034261286
9.722812500,0.034364130
9.722875000,0.034359839
9.722937500,0.034128271
9.723000000,0.033602413
9.723062500,0.032783013
9.723125000,0.031936143
9.723187500,0.031280279
9.723250000,0.030966930
9.723312500,0.030953517
9.723375000,0.031175887
9.723437500,0.031384379
9.723500000,0.031343430
9.723562500,0.030893764
9.723625000,0.030186875
9.723687500,0.029398726
9.723750000,0.028707944
9.723812500,0.028152494
9.723875000,0.027776066
9.723937500,0.027441828
9.724000000,0.027013704
9.724062500,0.026412245
9.724125000,0.025807573
9.724187500,0.025348693
9.724250000,0.025131216
9.724312500,0.025078891
9.724375000,0.025062153
9.724437500,0.024807189
9.724500000,0.024095848
9.724562500,0.022866372
9.724625000,0.021353990
9.724687500,0.019874701
9.724750000,0.018730756
9.724812500,0.018052308
9.724875000,0.017827686
9.724937500,0.017828736
9.725000000,0.017789513
9.725062500,0.017530223
9.725125000,0.017115524
9.725187500,0.016701309
9.725250000,0.016471772
9.725312500,0.016503589
9.725375000,0.016785843
9.725437500,0.017129172
9.725500000,0.017318891
9.725562500,0.017222216
9.725625000,0.016929505
9.725687500,0.016612591
9.725750000,0.016471772
9.725812500,0.016611185
9.725875000,0.017032277
9.725937500,0.017542528
9.726000000,0.017883638
9.726062500,0.017837869
9.726125000,0.017379340
9.726187500,0.016585218
9.726250000,0.015624652
9.726312500,0.014663137
9.726375000,0.013843020
9.726437500,0.013158512
9.726500000,0.012518546
9.726562500,0.011799242
9.726625000,0.010961705
9.726687500,0.009993745
9.726750000,0.008941819
9.726812500,0.007876178
9.726875000,0.006903299
9.726937500,0.006064081
9.727000000,0.005365091
9.727062500,0.004787071
9.727125000,0.004336888
9.727187500,0.003979779
9.727250000,0.003670852
9.727312500,0.003358088
9.727375000,0.003018576
9.727437500,0.002621074
9.727500000,0.002164861
9.727562500,0.001680265
9.727625000,0.001246845
9.727687500,0.000906776
9.727750000,0.000658871
9.727812500,0.000445631
9.727875000,0.000201458
9.727937500,-0.000156281
9.728000000,-0.000658871
9.728062500,-0.001263238
9.728125000,-0.001835962
9.728187500,-0.002254876
9.728250000,-0.002447235
9.728312500,-0.002431575
9.728375000,-0.002288452
9.728437500,-0.002161431
9.728500000,-0.002164861
9.728562500,-0.002328926
9.728625000,-0.002558541
9.728687500,-0.002727968
9.728750000,-0.002729608
9.728812500,-0.002540972
9.728875000,-0.002218410
9.728937500,-0.001914732
9.729000000,-0.001788364
9.729062500,-0.001932580
9.729125000,-0.002317265
9.729187500,-0.002844380
9.729250000,-0.003388479
9.729312500,-0.003859265
9.729375000,-0.004223757
9.729437500,-0.004520372
9.729500000,-0.004800345
9.729562500,-0.005073200
9.729625000,-0.005276613
9.729687500,-0.005309987
9.729750000,-0.005082718
9.729812500,-0.004571212
9.729875000,-0.003849474
9.729937500,-0.003079073
9.730000000,-0.002447235
9.730062500,-0.002093736
9.730125000,-0.002059791
9.730187500,-0.002283963
9.730250000,-0.002635483
9.730312500,-0.002969351
9.730375000,-0.003193093
9.730437500,-0.003286794
9.730500000,-0.003294354
9.730562500,-0.003282421
9.730625000,-0.003316388
9.730687500,-0.003420864
9.730750000,-0.003576728
9.730812500,-0.003721888
9.730875000,-0.003810437
9.730937500,-0.003800655
9.731000000,-0.003670852
9.731062500,-0.003406359
9.731125000,-0.003043729
9.731187500,-0.002636710
9.731250000,-0.002258986
9.731312500,-0.001974833
9.731375000,-0.001859544
9.731437500,-0.001936179
9.731500000,-0.002164861
9.731562500,-0.002431453
9.731625000,-0.002627978
9.731687500,-0.002668748
9.731750000,-0.002541359
9.731812500,-0.002296744
9.731875000,-0.002081019
9.731937500,-0.002020828
9.732000000,-0.002164861
9.732062500,-0.002424760
9.732125000,-0.002667370
9.732187500,-0.002733603
9.732250000,-0.002541359
9.732312500,-0.002119981
9.732375000,-0.001664937
9.732437500,-0.001405327
9.732500000,-0.001505991
9.732562500,-0.001964027
9.732625000,-0.002644996
9.732687500,-0.003314275
9.732750000,-0.003764976
9.732812500,-0.003911200
9.732875000,-0.003873757
9.732937500,-0.003896104
9.733000000,-0.004235599
9.733062500,-0.005022485
9.733125000,-0.006232102
9.733187500,-0.007663140
9.733250000,-0.009035943
9.733312500,-0.010094623
9.733375000,-0.010737209
9.733437500,-0.010998737
9.733500000,-0.011012556
9.733562500,-0.010917271
9.733625000,-0.010831435
9.733687500,-0.010799241
9.733750000,-0.010824307
9.733812500,-0.010902048
9.733875000,-0.011084926
9.733937500,-0.011446572
9.734000000,-0.012047924
9.734062500,-0.012876489
9.734125000,-0.013861856
9.734187500,-0.014861877
9.734250000,-0.015718777
9.734312500,-0.016302144
9.734375000,-0.016585581
9.734437500,-0.016613247
9.734500000,-0.016471772
9.734562500,-0.016230850
9.734625000,-0.015938744
9.734687500,-0.015590324
9.734750000,-0.015154029
9.734812500,-0.014597976
9.734875000,-0.013937107
9.734937500,-0.013219940
9.735000000,-0.012518546
9.735062500,-0.011899186
9.735125000,-0.011409033
9.735187500,-0.011057342
9.735250000,-0.010824307
9.735312500,-0.010671528
9.735375000,-0.010573100
9.735437500,-0.010504589
9.735500000,-0.010447809
9.735562500,-0.010383196
9.735625000,-0.010296248
9.735687500,-0.010165581
9.735750000,-0.009977187
9.735812500,-0.009732825
9.735875000,-0.009460368
9.735937500,-0.009186972
9.736000000,-0.008941819
9.736062500,-0.008745178
9.736125000,-0.008628882
9.736187500,-0.008600119
9.736250000,-0.008659446
9.736312500,-0.008799141
9.736375000,-0.009022986
9.736437500,-0.009305016
9.736500000,-0.009600690
9.736562500,-0.009844807
9.736625000,-0.009991103
9.736687500,-0.009983982
9.736750000,-0.009788939
9.736812500,-0.009395049
9.736875000,-0.008845652
9.736937500,-0.008178527
9.737000000,-0.007435828
9.737062500,-0.006652639
9.737125000,-0.005872323
9.737187500,-0.005099557
9.737250000,-0.004329723
9.737312500,-0.003565414
9.737375000,-0.002850056
9.737437500,-0.002234565
9.737500000,-0.001788364
9.737562500,-0.001577005
9.737625000,-0.001630651
9.737687500,-0.001880473
9.737750000,-0.002164861
9.737812500,-0.002266680
9.737875000,-0.001988476
9.737937500,-0.001216551
9.738000000,0.000000000
9.738062500,0.001437205
9.738125000,0.002744194
9.738187500,0.003587560
9.738250000,0.003764976
9.738312500,0.003290320
9.738375000,0.002369757
9.738437500,0.001349426
9.738500000,0.000564746
9.738562500,0.000217457
9.738625000,0.000284508
9.738687500,0.000580669
9.738750000,0.000847120
9.738812500,0.000884003
9.738875000,0.000616961
9.738937500,0.000153880
9.739000000,-0.000282373
9.739062500,-0.000447654
9.739125000,-0.000206127
9.739187500,0.000453874
9.739250000,0.001411866
9.739312500,0.002478157
9.739375000,0.003439987
9.739437500,0.004164214
9.739500000,0.004612096
9.739562500,0.004836005
9.739625000,0.004920850
9.739687500,0.004974341
9.739750000,0.005082718
9.739812500,0.005298143
9.739875000,0.005607900
9.739937500,0.005967156
9.740000000,0.006306335
9.740062500,0.006560998
9.740125000,0.006654716
9.740187500,0.006542080
9.740250000,0.006212211
9.740312500,0.005705102
9.740375000,0.005052204
9.740437500,0.004298482
9.740500000,0.003482603
9.740562500,0.002650317
9.740625000,0.001811512
9.740687500,0.000982124
9.740750000,0.000188249
9.740812500,-0.000513032
9.740875000,-0.001087807
9.740937500,-0.001513178
9.741000000,-0.001788364
9.741062500,-0.001913550
9.741125000,-0.001946882
9.741187500,-0.001950012
9.741250000,-0.001976613
9.741312500,-0.002028498
9.741375000,-0.002122225
9.741437500,-0.002241554
9.741500000,-0.002353110
9.741562500,-0.002387172
9.741625000,-0.002339188
9.741687500,-0.002220892
9.741750000,-0.002070737
9.741812500,-0.001911510
9.741875000,-0.001821410
9.741937500,-0.001861582
9.742000000,-0.002070737
9.742062500,-0.002429958
9.742125000,-0.002943579
9.742187500,-0.003608222
9.742250000,-0.004423847
9.742312500,-0.005362706
9.742375000,-0.006430119
9.742437500,-0.007608974
9.742500000,-0.008847695
9.742562500,-0.010032361
9.742625000,-0.011065930
9.742687500,-0.011871478
9.742750000,-0.012424421
9.742812500,-0.012743021
9.742875000,-0.012935811
9.742937500,-0.013137603
9.743000000,-0.013459790
9.743062500,-0.013924400
9.743125000,-0.014516104
9.743187500,-0.015169061
9.743250000,-0.015812902
9.743312500,-0.016386254
9.743375000,-0.016922913
9.743437500,-0.017491745
9.743500000,-0.018166009
9.743562500,-0.018955262
9.743625000,-0.019856675
9.743687500,-0.020810924
9.743750000,-0.021742739
9.743812500,-0.022569444
9.743875000,-0.023287300
9.743937500,-0.023914142
9.744000000,-0.024472345
9.744062500,-0.024936413
9.744125000,-0.025289869
9.744187500,-0.025489951
9.744250000,-0.025507715
9.744312500,-0.025332540
9.744375000,-0.025039950
9.744437500,-0.024725175
9.744500000,-0.024472345
9.744562500,-0.024293592
9.744625000,-0.024174456
9.744687500,-0.024042394
9.744750000,-0.023813475
9.744812500,-0.023411727
9.744875000,-0.022862410
9.744937500,-0.022239201
9.745000000,-0.021648614
9.745062500,-0.021162271
9.745125000,-0.020856334
9.745187500,-0.020725148
9.745250000,-0.020707369
9.745312500,-0.020689622
9.745375000,-0.020620629
9.745437500,-0.020464774
9.745500000,-0.020236747
9.745562500,-0.019969624
9.745625000,-0.019760590
9.745687500,-0.019660706
9.745750000,-0.019672001
9.745812500,-0.019720389
9.745875000,-0.019751864
9.745937500,-0.019686863
9.746000000,-0.019483753
9.746062500,-0.019138940
9.746125000,-0.018752435
9.746187500,-0.018409403
9.746250000,-0.018166009
9.746312500,-0.017999940
9.746375000,-0.017889438
9.746437500,-0.017748583
9.746500000,-0.017507140
9.746562500,-0.017130066
9.746625000,-0.016709358
9.746687500,-0.016337052
9.746750000,-0.016095273
9.746812500,-0.015992368
9.746875000,-0.016034095
9.746937500,-0.016132763
9.747000000,-0.016189398
9.747062500,-0.016123155
9.747125000,-0.015978873
9.747187500,-0.015818175
9.747250000,-0.015718777
9.747312500,-0.015709085
9.747375000,-0.015814727
9.747437500,-0.015953962
9.747500000,-0.016001150
9.747562500,-0.015824703
9.747625000,-0.015393831
9.747687500,-0.014728799
9.747750000,-0.013930413
9.747812500,-0.013133466
9.747875000,-0.012516789
9.747937500,-0.012162109
9.748000000,-0.012047924
9.748062500,-0.012034704
9.748125000,-0.011988775
9.748187500,-0.011763136
9.748250000,-0.011294928
9.748312500,-0.010611109
9.748375000,-0.009893074
9.748437500,-0.009305201
9.748500000,-0.008941819
9.748562500,-0.008748695
9.748625000,-0.008636131
9.748687500,-0.008448796
9.748750000,-0.008094699
9.748812500,-0.007580843
9.748875000,-0.007103099
9.748937500,-0.006859623
9.749000000,-0.006965206
9.749062500,-0.007342035
9.749125000,-0.007819300
9.749187500,-0.008132616
9.749250000,-0.008094699
9.749312500,-0.007677422
9.749375000,-0.007107181
9.749437500,-0.006672686
9.749500000,-0.006588709
9.749562500,-0.006835683
9.749625000,-0.007215933
9.749687500,-0.007365370
9.749750000,-0.006965206
9.749812500,-0.005894719
9.749875000,-0.004382363
9.749937500,-0.002855310
9.750000000,-0.001788364
9.750062500,-0.001483847
9.750125000,-0.002023277
9.750187500,-0.003188964
9.750250000,-0.004612096
9.750312500,-0.005928125
9.750375000,-0.006976057
9.750437500,-0.007771644
9.750500000,-0.008471197
9.750562500,-0.009241705
9.750625000,-0.010207924
9.750687500,-0.011344155
9.750750000,-0.012518546
9.750812500,-0.013554951
9.750875000,-0.014357761
9.750937500,-0.014902718
9.751000000,-0.015248154
9.751062500,-0.015479211
9.751125000,-0.015692407
9.751187500,-0.015911402
9.751250000,-0.016095273
9.751312500,-0.016152065
9.751375000,-0.016030353
9.751437500,-0.015712731
9.751500000,-0.015248154
9.751562500,-0.014724314
9.751625000,-0.014280672
9.751687500,-0.014009968
9.751750000,-0.013930413
9.751812500,-0.013955575
9.751875000,-0.013977749
9.751937500,-0.013868380
9.752000000,-0.013553915
9.752062500,-0.013036456
9.752125000,-0.012440936
9.752187500,-0.011916445
9.752250000,-0.011577302
9.752312500,-0.011425668
9.752375000,-0.011395586
9.752437500,-0.011337848
9.752500000,-0.011106680
9.752562500,-0.010613663
9.752625000,-0.009913449
9.752687500,-0.009144627
9.752750000,-0.008471197
9.752812500,-0.007982883
9.752875000,-0.007710204
9.752937500,-0.007572259
9.753000000,-0.007435828
9.753062500,-0.007158248
9.753125000,-0.006719820
9.753187500,-0.006175296
9.753250000,-0.005647464
9.753312500,-0.005248614
9.753375000,-0.005106969
9.753437500,-0.005254203
9.753500000,-0.005647464
9.753562500,-0.006171261
9.753625000,-0.006760612
9.753687500,-0.007348381
9.753750000,-0.007906451
9.753812500,-0.008413217
9.753875000,-0.008923317
9.753937500,-0.009450335
9.754000000,-0.009977187
9.754062500,-0.010424965
9.754125000,-0.010769160
9.754187500,-0.010967823
9.754250000,-0.011012556
9.754312500,-0.010909976
9.754375000,-0.010768746
9.754437500,-0.010683880
9.754500000,-0.010730183
9.754562500,-0.010907861
9.754625000,-0.011226404
9.754687500,-0.011629436
9.754750000,-0.012047924
9.754812500,-0.012405101
9.754875000,-0.012718588
9.754937500,-0.013021699
9.755000000,-0.013365666
9.755062500,-0.013768367
9.755125000,-0.014261083
9.755187500,-0.014809252
9.755250000,-0.015342278
9.755312500,-0.015761264
9.755375000,-0.016020451
9.755437500,-0.016094970
9.755500000,-0.016001150
9.755562500,-0.015771789
9.755625000,-0.015480213
9.755687500,-0.015173190
9.755750000,-0.014871657
9.755812500,-0.014561709
9.755875000,-0.014252733
9.755937500,-0.013962293
9.756000000,-0.013742164
9.756062500,-0.013661250
9.756125000,-0.013824920
9.756187500,-0.014294399
9.756250000,-0.015059905
9.756312500,-0.016012128
9.756375000,-0.016997855
9.756437500,-0.017827990
9.756500000,-0.018354259
9.756562500,-0.018506514
9.756625000,-0.018356221
9.756687500,-0.018035738
9.756750000,-0.017695390
9.756812500,-0.017425565
9.756875000,-0.017277328
9.756937500,-0.017206840
9.757000000,-0.017130643
9.757062500,-0.016955636
9.757125000,-0.016669713
9.757187500,-0.016281309
9.757250000,-0.015812902
9.757312500,-0.015254123
9.757375000,-0.014611265
9.757437500,-0.013858318
9.757500000,-0.012989169
9.757562500,-0.012025532
9.757625000,-0.011079159
9.757687500,-0.010250014
9.757750000,-0.009600690
9.757812500,-0.009105489
9.757875000,-0.008723919
9.757937500,-0.008370653
9.758000000,-0.008000575
9.758062500,-0.007630608
9.758125000,-0.007395229
9.758187500,-0.007410469
9.758250000,-0.007718201
9.758312500,-0.008219308
9.758375000,-0.008731796
9.758437500,-0.009003830
9.758500000,-0.008847695
9.758562500,-0.008223740
9.758625000,-0.007309447
9.758687500,-0.006385788
9.758750000,-0.005741589
9.758812500,-0.005547158
9.758875000,-0.005831373
9.758937500,-0.006442246
9.759000000,-0.007153455
9.759062500,-0.007759569
9.759125000,-0.008201369
9.759187500,-0.008504193
9.759250000,-0.008753570
9.759312500,-0.009011864
9.759375000,-0.009315525
9.759437500,-0.009604289
9.759500000,-0.009788939
9.759562500,-0.009802182
9.759625000,-0.009678847
9.759687500,-0.009488625
9.759750000,-0.009318316
9.759812500,-0.009219913
9.759875000,-0.009209412
9.759937500,-0.009231817
9.760000000,-0.009224192
9.760062500,-0.009160189
9.760125000,-0.009080586
9.760187500,-0.009032277
9.760250000,-0.009035943
9.760312500,-0.009051930
9.760375000,-0.008981002
9.760437500,-0.008690412
9.760500000,-0.008094699
9.760562500,-0.007221838
9.760625000,-0.006202331
9.760687500,-0.005217087
9.760750000,-0.004423847
9.760812500,-0.003902694
9.760875000,-0.003601666
9.760937500,-0.003382603
9.761000000,-0.003106105
9.761062500,-0.002728246
9.761125000,-0.002291109
9.761187500,-0.001906791
9.761250000,-0.001694239
9.761312500,-0.001733820
9.761375000,-0.001976907
9.761437500,-0.002294615
9.761500000,-0.002541359
9.761562500,-0.002648728
9.761625000,-0.002602345
9.761687500,-0.002451687
9.761750000,-0.002258986
9.761812500,-0.002069009
9.761875000,-0.001826095
9.761937500,-0.001420292
9.762000000,-0.000752995
9.762062500,0.000170523
9.762125000,0.001265251
9.762187500,0.002367617
9.762250000,0.003294354
9.762312500,0.003889880
9.762375000,0.004142566
9.762437500,0.004164227
9.762500000,0.004141474
9.762562500,0.004235237
9.762625000,0.004578204
9.762687500,0.005217731
9.762750000,0.006118086
9.762812500,0.007165325
9.762875000,0.008270309
9.762937500,0.009373189
9.763000000,0.010447809
9.763062500,0.011464906
9.763125000,0.012436021
9.763187500,0.013378270
9.763250000,0.014306910
9.763312500,0.015206670
9.763375000,0.016089357
9.763437500,0.016955391
9.763500000,0.017789513
9.763562500,0.018535381
9.763625000,0.019165868
9.763687500,0.019665502
9.763750000,0.020048497
9.763812500,0.020338399
9.763875000,0.020606387
9.763937500,0.020910461
9.764000000,0.021272115
9.764062500,0.021644978
9.764125000,0.021974383
9.764187500,0.022202626
9.764250000,0.022307485
9.764312500,0.022305867
9.764375000,0.022287298
9.764437500,0.022356736
9.764500000,0.022589857
9.764562500,0.022979546
9.764625000,0.023466963
9.764687500,0.023940125
9.764750000,0.024284096
9.764812500,0.024411689
9.764875000,0.024336869
9.764937500,0.024132991
9.765000000,0.023907598
9.765062500,0.023739357
9.765125000,0.023680329
9.765187500,0.023702102
9.765250000,0.023719350
9.765312500,0.023615241
9.765375000,0.023326403
9.765437500,0.022839773
9.765500000,0.022213360
9.765562500,0.021545410
9.765625000,0.020969840
9.765687500,0.020563636
9.765750000,0.020330872
9.765812500,0.020191481
9.765875000,0.020045793
9.765937500,0.019771615
9.766000000,0.019295502
9.766062500,0.018617170
9.766125000,0.017844094
9.766187500,0.017095031
9.766250000,0.016471772
9.766312500,0.016007902
9.766375000,0.015698202
9.766437500,0.015449552
9.766500000,0.015154029
9.766562500,0.014732117
9.766625000,0.014206838
9.766687500,0.013630569
9.766750000,0.013083293
9.766812500,0.012625120
9.766875000,0.012311069
9.766937500,0.012110058
9.767000000,0.011953799
9.767062500,0.011764565
9.767125000,0.011529909
9.767187500,0.011241673
9.767250000,0.010918431
9.767312500,0.010577677
9.767375000,0.010263376
9.767437500,0.009954105
9.767500000,0.009600690
9.767562500,0.009138269
9.767625000,0.008561274
9.767687500,0.007860394
9.767750000,0.007059331
9.767812500,0.006195423
9.767875000,0.005357655
9.767937500,0.004579683
9.768000000,0.003859101
9.768062500,0.003149955
9.768125000,0.002441056
9.768187500,0.001702415
9.768250000,0.000941244
9.768312500,0.000199512
9.768375000,-0.000405905
9.768437500,-0.000796102
9.768500000,-0.000941244
9.768562500,-0.000894334
9.768625000,-0.000730578
9.768687500,-0.000583422
9.768750000,-0.000564746
9.768812500,-0.000730649
9.768875000,-0.001019710
9.768937500,-0.001341224
9.769000000,-0.001600115
9.769062500,-0.001751829
9.769125000,-0.001786602
9.769187500,-0.001771498
9.769250000,-0.001788364
9.769312500,-0.001894006
9.769375000,-0.002061422
9.769437500,-0.002236213
9.769500000,-0.002353110
9.769562500,-0.002380604
9.769625000,-0.002309943
9.769687500,-0.002188824
9.769750000,-0.002070737
9.769812500,-0.001983857
9.769875000,-0.001884448
9.769937500,-0.001712281
9.770000000,-0.001411866
9.770062500,-0.000975117
9.770125000,-0.000428487
9.770187500,0.000145234
9.770250000,0.000658871
9.770312500,0.001052945
9.770375000,0.001343149
9.770437500,0.001572772
9.770500000,0.001788364
9.770562500,0.001998057
9.770625000,0.002188360
9.770687500,0.002316439
9.770750000,0.002353110
9.770812500,0.002303566
9.770875000,0.002237122
9.770937500,0.002236519
9.771000000,0.002353110
9.771062500,0.002558650
9.771125000,0.002767053
9.771187500,0.002856150
9.771250000,0.002729608
9.771312500,0.002359167
9.771375000,0.001825675
9.771437500,0.001272855
9.771500000,0.000847120
9.771562500,0.000623544
9.771625000,0.000603883
9.771687500,0.000712927
9.771750000,0.000847120
9.771812500,0.000914064
9.771875000,0.000903218
9.771937500,0.000859100
9.772000000,0.000847120
9.772062500,0.000895099
9.772125000,0.001002121
9.772187500,0.001127208
9.772250000,0.001223617
9.772312500,0.001261125
9.772375000,0.001282428
9.772437500,0.001368297
9.772500000,0.001600115
9.772562500,0.002000514
9.772625000,0.002549120
9.772687500,0.003168735
9.772750000,0.003764976
9.772812500,0.004253367
9.772875000,0.004631596
9.772937500,0.004946669
9.773000000,0.005270967
9.773062500,0.005643940
9.773125000,0.006091536
9.773187500,0.006583747
9.773250000,0.007059331
9.773312500,0.007438641
9.773375000,0.007690252
9.773437500,0.007807706
9.773500000,0.007812326
9.773562500,0.007726606
9.773625000,0.007610090
9.773687500,0.007522434
9.773750000,0.007529953
9.773812500,0.007681621
9.773875000,0.008042886
9.773937500,0.008632935
9.774000000,0.009412440
9.774062500,0.010260486
9.774125000,0.011047866
9.774187500,0.011640836
9.774250000,0.011953799
9.774312500,0.011959719
9.774375000,0.011753359
9.774437500,0.011480863
9.774500000,0.011294928
9.774562500,0.011277648
9.774625000,0.011462445
9.774687500,0.011789485
9.774750000,0.012142048
9.774812500,0.012374146
9.774875000,0.012420258
9.774937500,0.012284505
9.775000000,0.012047924
9.775062500,0.011816674
9.775125000,0.011722920
9.775187500,0.011836478
9.775250000,0.012142048
9.775312500,0.012521870
9.775375000,0.012841947
9.775437500,0.012962531
9.775500000,0.012800919
9.775562500,0.012345940
9.775625000,0.011710634
9.775687500,0.011054348
9.775750000,0.010541934
9.775812500,0.010272274
9.775875000,0.010300457
9.775937500,0.010581964
9.776000000,0.011012556
9.776062500,0.011451022
9.776125000,0.011834412
9.776187500,0.012144602
9.776250000,0.012424421
9.776312500,0.012726734
9.776375000,0.013146008
9.776437500,0.013715111
9.776500000,0.014401034
9.776562500,0.015084450
9.776625000,0.015676737
9.776687500,0.016088240
9.776750000,0.016283523
9.776812500,0.016265083
9.776875000,0.016147081
9.776937500,0.016034275
9.777000000,0.016001150
9.777062500,0.016030531
9.777125000,0.016101051
9.777187500,0.016123215
9.777250000,0.016001150
9.777312500,0.015643468
9.777375000,0.015087667
9.777437500,0.014413644
9.777500000,0.013742164
9.777562500,0.013162039
9.777625000,0.012775587
9.777687500,0.012585496
9.777750000,0.012518546
9.777812500,0.012429776
9.777875000,0.012240942
9.777937500,0.011910096
9.778000000,0.011483178
9.778062500,0.011057046
9.778125000,0.010824189
9.778187500,0.010920337
9.778250000,0.011389053
9.778312500,0.012128767
9.778375000,0.013006422
9.778437500,0.013840080
9.778500000,0.014495159
9.778562500,0.014907798
9.778625000,0.015177331
9.778687500,0.015439278
9.778750000,0.015812902
9.778812500,0.016308563
9.778875000,0.016891414
9.778937500,0.017430142
9.779000000,0.017789513
9.779062500,0.017876167
9.779125000,0.017762082
9.779187500,0.017583778
9.779250000,0.017507140
9.779312500,0.017625378
9.779375000,0.017995803
9.779437500,0.018539449
9.779500000,0.019107254
9.779562500,0.019516939
9.779625000,0.019701077
9.779687500,0.019642156
9.779750000,0.019389628
9.779812500,0.018995125
9.779875000,0.018570079
9.779937500,0.018163854
9.780000000,0.017789513
9.780062500,0.017412918
9.780125000,0.017064685
9.780187500,0.016768439
9.780250000,0.016565897
9.780312500,0.016476199
9.780375000,0.016561566
9.780437500,0.016825045
9.780500000,0.017224766
9.780562500,0.017654559
9.780625000,0.018047439
9.780687500,0.018326005
9.780750000,0.018448384
9.780812500,0.018392937
9.780875000,0.018229149
9.780937500,0.018015271
9.781000000,0.017789513
9.781062500,0.017524347
9.781125000,0.017219666
9.781187500,0.016840778
9.781250000,0.016377648
9.781312500,0.015837928
9.781375000,0.015335609
9.781437500,0.014963711
9.781500000,0.014777532
9.781562500,0.014733794
9.781625000,0.014794966
9.781687500,0.014864375
9.781750000,0.014871657
9.781812500,0.014786603
9.781875000,0.014719123
9.781937500,0.014782431
9.782000000,0.015059905
9.782062500,0.015521862
9.782125000,0.016110351
9.782187500,0.016667861
9.782250000,0.017036518
9.782312500,0.017097631
9.782375000,0.016909171
9.782437500,0.016587185
9.782500000,0.016283523
9.782562500,0.016086662
9.782625000,0.016076701
9.782687500,0.016209504
9.782750000,0.016377648
9.782812500,0.016432976
9.782875000,0.016342657
9.782937500,0.016113285
9.783000000,0.015812902
9.783062500,0.015503651
9.783125000,0.015306220
9.783187500,0.015259794
9.783250000,0.015342278
9.783312500,0.015451293
9.783375000,0.015553816
9.783437500,0.015609310
9.783500000,0.015624652
9.783562500,0.015611648
9.783625000,0.015688151
9.783687500,0.015913516
9.783750000,0.016283523
9.783812500,0.016673859
9.783875000,0.016999366
9.783937500,0.017141299
9.784000000,0.017036518
9.784062500,0.016665952
9.784125000,0.016188202
9.784187500,0.015766662
9.784250000,0.015530528
9.784312500,0.015470563
9.784375000,0.015571008
9.784437500,0.015720701
9.784500000,0.015812902
9.784562500,0.015757054
9.784625000,0.015653411
9.784687500,0.015631115
9.784750000,0.015812902
9.784812500,0.016190737
9.784875000,0.016762035
9.784937500,0.017405206
9.785000000,0.017977761
9.785062500,0.018324817
9.785125000,0.018491302
9.785187500,0.018560089
9.785250000,0.018636633
9.785312500,0.018731108
9.785375000,0.018898180
9.785437500,0.019101376
9.785500000,0.019295502
9.785562500,0.019418916
9.785625000,0.019585421
9.785687500,0.019916195
9.785750000,0.020519121
9.785812500,0.021371033
9.785875000,0.022463119
9.785937500,0.023671977
9.786000000,0.024848843
9.786062500,0.025821231
9.786125000,0.026606129
9.786187500,0.027257342
9.786250000,0.027860826
9.786312500,0.028421888
9.786375000,0.029007008
9.786437500,0.029590620
9.786500000,0.030119810
9.786562500,0.030490942
9.786625000,0.030760307
9.786687500,0.030987481
9.786750000,0.031249303
9.786812500,0.031545863
9.786875000,0.031956922
9.786937500,0.032489933
9.787000000,0.033131793
9.787062500,0.033806410
9.787125000,0.034561954
9.787187500,0.035408549
9.787250000,0.036332019
9.787312500,0.037212066
9.787375000,0.038005780
9.787437500,0.038616426
9.787500000,0.038967505
9.787562500,0.038973220
9.787625000,0.038736783
9.787687500,0.038376018
9.787750000,0.038026262
9.787812500,0.037737571
9.787875000,0.037624154
9.787937500,0.037699964
9.788000000,0.037932139
9.788062500,0.038205240
9.788125000,0.038520459
9.788187500,0.038846247
9.788250000,0.039155755
9.788312500,0.039362539
9.788375000,0.039495084
9.788437500,0.039547235
9.788500000,0.039532252
9.788562500,0.039432794
9.788625000,0.039371554
9.788687500,0.039422002
9.788750000,0.039626375
9.788812500,0.039917547
9.788875000,0.040295158
9.788937500,0.040669076
9.789000000,0.040944118
9.789062500,0.041002501
9.789125000,0.040901441
9.789187500,0.040696491
9.789250000,0.040473495
9.789312500,0.040261917
9.789375000,0.040194560
9.789437500,0.040302746
9.789500000,0.040567622
9.789562500,0.040869672
9.789625000,0.041204400
9.789687500,0.041501544
9.789750000,0.041697115
9.789812500,0.041680552
9.789875000,0.041507505
9.789937500,0.041189831
9.790000000,0.040755868
9.790062500,0.040183436
9.790125000,0.039606970
9.790187500,0.039090827
9.790250000,0.038685132
9.790312500,0.038355578
9.790375000,0.038171232
9.790437500,0.038089685
9.790500000,0.038026262
9.790562500,0.037820026
9.790625000,0.037461154
9.790687500,0.036921572
9.790750000,0.036237895
9.790812500,0.035451844
9.790875000,0.034761123
9.790937500,0.034264524
9.791000000,0.033978913
9.791062500,0.033773191
9.791125000,0.033575065
9.791187500,0.033234671
9.791250000,0.032661170
9.791312500,0.031827193
9.791375000,0.030950204
9.791437500,0.030250171
9.791500000,0.029931562
9.791562500,0.030054057
9.791625000,0.030666769
9.791687500,0.031614747
9.791750000,0.032661170
9.791812500,0.033522472
9.791875000,0.034123957
9.791937500,0.034438986
9.792000000,0.034543656
9.792062500,0.034519382
9.792125000,0.034564998
9.792187500,0.034741886
9.792250000,0.035014279
9.792312500,0.035214975
9.792375000,0.035280250
9.792437500,0.035101540
9.792500000,0.034637783
9.792562500,0.033879228
9.792625000,0.033019796
9.792687500,0.032202572
9.792750000,0.031531677
9.792812500,0.030978445
9.792875000,0.030575044
9.792937500,0.030230012
9.793000000,0.029837437
9.793062500,0.029263422
9.793125000,0.028575987
9.793187500,0.027831048
9.793250000,0.027107829
9.793312500,0.026411096
9.793375000,0.025846398
9.793437500,0.025404129
9.793500000,0.025037091
9.793562500,0.024628574
9.793625000,0.024232481
9.793687500,0.023879157
9.793750000,0.023625227
9.793812500,0.023459250
9.793875000,0.023485344
9.793937500,0.023690598
9.794000000,0.024001725
9.794062500,0.024238914
9.794125000,0.024371073
9.794187500,0.024350097
9.794250000,0.024189973
9.794312500,0.023894390
9.794375000,0.023650356
9.794437500,0.023571964
9.794500000,0.023719350
9.794562500,0.024004797
9.794625000,0.024437381
9.794687500,0.024931340
9.794750000,0.025413590
9.794812500,0.025780227
9.794875000,0.026155600
9.794937500,0.026633168
9.795000000,0.027296079
9.795062500,0.028091371
9.795125000,0.029057631
9.795187500,0.030093810
9.795250000,0.031061055
9.795312500,0.031754542
9.795375000,0.032198172
9.795437500,0.032433603
9.795500000,0.032567047
9.795562500,0.032651573
9.795625000,0.032878757
9.795687500,0.033321545
9.795750000,0.033978913
9.795812500,0.034711391
9.795875000,0.035508662
9.795937500,0.036310744
9.796000000,0.037085015
9.796062500,0.037753835
9.796125000,0.038411144
9.796187500,0.039094746
9.796250000,0.039814625
9.796312500,0.040467136
9.796375000,0.041055266
9.796437500,0.041514669
9.796500000,0.041791238
9.796562500,0.041801404
9.796625000,0.041656543
9.796687500,0.041476496
9.796750000,0.041414738
9.796812500,0.041551180
9.796875000,0.042043213
9.796937500,0.042906251
9.797000000,0.044050224
9.797062500,0.045241065
9.797125000,0.046345286
9.797187500,0.047220912
9.797250000,0.047815196
9.797312500,0.048117269
9.797375000,0.048317723
9.797437500,0.048565306
9.797500000,0.048944689
9.797562500,0.049377546
9.797625000,0.049806140
9.797687500,0.050077654
9.797750000,0.050074182
9.797812500,0.049726360
9.797875000,0.049202651
9.797937500,0.048692506
9.798000000,0.048379947
9.798062500,0.048314832
9.798125000,0.048541106
9.798187500,0.048934981
9.798250000,0.049321190
9.798312500,0.049501244
9.798375000,0.049467992
9.798437500,0.049233753
9.798500000,0.048850566
9.798562500,0.048319180
9.798625000,0.047716238
9.798687500,0.047022320
9.798750000,0.046215083
9.798812500,0.045266856
9.798875000,0.044312686
9.798937500,0.043445770
9.799000000,0.042732481
9.799062500,0.042134430
9.799125000,0.041655757
9.799187500,0.041193720
9.799250000,0.040661745
9.799312500,0.040003419
9.799375000,0.039355993
9.799437500,0.038828783
9.799500000,0.038496882
9.799562500,0.038302489
9.799625000,0.038194615
9.799687500,0.037978429
9.799750000,0.037461512
9.799812500,0.036500029
9.799875000,0.035197884
9.799937500,0.033697557
9.800000000,0.032190546
9.800062500,0.030807870
9.800125000,0.029718919
9.800187500,0.028919553
9.800250000,0.028331446
9.800312500,0.027818311
9.800375000,0.027378885
9.800437500,0.026964663
9.800500000,0.026543085
9.800562500,0.026049873
9.800625000,0.025514379
9.800687500,0.024879776
9.800750000,0.024095848
9.800812500,0.023121525
9.800875000,0.022070348
9.800937500,0.021018811
9.801000000,0.020048497
9.801062500,0.019191988
9.801125000,0.018532870
9.801187500,0.018028731
9.801250000,0.017601265
9.801312500,0.017152227
9.801375000,0.016710885
9.801437500,0.016282734
9.801500000,0.015907025
9.801562500,0.015615376
9.801625000,0.015505987
9.801687500,0.015565192
9.801750000,0.015718777
9.801812500,0.015831003
9.801875000,0.015834015
9.801937500,0.015624478
9.802000000,0.015154029
9.802062500,0.014431918
9.802125000,0.013608285
9.802187500,0.012808125
9.802250000,0.012142048
9.802312500,0.011654136
9.802375000,0.011392258
9.802437500,0.011280830
9.802500000,0.011200804
9.802562500,0.011020418
9.802625000,0.010704325
9.802687500,0.010223946
9.802750000,0.009600690
9.802812500,0.008880302
9.802875000,0.008165142
9.802937500,0.007494669
9.803000000,0.006871082
9.803062500,0.006257253
9.803125000,0.005648727
9.803187500,0.005009966
9.803250000,0.004329723
9.803312500,0.003624017
9.803375000,0.002977996
9.803437500,0.002447915
9.803500000,0.002070737
9.803562500,0.001843959
9.803625000,0.001763487
9.803687500,0.001768521
9.803750000,0.001788364
9.803812500,0.001760543
9.803875000,0.001676263
9.803937500,0.001526478
9.804000000,0.001317742
9.804062500,0.001060009
9.804125000,0.000790899
9.804187500,0.000525569
9.804250000,0.000282373
9.804312500,0.000083398
9.804375000,-0.000021383
9.804437500,-0.000014812
9.804500000,0.000094124
9.804562500,0.000259760
9.804625000,0.000431923
9.804687500,0.000526217
9.804750000,0.000470622
9.804812500,0.000229961
9.804875000,-0.000161573
9.804937500,-0.000642446
9.805000000,-0.001129493
9.805062500,-0.001547410
9.805125000,-0.001836122
9.805187500,-0.001996518
9.805250000,-0.002070737
9.805312500,-0.002121631
9.805375000,-0.002191114
9.805437500,-0.002304388
9.805500000,-0.002447235
9.805562500,-0.002572077
9.805625000,-0.002613772
9.805687500,-0.002537501
9.805750000,-0.002353110
9.805812500,-0.002117264
9.805875000,-0.001911953
9.805937500,-0.001819734
9.806000000,-0.001882488
9.806062500,-0.002079758
9.806125000,-0.002333302
9.806187500,-0.002544405
9.806250000,-0.002635483
9.806312500,-0.002588502
9.806375000,-0.002439557
9.806437500,-0.002270412
9.806500000,-0.002164861
9.806562500,-0.002173953
9.806625000,-0.002282490
9.806687500,-0.002430273
9.806750000,-0.002541359
9.806812500,-0.002567170
9.806875000,-0.002497825
9.806937500,-0.002373165
9.807000000,-0.002258986
9.807062500,-0.002219705
9.807125000,-0.002275076
9.807187500,-0.002401259
9.807250000,-0.002541359
9.807312500,-0.002640133
9.807375000,-0.002652295
9.807437500,-0.002575424
9.807500000,-0.002447235
9.807562500,-0.002337217
9.807625000,-0.002294679
9.807687500,-0.002338796
9.807750000,-0.002447235
9.807812500,-0.002575085
9.807875000,-0.002656417
9.807937500,-0.002646129
9.808000000,-0.002541359
9.808062500,-0.002391845
9.808125000,-0.002258386
9.808187500,-0.002184820
9.808250000,-0.002164861
9.808312500,-0.002138884
9.808375000,-0.001992504
9.808437500,-0.001612343
9.808500000,-0.000941244
9.808562500,-0.000023855
9.808625000,0.001011120
9.808687500,0.001983898
9.808750000,0.002729608
9.808812500,0.003151971
9.808875000,0.003272215
9.808937500,0.003205462
9.809000000,0.003106105
9.809062500,0.003089519
9.809125000,0.003216659
9.809187500,0.003466760
9.809250000,0.003764976
9.809312500,0.004013869
9.809375000,0.004173065
9.809437500,0.004257896
9.809500000,0.004329723
9.809562500,0.004447631
9.809625000,0.004678578
9.809687500,0.005051134
9.809750000,0.005553340
9.809812500,0.006128158
9.809875000,0.006718780
9.809937500,0.007266118
9.810000000,0.007718201
9.810062500,0.008021995
9.810125000,0.008161239
9.810187500,0.008143171
9.810250000,0.008000575
9.810312500,0.007770260
9.810375000,0.007525650
9.810437500,0.007335667
9.810500000,0.007247579
9.810562500,0.007248801
9.810625000,0.007319922
9.810687500,0.007405843
9.810750000,0.007435828
9.810812500,0.007322784
9.810875000,0.007055817
9.810937500,0.006680898
9.811000000,0.006306335
9.811062500,0.006052586
9.811125000,0.006069480
9.811187500,0.006441228
9.811250000,0.007153455
9.811312500,0.008060329
9.811375000,0.009004601
9.811437500,0.009827505
9.811500000,0.010447809
9.811562500,0.010862458
9.811625000,0.011211157
9.811687500,0.011641711
9.811750000,0.012236172
9.811812500,0.012917369
9.811875000,0.013544532
9.811937500,0.013906788
9.812000000,0.013836288
9.812062500,0.013257021
9.812125000,0.012320664
9.812187500,0.011287633
9.812250000,0.010447809
9.812312500,0.009976110
9.812375000,0.009970639
9.812437500,0.010366904
9.812500000,0.011012556
9.812562500,0.011710483
9.812625000,0.012407388
9.812687500,0.013121179
9.812750000,0.013930413
9.812812500,0.014868715
9.812875000,0.015978426
9.812937500,0.017188827
9.813000000,0.018354259
9.813062500,0.019267894
9.813125000,0.019830249
9.813187500,0.020007120
9.813250000,0.019860249
9.813312500,0.019490041
9.813375000,0.019092998
9.813437500,0.018833376
9.813500000,0.018824881
9.813562500,0.019076152
9.813625000,0.019582173
9.813687500,0.020259805
9.813750000,0.020989744
9.813812500,0.021618146
9.813875000,0.022087768
9.813937500,0.022389896
9.814000000,0.022589857
9.814062500,0.022773966
9.814125000,0.023094842
9.814187500,0.023633104
9.814250000,0.024378221
9.814312500,0.025193552
9.814375000,0.025945155
9.814437500,0.026482845
9.814500000,0.026731333
9.814562500,0.026697282
9.814625000,0.026552664
9.814687500,0.026483949
9.814750000,0.026637208
9.814812500,0.027023455
9.814875000,0.027592264
9.814937500,0.028182480
9.815000000,0.028613821
9.815062500,0.028731612
9.815125000,0.028538920
9.815187500,0.028112296
9.815250000,0.027578451
9.815312500,0.027024906
9.815375000,0.026540197
9.815437500,0.026115755
9.815500000,0.025695963
9.815562500,0.025196254
9.815625000,0.024635615
9.815687500,0.024054697
9.815750000,0.023531102
9.815812500,0.023113500
9.815875000,0.022884933
9.815937500,0.022830619
9.816000000,0.022872232
9.816062500,0.022864165
9.816125000,0.022736678
9.816187500,0.022426875
9.816250000,0.021930987
9.816312500,0.021269791
9.816375000,0.020572534
9.816437500,0.019928196
9.816500000,0.019389628
9.816562500,0.018926963
9.816625000,0.018556122
9.816687500,0.018244078
9.816750000,0.017977761
9.816812500,0.017743127
9.816875000,0.017647864
9.816937500,0.017752880
9.817000000,0.018071886
9.817062500,0.018501855
9.817125000,0.018974055
9.817187500,0.019342301
9.817250000,0.019483753
9.817312500,0.019301815
9.817375000,0.018888913
9.817437500,0.018348724
9.817500000,0.017789513
9.817562500,0.017226769
9.817625000,0.016721727
9.817687500,0.016234698
9.817750000,0.015718777
9.817812500,0.015121653
9.817875000,0.014562436
9.817937500,0.014158334
9.818000000,0.014024537
9.818062500,0.014174064
9.818125000,0.014635177
9.818187500,0.015299064
9.818250000,0.016001150
9.818312500,0.016532764
9.818375000,0.016844247
9.818437500,0.016926667
9.818500000,0.016848268
9.818562500,0.016674789
9.818625000,0.016572809
9.818687500,0.016624320
9.818750000,0.016848268
9.818812500,0.017163584
9.818875000,0.017558934
9.818937500,0.017990563
9.819000000,0.018448384
9.819062500,0.018920312
9.819125000,0.019500744
9.819187500,0.020227779
9.819250000,0.021083867
9.819312500,0.021945061
9.819375000,0.022732027
9.819437500,0.023338743
9.819500000,0.023719350
9.819562500,0.023877729
9.819625000,0.023979165
9.819687500,0.024175514
9.819750000,0.024566470
9.819812500,0.025106691
9.819875000,0.025726667
9.819937500,0.026256904
9.820000000,0.026543085
9.820062500,0.026482929
9.820125000,0.026177870
9.820187500,0.025790900
9.820250000,0.025507715
9.820312500,0.025423812
9.820375000,0.025598001
9.820437500,0.025953280
9.820500000,0.026354834
9.820562500,0.026649904
9.820625000,0.026815703
9.820687500,0.026880670
9.820750000,0.026919581
9.820812500,0.026972197
9.820875000,0.027090153
9.820937500,0.027228704
9.821000000,0.027296079
9.821062500,0.027171133
9.821125000,0.026839269
9.821187500,0.026321275
9.821250000,0.025695963
9.821312500,0.025045719
9.821375000,0.024508044
9.821437500,0.024153786
9.821500000,0.024001725
9.821562500,0.023995453
9.821625000,0.024107775
9.821687500,0.024261573
9.821750000,0.024378221
9.821812500,0.024368938
9.821875000,0.024242122
9.821937500,0.024009556
9.822000000,0.023719350
9.822062500,0.023415925
9.822125000,0.023208957
9.822187500,0.023131352
9.822250000,0.023154603
9.822312500,0.023163820
9.822375000,0.023085497
9.822437500,0.022816777
9.822500000,0.022307485
9.822562500,0.021556392
9.822625000,0.020707363
9.822687500,0.019888384
9.822750000,0.019201379
9.822812500,0.018658230
9.822875000,0.018268133
9.822937500,0.017946800
9.823000000,0.017601265
9.823062500,0.017150346
9.823125000,0.016646218
9.823187500,0.016146393
9.823250000,0.015718777
9.823312500,0.015378685
9.823375000,0.015162577
9.823437500,0.015017400
9.823500000,0.014871657
9.823562500,0.014648950
9.823625000,0.014391338
9.823687500,0.014136114
9.823750000,0.013930413
9.823812500,0.013774502
9.823875000,0.013697719
9.823937500,0.013647468
9.824000000,0.013553915
9.824062500,0.013339259
9.824125000,0.013037493
9.824187500,0.012683397
9.824250000,0.012330297
9.824312500,0.012000473
9.824375000,0.011763027
9.824437500,0.011623981
9.824500000,0.011577302
9.824562500,0.011594586
9.824625000,0.011720584
9.824687500,0.011948451
9.824750000,0.012236172
9.824812500,0.012474279
9.824875000,0.012600482
9.824937500,0.012530021
9.825000000,0.012236172
9.825062500,0.011745282
9.825125000,0.011227088
9.825187500,0.010827175
9.825250000,0.010636058
9.825312500,0.010618304
9.825375000,0.010705578
9.825437500,0.010750563
9.825500000,0.010636058
9.825562500,0.010313533
9.825625000,0.009904273
9.825687500,0.009560256
9.825750000,0.009412440
9.825812500,0.009478948
9.825875000,0.009718440
9.825937500,0.009991052
9.826000000,0.010165436
9.826062500,0.010175723
9.826125000,0.010111253
9.826187500,0.010102125
9.826250000,0.010259560
9.826312500,0.010585004
9.826375000,0.011005265
9.826437500,0.011353740
9.826500000,0.011483178
9.826562500,0.011334797
9.826625000,0.011018550
9.826687500,0.010702856
9.826750000,0.010541934
9.826812500,0.010580345
9.826875000,0.010773802
9.826937500,0.010986427
9.827000000,0.011106680
9.827062500,0.011120106
9.827125000,0.011170168
9.827187500,0.011438646
9.827250000,0.012047924
9.827312500,0.012954272
9.827375000,0.013969687
9.827437500,0.014790183
9.827500000,0.015154029
9.827562500,0.014962306
9.827625000,0.014362006
9.827687500,0.013636290
9.827750000,0.013083293
9.827812500,0.012866787
9.827875000,0.012971809
9.827937500,0.013194411
9.828000000,0.013271542
9.828062500,0.013012370
9.828125000,0.012405884
9.828187500,0.011579419
9.828250000,0.010730183
9.828312500,0.010016474
9.828375000,0.009499975
9.828437500,0.009117049
9.828500000,0.008753570
9.828562500,0.008330219
9.828625000,0.007857573
9.828687500,0.007405664
9.828750000,0.007059331
9.828812500,0.006857669
9.828875000,0.006759342
9.828937500,0.006646267
9.829000000,0.006400459
9.829062500,0.005979112
9.829125000,0.005450848
9.829187500,0.004948101
9.829250000,0.004612096
9.829312500,0.004519710
9.829375000,0.004649126
9.829437500,0.004864583
9.829500000,0.004988594
9.829562500,0.004881063
9.829625000,0.004510006
9.829687500,0.003936305
9.829750000,0.003294354
9.829812500,0.002730959
9.829875000,0.002360067
9.829937500,0.002194643
9.830000000,0.002164861
9.830062500,0.002153465
9.830125000,0.002063005
9.830187500,0.001818961
9.830250000,0.001411866
9.830312500,0.000893004
9.830375000,0.000364789
9.830437500,-0.000098627
9.830500000,-0.000470622
9.830562500,-0.000786357
9.830625000,-0.001113304
9.830687500,-0.001550189
9.830750000,-0.002164861
9.830812500,-0.002957496
9.830875000,-0.003852510
9.830937500,-0.004749340
9.831000000,-0.005553340
9.831062500,-0.006207220
9.831125000,-0.006701156
9.831187500,-0.007069274
9.831250000,-0.007341704
9.831312500,-0.007507666
9.831375000,-0.007514498
9.831437500,-0.007308179
9.831500000,-0.006871082
9.831562500,-0.006250635
9.831625000,-0.005559758
9.831687500,-0.004945160
9.831750000,-0.004517972
9.831812500,-0.004297329
9.831875000,-0.004216209
9.831937500,-0.004163300
9.832000000,-0.004047350
9.832062500,-0.003845939
9.832125000,-0.003633752
9.832187500,-0.003540373
9.832250000,-0.003670852
9.832312500,-0.004027460
9.832375000,-0.004503772
9.832437500,-0.004915973
9.832500000,-0.005082718
9.832562500,-0.004901106
9.832625000,-0.004418316
9.832687500,-0.003806580
9.832750000,-0.003294354
9.832812500,-0.003064014
9.832875000,-0.003204655
9.832937500,-0.003673973
9.833000000,-0.004329723
9.833062500,-0.004983705
9.833125000,-0.005498008
9.833187500,-0.005807908
9.833250000,-0.005929837
9.833312500,-0.005922031
9.833375000,-0.005872556
9.833437500,-0.005838602
9.833500000,-0.005835713
9.833562500,-0.005827963
9.833625000,-0.005792893
9.833687500,-0.005702987
9.833750000,-0.005553340
9.833812500,-0.005348495
9.833875000,-0.005158186
9.833937500,-0.005049420
9.834000000,-0.005082718
9.834062500,-0.005270408
9.834125000,-0.005632279
9.834187500,-0.006128986
9.834250000,-0.006682833
9.834312500,-0.007173565
9.834375000,-0.007531411
9.834437500,-0.007710755
9.834500000,-0.007718201
9.834562500,-0.007586501
9.834625000,-0.007422682
9.834687500,-0.007320960
9.834750000,-0.007341704
9.834812500,-0.007469701
9.834875000,-0.007679155
9.834937500,-0.007906994
9.835000000,-0.008094699
9.835062500,-0.008187651
9.835125000,-0.008212317
9.835187500,-0.008203082
9.835250000,-0.008188824
9.835312500,-0.008145259
9.835375000,-0.008066085
9.835437500,-0.007925502
9.835500000,-0.007718201
9.835562500,-0.007454223
9.835625000,-0.007228178
9.835687500,-0.007135897
9.835750000,-0.007247579
9.835812500,-0.007554039
9.835875000,-0.008030272
9.835937500,-0.008606412
9.836000000,-0.009224192
9.836062500,-0.009852431
9.836125000,-0.010537377
9.836187500,-0.011326975
9.836250000,-0.012236172
9.836312500,-0.013203028
9.836375000,-0.014124847
9.836437500,-0.014868270
9.836500000,-0.015342278
9.836562500,-0.015540472
9.836625000,-0.015570917
9.836687500,-0.015586401
9.836750000,-0.015718777
9.836812500,-0.016005237
9.836875000,-0.016389409
9.836937500,-0.016722636
9.837000000,-0.016848268
9.837062500,-0.016674334
9.837125000,-0.016253419
9.837187500,-0.015739713
9.837250000,-0.015342278
9.837312500,-0.015233882
9.837375000,-0.015511236
9.837437500,-0.016130950
9.837500000,-0.016942395
9.837562500,-0.017737383
9.837625000,-0.018353967
9.837687500,-0.018689405
9.837750000,-0.018730756
9.837812500,-0.018528609
9.837875000,-0.018192217
9.837937500,-0.017806437
9.838000000,-0.017413015
9.838062500,-0.016992761
9.838125000,-0.016505392
9.838187500,-0.015880596
9.838250000,-0.015059905
9.838312500,-0.014014719
9.838375000,-0.012784438
9.838437500,-0.011439102
9.838500000,-0.010071312
9.838562500,-0.008763411
9.838625000,-0.007594469
9.838687500,-0.006590597
9.838750000,-0.005741589
9.838812500,-0.005008326
9.838875000,-0.004378778
9.838937500,-0.003837212
9.839000000,-0.003388479
9.839062500,-0.003042940
9.839125000,-0.002847921
9.839187500,-0.002812163
9.839250000,-0.002917857
9.839312500,-0.003111128
9.839375000,-0.003356253
9.839437500,-0.003590799
9.839500000,-0.003764976
9.839562500,-0.003844243
9.839625000,-0.003863053
9.839687500,-0.003854051
9.839750000,-0.003859101
9.839812500,-0.003900063
9.839875000,-0.004020464
9.839937500,-0.004209141
9.840000000,-0.004423847
9.840062500,-0.004585042
9.840125000,-0.004661418
9.840187500,-0.004611462
9.840250000,-0.004423847
9.840312500,-0.004102223
9.840375000,-0.003733239
9.840437500,-0.003382999
9.840500000,-0.003106105
9.840562500,-0.002910057
9.840625000,-0.002822614
9.840687500,-0.002811302
9.840750000,-0.002823732
9.840812500,-0.002786214
9.840875000,-0.002693812
9.840937500,-0.002542318
9.841000000,-0.002353110
9.841062500,-0.002149691
9.841125000,-0.001997739
9.841187500,-0.001934860
9.841250000,-0.001976613
9.841312500,-0.002098207
9.841375000,-0.002281370
9.841437500,-0.002478817
9.841500000,-0.002635483
9.841562500,-0.002690320
9.841625000,-0.002628823
9.841687500,-0.002465905
9.841750000,-0.002258986
9.841812500,-0.002085842
9.841875000,-0.002060134
9.841937500,-0.002265074
9.842000000,-0.002729608
9.842062500,-0.003399156
9.842125000,-0.004193301
9.842187500,-0.005003033
9.842250000,-0.005741589
9.842312500,-0.006356071
9.842375000,-0.006877194
9.842437500,-0.007351598
9.842500000,-0.007812326
9.842562500,-0.008234821
9.842625000,-0.008588451
9.842687500,-0.008827063
9.842750000,-0.008941819
9.842812500,-0.008970173
9.842875000,-0.009029291
9.842937500,-0.009225440
9.843000000,-0.009600690
9.843062500,-0.010077797
9.843125000,-0.010516940
9.843187500,-0.010742192
9.843250000,-0.010636058
9.843312500,-0.010190114
9.843375000,-0.009554684
9.843437500,-0.008947719
9.843500000,-0.008565322
9.843562500,-0.008476500
9.843625000,-0.008636345
9.843687500,-0.008883921
9.843750000,-0.009035943
9.843812500,-0.008960902
9.843875000,-0.008683803
9.843937500,-0.008335900
9.844000000,-0.008094699
9.844062500,-0.008077572
9.844125000,-0.008333488
9.844187500,-0.008792614
9.844250000,-0.009318316
9.844312500,-0.009756802
9.844375000,-0.010051730
9.844437500,-0.010223524
9.844500000,-0.010353684
9.844562500,-0.010509208
9.844625000,-0.010754257
9.844687500,-0.011073454
9.844750000,-0.011389053
9.844812500,-0.011568970
9.844875000,-0.011558687
9.844937500,-0.011351389
9.845000000,-0.011012556
9.845062500,-0.010627486
9.845125000,-0.010343725
9.845187500,-0.010248579
9.845250000,-0.010353684
9.845312500,-0.010560638
9.845375000,-0.010776872
9.845437500,-0.010887254
9.845500000,-0.010824307
9.845562500,-0.010569329
9.845625000,-0.010245564
9.845687500,-0.010001822
9.845750000,-0.009977187
9.845812500,-0.010210719
9.845875000,-0.010719870
9.845937500,-0.011411551
9.846000000,-0.012142048
9.846062500,-0.012728706
9.846125000,-0.013118126
9.846187500,-0.013309477
9.846250000,-0.013365666
9.846312500,-0.013330873
9.846375000,-0.013323786
9.846437500,-0.013397415
9.846500000,-0.013553915
9.846562500,-0.013709977
9.846625000,-0.013864365
9.846687500,-0.014018281
9.846750000,-0.014212786
9.846812500,-0.014465348
9.846875000,-0.014896402
9.846937500,-0.015567079
9.847000000,-0.016471772
9.847062500,-0.017466344
9.847125000,-0.018452516
9.847187500,-0.019286964
9.847250000,-0.019860249
9.847312500,-0.020069037
9.847375000,-0.020008551
9.847437500,-0.019800741
9.847500000,-0.019577878
9.847562500,-0.019367428
9.847625000,-0.019253876
9.847687500,-0.019237224
9.847750000,-0.019295502
9.847812500,-0.019352216
9.847875000,-0.019482335
9.847937500,-0.019755704
9.848000000,-0.020236747
9.848062500,-0.020886671
9.848125000,-0.021728558
9.848187500,-0.022719622
9.848250000,-0.023813475
9.848312500,-0.024924425
9.848375000,-0.026102494
9.848437500,-0.027369536
9.848500000,-0.028707944
9.848562500,-0.029972386
9.848625000,-0.031081853
9.848687500,-0.031928062
9.848750000,-0.032472920
9.848812500,-0.032723110
9.848875000,-0.032904174
9.848937500,-0.033238519
9.849000000,-0.033884790
9.849062500,-0.034803148
9.849125000,-0.035921335
9.849187500,-0.037051540
9.849250000,-0.038026262
9.849312500,-0.038729463
9.849375000,-0.039286729
9.849437500,-0.039876267
9.849500000,-0.040661745
9.849562500,-0.041647173
9.849625000,-0.042787667
9.849687500,-0.043901652
9.849750000,-0.044803217
9.849812500,-0.045355245
9.849875000,-0.045645606
9.849937500,-0.045820117
9.850000000,-0.046026833
9.850062500,-0.046286445
9.850125000,-0.046571024
9.850187500,-0.046724569
9.850250000,-0.046591584
9.850312500,-0.046082050
9.850375000,-0.045315564
9.850437500,-0.044478998
9.850500000,-0.043767847
9.850562500,-0.043269377
9.850625000,-0.043004543
9.850687500,-0.042865243
9.850750000,-0.042732481
9.850812500,-0.042545464
9.850875000,-0.042404313
9.850937500,-0.042434830
9.851000000,-0.042732481
9.851062500,-0.043261573
9.851125000,-0.043904137
9.851187500,-0.044405229
9.851250000,-0.044520844
9.851312500,-0.044110220
9.851375000,-0.043267269
9.851437500,-0.042171545
9.851500000,-0.041038241
9.851562500,-0.040001079
9.851625000,-0.039117668
9.851687500,-0.038267575
9.851750000,-0.037273265
9.851812500,-0.035992630
9.851875000,-0.034448970
9.851937500,-0.032725450
9.852000000,-0.030966930
9.852062500,-0.029307308
9.852125000,-0.027860666
9.852187500,-0.026594447
9.852250000,-0.025413590
9.852312500,-0.024219260
9.852375000,-0.023015914
9.852437500,-0.021803068
9.852500000,-0.020613244
9.852562500,-0.019473976
9.852625000,-0.018437540
9.852687500,-0.017439740
9.852750000,-0.016377648
9.852812500,-0.015145495
9.852875000,-0.013743755
9.852937500,-0.012163567
9.853000000,-0.010447809
9.853062500,-0.008677769
9.853125000,-0.007010923
9.853187500,-0.005538800
9.853250000,-0.004329723
9.853312500,-0.003424511
9.853375000,-0.002873976
9.853437500,-0.002618286
9.853500000,-0.002541359
9.853562500,-0.002491261
9.853625000,-0.002364134
9.853687500,-0.002028249
9.853750000,-0.001411866
9.853812500,-0.000518351
9.853875000,0.000531880
9.853937500,0.001662163
9.854000000,0.002823732
9.854062500,0.004014287
9.854125000,0.005223479
9.854187500,0.006510248
9.854250000,0.007906451
9.854312500,0.009376881
9.854375000,0.010778002
9.854437500,0.011985039
9.854500000,0.012895043
9.854562500,0.013460464
9.854625000,0.013683666
9.854687500,0.013671866
9.854750000,0.013553915
9.854812500,0.013417750
9.854875000,0.013266531
9.854937500,0.013076609
9.855000000,0.012800919
9.855062500,0.012405706
9.855125000,0.011899029
9.855187500,0.011384418
9.855250000,0.011012556
9.855312500,0.010921693
9.855375000,0.011187026
9.855437500,0.011812837
9.855500000,0.012706795
9.855562500,0.013692754
9.855625000,0.014569229
9.855687500,0.015177654
9.855750000,0.015436403
9.855812500,0.015346421
9.855875000,0.015002119
9.855937500,0.014546098
9.856000000,0.014118661
9.856062500,0.013801558
9.856125000,0.013633842
9.856187500,0.013598504
9.856250000,0.013648040
9.856312500,0.013716328
9.856375000,0.013783020
9.856437500,0.013849653
9.856500000,0.013930413
9.856562500,0.014014882
9.856625000,0.014112033
9.856687500,0.014211965
9.856750000,0.014306910
9.856812500,0.014378996
9.856875000,0.014462470
9.856937500,0.014569047
9.857000000,0.014683408
9.857062500,0.014726563
9.857125000,0.014651456
9.857187500,0.014393056
9.857250000,0.013930413
9.857312500,0.013283771
9.857375000,0.012599129
9.857437500,0.012023146
9.857500000,0.011671427
9.857562500,0.011548699
9.857625000,0.011628733
9.857687500,0.011783634
9.857750000,0.011859675
9.857812500,0.011705467
9.857875000,0.011316804
9.857937500,0.010759163
9.858000000,0.010165436
9.858062500,0.009651313
9.858125000,0.009373170
9.858187500,0.009393127
9.858250000,0.009694814
9.858312500,0.010162264
9.858375000,0.010730616
9.858437500,0.011313988
9.858500000,0.011859675
9.858562500,0.012314530
9.858625000,0.012726886
9.858687500,0.013112618
9.858750000,0.013459790
9.858812500,0.013682521
9.858875000,0.013764241
9.858937500,0.013680751
9.859000000,0.013459790
9.859062500,0.013145026
9.859125000,0.012912275
9.859187500,0.012899007
9.859250000,0.013177417
9.859312500,0.013670913
9.859375000,0.014305286
9.859437500,0.014933470
9.859500000,0.015436403
9.859562500,0.015728304
9.859625000,0.015921202
9.859687500,0.016156478
9.859750000,0.016565897
9.859812500,0.017151998
9.859875000,0.017912513
9.859937500,0.018733639
9.860000000,0.019483753
9.860062500,0.020028559
9.860125000,0.020414570
9.860187500,0.020731080
9.860250000,0.021083867
9.860312500,0.021480370
9.860375000,0.021945724
9.860437500,0.022408690
9.860500000,0.022778107
9.860562500,0.022948680
9.860625000,0.022974325
9.860687500,0.022944188
9.860750000,0.022966355
9.860812500,0.023068270
9.860875000,0.023307368
9.860937500,0.023663172
9.861000000,0.024095848
9.861062500,0.024534002
9.861125000,0.025036464
9.861187500,0.025659660
9.861250000,0.026448958
9.861312500,0.027349768
9.861375000,0.028334899
9.861437500,0.029296659
9.861500000,0.030119810
9.861562500,0.030684819
9.861625000,0.031031558
9.861687500,0.031242197
9.861750000,0.031437553
9.861812500,0.031686913
9.861875000,0.032085195
9.861937500,0.032623593
9.862000000,0.033225916
9.862062500,0.033743955
9.862125000,0.034119703
9.862187500,0.034314517
9.862250000,0.034355409
9.862312500,0.034290615
9.862375000,0.034257602
9.862437500,0.034336273
9.862500000,0.034543656
9.862562500,0.034795363
9.862625000,0.035023913
9.862687500,0.035119969
9.862750000,0.035014279
9.862812500,0.034686211
9.862875000,0.034249995
9.862937500,0.033822816
9.863000000,0.033508290
9.863062500,0.033334401
9.863125000,0.033315398
9.863187500,0.033373263
9.863250000,0.033414163
9.863312500,0.033359043
9.863375000,0.033235494
9.863437500,0.033081062
9.863500000,0.032943543
9.863562500,0.032829307
9.863625000,0.032741386
9.863687500,0.032595102
9.863750000,0.032284670
9.863812500,0.031718630
9.863875000,0.030919407
9.863937500,0.029942779
9.864000000,0.028896192
9.864062500,0.027887082
9.864125000,0.027047824
9.864187500,0.026398852
9.864250000,0.025884213
9.864312500,0.025381537
9.864375000,0.024814472
9.864437500,0.024086313
9.864500000,0.023154603
9.864562500,0.022031121
9.864625000,0.020835074
9.864687500,0.019651642
9.864750000,0.018542508
9.864812500,0.017512690
9.864875000,0.016583832
9.864937500,0.015694758
9.865000000,0.014777532
9.865062500,0.013776090
9.865125000,0.012733784
9.865187500,0.011675236
9.865250000,0.010636058
9.865312500,0.009629207
9.865375000,0.008713908
9.865437500,0.007870404
9.865500000,0.007059331
9.865562500,0.006225428
9.865625000,0.005404278
9.865687500,0.004606382
9.865750000,0.003859101
9.865812500,0.003174560
9.865875000,0.002618820
9.865937500,0.002174391
9.866000000,0.001788364
9.866062500,0.001373417
9.866125000,0.000931853
9.866187500,0.000458551
9.866250000,-0.000000000
9.866312500,-0.000381328
9.866375000,-0.000546689
9.866437500,-0.000462093
9.866500000,-0.000188249
9.866562500,0.000096781
9.866625000,0.000249254
9.866687500,0.000110240
9.866750000,-0.000376498
9.866812500,-0.001152384
9.866875000,-0.001968610
9.866937500,-0.002583176
9.867000000,-0.002823732
9.867062500,-0.002689119
9.867125000,-0.002268882
9.867187500,-0.001795836
9.867250000,-0.001505991
9.867312500,-0.001558648
9.867375000,-0.001883200
9.867437500,-0.002294142
9.867500000,-0.002541359
9.867562500,-0.002443213
9.867625000,-0.001886547
9.867687500,-0.000943710
9.867750000,0.000188249
9.867812500,0.001243673
9.867875000,0.002055592
9.867937500,0.002540553
9.868000000,0.002729608
9.868062500,0.002712679
9.868125000,0.002651834
9.868187500,0.002667755
9.868250000,0.002823732
9.868312500,0.003100544
9.868375000,0.003481960
9.868437500,0.003930960
9.868500000,0.004423847
9.868562500,0.004938395
9.868625000,0.005511193
9.868687500,0.006178675
9.868750000,0.006965206
9.868812500,0.007838869
9.868875000,0.008766791
9.868937500,0.009670454
9.869000000,0.010447809
9.869062500,0.010975880
9.869125000,0.011214663
9.869187500,0.011190898
9.869250000,0.011012556
9.869312500,0.010817086
9.869375000,0.010793558
9.869437500,0.011070244
9.869500000,0.011671427
9.869562500,0.012475275
9.869625000,0.013320321
9.869687500,0.014030910
9.869750000,0.014495159
9.869812500,0.014674225
9.869875000,0.014683164
9.869937500,0.014676779
9.870000000,0.014777532
9.870062500,0.014977562
9.870125000,0.015223714
9.870187500,0.015405277
9.870250000,0.015436403
9.870312500,0.015272861
9.870375000,0.015037861
9.870437500,0.014893234
9.870500000,0.014965781
9.870562500,0.015224783
9.870625000,0.015597939
9.870687500,0.015930356
9.870750000,0.016095273
9.870812500,0.016026378
9.870875000,0.015869023
9.870937500,0.015831269
9.871000000,0.016095273
9.871062500,0.016665941
9.871125000,0.017476482
9.871187500,0.018328400
9.871250000,0.019013131
9.871312500,0.019360650
9.871375000,0.019440012
9.871437500,0.019416144
9.871500000,0.019483753
9.871562500,0.019710889
9.871625000,0.020139005
9.871687500,0.020672096
9.871750000,0.021177992
9.871812500,0.021518227
9.871875000,0.021760534
9.871937500,0.022035239
9.872000000,0.022495734
9.872062500,0.023175536
9.872125000,0.024098737
9.872187500,0.025150519
9.872250000,0.026166586
9.872312500,0.026955435
9.872375000,0.027534703
9.872437500,0.028000431
9.872500000,0.028519696
9.872562500,0.029196966
9.872625000,0.030163800
9.872687500,0.031396221
9.872750000,0.032755297
9.872812500,0.033982385
9.872875000,0.034931164
9.872937500,0.035494264
9.873000000,0.035673149
9.873062500,0.035522275
9.873125000,0.035266668
9.873187500,0.035109084
9.873250000,0.035202529
9.873312500,0.035554372
9.873375000,0.036166988
9.873437500,0.036920294
9.873500000,0.037649762
9.873562500,0.038151655
9.873625000,0.038380127
9.873687500,0.038341079
9.873750000,0.038120385
9.873812500,0.037802484
9.873875000,0.037567314
9.873937500,0.037509546
9.874000000,0.037649762
9.874062500,0.037893642
9.874125000,0.038197078
9.874187500,0.038477231
9.874250000,0.038685132
9.874312500,0.038778737
9.874375000,0.038851336
9.874437500,0.038965836
9.874500000,0.039155755
9.874562500,0.039355531
9.874625000,0.039544620
9.874687500,0.039631307
9.874750000,0.039532252
9.874812500,0.039161332
9.874875000,0.038601205
9.874937500,0.037937608
9.875000000,0.037273265
9.875062500,0.036642917
9.875125000,0.036144540
9.875187500,0.035772841
9.875250000,0.035484903
9.875312500,0.035178181
9.875375000,0.034886207
9.875437500,0.034608200
9.875500000,0.034355409
9.875562500,0.034080476
9.875625000,0.033848371
9.875687500,0.033638772
9.875750000,0.033414163
9.875812500,0.033080474
9.875875000,0.032686852
9.875937500,0.032232698
9.876000000,0.031719927
9.876062500,0.031088613
9.876125000,0.030406864
9.876187500,0.029674197
9.876250000,0.028896192
9.876312500,0.028042460
9.876375000,0.027232898
9.876437500,0.026528794
9.876500000,0.025978338
9.876562500,0.025551595
9.876625000,0.025317067
9.876687500,0.025252482
9.876750000,0.025319466
9.876812500,0.025429014
9.876875000,0.025622632
9.876937500,0.025878452
9.877000000,0.026166586
9.877062500,0.026397564
9.877125000,0.026596267
9.877187500,0.026719188
9.877250000,0.026731333
9.877312500,0.026575742
9.877375000,0.026353119
9.877437500,0.026128171
9.877500000,0.025978338
9.877562500,0.025930431
9.877625000,0.026095945
9.877687500,0.026475273
9.877750000,0.027013704
9.877812500,0.027580693
9.877875000,0.028139809
9.877937500,0.028619157
9.878000000,0.028990317
9.878062500,0.029241217
9.878125000,0.029479124
9.878187500,0.029743794
9.878250000,0.030025685
9.878312500,0.030229697
9.878375000,0.030305699
9.878437500,0.030157283
9.878500000,0.029743314
9.878562500,0.029087199
9.878625000,0.028366124
9.878687500,0.027733196
9.878750000,0.027296079
9.878812500,0.027046608
9.878875000,0.026940741
9.878937500,0.026823470
9.879000000,0.026543085
9.879062500,0.026008258
9.879125000,0.025290174
9.879187500,0.024509111
9.879250000,0.023813475
9.879312500,0.023304019
9.879375000,0.023043783
9.879437500,0.022970056
9.879500000,0.022966355
9.879562500,0.022910137
9.879625000,0.022770222
9.879687500,0.022531966
9.879750000,0.022213360
9.879812500,0.021824444
9.879875000,0.021395259
9.879937500,0.020884616
9.880000000,0.020236747
9.880062500,0.019407306
9.880125000,0.018438151
9.880187500,0.017375108
9.880250000,0.016283523
9.880312500,0.015212884
9.880375000,0.014227372
9.880437500,0.013312241
9.880500000,0.012424421
9.880562500,0.011512918
9.880625000,0.010598874
9.880687500,0.009696355
9.880750000,0.008847695
9.880812500,0.008100770
9.880875000,0.007541231
9.880937500,0.007176419
9.881000000,0.006965206
9.881062500,0.006820607
9.881125000,0.006672253
9.881187500,0.006405692
9.881250000,0.005929837
9.881312500,0.005205022
9.881375000,0.004277394
9.881437500,0.003204373
9.881500000,0.002070737
9.881562500,0.000978463
9.881625000,0.000029542
9.881687500,-0.000737715
9.881750000,-0.001317742
9.881812500,-0.001708496
9.881875000,-0.001925472
9.881937500,-0.002024599
9.882000000,-0.002070737
9.882062500,-0.002098792
9.882125000,-0.002148736
9.882187500,-0.002262075
9.882250000,-0.002447235
9.882312500,-0.002638956
9.882375000,-0.002779428
9.882437500,-0.002839446
9.882500000,-0.002823732
9.882562500,-0.002736178
9.882625000,-0.002650775
9.882687500,-0.002660542
9.882750000,-0.002823732
9.882812500,-0.003086010
9.882875000,-0.003390517
9.882937500,-0.003665365
9.883000000,-0.003859101
9.883062500,-0.003917752
9.883125000,-0.003918828
9.883187500,-0.003984707
9.883250000,-0.004235599
9.883312500,-0.004682322
9.883375000,-0.005347382
9.883437500,-0.006192121
9.883500000,-0.007153455
9.883562500,-0.008117068
9.883625000,-0.009095238
9.883687500,-0.010133911
9.883750000,-0.011294928
9.883812500,-0.012554379
9.883875000,-0.013938111
9.883937500,-0.015418784
9.884000000,-0.016942395
9.884062500,-0.018384704
9.884125000,-0.019758575
9.884187500,-0.021104908
9.884250000,-0.022495734
9.884312500,-0.023925083
9.884375000,-0.025474938
9.884437500,-0.027150510
9.884500000,-0.028896192
9.884562500,-0.030530795
9.884625000,-0.031993426
9.884687500,-0.033233773
9.884750000,-0.034261286
9.884812500,-0.035064030
9.884875000,-0.035798836
9.884937500,-0.036599349
9.885000000,-0.037555639
9.885062500,-0.038601402
9.885125000,-0.039725855
9.885187500,-0.040848453
9.885250000,-0.041885361
9.885312500,-0.042704128
9.885375000,-0.043360140
9.885437500,-0.043933589
9.885500000,-0.044520844
9.885562500,-0.045109026
9.885625000,-0.045762602
9.885687500,-0.046463456
9.885750000,-0.047156330
9.885812500,-0.047698509
9.885875000,-0.048104446
9.885937500,-0.048404310
9.886000000,-0.048662320
9.886062500,-0.048870657
9.886125000,-0.049142938
9.886187500,-0.049535546
9.886250000,-0.050074182
9.886312500,-0.050677359
9.886375000,-0.051384967
9.886437500,-0.052192319
9.886500000,-0.053086169
9.886562500,-0.053964205
9.886625000,-0.054851860
9.886687500,-0.055727027
9.886750000,-0.056568768
9.886812500,-0.057286162
9.886875000,-0.057934400
9.886937500,-0.058515113
9.887000000,-0.059016004
9.887062500,-0.059334919
9.887125000,-0.059515256
9.887187500,-0.059556261
9.887250000,-0.059486628
9.887312500,-0.059294030
9.887375000,-0.059146512
9.887437500,-0.059134383
9.887500000,-0.059298374
9.887562500,-0.059531562
9.887625000,-0.059833065
9.887687500,-0.060099933
9.887750000,-0.060239621
9.887812500,-0.060128294
9.887875000,-0.059880029
9.887937500,-0.059575409
9.888000000,-0.059298374
9.888062500,-0.059021667
9.888125000,-0.058843173
9.888187500,-0.058733553
9.888250000,-0.058639508
9.888312500,-0.058440521
9.888375000,-0.058212847
9.888437500,-0.057965428
9.888500000,-0.057698261
9.888562500,-0.057309490
9.888625000,-0.056842420
9.888687500,-0.056236625
9.888750000,-0.055439275
9.888812500,-0.054362990
9.888875000,-0.053152557
9.888937500,-0.051907275
9.889000000,-0.050733056
9.889062500,-0.049632668
9.889125000,-0.048738383
9.889187500,-0.048029747
9.889250000,-0.047438700
9.889312500,-0.046809506
9.889375000,-0.046198759
9.889437500,-0.045609795
9.889500000,-0.045085590
9.889562500,-0.044619538
9.889625000,-0.044380136
9.889687500,-0.044392314
9.889750000,-0.044614971
9.889812500,-0.044883650
9.889875000,-0.045188434
9.889937500,-0.045431960
9.890000000,-0.045556214
9.890062500,-0.045491196
9.890125000,-0.045383662
9.890187500,-0.045280050
9.890250000,-0.045179714
9.890312500,-0.044956658
9.890375000,-0.044611100
9.890437500,-0.044042867
9.890500000,-0.043203104
9.890562500,-0.042080149
9.890625000,-0.040922329
9.890687500,-0.039925620
9.890750000,-0.039249878
9.890812500,-0.038900770
9.890875000,-0.038915273
9.890937500,-0.039131142
9.891000000,-0.039344002
9.891062500,-0.039336886
9.891125000,-0.039149810
9.891187500,-0.038833294
9.891250000,-0.038496882
9.891312500,-0.038199499
9.891375000,-0.038093321
9.891437500,-0.038160052
9.891500000,-0.038308635
9.891562500,-0.038372941
9.891625000,-0.038329247
9.891687500,-0.038103037
9.891750000,-0.037649762
9.891812500,-0.036918618
9.891875000,-0.035996933
9.891937500,-0.034928091
9.892000000,-0.033790659
9.892062500,-0.032674022
9.892125000,-0.031772487
9.892187500,-0.031172689
9.892250000,-0.030872805
9.892312500,-0.030746086
9.892375000,-0.030680915
9.892437500,-0.030485133
9.892500000,-0.030025685
9.892562500,-0.029259764
9.892625000,-0.028348887
9.892687500,-0.027437609
9.892750000,-0.026637208
9.892812500,-0.025949879
9.892875000,-0.025362754
9.892937500,-0.024746370
9.893000000,-0.024001725
9.893062500,-0.023125703
9.893125000,-0.022291053
9.893187500,-0.021663532
9.893250000,-0.021366240
9.893312500,-0.021409122
9.893375000,-0.021696519
9.893437500,-0.021983238
9.893500000,-0.022025112
9.893562500,-0.021699945
9.893625000,-0.021061910
9.893687500,-0.020237992
9.893750000,-0.019389628
9.893812500,-0.018644921
9.893875000,-0.018018171
9.893937500,-0.017360233
9.894000000,-0.016471772
9.894062500,-0.015236911
9.894125000,-0.013647779
9.894187500,-0.011779108
9.894250000,-0.009788939
9.894312500,-0.007900822
9.894375000,-0.006267911
9.894437500,-0.004928587
9.894500000,-0.003859101
9.894562500,-0.003073494
9.894625000,-0.002553017
9.894687500,-0.002262773
9.894750000,-0.002164861
9.894812500,-0.002264396
9.894875000,-0.002457550
9.894937500,-0.002576731
9.895000000,-0.002447235
9.895062500,-0.002013844
9.895125000,-0.001202172
9.895187500,0.000012639
9.895250000,0.001600115
9.895312500,0.003398203
9.895375000,0.005352568
9.895437500,0.007429088
9.895500000,0.009600690
9.895562500,0.011726592
9.895625000,0.013796752
9.895687500,0.015812254
9.895750000,0.017789513
9.895812500,0.019638613
9.895875000,0.021436641
9.895937500,0.023253651
9.896000000,0.025131216
9.896062500,0.026937829
9.896125000,0.028678073
9.896187500,0.030354964
9.896250000,0.032002300
9.896312500,0.033556439
9.896375000,0.035161957
9.896437500,0.036944188
9.896500000,0.038967505
9.896562500,0.041059803
9.896625000,0.043156587
9.896687500,0.045150202
9.896750000,0.046968080
9.896812500,0.048466019
9.896875000,0.049803626
9.896937500,0.051164500
9.897000000,0.052709669
9.897062500,0.054354206
9.897125000,0.056151297
9.897187500,0.058061350
9.897250000,0.060051370
9.897312500,0.061977167
9.897375000,0.064014815
9.897437500,0.066321798
9.897500000,0.068993188
9.897562500,0.071819037
9.897625000,0.074717008
9.897687500,0.077497847
9.897750000,0.080005743
9.897812500,0.082022637
9.897875000,0.083744794
9.897937500,0.085413277
9.898000000,0.087253325
9.898062500,0.089185171
9.898125000,0.091262475
9.898187500,0.093364522
9.898250000,0.095348023
9.898312500,0.096946970
9.898375000,0.098316506
9.898437500,0.099617027
9.898500000,0.100995496
9.898562500,0.102300815
9.898625000,0.103580885
9.898687500,0.104718350
9.898750000,0.105607584
9.898812500,0.106046937
9.898875000,0.106311575
9.898937500,0.106675632
9.899000000,0.107395947
9.899062500,0.108400978
9.899125000,0.109791107
9.899187500,0.111411087
9.899250000,0.113043413
9.899312500,0.114320010
9.899375000,0.115362749
9.899437500,0.116312310
9.899500000,0.117373139
9.899562500,0.118515842
9.899625000,0.119965330
9.899687500,0.121678464
9.899750000,0.123491220
9.899812500,0.124991916
9.899875000,0.126187369
9.899937500,0.127045423
9.900000000,0.127632692
9.900062500,0.127879947
9.900125000,0.128120050
9.900187500,0.128491953
9.900250000,0.129044563
9.900312500,0.129539147
9.900375000,0.130084142
9.900437500,0.130619943
9.900500000,0.131115302
9.900562500,0.131391779
9.900625000,0.131716952
9.900687500,0.132181048
9.900750000,0.132809535
9.900812500,0.133345693
9.900875000,0.133870557
9.900937500,0.134257421
9.901000000,0.134409651
9.901062500,0.134130031
9.901125000,0.133725867
9.901187500,0.133366540
9.901250000,0.133186042
9.901312500,0.133045584
9.901375000,0.133083880
9.901437500,0.133156911
9.901500000,0.133091912
9.901562500,0.132610738
9.901625000,0.131919846
9.901687500,0.131126344
9.901750000,0.130362317
9.901812500,0.129567891
9.901875000,0.128987342
9.901937500,0.128589720
9.902000000,0.128291562
9.902062500,0.127861977
9.902125000,0.127483487
9.902187500,0.127161399
9.902250000,0.126879707
9.902312500,0.126427010
9.902375000,0.125924289
9.902437500,0.125259504
9.902500000,0.124338344
9.902562500,0.123000599
9.902625000,0.121550217
9.902687500,0.120133795
9.902750000,0.118879132
9.902812500,0.117713064
9.902875000,0.116819993
9.902937500,0.116076693
9.903000000,0.115302399
9.903062500,0.114214770
9.903125000,0.112948790
9.903187500,0.111507230
9.903250000,0.109937310
9.903312500,0.108185299
9.903375000,0.106494017
9.903437500,0.104825221
9.903500000,0.103066221
9.903562500,0.100974716
9.903625000,0.098667108
9.903687500,0.096116267
9.903750000,0.093371414
9.903812500,0.090457641
9.903875000,0.087750010
9.903937500,0.085381985
9.904000000,0.083394229
9.904062500,0.081637099
9.904125000,0.080194309
9.904187500,0.078911826
9.904250000,0.077652633
9.904312500,0.076264434
9.904375000,0.074969627
9.904437500,0.073824503
9.904500000,0.072852299
9.904562500,0.071926571
9.904625000,0.071118854
9.904687500,0.070239946
9.904750000,0.069087312
9.904812500,0.067452148
9.904875000,0.065509327
9.904937500,0.063343450
9.905000000,0.061086740
9.905062500,0.058796946
9.905125000,0.056732263
9.905187500,0.054867335
9.905250000,0.053086169
9.905312500,0.051175375
9.905375000,0.049199771
9.905437500,0.047104366
9.905500000,0.044897340
9.905562500,0.042587735
9.905625000,0.040449686
9.905687500,0.038571138
9.905750000,0.036990892
9.905812500,0.035643719
9.905875000,0.034632713
9.905937500,0.033846367
9.906000000,0.033131793
9.906062500,0.032287229
9.906125000,0.031346031
9.906187500,0.030245943
9.906250000,0.028990317
9.906312500,0.027610233
9.906375000,0.026352946
9.906437500,0.025304321
9.906500000,0.024472345
9.906562500,0.023743663
9.906625000,0.023098970
9.906687500,0.022378551
9.906750000,0.021460366
9.906812500,0.020279039
9.906875000,0.019005980
9.906937500,0.017742090
9.907000000,0.016565897
9.907062500,0.015466713
9.907125000,0.014506534
9.907187500,0.013606714
9.907250000,0.012706795
9.907312500,0.011783224
9.907375000,0.011024058
9.907437500,0.010533292
9.907500000,0.010353684
9.907562500,0.010388993
9.907625000,0.010545023
9.907687500,0.010574535
9.907750000,0.010259560
9.907812500,0.009486020
9.907875000,0.008397583
9.907937500,0.007176261
9.908000000,0.006023962
9.908062500,0.005054035
9.908125000,0.004345722
9.908187500,0.003804706
9.908250000,0.003294354
9.908312500,0.002706725
9.908375000,0.002089249
9.908437500,0.001506917
9.908500000,0.001035369
9.908562500,0.000686929
9.908625000,0.000464716
9.908687500,0.000268513
9.908750000,-0.000000000
9.908812500,-0.000391310
9.908875000,-0.000815721
9.908937500,-0.001180315
9.909000000,-0.001411866
9.909062500,-0.001523018
9.909125000,-0.001552442
9.909187500,-0.001614292
9.909250000,-0.001788364
9.909312500,-0.002066494
9.909375000,-0.002282438
9.909437500,-0.002242263
9.909500000,-0.001788364
9.909562500,-0.000901913
9.909625000,0.000302262
9.909687500,0.001534892
9.909750000,0.002447235
9.909812500,0.002745707
9.909875000,0.002337088
9.909937500,0.001325266
9.910000000,-0.000000000
9.910062500,-0.001262104
9.910125000,-0.002110266
9.910187500,-0.002366835
9.910250000,-0.002070737
9.910312500,-0.001454806
9.910375000,-0.000830813
9.910437500,-0.000488210
9.910500000,-0.000564746
9.910562500,-0.000993775
9.910625000,-0.001536010
9.910687500,-0.001903200
9.910750000,-0.001882488
9.910812500,-0.001429565
9.910875000,-0.000676773
9.910937500,0.000129340
9.911000000,0.000752995
9.911062500,0.001075524
9.911125000,0.001154125
9.911187500,0.001168524
9.911250000,0.001317742
9.911312500,0.001698716
9.911375000,0.002266908
9.911437500,0.002841616
9.911500000,0.003200230
9.911562500,0.003182165
9.911625000,0.002804777
9.911687500,0.002249338
9.911750000,0.001788364
9.911812500,0.001646142
9.911875000,0.001940865
9.911937500,0.002600167
9.912000000,0.003388479
9.912062500,0.003969022
9.912125000,0.004087257
9.912187500,0.003623068
9.912250000,0.002635483
9.912312500,0.001304254
9.912375000,-0.000061128
9.912437500,-0.001181884
9.912500000,-0.001882488
9.912562500,-0.002167982
9.912625000,-0.002126966
9.912687500,-0.001938681
9.912750000,-0.001788364
9.912812500,-0.001835049
9.912875000,-0.002072282
9.912937500,-0.002394743
9.913000000,-0.002635483
9.913062500,-0.002680368
9.913125000,-0.002400421
9.913187500,-0.001769025
9.913250000,-0.000847120
9.913312500,0.000195935
9.913375000,0.001261273
9.913437500,0.002271592
9.913500000,0.003200230
9.913562500,0.004009386
9.913625000,0.004773214
9.913687500,0.005554241
9.913750000,0.006400459
9.913812500,0.007278509
9.913875000,0.008232298
9.913937500,0.009282543
9.914000000,0.010447809
9.914062500,0.011679399
9.914125000,0.013011184
9.914187500,0.014433635
9.914250000,0.015907025
9.914312500,0.017305030
9.914375000,0.018583296
9.914437500,0.019692194
9.914500000,0.020613244
9.914562500,0.021310629
9.914625000,0.021868289
9.914687500,0.022365578
9.914750000,0.022872232
9.914812500,0.023377687
9.914875000,0.023927890
9.914937500,0.024537325
9.915000000,0.025225341
9.915062500,0.025983576
9.915125000,0.026894342
9.915187500,0.028035894
9.915250000,0.029460939
9.915312500,0.031119728
9.915375000,0.032949585
9.915437500,0.034809470
9.915500000,0.036520272
9.915562500,0.037874337
9.915625000,0.038785644
9.915687500,0.039266121
9.915750000,0.039438128
9.915812500,0.039466467
9.915875000,0.039576855
9.915937500,0.039928392
9.916000000,0.040567622
9.916062500,0.041385002
9.916125000,0.042233534
9.916187500,0.042939629
9.916250000,0.043391351
9.916312500,0.043554928
9.916375000,0.043541338
9.916437500,0.043485619
9.916500000,0.043485478
9.916562500,0.043519441
9.916625000,0.043513812
9.916687500,0.043322101
9.916750000,0.042826608
9.916812500,0.041988313
9.916875000,0.040947184
9.916937500,0.039903540
9.917000000,0.039061632
9.917062500,0.038520373
9.917125000,0.038294949
9.917187500,0.038234577
9.917250000,0.038120385
9.917312500,0.037743136
9.917375000,0.037051767
9.917437500,0.036092397
9.917500000,0.035014279
9.917562500,0.033987407
9.917625000,0.033187598
9.917687500,0.032648135
9.917750000,0.032284670
9.917812500,0.031919301
9.917875000,0.031414893
9.917937500,0.030639898
9.918000000,0.029555064
9.918062500,0.028206624
9.918125000,0.026784906
9.918187500,0.025441542
9.918250000,0.024284096
9.918312500,0.023323260
9.918375000,0.022563146
9.918437500,0.021890296
9.918500000,0.021177992
9.918562500,0.020322843
9.918625000,0.019362904
9.918687500,0.018338386
9.918750000,0.017318891
9.918812500,0.016350888
9.918875000,0.015520964
9.918937500,0.014800089
9.919000000,0.014118661
9.919062500,0.013384898
9.919125000,0.012611520
9.919187500,0.011784298
9.919250000,0.010918431
9.919312500,0.010025059
9.919375000,0.009195802
9.919437500,0.008435254
9.919500000,0.007718201
9.919562500,0.006980286
9.919625000,0.006245165
9.919687500,0.005489707
9.919750000,0.004706220
9.919812500,0.003879159
9.919875000,0.003089093
9.919937500,0.002356965
9.920000000,0.001694239
9.920062500,0.001082852
9.920125000,0.000587412
9.920187500,0.000221661
9.920250000,-0.000000000
9.920312500,-0.000092774
9.920375000,-0.000002867
9.920437500,0.000240668
9.920500000,0.000564746
9.920562500,0.000828986
9.920625000,0.000969106
9.920687500,0.000894051
9.920750000,0.000564746
9.920812500,-0.000017570
9.920875000,-0.000706815
9.920937500,-0.001367606
9.921000000,-0.001882488
9.921062500,-0.002221368
9.921125000,-0.002350648
9.921187500,-0.002333598
9.921250000,-0.002258986
9.921312500,-0.002227037
9.921375000,-0.002212172
9.921437500,-0.002159704
9.921500000,-0.001976613
9.921562500,-0.001602490
9.921625000,-0.000946181
9.921687500,-0.000010576
9.921750000,0.001129493
9.921812500,0.002314805
9.921875000,0.003434937
9.921937500,0.004378478
9.922000000,0.005082718
9.922062500,0.005514197
9.922125000,0.005744510
9.922187500,0.005855281
9.922250000,0.005929837
9.922312500,0.006007303
9.922375000,0.006152518
9.922437500,0.006400006
9.922500000,0.006776957
9.922562500,0.007284785
9.922625000,0.007964364
9.922687500,0.008834331
9.922750000,0.009883063
9.922812500,0.011033153
9.922875000,0.012205836
9.922937500,0.013297159
9.923000000,0.014212786
9.923062500,0.014871420
9.923125000,0.015283491
9.923187500,0.015505047
9.923250000,0.015624652
9.923312500,0.015709838
9.923375000,0.015843159
9.923437500,0.016064199
9.923500000,0.016377648
9.923562500,0.016743073
9.923625000,0.017149363
9.923687500,0.017590804
9.923750000,0.018071886
9.923812500,0.018576324
9.923875000,0.019106874
9.923937500,0.019643232
9.924000000,0.020142624
9.924062500,0.020530719
9.924125000,0.020754807
9.924187500,0.020781385
9.924250000,0.020613244
9.924312500,0.020277917
9.924375000,0.019858714
9.924437500,0.019444045
9.924500000,0.019107254
9.924562500,0.018870421
9.924625000,0.018740417
9.924687500,0.018679347
9.924750000,0.018636633
9.924812500,0.018556319
9.924875000,0.018440489
9.924937500,0.018302759
9.925000000,0.018166009
9.925062500,0.018032242
9.925125000,0.017915472
9.925187500,0.017805707
9.925250000,0.017695390
9.925312500,0.017578281
9.925375000,0.017495718
9.925437500,0.017471382
9.925500000,0.017507140
9.925562500,0.017557120
9.925625000,0.017595561
9.925687500,0.017580301
9.925750000,0.017507140
9.925812500,0.017407289
9.925875000,0.017382825
9.925937500,0.017486962
9.926000000,0.017695390
9.926062500,0.017873293
9.926125000,0.017860275
9.926187500,0.017481262
9.926250000,0.016660020
9.926312500,0.015464742
9.926375000,0.014133869
9.926437500,0.012929199
9.926500000,0.012047924
9.926562500,0.011531977
9.926625000,0.011294464
9.926687500,0.011123234
9.926750000,0.010824307
9.926812500,0.010320166
9.926875000,0.009727902
9.926937500,0.009239065
9.927000000,0.009035943
9.927062500,0.009175614
9.927125000,0.009577992
9.927187500,0.009999320
9.927250000,0.010165436
9.927312500,0.009892340
9.927375000,0.009203389
9.927437500,0.008266835
9.927500000,0.007341704
9.927562500,0.006659269
9.927625000,0.006364640
9.927687500,0.006423684
9.927750000,0.006682833
9.927812500,0.006945758
9.927875000,0.007089224
9.927937500,0.007054701
9.928000000,0.006871082
9.928062500,0.006612183
9.928125000,0.006376307
9.928187500,0.006190930
9.928250000,0.006023962
9.928312500,0.005796740
9.928375000,0.005446717
9.928437500,0.004904929
9.928500000,0.004141474
9.928562500,0.003170666
9.928625000,0.002079905
9.928687500,0.000959192
9.928750000,-0.000094124
9.928812500,-0.001000156
9.928875000,-0.001672287
9.928937500,-0.002086218
9.929000000,-0.002258986
9.929062500,-0.002249984
9.929125000,-0.002106179
9.929187500,-0.001898912
9.929250000,-0.001694239
9.929312500,-0.001554672
9.929375000,-0.001491404
9.929437500,-0.001511176
9.929500000,-0.001600115
9.929562500,-0.001738060
9.929625000,-0.001868076
9.929687500,-0.001953476
9.929750000,-0.001976613
9.929812500,-0.001957827
9.929875000,-0.001909539
9.929937500,-0.001872561
9.930000000,-0.001882488
9.930062500,-0.001966021
9.930125000,-0.002094822
9.930187500,-0.002235361
9.930250000,-0.002353110
9.930312500,-0.002441366
9.930375000,-0.002488100
9.930437500,-0.002512735
9.930500000,-0.002541359
9.930562500,-0.002604645
9.930625000,-0.002687055
9.930687500,-0.002769142
9.930750000,-0.002823732
9.930812500,-0.002836696
9.930875000,-0.002774775
9.930937500,-0.002619977
9.931000000,-0.002353110
9.931062500,-0.001961907
9.931125000,-0.001410893
9.931187500,-0.000687766
9.931250000,0.000188249
9.931312500,0.001150800
9.931375000,0.002112845
9.931437500,0.002977538
9.931500000,0.003670852
9.931562500,0.004161255
9.931625000,0.004472034
9.931687500,0.004663394
9.931750000,0.004800345
9.931812500,0.004923746
9.931875000,0.005038012
9.931937500,0.005126836
9.932000000,0.005176842
9.932062500,0.005202321
9.932125000,0.005241254
9.932187500,0.005346495
9.932250000,0.005553340
9.932312500,0.005859257
9.932375000,0.006209922
9.932437500,0.006534210
9.932500000,0.006776957
9.932562500,0.006933696
9.932625000,0.007032209
9.932687500,0.007125207
9.932750000,0.007247579
9.932812500,0.007398256
9.932875000,0.007509503
9.932937500,0.007504889
9.933000000,0.007341704
9.933062500,0.007056089
9.933125000,0.006739342
9.933187500,0.006519804
9.933250000,0.006494584
9.933312500,0.006681410
9.933375000,0.006987453
9.933437500,0.007258806
9.933500000,0.007341704
9.933562500,0.007153140
9.933625000,0.006702827
9.933687500,0.006092694
9.933750000,0.005459215
9.933812500,0.004907641
9.933875000,0.004467452
9.933937500,0.004087423
9.934000000,0.003670852
9.934062500,0.003124872
9.934125000,0.002422610
9.934187500,0.001601644
9.934250000,0.000752995
9.934312500,-0.000024054
9.934375000,-0.000639440
9.934437500,-0.001062608
9.934500000,-0.001317742
9.934562500,-0.001476776
9.934625000,-0.001608026
9.934687500,-0.001785970
9.934750000,-0.002070737
9.934812500,-0.002512550
9.934875000,-0.003114508
9.934937500,-0.003861487
9.935000000,-0.004706220
9.935062500,-0.005581182
9.935125000,-0.006367753
9.935187500,-0.006954051
9.935250000,-0.007247579
9.935312500,-0.007211454
9.935375000,-0.006836432
9.935437500,-0.006184947
9.935500000,-0.005365091
9.935562500,-0.004519308
9.935625000,-0.003751304
9.935687500,-0.003143895
9.935750000,-0.002729608
9.935812500,-0.002499827
9.935875000,-0.002373746
9.935937500,-0.002259931
9.936000000,-0.002070737
9.936062500,-0.001757649
9.936125000,-0.001286994
9.936187500,-0.000682118
9.936250000,-0.000000000
9.936312500,0.000681839
9.936375000,0.001308427
9.936437500,0.001838089
9.936500000,0.002258986
9.936562500,0.002586468
9.936625000,0.002859823
9.936687500,0.003117237
9.936750000,0.003388479
9.936812500,0.003691272
9.936875000,0.004022622
9.936937500,0.004367376
9.937000000,0.004706220
9.937062500,0.005031351
9.937125000,0.005328467
9.937187500,0.005595320
9.937250000,0.005835713
9.937312500,0.006068941
9.937375000,0.006289205
9.937437500,0.006494592
9.937500000,0.006682833
9.937562500,0.006870913
9.937625000,0.007045337
9.937687500,0.007203667
9.937750000,0.007341704
9.937812500,0.007476681
9.937875000,0.007575972
9.937937500,0.007626154
9.938000000,0.007624077
9.938062500,0.007609211
9.938125000,0.007573298
9.938187500,0.007519196
9.938250000,0.007435828
9.938312500,0.007327180
9.938375000,0.007123132
9.938437500,0.006764501
9.938500000,0.006212211
9.938562500,0.005503247
9.938625000,0.004650420
9.938687500,0.003705987
9.938750000,0.002729608
9.938812500,0.001809190
9.938875000,0.000953526
9.938937500,0.000163862
9.939000000,-0.000564746
9.939062500,-0.001197830
9.939125000,-0.001752019
9.939187500,-0.002248269
9.939250000,-0.002729608
9.939312500,-0.003225390
9.939375000,-0.003825908
9.939437500,-0.004597111
9.939500000,-0.005553340
9.939562500,-0.006601345
9.939625000,-0.007646800
9.939687500,-0.008577620
9.939750000,-0.009318316
9.939812500,-0.009827713
9.939875000,-0.010205718
9.939937500,-0.010609376
9.940000000,-0.011200804
9.940062500,-0.012045547
9.940125000,-0.013175640
9.940187500,-0.014532539
9.940250000,-0.016001150
9.940312500,-0.017419133
9.940375000,-0.018708691
9.940437500,-0.019853776
9.940500000,-0.020895619
9.940562500,-0.021870868
9.940625000,-0.022850988
9.940687500,-0.023876529
9.940750000,-0.024942968
9.940812500,-0.025970276
9.940875000,-0.026898010
9.940937500,-0.027667353
9.941000000,-0.028237322
9.941062500,-0.028557857
9.941125000,-0.028649291
9.941187500,-0.028554445
9.941250000,-0.028331446
9.941312500,-0.028010366
9.941375000,-0.027669342
9.941437500,-0.027378781
9.941500000,-0.027201954
9.941562500,-0.027152739
9.941625000,-0.027277011
9.941687500,-0.027583288
9.941750000,-0.028049074
9.941812500,-0.028584808
9.941875000,-0.029152155
9.941937500,-0.029704029
9.942000000,-0.030213933
9.942062500,-0.030638767
9.942125000,-0.031034861
9.942187500,-0.031448152
9.942250000,-0.031908173
9.942312500,-0.032356206
9.942375000,-0.032771099
9.942437500,-0.033065036
9.942500000,-0.033131793
9.942562500,-0.032831781
9.942625000,-0.032167830
9.942687500,-0.031190515
9.942750000,-0.030025685
9.942812500,-0.028799431
9.942875000,-0.027739849
9.942937500,-0.026997013
9.943000000,-0.026637208
9.943062500,-0.026580477
9.943125000,-0.026764967
9.943187500,-0.027048122
9.943250000,-0.027296079
9.943312500,-0.027374675
9.943375000,-0.027315855
9.943437500,-0.027150208
9.943500000,-0.026919581
9.943562500,-0.026603261
9.943625000,-0.026260963
9.943687500,-0.025891129
9.943750000,-0.025507715
9.943812500,-0.025119608
9.943875000,-0.024878442
9.943937500,-0.024891971
9.944000000,-0.025225341
9.944062500,-0.025822846
9.944125000,-0.026646737
9.944187500,-0.027559567
9.944250000,-0.028425572
9.944312500,-0.029123845
9.944375000,-0.029706726
9.944437500,-0.030235317
9.944500000,-0.030778680
9.944562500,-0.031329207
9.944625000,-0.031911187
9.944687500,-0.032447509
9.944750000,-0.032849420
9.944812500,-0.033025555
9.944875000,-0.033036925
9.944937500,-0.032931253
9.945000000,-0.032755297
9.945062500,-0.032484587
9.945125000,-0.032144599
9.945187500,-0.031681988
9.945250000,-0.031061055
9.945312500,-0.030272039
9.945375000,-0.029460073
9.945437500,-0.028750654
9.945500000,-0.028237322
9.945562500,-0.027901659
9.945625000,-0.027711034
9.945687500,-0.027524816
9.945750000,-0.027201954
9.945812500,-0.026639054
9.945875000,-0.025913870
9.945937500,-0.025143607
9.946000000,-0.024472345
9.946062500,-0.023976929
9.946125000,-0.023733335
9.946187500,-0.023685373
9.946250000,-0.023719350
9.946312500,-0.023683971
9.946375000,-0.023545224
9.946437500,-0.023273723
9.946500000,-0.022872232
9.946562500,-0.022318767
9.946625000,-0.021671440
9.946687500,-0.020940028
9.946750000,-0.020142624
9.946812500,-0.019284636
9.946875000,-0.018492725
9.946937500,-0.017850734
9.947000000,-0.017413015
9.947062500,-0.017136294
9.947125000,-0.017017651
9.947187500,-0.016957367
9.947250000,-0.016848268
9.947312500,-0.016572693
9.947375000,-0.016187755
9.947437500,-0.015750339
9.947500000,-0.015342278
9.947562500,-0.014985017
9.947625000,-0.014774246
9.947687500,-0.014694162
9.947750000,-0.014683408
9.947812500,-0.014615529
9.947875000,-0.014492204
9.947937500,-0.014291724
9.948000000,-0.014024537
9.948062500,-0.013678862
9.948125000,-0.013360824
9.948187500,-0.013120201
9.948250000,-0.012989169
9.948312500,-0.012936189
9.948375000,-0.013017782
9.948437500,-0.013229098
9.948500000,-0.013553915
9.948562500,-0.013926908
9.948625000,-0.014376780
9.948687500,-0.014886511
9.948750000,-0.015436403
9.948812500,-0.015964575
9.948875000,-0.016498875
9.948937500,-0.017020680
9.949000000,-0.017507140
9.949062500,-0.017896799
9.949125000,-0.018231863
9.949187500,-0.018529916
9.949250000,-0.018824881
9.949312500,-0.019122027
9.949375000,-0.019514499
9.949437500,-0.020040860
9.949500000,-0.020707369
9.949562500,-0.021447312
9.949625000,-0.022240907
9.949687500,-0.023019958
9.949750000,-0.023719350
9.949812500,-0.024262106
9.949875000,-0.024675328
9.949937500,-0.024983393
9.950000000,-0.025225341
9.950062500,-0.025408877
9.950125000,-0.025586141
9.950187500,-0.025753917
9.950250000,-0.025884213
9.950312500,-0.025913216
9.950375000,-0.025842266
9.950437500,-0.025668144
9.950500000,-0.025413590
9.950562500,-0.025098227
9.950625000,-0.024800034
9.950687500,-0.024557304
9.950750000,-0.024378221
9.950812500,-0.024216292
9.950875000,-0.024051160
9.950937500,-0.023833832
9.951000000,-0.023531102
9.951062500,-0.023121146
9.951125000,-0.022677271
9.951187500,-0.022281501
9.951250000,-0.022025112
9.951312500,-0.021953000
9.951375000,-0.022120895
9.951437500,-0.022491924
9.951500000,-0.022966355
9.951562500,-0.023376338
9.951625000,-0.023624238
9.951687500,-0.023620972
9.951750000,-0.023342853
9.951812500,-0.022805979
9.951875000,-0.022146950
9.951937500,-0.021481348
9.952000000,-0.020895619
9.952062500,-0.020386795
9.952125000,-0.019968132
9.952187500,-0.019570107
9.952250000,-0.019107254
9.952312500,-0.018476563
9.952375000,-0.017711639
9.952437500,-0.016858390
9.952500000,-0.016001150
9.952562500,-0.015191466
9.952625000,-0.014554043
9.952687500,-0.014115045
9.952750000,-0.013836288
9.952812500,-0.013588814
9.952875000,-0.013331476
9.952937500,-0.013006317
9.953000000,-0.012612671
9.953062500,-0.012167742
9.953125000,-0.011825327
9.953187500,-0.011680212
9.953250000,-0.011765551
9.953312500,-0.011987511
9.953375000,-0.012296023
9.953437500,-0.012586491
9.953500000,-0.012800919
9.953562500,-0.012916803
9.953625000,-0.013085327
9.953687500,-0.013431548
9.953750000,-0.014024537
9.953812500,-0.014781251
9.953875000,-0.015609602
9.953937500,-0.016320949
9.954000000,-0.016754145
9.954062500,-0.016805757
9.954125000,-0.016603580
9.954187500,-0.016330894
9.954250000,-0.016189398
9.954312500,-0.016270282
9.954375000,-0.016652305
9.954437500,-0.017263705
9.954500000,-0.017977761
9.954562500,-0.018641764
9.954625000,-0.019259503
9.954687500,-0.019864436
9.954750000,-0.020519121
9.954812500,-0.021220855
9.954875000,-0.021988491
9.954937500,-0.022736123
9.955000000,-0.023342853
9.955062500,-0.023669835
9.955125000,-0.023733329
9.955187500,-0.023608120
9.955250000,-0.023436978
9.955312500,-0.023342006
9.955375000,-0.023482760
9.955437500,-0.023907186
9.955500000,-0.024566470
9.955562500,-0.025296729
9.955625000,-0.025984902
9.955687500,-0.026513752
9.955750000,-0.026825456
9.955812500,-0.026894422
9.955875000,-0.026824379
9.955937500,-0.026712926
9.956000000,-0.026637208
9.956062500,-0.026589166
9.956125000,-0.026585421
9.956187500,-0.026584262
9.956250000,-0.026543085
9.956312500,-0.026409017
9.956375000,-0.026244728
9.956437500,-0.026112568
9.956500000,-0.026072461
9.956562500,-0.026111430
9.956625000,-0.026233414
9.956687500,-0.026352974
9.956750000,-0.026354834
9.956812500,-0.026108384
9.956875000,-0.025614316
9.956937500,-0.024929794
9.957000000,-0.024189973
9.957062500,-0.023538664
9.957125000,-0.023164637
9.957187500,-0.023143549
9.957250000,-0.023436978
9.957312500,-0.023873730
9.957375000,-0.024302892
9.957437500,-0.024559706
9.957500000,-0.024566470
9.957562500,-0.024362490
9.957625000,-0.024102248
9.957687500,-0.023942020
9.957750000,-0.024001725
9.957812500,-0.024319885
9.957875000,-0.024853243
9.957937500,-0.025440859
9.958000000,-0.025884213
9.958062500,-0.026020478
9.958125000,-0.025800044
9.958187500,-0.025263641
9.958250000,-0.024566470
9.958312500,-0.023933705
9.958375000,-0.023591677
9.958437500,-0.023614891
9.958500000,-0.023907598
9.958562500,-0.024234219
9.958625000,-0.024336467
9.958687500,-0.024010070
9.958750000,-0.023248728
9.958812500,-0.022269038
9.958875000,-0.021426093
9.958937500,-0.020966873
9.959000000,-0.020895619
9.959062500,-0.020938482
9.959125000,-0.020680584
9.959187500,-0.019763134
9.959250000,-0.018166009
9.959312500,-0.016317286
9.959375000,-0.014943397
9.959437500,-0.014663461
9.959500000,-0.015624652
9.959562500,-0.017301289
9.959625000,-0.018590398
9.959687500,-0.018200131
9.959750000,-0.015248154
9.959812500,-0.009729618
9.959875000,-0.002597681
9.959937500,0.004591807
9.960000000,0.010259560
9.960062500,0.013397182
9.960125000,0.013921827
9.960187500,0.012645926
9.960250000,0.010824307
9.960312500,0.009574283
9.960375000,0.009452145
9.960437500,0.010369728
9.960500000,0.011765551
9.960562500,0.012959748
9.960625000,0.013514454
9.960687500,0.013421171
9.960750000,0.012989169
9.960812500,0.012592493
9.960875000,0.012464023
9.960937500,0.012621842
9.961000000,0.012895043
9.961062500,0.013053070
9.961125000,0.012971406
9.961187500,0.012725607
9.961250000,0.012518546
9.961312500,0.012548531
9.961375000,0.012912689
9.961437500,0.013599681
9.961500000,0.014495159
9.961562500,0.015436493
9.961625000,0.016297694
9.961687500,0.017044591
9.961750000,0.017695390
9.961812500,0.018262582
9.961875000,0.018746110
9.961937500,0.019150540
9.962000000,0.019483753
9.962062500,0.019750962
9.962125000,0.019980410
9.962187500,0.020206595
9.962250000,0.020424996
9.962312500,0.020560024
9.962375000,0.020517806
9.962437500,0.020244958
9.962500000,0.019766126
9.962562500,0.019168887
9.962625000,0.018674206
9.962687500,0.018485380
9.962750000,0.018730756
9.962812500,0.019374488
9.962875000,0.020311549
9.962937500,0.021329427
9.963000000,0.022213360
9.963062500,0.022786625
9.963125000,0.023053383
9.963187500,0.023081483
9.963250000,0.022966355
9.963312500,0.022728741
9.963375000,0.022404954
9.963437500,0.021959994
9.963500000,0.021366240
9.963562500,0.020614732
9.963625000,0.019845162
9.963687500,0.019207992
9.963750000,0.018824881
9.963812500,0.018689817
9.963875000,0.018766312
9.963937500,0.018919528
9.964000000,0.019013131
9.964062500,0.018941773
9.964125000,0.018768592
9.964187500,0.018598562
9.964250000,0.018542508
9.964312500,0.018617202
9.964375000,0.018822791
9.964437500,0.019055869
9.964500000,0.019201379
9.964562500,0.019165214
9.964625000,0.019023780
9.964687500,0.018895749
9.964750000,0.018919006
9.964812500,0.019144764
9.964875000,0.019610135
9.964937500,0.020215044
9.965000000,0.020801496
9.965062500,0.021190599
9.965125000,0.021354970
9.965187500,0.021337826
9.965250000,0.021272115
9.965312500,0.021297110
9.965375000,0.021590626
9.965437500,0.022202531
9.965500000,0.023060480
9.965562500,0.023958452
9.965625000,0.024728650
9.965687500,0.025203675
9.965750000,0.025319466
9.965812500,0.025106523
9.965875000,0.024776144
9.965937500,0.024522332
9.966000000,0.024472345
9.966062500,0.024594631
9.966125000,0.024808105
9.966187500,0.024920709
9.966250000,0.024754720
9.966312500,0.024199279
9.966375000,0.023341782
9.966437500,0.022336984
9.966500000,0.021366240
9.966562500,0.020535268
9.966625000,0.019923704
9.966687500,0.019499289
9.966750000,0.019201379
9.966812500,0.018973757
9.966875000,0.018878283
9.966937500,0.018975219
9.967000000,0.019295502
9.967062500,0.019762060
9.967125000,0.020264743
9.967187500,0.020606097
9.967250000,0.020613244
9.967312500,0.020194257
9.967375000,0.019456225
9.967437500,0.018583570
9.967500000,0.017789513
9.967562500,0.017206615
9.967625000,0.016911777
9.967687500,0.016835310
9.967750000,0.016848268
9.967812500,0.016815560
9.967875000,0.016737353
9.967937500,0.016657658
9.968000000,0.016660020
9.968062500,0.016783597
9.968125000,0.017078109
9.968187500,0.017481793
9.968250000,0.017883638
9.968312500,0.018137189
9.968375000,0.018214123
9.968437500,0.018093020
9.968500000,0.017789513
9.968562500,0.017302388
9.968625000,0.016710632
9.968687500,0.016045980
9.968750000,0.015342278
9.968812500,0.014615440
9.968875000,0.013975506
9.968937500,0.013485730
9.969000000,0.013177417
9.969062500,0.013003692
9.969125000,0.012947642
9.969187500,0.012933496
9.969250000,0.012895043
9.969312500,0.012771095
9.969375000,0.012614386
9.969437500,0.012461293
9.969500000,0.012330297
9.969562500,0.012165856
9.969625000,0.011946524
9.969687500,0.011605397
9.969750000,0.011106680
9.969812500,0.010447941
9.969875000,0.009773220
9.969937500,0.009228228
9.970000000,0.008941819
9.970062500,0.008945871
9.970125000,0.009259339
9.970187500,0.009797834
9.970250000,0.010447809
9.970312500,0.011084094
9.970375000,0.011704902
9.970437500,0.012327556
9.970500000,0.012989169
9.970562500,0.013674865
9.970625000,0.014401337
9.970687500,0.015109768
9.970750000,0.015718777
9.970812500,0.016123546
9.970875000,0.016333418
9.970937500,0.016369473
9.971000000,0.016283523
9.971062500,0.016101144
9.971125000,0.015911153
9.971187500,0.015747407
9.971250000,0.015624652
9.971312500,0.015519481
9.971375000,0.015482328
9.971437500,0.015540831
9.971500000,0.015718777
9.971562500,0.015991397
9.971625000,0.016369611
9.971687500,0.016805341
9.971750000,0.017224766
9.971812500,0.017513683
9.971875000,0.017651791
9.971937500,0.017634958
9.972000000,0.017507140
9.972062500,0.017309558
9.972125000,0.017170217
9.972187500,0.017165698
9.972250000,0.017318891
9.972312500,0.017550707
9.972375000,0.017815627
9.972437500,0.018036032
9.972500000,0.018166009
9.972562500,0.018176258
9.972625000,0.018164499
9.972687500,0.018229788
9.972750000,0.018448384
9.972812500,0.018792713
9.972875000,0.019241428
9.972937500,0.019696133
9.973000000,0.020048497
9.973062500,0.020181477
9.973125000,0.020128423
9.973187500,0.019956945
9.973250000,0.019766126
9.973312500,0.019595638
9.973375000,0.019526577
9.973437500,0.019543018
9.973500000,0.019577878
9.973562500,0.019501897
9.973625000,0.019303571
9.973687500,0.018992214
9.973750000,0.018636633
9.973812500,0.018302066
9.973875000,0.018150710
9.973937500,0.018281009
9.974000000,0.018730756
9.974062500,0.019423004
9.974125000,0.020316608
9.974187500,0.021310631
9.974250000,0.022307485
9.974312500,0.023188470
9.974375000,0.023965498
9.974437500,0.024641277
9.974500000,0.025225341
9.974562500,0.025669239
9.974625000,0.026008297
9.974687500,0.026235972
9.974750000,0.026354834
9.974812500,0.026344687
9.974875000,0.026306039
9.974937500,0.026318233
9.975000000,0.026448958
9.975062500,0.026683224
9.975125000,0.027051071
9.975187500,0.027500803
9.975250000,0.027954949
9.975312500,0.028294018
9.975375000,0.028521908
9.975437500,0.028646419
9.975500000,0.028707944
9.975562500,0.028712517
9.975625000,0.028752856
9.975687500,0.028851219
9.975750000,0.028990317
9.975812500,0.029076425
9.975875000,0.029103771
9.975937500,0.029043134
9.976000000,0.028896192
9.976062500,0.028656112
9.976125000,0.028427839
9.976187500,0.028276023
9.976250000,0.028237322
9.976312500,0.028268043
9.976375000,0.028379552
9.976437500,0.028535031
9.976500000,0.028707944
9.976562500,0.028858274
9.976625000,0.029050605
9.976687500,0.029314118
9.976750000,0.029649187
9.976812500,0.029970828
9.976875000,0.030243410
9.976937500,0.030377595
9.977000000,0.030308058
9.977062500,0.029984111
9.977125000,0.029518481
9.977187500,0.029023733
9.977250000,0.028613821
9.977312500,0.028319847
9.977375000,0.028201379
9.977437500,0.028204691
9.977500000,0.028237322
9.977562500,0.028178548
9.977625000,0.028039262
9.977687500,0.027846145
9.977750000,0.027672576
9.977812500,0.027572593
9.977875000,0.027652299
9.977937500,0.027903270
9.978000000,0.028237322
9.978062500,0.028480817
9.978125000,0.028534900
9.978187500,0.028300889
9.978250000,0.027766701
9.978312500,0.026988180
9.978375000,0.026172604
9.978437500,0.025486941
9.978500000,0.025037091
9.978562500,0.024797162
9.978625000,0.024722660
9.978687500,0.024662578
9.978750000,0.024472345
9.978812500,0.024047939
9.978875000,0.023467310
9.978937500,0.022841867
9.979000000,0.022307485
9.979062500,0.021936776
9.979125000,0.021813177
9.979187500,0.021900570
9.979250000,0.022119237
9.979312500,0.022359394
9.979375000,0.022618352
9.979437500,0.022864958
9.979500000,0.023060480
9.979562500,0.023108529
9.979625000,0.022963097
9.979687500,0.022526426
9.979750000,0.021742739
9.979812500,0.020614853
9.979875000,0.019310014
9.979937500,0.018001473
9.980000000,0.016848268
9.980062500,0.015913829
9.980125000,0.015238388
9.980187500,0.014739236
9.980250000,0.014306910
9.980312500,0.013843279
9.980375000,0.013385762
9.980437500,0.012985148
9.980500000,0.012706795
9.980562500,0.012563603
9.980625000,0.012581414
9.980687500,0.012690128
9.980750000,0.012800919
9.980812500,0.012830110
9.980875000,0.012812732
9.980937500,0.012786126
9.981000000,0.012800919
9.981062500,0.012865642
9.981125000,0.013007661
9.981187500,0.013169568
9.981250000,0.013271542
9.981312500,0.013231768
9.981375000,0.013067835
9.981437500,0.012809229
9.981500000,0.012518546
9.981562500,0.012250375
9.981625000,0.012080513
9.981687500,0.012001359
9.981750000,0.011953799
9.981812500,0.011839765
9.981875000,0.011612966
9.981937500,0.011235588
9.982000000,0.010730183
9.982062500,0.010164925
9.982125000,0.009680733
9.982187500,0.009361262
9.982250000,0.009224192
9.982312500,0.009197827
9.982375000,0.009198814
9.982437500,0.009105694
9.982500000,0.008847695
9.982562500,0.008433168
9.982625000,0.007984507
9.982687500,0.007625314
9.982750000,0.007435828
9.982812500,0.007399264
9.982875000,0.007439600
9.982937500,0.007421513
9.983000000,0.007247579
9.983062500,0.006911713
9.983125000,0.006542606
9.983187500,0.006300596
9.983250000,0.006306335
9.983312500,0.006558092
9.983375000,0.006943468
9.983437500,0.007243263
9.983500000,0.007247579
9.983562500,0.006848312
9.983625000,0.006111154
9.983687500,0.005204095
9.983750000,0.004329723
9.983812500,0.003627621
9.983875000,0.003142045
9.983937500,0.002790547
9.984000000,0.002447235
9.984062500,0.002023092
9.984125000,0.001538017
9.984187500,0.001077220
9.984250000,0.000752995
9.984312500,0.000634423
9.984375000,0.000724945
9.984437500,0.000931547
9.984500000,0.001129493
9.984562500,0.001224421
9.984625000,0.001207406
9.984687500,0.001121274
9.984750000,0.001035369
9.984812500,0.000998441
9.984875000,0.001019289
9.984937500,0.001050256
9.985000000,0.001035369
9.985062500,0.000953070
9.985125000,0.000847521
9.985187500,0.000789681
9.985250000,0.000847120
9.985312500,0.001041638
9.985375000,0.001334628
9.985437500,0.001622457
9.985500000,0.001788364
9.985562500,0.001752785
9.985625000,0.001512496
9.985687500,0.001119424
9.985750000,0.000658871
9.985812500,0.000209106
9.985875000,-0.000182908
9.985937500,-0.000523687
9.986000000,-0.000847120
9.986062500,-0.001185224
9.986125000,-0.001535040
9.986187500,-0.001874274
9.986250000,-0.002164861
9.986312500,-0.002370666
9.986375000,-0.002474936
9.986437500,-0.002490819
9.986500000,-0.002447235
9.986562500,-0.002369618
9.986625000,-0.002281947
9.986687500,-0.002205646
9.986750000,-0.002164861
9.986812500,-0.002182920
9.986875000,-0.002293244
9.986937500,-0.002512528
9.987000000,-0.002823732
9.987062500,-0.003162368
9.987125000,-0.003446160
9.987187500,-0.003597010
9.987250000,-0.003576728
9.987312500,-0.003403950
9.987375000,-0.003156709
9.987437500,-0.002936495
9.987500000,-0.002823732
9.987562500,-0.002839624
9.987625000,-0.002944903
9.987687500,-0.003059979
9.987750000,-0.003106105
9.987812500,-0.003041213
9.987875000,-0.002883074
9.987937500,-0.002693158
9.988000000,-0.002541359
9.988062500,-0.002466550
9.988125000,-0.002459727
9.988187500,-0.002472842
9.988250000,-0.002447235
9.988312500,-0.002346535
9.988375000,-0.002187760
9.988437500,-0.002035663
9.988500000,-0.001976613
9.988562500,-0.002076899
9.988625000,-0.002361129
9.988687500,-0.002793483
9.988750000,-0.003294354
9.988812500,-0.003770246
9.988875000,-0.004155680
9.988937500,-0.004427706
9.989000000,-0.004612096
9.989062500,-0.004767872
9.989125000,-0.004952323
9.989187500,-0.005190042
9.989250000,-0.005459215
9.989312500,-0.005698065
9.989375000,-0.005822303
9.989437500,-0.005755173
9.989500000,-0.005459215
9.989562500,-0.004957500
9.989625000,-0.004325480
9.989687500,-0.003671039
9.989750000,-0.003106105
9.989812500,-0.002718284
9.989875000,-0.002540036
9.989937500,-0.002539277
9.990000000,-0.002635483
9.990062500,-0.002734635
9.990125000,-0.002753381
9.990187500,-0.002651510
9.990250000,-0.002447235
9.990312500,-0.002214874
9.990375000,-0.002040380
9.990437500,-0.001987592
9.990500000,-0.002070737
9.990562500,-0.002254384
9.990625000,-0.002458659
9.990687500,-0.002601188
9.990750000,-0.002635483
9.990812500,-0.002572877
9.990875000,-0.002462777
9.990937500,-0.002354983
9.991000000,-0.002258986
9.991062500,-0.002123888
9.991125000,-0.001852055
9.991187500,-0.001344867
9.991250000,-0.000564746
9.991312500,0.000425257
9.991375000,0.001462617
9.991437500,0.002347508
9.991500000,0.002917857
9.991562500,0.003119663
9.991625000,0.003020568
9.991687500,0.002793492
9.991750000,0.002635483
9.991812500,0.002688825
9.991875000,0.002973647
9.991937500,0.003409986
9.992000000,0.003859101
9.992062500,0.004197943
9.992125000,0.004358772
9.992187500,0.004370975
9.992250000,0.004329723
9.992312500,0.004349632
9.992375000,0.004499309
9.992437500,0.004790458
9.992500000,0.005176842
9.992562500,0.005585690
9.992625000,0.005937214
9.992687500,0.006182833
9.992750000,0.006306335
9.992812500,0.006321614
9.992875000,0.006231716
9.992937500,0.006039484
9.993000000,0.005741589
9.993062500,0.005347054
9.993125000,0.004854483
9.993187500,0.004283914
9.993250000,0.003670852
9.993312500,0.003074507
9.993375000,0.002527679
9.993437500,0.002061751
9.993500000,0.001694239
9.993562500,0.001443328
9.993625000,0.001278104
9.993687500,0.001158541
9.993750000,0.001035369
9.993812500,0.000881247
9.993875000,0.000655574
9.993937500,0.000352570
9.994000000,-0.000000000
9.994062500,-0.000332380
9.994125000,-0.000595184
9.994187500,-0.000761953
9.994250000,-0.000847120
9.994312500,-0.000884826
9.994375000,-0.000956273
9.994437500,-0.001126285
9.994500000,-0.001411866
9.994562500,-0.001746561
9.994625000,-0.002048112
9.994687500,-0.002231800
9.994750000,-0.002258986
9.994812500,-0.002143801
9.994875000,-0.002006063
9.994937500,-0.002000973
9.995000000,-0.002258986
9.995062500,-0.002805972
9.995125000,-0.003602471
9.995187500,-0.004533284
9.995250000,-0.005459215
9.995312500,-0.006248645
9.995375000,-0.006869492
9.995437500,-0.007363351
9.995500000,-0.007812326
9.995562500,-0.008268014
9.995625000,-0.008779632
9.995687500,-0.009355476
9.995750000,-0.009977187
9.995812500,-0.010593267
9.995875000,-0.011202894
9.995937500,-0.011813079
9.996000000,-0.012424421
9.996062500,-0.012981237
9.996125000,-0.013447651
9.996187500,-0.013773623
9.996250000,-0.013930413
9.996312500,-0.013906355
9.996375000,-0.013787963
9.996437500,-0.013693598
9.996500000,-0.013742164
9.996562500,-0.013980762
9.996625000,-0.014433579
9.996687500,-0.015046621
9.996750000,-0.015718777
9.996812500,-0.016310489
9.996875000,-0.016765488
9.996937500,-0.017081143
9.997000000,-0.017318891
9.997062500,-0.017545348
9.997125000,-0.017876884
9.997187500,-0.018372085
9.997250000,-0.019013131
9.997312500,-0.019673554
9.997375000,-0.020238798
9.997437500,-0.020597933
9.997500000,-0.020707369
9.997562500,-0.020582030
9.997625000,-0.020365953
9.997687500,-0.020213984
9.997750000,-0.020236747
9.997812500,-0.020422883
9.997875000,-0.020724351
9.997937500,-0.021034470
9.998000000,-0.021272115
9.998062500,-0.021402862
9.998125000,-0.021531424
9.998187500,-0.021776933
9.998250000,-0.022213360
9.998312500,-0.022778781
9.998375000,-0.023355866
9.998437500,-0.023751745
9.998500000,-0.023813475
9.998562500,-0.023483846
9.998625000,-0.022904463
9.998687500,-0.022286834
9.998750000,-0.021836862
9.998812500,-0.021637065
9.998875000,-0.021688735
9.998937500,-0.021865673
9.999000000,-0.022025112
9.999062500,-0.022070998
9.999125000,-0.022071691
9.999187500,-0.022145491
9.999250000,-0.022401609
9.999312500,-0.022831855
9.999375000,-0.023371056
9.999437500,-0.023846656
9.999500000,-0.024095848
9.999562500,-0.024027586
9.999625000,-0.023748305
9.999687500,-0.023430243
9.999750000,-0.023248728
9.999812500,-0.023262190
9.999875000,-0.023448905
9.999937500,-0.023637842
