{
  "kmeans_k3": {
    "representation": "mfcc_mean",
    "algorithm": "kmeans",
    "params": {
      "n_clusters": 3
    },
    "Silhouette": 0.3829823149391279,
    "Calinski-Harabasz": 205.62746670634044,
    "Davies-Bouldin": 1.0749067353961703,
    "n_clusters": 3,
    "n_noise": 0,
    "labels": [
      2,
      1,
      2,
      2,
      1,
      2,
      1,
      1,
      1,
      1,
      1,
      2,
      2,
      0,
      1,
      1,
      1,
      2,
      0,
      1,
      2,
      1,
      2,
      1,
      1,
      1,
      1,
      1,
      1,
      1,
      1,
      1,
      1,
      0,
      1,
      1,
      1,
      2,
      1,
      0,
      1,
      2,
      2,
      1,
      1,
      1,
      1,
      1,
      1,
      1,
      0,
      2,
      1,
      1,
      1,
      1,
      1,
      1,
      1,
      1,
      1,
      2,
      1,
      1,
      1,
      1,
      1,
      2,
      1,
      0,
      1,
      0,
      1,
      1,
      1,
      1,
      1,
      2,
      1,
      1,
      1,
      1,
      1,
      1,
      0,
      0,
      1,
      1,
      1,
      1,
      1,
      1,
      1,
      0,
      1,
      0,
      0,
      1,
      1,
      0,
      1,
      1,
      0,
      1,
      1,
      1,
      1,
      1,
      1,
      1,
      1,
      1,
      2,
      1,
      1,
      1,
      1,
      1,
      1,
      1,
      1,
      1,
      1,
      0,
      0,
      0,
      0,
      1,
      1,
      1,
      1,
      1,
      1,
      1,
      1,
      1,
      0,
      0,
      1,
      1,
      1,
      1,
      0,
      1,
      1,
      1,
      1,
      1,
      1,
      1,
      1,
      0,
      0,
      0,
      0,
      0,
      0,
      0,
      0,
      0,
      0,
      0,
      0,
      0,
      0,
      0,
      0,
      0,
      0,
      0,
      0,
      0,
      0,
      0,
      0,
      0,
      0,
      0,
      2,
      0,
      2,
      0,
      0,
      0,
      0,
      2,
      0,
      0,
      0,
      0,
      0,
      0,
      0,
      0,
      0,
      0,
      0,
      0,
      0,
      0,
      0,
      0,
      0,
      0,
      0,
      0,
      0,
      0,
      0,
      0,
      0,
      0,
      0,
      0,
      0,
      0,
      0,
      0,
      0,
      0,
      0,
      0,
      0,
      0,
      0,
      0,
      0,
      0,
      0,
      0,
      0,
      0,
      0,
      0,
      0,
      2,
      0,
      0,
      0,
      2,
      2,
      2,
      2,
      2,
      2,
      2,
      2,
      2,
      2,
      2,
      2,
      2,
      2,
      2,
      2,
      2,
      2,
      2,
      2,
      2,
      2,
      2,
      2,
      2,
      2,
      2,
      2,
      2,
      2,
      2,
      2,
      2,
      2,
      2,
      2,
      2,
      2,
      2,
      2,
      2,
      2,
      2,
      2,
      0,
      0,
      0,
      0,
      0,
      0,
      0,
      0,
      0,
      0,
      0,
      0,
      0,
      0,
      0,
      0,
      0,
      0,
      0,
      0,
      0,
      0,
      0,
      0,
      0,
      0,
      0,
      0,
      0,
      0,
      0,
      0,
      0,
      0,
      0,
      0,
      0,
      0,
      0,
      0,
      0,
      0,
      0,
      0,
      0,
      0,
      0
    ]
  },
  "kmeans_k4": {
    "representation": "mfcc_mean",
    "algorithm": "kmeans",
    "params": {
      "n_clusters": 4
    },
    "Silhouette": 0.3653951522846727,
    "Calinski-Harabasz": 190.2249294030746,
    "Davies-Bouldin": 1.1158022517125052,
    "n_clusters": 4,
    "n_noise": 0,
    "labels": [
      3,
      3,
      3,
      0,
      3,
      3,
      3,
      3,
      3,
      3,
      3,
      3,
      3,
      3,
      3,
      3,
      3,
      3,
      0,
      3,
      1,
      3,
      3,
      3,
      2,
      3,
      3,
      3,
      3,
      3,
      3,
      3,
      3,
      0,
      3,
      2,
      2,
      1,
      3,
      3,
      2,
      3,
      1,
      3,
      3,
      3,
      3,
      2,
      2,
      3,
      0,
      3,
      3,
      3,
      3,
      3,
      2,
      3,
      3,
      3,
      3,
      3,
      3,
      3,
      3,
      3,
      3,
      3,
      3,
      0,
      3,
      0,
      3,
      2,
      3,
      3,
      3,
      3,
      3,
      3,
      3,
      2,
      3,
      3,
      3,
      3,
      3,
      2,
      2,
      2,
      3,
      3,
      3,
      0,
      2,
      0,
      0,
      2,
      2,
      3,
      3,
      2,
      0,
      2,
      2,
      2,
      2,
      2,
      3,
      2,
      2,
      2,
      1,
      2,
      2,
      2,
      2,
      2,
      3,
      2,
      2,
      2,
      2,
      0,
      0,
      0,
      0,
      2,
      3,
      3,
      3,
      2,
      3,
      2,
      3,
      3,
      3,
      3,
      2,
      2,
      3,
      3,
      0,
      2,
      2,
      3,
      2,
      2,
      3,
      3,
      2,
      0,
      0,
      0,
      0,
      0,
      0,
      0,
      0,
      0,
      0,
      0,
      0,
      0,
      0,
      0,
      0,
      0,
      0,
      0,
      0,
      0,
      0,
      0,
      0,
      0,
      0,
      0,
      1,
      0,
      1,
      0,
      0,
      0,
      0,
      1,
      0,
      0,
      0,
      0,
      0,
      0,
      0,
      0,
      0,
      0,
      0,
      0,
      0,
      0,
      0,
      0,
      0,
      0,
      0,
      0,
      0,
      0,
      0,
      0,
      0,
      0,
      0,
      0,
      0,
      0,
      0,
      0,
      0,
      0,
      0,
      0,
      0,
      0,
      0,
      0,
      0,
      0,
      0,
      0,
      0,
      0,
      0,
      0,
      0,
      1,
      0,
      0,
      0,
      1,
      1,
      1,
      1,
      1,
      1,
      1,
      1,
      1,
      1,
      1,
      1,
      1,
      1,
      1,
      1,
      1,
      1,
      1,
      1,
      1,
      1,
      1,
      1,
      1,
      1,
      1,
      1,
      1,
      1,
      1,
      1,
      1,
      1,
      1,
      1,
      1,
      1,
      1,
      1,
      1,
      1,
      1,
      1,
      0,
      0,
      0,
      0,
      0,
      0,
      0,
      0,
      0,
      0,
      0,
      0,
      0,
      0,
      0,
      0,
      0,
      0,
      0,
      0,
      0,
      0,
      0,
      0,
      0,
      0,
      0,
      0,
      0,
      0,
      0,
      0,
      0,
      0,
      0,
      0,
      0,
      0,
      0,
      0,
      0,
      0,
      0,
      0,
      0,
      0,
      0
    ]
  },
  "kmeans_k5": {
    "representation": "mfcc_mean",
    "algorithm": "kmeans",
    "params": {
      "n_clusters": 5
    },
    "Silhouette": 0.3333453841109219,
    "Calinski-Harabasz": 171.44440071966704,
    "Davies-Bouldin": 1.3444762177114125,
    "n_clusters": 5,
    "n_noise": 0,